seq,old_address,alias,new_town,block,house,source_doc,source_page,confidence,note
1,大字光吉1996番地の29,ふじが丘北区1-10,ふじが丘北二丁目,1,15,fujigaoka.pdf,,high,
2,大字光吉1997番地の9,ふじが丘北区19組,ふじが丘北二丁目,1,14,fujigaoka.pdf,,high,
3,大字光吉1997番地の10,大字光吉1997番地の10,ふじが丘北二丁目,1,13,fujigaoka.pdf,,high,
4,大字光吉1997番地の11,大字光吉1997番地の11,ふじが丘北二丁目,1,12,fujigaoka.pdf,,high,
5,大字光吉1997番地の12,大字光吉1997番地の12,ふじが丘北二丁目,1,11,fujigaoka.pdf,,high,
6,大字光吉1997番地の13,大字光吉1997番地の13,ふじが丘北二丁目,1,10,fujigaoka.pdf,,high,
7,大字光吉1997番地の14,大字光吉1997番地の14,ふじが丘北二丁目,1,9,fujigaoka.pdf,,high,
8,大字光吉1997番地の15,大字光吉1997番地の15,ふじが丘北二丁目,1,16,fujigaoka.pdf,,high,
9,大字光吉1997番地の16,大字光吉1997番地の16,ふじが丘北二丁目,1,17,fujigaoka.pdf,,high,
10,大字光吉1997番地の17,大字光吉1997番地の17,ふじが丘北二丁目,1,18,fujigaoka.pdf,,high,
11,大字光吉1997番地の18,大字光吉1997番地の18,ふじが丘北二丁目,1,19,fujigaoka.pdf,,high,
12,大字光吉1997番地の19,大字光吉1997番地の19,ふじが丘北二丁目,1,21,fujigaoka.pdf,,high,
13,大字光吉1997番地の20,大字光吉1997番地の20,ふじが丘北二丁目,1,22,fujigaoka.pdf,,high,
14,大字光吉2000番地の2,ふじが丘北区4-6,ふじが丘北一丁目,4,6,fujigaoka.pdf,,high,資料上2回出現
15,大字光吉2000番地の3,ふじが丘北区4-1,ふじが丘北一丁目,4,1,fujigaoka.pdf,,high,
16,大字光吉2000番地の4,ふじが丘北区4-2,ふじが丘北一丁目,4,3,fujigaoka.pdf,,high,
17,大字光吉2000番地の5,ふじが丘北区4-3,ふじが丘北一丁目,4,4,fujigaoka.pdf,,high,
18,大字光吉2000番地の6,ふじが丘北区4-5,ふじが丘北一丁目,4,5,fujigaoka.pdf,,high,
19,大字光吉2000番地の7,ふじが丘北区3-1,ふじが丘北一丁目,3,18,fujigaoka.pdf,,high,資料上2回出現
20,大字光吉2000番地の8,ふじが丘北区3-2,ふじが丘北一丁目,3,17,fujigaoka.pdf,,high,
21,大字光吉2000番地の9,ふじが丘北区3-3,ふじが丘北一丁目,3,16,fujigaoka.pdf,,high,
22,大字光吉2000番地の10,ふじが丘北区3-4,ふじが丘北一丁目,3,15,fujigaoka.pdf,,high,
23,大字光吉2000番地の11,ふじが丘北区3-5,ふじが丘北一丁目,3,14,fujigaoka.pdf,,high,
24,大字光吉2000番地の12,ふじが丘北区3-6,ふじが丘北一丁目,3,13,fujigaoka.pdf,,high,
25,大字光吉2000番地の13,ふじが丘北区3-7,ふじが丘北一丁目,3,12,fujigaoka.pdf,,high,
26,大字光吉2000番地の17,ふじが丘北区3-11,ふじが丘北一丁目,3,3,fujigaoka.pdf,,high,資料上2回出現
27,大字光吉2000番地の19,ふじが丘北区3-13,ふじが丘北一丁目,3,5,fujigaoka.pdf,,high,
28,大字光吉2000番地の20,ふじが丘北区3-14,ふじが丘北一丁目,3,6,fujigaoka.pdf,,high,
29,大字光吉2000番地の21,ふじが丘北区3-15,ふじが丘北一丁目,3,7,fujigaoka.pdf,,high,
30,大字光吉2000番地の23,ふじが丘北区2-1,ふじが丘北一丁目,2,20,fujigaoka.pdf,,high,
31,大字光吉2000番地の27,ふじが丘北区2-5,ふじが丘北一丁目,2,17,fujigaoka.pdf,,high,
32,大字光吉2000番地の28,ふじが丘北区2-6,ふじが丘北一丁目,2,16,fujigaoka.pdf,,high,
33,大字光吉2000番地の29,ふじが丘北区2-7,ふじが丘北一丁目,2,15,fujigaoka.pdf,,high,
34,大字光吉2000番地の30,ふじが丘北区2-8,ふじが丘北一丁目,2,14,fujigaoka.pdf,,high,
35,大字光吉2000番地の31,ふじが丘北区2-9,ふじが丘北一丁目,2,12,fujigaoka.pdf,,high,
36,大字光吉2000番地の32,ふじが丘北区2-10,ふじが丘北一丁目,2,1,fujigaoka.pdf,,high,
37,大字光吉2000番地の33,ふじが丘北区2-11,ふじが丘北一丁目,2,3,fujigaoka.pdf,,high,
38,大字光吉2000番地の34,ふじが丘北区2-12,ふじが丘北一丁目,2,4,fujigaoka.pdf,,high,
39,大字光吉2000番地の35,ふじが丘北区2-13,ふじが丘北一丁目,2,5,fujigaoka.pdf,,high,資料上2回出現
40,大字光吉2000番地の36,ふじが丘北区2-14,ふじが丘北一丁目,2,6,fujigaoka.pdf,,high,
41,大字光吉2000番地の37,ふじが丘北区2-15,ふじが丘北一丁目,2,7,fujigaoka.pdf,,high,
42,大字光吉2000番地の38,ふじが丘北区2-16,ふじが丘北一丁目,2,8,fujigaoka.pdf,,high,
43,大字光吉2000番地の39,ふじが丘北区2-17,ふじが丘北一丁目,2,9,fujigaoka.pdf,,high,
44,大字光吉2000番地の40,ふじが丘北区2-18,ふじが丘北一丁目,2,11,fujigaoka.pdf,,high,
45,大字光吉2000番地の41,ふじが丘北区26-4,ふじが丘北二丁目,2,12,fujigaoka.pdf,,high,
46,大字光吉2000番地の42,ふじが丘北区26-5,ふじが丘北二丁目,2,9,fujigaoka.pdf,,high,
47,大字光吉2000番地の43,ふじが丘北区26-6,ふじが丘北二丁目,2,14,fujigaoka.pdf,,high,資料上2回出現
48,大字光吉2000番地の44,ふじが丘北区26-7,ふじが丘北二丁目,2,15,fujigaoka.pdf,,high,
49,大字光吉2000番地の45,ふじが丘北区26-8,ふじが丘北二丁目,2,16,fujigaoka.pdf,,high,
50,大字光吉2000番地の46,ふじが丘北区26-9,ふじが丘北二丁目,2,18,fujigaoka.pdf,,high,資料上2回出現
51,大字光吉2000番地の47,ふじが丘北区26-1,ふじが丘北二丁目,2,1,fujigaoka.pdf,,high,資料上2回出現
52,大字光吉2000-47,ふじが丘北区26-1,ふじが丘北二丁目,2,1,fujigaoka.pdf,,high,
53,大字光吉2000番地の48,ふじが丘北区26-2-1,ふじが丘北二丁目,2,4,fujigaoka.pdf,,high,
54,大字光吉2000-49,ふじが丘北区26-2-2,ふじが丘北二丁目,2,5,fujigaoka.pdf,,high,
55,大字光吉2000番地の51,ふじが丘北区26-3,ふじが丘北二丁目,2,7,fujigaoka.pdf,,high,
56,大字光吉2000番地の59,ふじが丘北区26-6,ふじが丘北二丁目,2,13,fujigaoka.pdf,,high,資料上2回出現
57,大字光吉2000番地の60,ふじが丘北区5-4,ふじが丘北一丁目,5,1,fujigaoka.pdf,,high,
58,大字光吉2015番地の2,ふじが丘北区1-5,ふじが丘北二丁目,1,1,fujigaoka.pdf,,high,資料上2回出現
59,大字光吉2015番地の5,ふじが丘北区1-1-2 ｺｰﾎﾟ弥生101,ふじが丘北一丁目,1,1,fujigaoka.pdf,,high,
60,大字光吉2015番地の5,ふじが丘北区1-1-2 ｺｰﾎﾟ弥生102,ふじが丘北一丁目,1,1,fujigaoka.pdf,,high,
61,大字光吉2015番地の5,ふじが丘北区1-1-2 ｺｰﾎﾟ弥生201,ふじが丘北一丁目,1,1,fujigaoka.pdf,,high,
62,大字光吉2015番地の5,ふじが丘北区1-1-2 ｺｰﾎﾟ弥生202,ふじが丘北一丁目,1,1,fujigaoka.pdf,,high,
63,大字光吉2015番地の6,ふじが丘北区1-7,ふじが丘北二丁目,1,4,fujigaoka.pdf,,high,資料上2回出現
64,大字光吉2015-6,ふじが丘北区1-7,ふじが丘北二丁目,1,4,fujigaoka.pdf,,high,
65,大字光吉2015番地の6,ふじが丘北区1-7,ふじが丘北二丁目,1,5,fujigaoka.pdf,,high,
66,大字光吉2015番地の7,ふじが丘北区1-8,ふじが丘北二丁目,1,6,fujigaoka.pdf,,high,
67,大字光吉2015番地の8,ふじが丘北区1-9,ふじが丘北二丁目,1,7,fujigaoka.pdf,,high,
68,大字光吉字藤田2015番地の10,ふじが丘北区1-2,ふじが丘北一丁目,1,4,fujigaoka.pdf,,high,
69,大字光吉2015番地の11,ふじが丘北区1-3,ふじが丘北一丁目,1,5,fujigaoka.pdf,,high,資料上5回出現
70,大字光吉2015番地の26,ふじが丘北区1-1,ふじが丘北一丁目,1,3,fujigaoka.pdf,,high,資料上2回出現
71,大字光吉2015番地26,ふじが丘北区1-1,ふじが丘北一丁目,1,3,fujigaoka.pdf,,high,
72,大字光吉2015番地の27,ふじが丘北区1-6,ふじが丘北二丁目,1,3,fujigaoka.pdf,,high,資料上2回出現
73,大字光吉2213番地,ふじが丘北区13-2,ふじが丘北一丁目,6,16,fujigaoka.pdf,,high,
74,大字光吉2213番地の4,ふじが丘北区13-6,ふじが丘北一丁目,6,6,fujigaoka.pdf,,high,
75,大字光吉2213番地の5,ふじが丘北区13-7,ふじが丘北一丁目,6,7,fujigaoka.pdf,,high,資料上2回出現
76,大字光吉2213番地の7,ふじが丘北区14-1,ふじが丘北一丁目,7,15,fujigaoka.pdf,,high,
77,大字光吉2213番地の9,ふじが丘北区5-3,ふじが丘北一丁目,5,5,fujigaoka.pdf,,high,
78,大字光吉2213番地の10,ふじが丘北区6-5,ふじが丘北一丁目,6,18,fujigaoka.pdf,,high,
79,大字光吉2213番地の11,ふじが丘北区6-10,ふじが丘北一丁目,6,5,fujigaoka.pdf,,high,
80,大字光吉2213番地の12,ふじが丘北区6-8,ふじが丘北一丁目,6,3,fujigaoka.pdf,,high,
81,大字光吉2213番地の13,ふじが丘北区6-7,ふじが丘北一丁目,6,2,fujigaoka.pdf,,high,
82,大字光吉2213番地の14,ふじが丘北区6-6,ふじが丘北一丁目,6,1,fujigaoka.pdf,,high,
83,大字光吉2213番地の16,ふじが丘北区6-9,ふじが丘北一丁目,6,4,fujigaoka.pdf,,high,資料上3回出現
84,大字光吉2213番地の21,ふじが丘北区6-1,ふじが丘北一丁目,6,24,fujigaoka.pdf,,high,
85,大字光吉2213番地の22,ふじが丘北区6-2,ふじが丘北一丁目,6,21,fujigaoka.pdf,,high,
86,大字光吉2213番地の23,ふじが丘北区6-3,ふじが丘北一丁目,6,20,fujigaoka.pdf,,high,資料上2回出現
87,大字光吉2213番地の25,ふじが丘北区6-4,ふじが丘北一丁目,6,19,fujigaoka.pdf,,high,
88,大字光吉2213番地の30,ふじが丘北区5-1-3,ふじが丘北一丁目,5,2,fujigaoka.pdf,,high,資料上2回出現
89,大字光吉2213番地の31,ふじが丘北区5-2-3,ふじが丘北一丁目,5,3,fujigaoka.pdf,,high,
90,大字光吉2213番地の33,ふじが丘北区5-2-2,ふじが丘北一丁目,5,4,fujigaoka.pdf,,high,資料上2回出現
91,大字光吉2213番地の34,ふじが丘北区5-2-1,ふじが丘北一丁目,5,10,fujigaoka.pdf,,high,
92,大字光吉2213番地の35,ふじが丘北区5-1,ふじが丘北一丁目,5,11,fujigaoka.pdf,,high,
93,大字光吉2213番地の36,ふじが丘北区5-1-1,ふじが丘北一丁目,5,12,fujigaoka.pdf,,high,
94,大字光吉2220番地の2,ふじが丘北区13-4,ふじが丘北一丁目,6,14,fujigaoka.pdf,,high,
95,大字光吉2220番地の4,ふじが丘北区13-10,ふじが丘北一丁目,6,11,fujigaoka.pdf,,high,資料上2回出現
96,大字光吉2220番地の5,ふじが丘北区16-5,ふじが丘北一丁目,9,22,fujigaoka.pdf,,high,
97,大字光吉2220番地の6,ふじが丘北区16-2,ふじが丘北一丁目,9,19,fujigaoka.pdf,,high,
98,大字光吉2220番地の9,ふじが丘北区13-8,ふじが丘北一丁目,6,8,fujigaoka.pdf,,high,
99,大字光吉2220番地の10,ふじが丘北区13-3,ふじが丘北一丁目,6,15,fujigaoka.pdf,,high,
100,大字光吉2220番地の11,ふじが丘北区13-9,ふじが丘北一丁目,6,9,fujigaoka.pdf,,high,
101,大字光吉2220番地の12,ふじが丘北区16-1,ふじが丘北一丁目,9,20,fujigaoka.pdf,,high,
102,大字光吉2220番地の13,ふじが丘北区16-6,ふじが丘北一丁目,9,2,fujigaoka.pdf,,high,
103,大字光吉2220番地の14,ふじが丘北区16-7,ふじが丘北一丁目,9,3,fujigaoka.pdf,,high,
104,大字光吉2220番地の15,ふじが丘北区16-3,ふじが丘北一丁目,9,18,fujigaoka.pdf,,high,
105,大字光吉2220番地の16,ふじが丘北区16-4,ふじが丘北一丁目,9,17,fujigaoka.pdf,,high,
106,大字光吉2220番地の17,ふじが丘北区16-8,ふじが丘北一丁目,9,4,fujigaoka.pdf,,high,
107,大字光吉2220-17,ふじが丘北区16-8,ふじが丘北一丁目,9,4,fujigaoka.pdf,,high,
108,大字光吉2220番地の19,ふじが丘北区24-1,ふじが丘北一丁目,9,16,fujigaoka.pdf,,high,
109,大字光吉2220番地の20,ふじが丘北区24-2,ふじが丘北一丁目,9,15,fujigaoka.pdf,,high,資料上2回出現
110,大字光吉2220番地の21,ふじが丘北区24-7,ふじが丘北一丁目,9,6,fujigaoka.pdf,,high,
111,大字光吉2220番地の21,,ふじが丘北一丁目,9,6,fujigaoka.pdf,,high,資料上2回出現、資料上通称の記載なし
112,大字光吉2220番地の22,ふじが丘北区24-8,ふじが丘北一丁目,9,7,fujigaoka.pdf,,high,資料上2回出現
113,大字光吉2220番地の23,ふじが丘北区24-3,ふじが丘北一丁目,9,14,fujigaoka.pdf,,high,資料上2回出現
114,大字光吉2220番地の24,ふじが丘北区24-4,ふじが丘北一丁目,9,13,fujigaoka.pdf,,high,
115,大字光吉2220番地の25,ふじが丘北区24-9,ふじが丘北一丁目,9,8,fujigaoka.pdf,,high,
116,大字光吉2220番地の26,ふじが丘北区17-2,ふじが丘北二丁目,7,2,fujigaoka.pdf,,high,
117,大字光吉2220番地の27,ふじが丘北区14-2,ふじが丘北一丁目,7,13,fujigaoka.pdf,,high,
118,大字光吉2220番地の28,ふじが丘北区14-3,ふじが丘北一丁目,7,12,fujigaoka.pdf,,high,
119,大字光吉2220番地の29,ふじが丘北区14-8,ふじが丘北一丁目,7,3,fujigaoka.pdf,,high,
120,大字光吉2220番地の30,ふじが丘北区14-9,ふじが丘北一丁目,7,4,fujigaoka.pdf,,high,
121,大字光吉2220番地の31,ふじが丘北区14-4,ふじが丘北一丁目,7,11,fujigaoka.pdf,,high,
122,大字光吉2220番地の32,ふじが丘北区14-5,ふじが丘北一丁目,7,10,fujigaoka.pdf,,high,
123,大字光吉2220番地の33,ふじが丘北区14-10,ふじが丘北一丁目,7,5,fujigaoka.pdf,,high,
124,大字光吉2220番地の34,ふじが丘北区14-11,ふじが丘北一丁目,7,6,fujigaoka.pdf,,high,
125,大字光吉2220番地の35,ふじが丘北区14-6,ふじが丘北一丁目,7,8,fujigaoka.pdf,,high,
126,大字光吉2220番地の36,ふじが丘北区15-1 ﾎﾞｱｿﾙﾃふじが丘101,ふじが丘北一丁目,8,12-101,fujigaoka.pdf,,high,
127,大字光吉2220番地の36,ふじが丘北区15-1 ｽｶｲｺｰﾄふじが丘102,ふじが丘北一丁目,8,12-102,fujigaoka.pdf,,high,
128,大字光吉2220番地の36,ふじが丘北区15-1 ｽｶｲｺｰﾄふじが丘103,ふじが丘北一丁目,8,12-103,fujigaoka.pdf,,high,
129,大字光吉2220番地の36,ふじが丘北区15-1 ｽｶｲｺｰﾄふじが丘104,ふじが丘北一丁目,8,12-104,fujigaoka.pdf,,high,
130,大字光吉2220番地の36,ふじが丘北区15-1 ｽｶｲｺｰﾄふじが丘201,ふじが丘北一丁目,8,12-201,fujigaoka.pdf,,high,
131,大字光吉2220番地の36,ふじが丘北区15-1 ｽｶｲｺｰﾄふじが丘202,ふじが丘北一丁目,8,12-202,fujigaoka.pdf,,high,
132,大字光吉2220番地の36,ふじが丘北区15-1 ｽｶｲｺｰﾄふじが丘203,ふじが丘北一丁目,8,12-203,fujigaoka.pdf,,high,
133,大字光吉2220番地の36,ふじが丘北区15-1 ｽｶｲｺｰﾄふじが丘204,ふじが丘北一丁目,8,12-204,fujigaoka.pdf,,high,
134,大字光吉2220番地の36,ふじが丘北区15-1 ｽｶｲｺｰﾄふじが丘301,ふじが丘北一丁目,8,12-301,fujigaoka.pdf,,high,
135,大字光吉2220番地の36,ふじが丘北区15-1 ﾎﾞｱｿﾙﾃふじが丘302,ふじが丘北一丁目,8,12-302,fujigaoka.pdf,,high,
136,大字光吉2220番地の36,ふじが丘北区15-1 ｽｶｲｺｰﾄふじが丘303,ふじが丘北一丁目,8,12-303,fujigaoka.pdf,,high,
137,大字光吉2220番地の36,ふじが丘北区15-1 ｽｶｲｺｰﾄふじが丘304,ふじが丘北一丁目,8,12-304,fujigaoka.pdf,,high,
138,大字光吉2220番地の36,ふじが丘北区15-1 ｽｶｲｺｰﾄふじが丘401,ふじが丘北一丁目,8,12-401,fujigaoka.pdf,,high,
139,大字光吉2220番地の36,ふじが丘北区15-1 ｽｶｲｺｰﾄふじが丘402,ふじが丘北一丁目,8,12-402,fujigaoka.pdf,,high,
140,大字光吉2220番地の36,ふじが丘北区15-1 ﾎﾞｱｿﾙﾃふじが丘403,ふじが丘北一丁目,8,12-403,fujigaoka.pdf,,high,
141,大字光吉2220番地の36,ふじが丘北区15-1 ｽｶｲｺｰﾄふじが丘404,ふじが丘北一丁目,8,12-404,fujigaoka.pdf,,high,
142,大字光吉2220番地の37,ふじが丘北区15-2,ふじが丘北一丁目,8,8,fujigaoka.pdf,,high,
143,大字光吉2220番地の38,ふじが丘北区15-4,ふじが丘北一丁目,8,3,fujigaoka.pdf,,high,資料上2回出現
144,大字光吉2220番地の39,ふじが丘北区15-5,ふじが丘北一丁目,8,4,fujigaoka.pdf,,high,
145,大字光吉2220番地の40,ふじが丘北区15-3,ふじが丘北一丁目,8,7,fujigaoka.pdf,,high,
146,大字光吉2220番地の41,ふじが丘北区25-1,ふじが丘北一丁目,10,1,fujigaoka.pdf,,high,
147,大字光吉2220番地の42,ふじが丘北区25-3,ふじが丘北一丁目,10,3,fujigaoka.pdf,,high,資料上2回出現
148,大字光吉2220番地の43,ふじが丘北区25-2,ふじが丘北一丁目,10,4,fujigaoka.pdf,,high,
149,大字光吉2220番地の44,ふじが丘北区25-5-1,ふじが丘北一丁目,10,5,fujigaoka.pdf,,high,
150,大字光吉2220番地の44,ふじが丘北区25-5-2,ふじが丘北一丁目,10,6,fujigaoka.pdf,,high,
151,大字光吉2220番地の45,ふじが丘北区17-1,ふじが丘北二丁目,7,23,fujigaoka.pdf,,high,
152,大字光吉2220番地の50,ふじが丘北区14-7,ふじが丘北一丁目,7,2,fujigaoka.pdf,,high,資料上2回出現
153,大字光吉2220番地の61,ふじが丘東区28-1,ふじが丘東一丁目,4,16,fujigaoka.pdf,,high,
154,大字光吉2220番地の62,ふじが丘東区28-2-1,ふじが丘東一丁目,4,14,fujigaoka.pdf,,high,
155,大字光吉2220番地の63,ふじが丘東区28-3,ふじが丘東一丁目,4,3,fujigaoka.pdf,,high,
156,大字光吉2220番地の64,ふじが丘東区28-4,ふじが丘東一丁目,4,4,fujigaoka.pdf,,high,
157,大字光吉2220番地の65,ふじが丘東区28-5,ふじが丘東一丁目,4,5,fujigaoka.pdf,,high,
158,大字光吉2220番地の66,ふじが丘東区28-6,ふじが丘東一丁目,4,6,fujigaoka.pdf,,high,
159,大字光吉2220番地の68,ふじが丘東区29-1,ふじが丘東一丁目,3,15,fujigaoka.pdf,,high,資料上2回出現
160,大字光吉2220番地の69,ふじが丘東区29-2,ふじが丘東一丁目,3,2,fujigaoka.pdf,,high,
161,大字光吉2220番地の70,ふじが丘東区29-3,ふじが丘東一丁目,3,3,fujigaoka.pdf,,high,
162,大字光吉2220番地の71,ふじが丘東区29-4,ふじが丘東一丁目,3,4,fujigaoka.pdf,,high,
163,大字光吉2220番地の72,ふじが丘東区29-5,ふじが丘東一丁目,3,5,fujigaoka.pdf,,high,
164,大字光吉2220番地の73,ふじが丘東区29-6,ふじが丘東一丁目,3,8,fujigaoka.pdf,,high,
165,大字光吉2220番地の74,ふじが丘東区29-7,ふじが丘東一丁目,3,6,fujigaoka.pdf,,high,
166,大字光吉2220番地の77,ふじが丘東区30-4,ふじが丘東一丁目,2,12,fujigaoka.pdf,,high,
167,大字光吉2220番地の78,ふじが丘東区30-3,ふじが丘東一丁目,2,13,fujigaoka.pdf,,high,資料上2回出現
168,光吉2220番地の78,ふじが丘東区33,ふじが丘東一丁目,2,13,fujigaoka.pdf,,high,
169,大字光吉2220番地の79,ふじが丘東区30-2,ふじが丘東一丁目,2,14,fujigaoka.pdf,,high,
170,大字光吉2220番地の80,ふじが丘東区30-1,ふじが丘東一丁目,2,15,fujigaoka.pdf,,high,
171,大字光吉2220番地の82,ふじが丘東区31-6,ふじが丘東一丁目,1,11,fujigaoka.pdf,,high,
172,大字光吉2220番地の83,ふじが丘東区31-5,ふじが丘東一丁目,1,12,fujigaoka.pdf,,high,資料上2回出現
173,大字光吉2220番地の84,ふじが丘東区31-4,ふじが丘東一丁目,1,13,fujigaoka.pdf,,high,
174,大字光吉2220番地の85,ふじが丘東区31-3,ふじが丘東一丁目,1,14,fujigaoka.pdf,,high,
175,大字光吉2220番地の86,ふじが丘東区31-2,ふじが丘東一丁目,1,15,fujigaoka.pdf,,high,
176,大字光吉2220番地の87,ふじが丘東区31-1,ふじが丘東一丁目,1,16,fujigaoka.pdf,,high,
177,大字光吉2220番地の88,ふじが丘東区31-8,ふじが丘東一丁目,1,1,fujigaoka.pdf,,high,
178,大字光吉2220番地の89,ふじが丘東区31-9,ふじが丘東一丁目,1,2,fujigaoka.pdf,,high,
179,大字光吉2220番地の90,ふじが丘東区31-10,ふじが丘東一丁目,1,3,fujigaoka.pdf,,high,
180,大字光吉2220番地の91,ふじが丘東区31-11,ふじが丘東一丁目,1,4,fujigaoka.pdf,,high,
181,大字光吉2220番地の92,ふじが丘東区31-12,ふじが丘東一丁目,1,5,fujigaoka.pdf,,high,
182,大字光吉2220番地の96,ふじが丘北区24-10,ふじが丘北一丁目,9,10,fujigaoka.pdf,,high,
183,大字光吉2220番地の97,ふじが丘北区24-5,ふじが丘北一丁目,9,11,fujigaoka.pdf,,high,
184,大字光吉2220番地の99,ふじが丘北区25-7,ふじが丘北一丁目,10,8,fujigaoka.pdf,,high,
185,大字光吉2220番地の111,ふじが丘東区28-2,ふじが丘東一丁目,4,2,fujigaoka.pdf,,high,
186,大字光吉2220番地の114,ふじが丘東区28-1-2,ふじが丘東一丁目,4,1,fujigaoka.pdf,,high,資料上2回出現
187,大字光吉2250番地の1,ふじが丘東区522-10,ふじが丘東一丁目,8,10,fujigaoka.pdf,,high,
188,大字光吉2250番地の2,ふじが丘東区522-9,ふじが丘東一丁目,8,9,fujigaoka.pdf,,high,
189,大字光吉2250番地の3,ふじが丘東区522-8,ふじが丘東一丁目,8,8,fujigaoka.pdf,,high,
190,大字光吉2250番地の4,ふじが丘東区522-7,ふじが丘東一丁目,8,7,fujigaoka.pdf,,high,
191,大字光吉2250番地の5,ふじが丘東区522-3,ふじが丘東一丁目,8,3,fujigaoka.pdf,,high,
192,大字光吉2250番地の6,ふじが丘東区522-2,ふじが丘東一丁目,8,2,fujigaoka.pdf,,high,
193,大字光吉2250番地の7,ふじが丘東区522-1,ふじが丘東一丁目,8,1,fujigaoka.pdf,,high,
194,大字光吉2250番地の8,ふじが丘東区522-4,ふじが丘東一丁目,8,4,fujigaoka.pdf,,high,
195,大字光吉2250番地の9,ふじが丘東区522-5,ふじが丘東一丁目,8,5,fujigaoka.pdf,,high,
196,大字光吉2250番地の10,ふじが丘東区522-6,ふじが丘東一丁目,8,6,fujigaoka.pdf,,high,
197,大字光吉2250番地の11,ふじが丘東区521-1,ふじが丘東一丁目,7,1,fujigaoka.pdf,,high,
198,大字光吉2250番地の12,ふじが丘東区521-2,ふじが丘東一丁目,7,2,fujigaoka.pdf,,high,
199,大字光吉2250番地の13,ふじが丘東区521-3,ふじが丘東一丁目,7,3,fujigaoka.pdf,,high,
200,大字光吉2250番地の14,ふじが丘東区521-4,ふじが丘東一丁目,7,4,fujigaoka.pdf,,high,
201,大字光吉2250番地の15,ふじが丘東区521-5,ふじが丘東一丁目,7,5,fujigaoka.pdf,,high,
202,大字光吉2250番地の16,ふじが丘東区521-6,ふじが丘東一丁目,7,6,fujigaoka.pdf,,high,
203,大字光吉2250番地の17,ふじが丘東区521-7,ふじが丘東一丁目,7,7,fujigaoka.pdf,,high,
204,大字光吉2250番地の18,ふじが丘東区521-8,ふじが丘東一丁目,7,8,fujigaoka.pdf,,high,
205,大字光吉2250番地の19,ふじが丘東区521-9,ふじが丘東一丁目,7,9,fujigaoka.pdf,,high,
206,大字光吉2250番地の20,ふじが丘東区521-10,ふじが丘東一丁目,7,10,fujigaoka.pdf,,high,
207,大字光吉2250番地の21,ふじが丘東区521-11,ふじが丘東一丁目,7,11,fujigaoka.pdf,,high,資料上2回出現
208,大字光吉2250番地の22,ふじが丘東区520-2,ふじが丘東一丁目,5,2,fujigaoka.pdf,,high,
209,大字光吉2250番地の23,ふじが丘東区520-3,ふじが丘東一丁目,5,3,fujigaoka.pdf,,high,
210,大字光吉2250番地の24,ふじが丘東区520-4,ふじが丘東一丁目,5,4,fujigaoka.pdf,,high,
211,大字光吉2250番地の25,ふじが丘東区520-5,ふじが丘東一丁目,5,5,fujigaoka.pdf,,high,
212,大字光吉2250番地の26,ふじが丘東区520-6,ふじが丘東一丁目,5,6,fujigaoka.pdf,,high,
213,大字光吉2250番地の27,ふじが丘東区520-7,ふじが丘東一丁目,5,7,fujigaoka.pdf,,high,
214,大字光吉2250番地の28,ふじが丘東区520-8,ふじが丘東一丁目,5,8,fujigaoka.pdf,,high,
215,大字光吉2250番地の29,ふじが丘東区520-9,ふじが丘東一丁目,5,9,fujigaoka.pdf,,high,
216,大字光吉2250番地の30,ふじが丘東区520-10,ふじが丘東一丁目,5,10,fujigaoka.pdf,,high,
217,大字光吉2250番地の31,ふじが丘東区520-11,ふじが丘東一丁目,5,11,fujigaoka.pdf,,high,
218,大字光吉2250番地の32,ふじが丘東区520-12,ふじが丘東一丁目,5,12,fujigaoka.pdf,,high,
219,大字光吉2250番地の33,ふじが丘東区520-13,ふじが丘東一丁目,5,13,fujigaoka.pdf,,high,
220,大字光吉2250番地の34,ふじが丘東区520-1,ふじが丘東一丁目,5,1,fujigaoka.pdf,,high,
221,大字田尻字相津原397番地46,,ふじが丘西二丁目,8,2,fujigaoka.pdf,,high,資料上通称の記載なし
222,大字田尻689番地の2,ふじが丘西区512-1,ふじが丘西三丁目,13,13,fujigaoka.pdf,,high,
223,大字田尻689番地の3,ふじが丘西区512-2,ふじが丘西三丁目,13,14,fujigaoka.pdf,,high,資料上2回出現
224,大字田尻689番地の4,ふじが丘西区512-3,ふじが丘西三丁目,13,15,fujigaoka.pdf,,high,
225,大字田尻689番地の5,ふじが丘西区512-4,ふじが丘西三丁目,13,16,fujigaoka.pdf,,high,
226,大字田尻689番地の6,ふじが丘西区512-5,ふじが丘西三丁目,13,17,fujigaoka.pdf,,high,
227,大字田尻689番地の7,ふじが丘西区512-6,ふじが丘西三丁目,13,6,fujigaoka.pdf,,high,
228,大字田尻689番地の10,ふじが丘西区512-9,ふじが丘西三丁目,13,2,fujigaoka.pdf,,high,
229,大字田尻689番地の11,ふじが丘西区512-10,ふじが丘西三丁目,13,1,fujigaoka.pdf,,high,
230,大字田尻689番地の12,ふじが丘西区512-11,ふじが丘西三丁目,13,23,fujigaoka.pdf,,high,
231,大字田尻689番地の13,ふじが丘西区512-12,ふじが丘西三丁目,13,21,fujigaoka.pdf,,high,
232,大字田尻689番地の14,ふじが丘西区512-13,ふじが丘西三丁目,13,20,fujigaoka.pdf,,high,
233,大字田尻689番地の16,ふじが丘西区513-3,ふじが丘西三丁目,18,16,fujigaoka.pdf,,high,資料上2回出現
234,大字田尻689番地の17,ふじが丘西区513-4 ｾｿﾞﾝふじが丘101,ふじが丘西三丁目,18,18-101,fujigaoka.pdf,,high,
235,大字田尻689番地の17,ふじが丘西区513-4 ｾｿﾞﾝふじが丘102,ふじが丘西三丁目,18,18-102,fujigaoka.pdf,,high,
236,大字田尻689番地の17,ふじが丘西区513-4 ｾｿﾞﾝふじが丘103,ふじが丘西三丁目,18,18-103,fujigaoka.pdf,,high,
237,大字田尻689番地の17,ふじが丘西区513-4 ｾｿﾞﾝふじが丘104,ふじが丘西三丁目,18,18-104,fujigaoka.pdf,,high,
238,大字田尻689番地の17,ふじが丘西区513-4 ｾｿﾞﾝふじが丘201,ふじが丘西三丁目,18,18-201,fujigaoka.pdf,,high,
239,大字田尻689番地の17,ふじが丘西区513-4 ｾｿﾞﾝふじが丘202,ふじが丘西三丁目,18,18-202,fujigaoka.pdf,,high,
240,大字田尻689番地の17,ふじが丘西区513-4 ｾｿﾞﾝふじが丘203,ふじが丘西三丁目,18,18-203,fujigaoka.pdf,,high,
241,大字田尻689番地の17,ふじが丘西区513-4 ｾｿﾞﾝふじが丘204,ふじが丘西三丁目,18,18-204,fujigaoka.pdf,,high,
242,大字田尻689番地の17,ふじが丘西区513-4 ｾｿﾞﾝふじが丘301,ふじが丘西三丁目,18,18-301,fujigaoka.pdf,,high,
243,大字田尻689番地の17,ふじが丘西区513-4 ｾｿﾞﾝふじが丘302,ふじが丘西三丁目,18,18-302,fujigaoka.pdf,,high,
244,大字田尻689番地の17,ふじが丘西区513-4 ｾｿﾞﾝふじが丘303,ふじが丘西三丁目,18,18-303,fujigaoka.pdf,,high,
245,大字田尻689番地の17,ふじが丘西区513-4 ｾｿﾞﾝふじが丘304,ふじが丘西三丁目,18,18-304,fujigaoka.pdf,,high,
246,大字田尻689番地の19,ふじが丘西区513-6,ふじが丘西三丁目,18,20,fujigaoka.pdf,,high,
247,大字田尻689番地の20,ふじが丘西区513-7,ふじが丘西三丁目,18,21,fujigaoka.pdf,,high,
248,大字田尻689番地の21,ふじが丘西区513-8,ふじが丘西三丁目,18,22,fujigaoka.pdf,,high,資料上2回出現
249,大字田尻689番地の22,ふじが丘西区513-9,ふじが丘西三丁目,18,24,fujigaoka.pdf,,high,
250,大字田尻689番地の23,ふじが丘西区513-10,ふじが丘西三丁目,18,26,fujigaoka.pdf,,high,
251,大字田尻689番地の24,ふじが丘西区513-11,ふじが丘西三丁目,18,27,fujigaoka.pdf,,high,
252,大字田尻689番地の25,ふじが丘西区514-3,ふじが丘西三丁目,19,8,fujigaoka.pdf,,high,資料上2回出現
253,大字田尻689番地の26,ふじが丘西区514-4,ふじが丘西三丁目,19,9,fujigaoka.pdf,,high,
254,大字田尻689番地の27,ふじが丘西区514-5,ふじが丘西三丁目,19,10,fujigaoka.pdf,,high,
255,大字田尻689番地の28,ふじが丘西区514-6,ふじが丘西三丁目,19,1,fujigaoka.pdf,,high,
256,大字田尻689番地の29,ふじが丘西区514-7,ふじが丘西三丁目,19,2,fujigaoka.pdf,,high,
257,大字田尻689番地の30,ふじが丘西区514-8,ふじが丘西三丁目,19,3,fujigaoka.pdf,,high,
258,大字田尻689番地の31,ふじが丘西区514-9,ふじが丘西三丁目,19,4,fujigaoka.pdf,,high,
259,大字田尻689番地の39,ふじが丘西区510-2,ふじが丘西三丁目,11,15,fujigaoka.pdf,,high,
260,大字田尻689番地の43,ふじが丘西区510-1,ふじが丘西三丁目,11,16,fujigaoka.pdf,,high,
261,大字田尻689番地の46,ふじが丘西区510-4,ふじが丘西三丁目,11,13,fujigaoka.pdf,,high,
262,大字田尻689番地の49,ふじが丘西区510-7,ふじが丘西三丁目,11,2,fujigaoka.pdf,,high,
263,大字田尻689番地の50,ふじが丘西区510-8,ふじが丘西三丁目,11,4,fujigaoka.pdf,,high,
264,大字田尻689番地の51,ふじが丘西区510-9,ふじが丘西三丁目,11,5,fujigaoka.pdf,,high,
265,大字田尻689番地の52,ふじが丘西区510-10,ふじが丘西三丁目,11,6,fujigaoka.pdf,,high,
266,大字田尻689番地の53,ふじが丘西区510-11,ふじが丘西三丁目,11,7,fujigaoka.pdf,,high,
267,大字田尻689番地の54,ふじが丘西区510-12,ふじが丘西三丁目,11,9,fujigaoka.pdf,,high,
268,大字田尻689番地の55,ふじが丘西区511-1,ふじが丘西三丁目,12,1,fujigaoka.pdf,,high,
269,大字田尻689番地の56,ふじが丘西区511-2,ふじが丘西三丁目,12,13,fujigaoka.pdf,,high,
270,大字田尻689番地の57,ふじが丘西区511-3,ふじが丘西三丁目,12,12,fujigaoka.pdf,,high,
271,大字田尻689番地の58,ふじが丘西区511-4,ふじが丘西三丁目,12,11,fujigaoka.pdf,,high,
272,大字田尻689番地の59,ふじが丘西区511-5,ふじが丘西三丁目,12,10,fujigaoka.pdf,,high,
273,大字田尻689番地の61,ふじが丘西区511-6,ふじが丘西三丁目,12,3,fujigaoka.pdf,,high,
274,大字田尻689番地の62,ふじが丘西区511-7,ふじが丘西三丁目,12,4,fujigaoka.pdf,,high,
275,大字田尻689番地の63,ふじが丘西区511-8,ふじが丘西三丁目,12,5,fujigaoka.pdf,,high,
276,大字田尻689番地の64,ふじが丘西区511-9,ふじが丘西三丁目,12,6,fujigaoka.pdf,,high,
277,大字田尻689番地の64,ふじが丘西区511-9,ふじが丘西三丁目,12,7,fujigaoka.pdf,,high,資料上2回出現
278,大字田尻689番地の122,ふじが丘西区512-6,ふじが丘西三丁目,13,5,fujigaoka.pdf,,high,
279,大字田尻689番地の123,ふじが丘西区512-7,ふじが丘西三丁目,13,4,fujigaoka.pdf,,high,
280,大字田尻689番地の124,ふじが丘西区512-14,ふじが丘西三丁目,13,19,fujigaoka.pdf,,high,
281,大字田尻689番地の125,ふじが丘西区512-15,ふじが丘西三丁目,13,18,fujigaoka.pdf,,high,
282,大字田尻689番地の126,ふじが丘西区516-1,ふじが丘西三丁目,17,2,fujigaoka.pdf,,high,
283,大字田尻689番地の127,ふじが丘西区516-2,ふじが丘西三丁目,17,3,fujigaoka.pdf,,high,
284,大字田尻689番地の128,ふじが丘西区516-3,ふじが丘西三丁目,17,4,fujigaoka.pdf,,high,
285,大字田尻689番地の129,ふじが丘西区516-4,ふじが丘西三丁目,17,5,fujigaoka.pdf,,high,
286,大字田尻689番地の130,ふじが丘西区516-5,ふじが丘西三丁目,17,6,fujigaoka.pdf,,high,
287,大字田尻689番地の131,ふじが丘西区516-6,ふじが丘西三丁目,17,7,fujigaoka.pdf,,high,
288,大字田尻689番地の132,ふじが丘西区516-7,ふじが丘西三丁目,17,9,fujigaoka.pdf,,high,
289,大字田尻689番地の133,ふじが丘西区516-8,ふじが丘西三丁目,17,11,fujigaoka.pdf,,high,
290,大字田尻689番地の133,,ふじが丘西三丁目,17,11,fujigaoka.pdf,,high,資料上通称の記載なし
291,大字田尻689番地の134,ふじが丘西区516-9,ふじが丘西三丁目,17,13,fujigaoka.pdf,,high,
292,大字田尻689番地の135,ふじが丘西区516-10,ふじが丘西三丁目,17,15,fujigaoka.pdf,,high,
293,大字田尻689番地の136,ふじが丘西区516-11,ふじが丘西三丁目,17,17,fujigaoka.pdf,,high,
294,大字田尻689番地の137,ふじが丘西区516-12,ふじが丘西三丁目,17,19,fujigaoka.pdf,,high,
295,大字田尻689番地の138,ふじが丘西区516-13,ふじが丘西三丁目,17,18,fujigaoka.pdf,,high,資料上2回出現
296,大字田尻689番地の139,ふじが丘西区516-14,ふじが丘西三丁目,17,21,fujigaoka.pdf,,high,
297,大字田尻697番地の5,ふじが丘西区504-1,ふじが丘西三丁目,6,6,fujigaoka.pdf,,high,
298,大字田尻723番地の5,ふじが丘西区515-3,ふじが丘西三丁目,18,10,fujigaoka.pdf,,high,
299,大字田尻730番地の5,ふじが丘西区514-1,ふじが丘西三丁目,19,6,fujigaoka.pdf,,high,
300,大字田尻746番地の9,ふじが丘西区515-1,ふじが丘西三丁目,18,8,fujigaoka.pdf,,high,
301,大字田尻746番地の10,ふじが丘西区515-2,ふじが丘西三丁目,18,5,fujigaoka.pdf,,high,
302,大字田尻746番地の12,ふじが丘西区515-4,ふじが丘西三丁目,18,12,fujigaoka.pdf,,high,
303,大字田尻765番地の3,ふじが丘西区513-1,ふじが丘西三丁目,18,13,fujigaoka.pdf,,high,
304,大字田尻765番地の4,ふじが丘西区513-2,ふじが丘西三丁目,18,15,fujigaoka.pdf,,high,
305,大字田尻765番地の5,ふじが丘西区515-5,ふじが丘西三丁目,18,4,fujigaoka.pdf,,high,
306,大字田尻765番地の6,ふじが丘西区515-6,ふじが丘西三丁目,18,2,fujigaoka.pdf,,high,
307,大字田尻777番地の2,ふじが丘北区9-12,ふじが丘北二丁目,10,9,fujigaoka.pdf,,high,
308,大字田尻777番地の4,ふじが丘北区20-9,ふじが丘北二丁目,10,5,fujigaoka.pdf,,high,
309,大字田尻777番地の4,ふじが丘北区20-9,ふじが丘北二丁目,10,6,fujigaoka.pdf,,high,
310,大字田尻777番地の4,ふじが丘北区20-8,ふじが丘北二丁目,10,7,fujigaoka.pdf,,high,
311,大字田尻777番地の7,ふじが丘北区20-7,ふじが丘北二丁目,10,8,fujigaoka.pdf,,high,
312,大字田尻778番地の2,ふじが丘北区9-11,ふじが丘北二丁目,10,2,fujigaoka.pdf,,high,資料上2回出現
313,大字田尻780番地の2,ふじが丘北区12-10,ふじが丘北二丁目,6,12,fujigaoka.pdf,,high,
314,大字田尻780番地の3,ふじが丘北区11-5,ふじが丘北二丁目,5,12,fujigaoka.pdf,,high,
315,大字田尻780番地の4,ふじが丘北区11-4,ふじが丘北二丁目,5,10,fujigaoka.pdf,,high,
316,大字田尻780番地の5,ふじが丘北区11-1,ふじが丘北二丁目,5,7,fujigaoka.pdf,,high,
317,大字田尻780番地の6,ふじが丘北区18-1,ふじが丘北二丁目,8,1,fujigaoka.pdf,,high,
318,大字田尻780番地の7,ふじが丘北区11-6,ふじが丘北二丁目,5,18,fujigaoka.pdf,,high,
319,大字田尻780番地の9,ふじが丘北区11-3,ふじが丘北二丁目,5,9,fujigaoka.pdf,,high,
320,大字田尻780番地の10,ふじが丘北区11-8,ふじが丘北二丁目,5,16,fujigaoka.pdf,,high,
321,大字田尻780番地の11,ふじが丘北区11-9,ふじが丘北二丁目,5,15,fujigaoka.pdf,,high,
322,大字田尻780番地の12,ふじが丘北区11-10,ふじが丘北二丁目,5,14,fujigaoka.pdf,,high,
323,大字田尻780番地の15,ふじが丘北区11-2,ふじが丘北二丁目,5,8,fujigaoka.pdf,,high,
324,大字田尻780番地の16,ふじが丘北区8-11,ふじが丘北二丁目,5,19,fujigaoka.pdf,,high,
325,大字田尻780番地の20,ふじが丘北区9-6,ふじが丘北二丁目,4,22,fujigaoka.pdf,,high,資料上2回出現
326,大字田尻780番地の21,ふじが丘北区9-7,ふじが丘北二丁目,4,21,fujigaoka.pdf,,high,
327,大字田尻780番地の22,ふじが丘北区9-2,ふじが丘北二丁目,4,2,fujigaoka.pdf,,high,
328,大字田尻780番地の23,ふじが丘北区9-3,ふじが丘北二丁目,4,3,fujigaoka.pdf,,high,
329,大字田尻780番地の24,ふじが丘北区9-8,ふじが丘北二丁目,4,20,fujigaoka.pdf,,high,
330,大字田尻780番地の25,ふじが丘北区9-9,ふじが丘北二丁目,4,19,fujigaoka.pdf,,high,
331,大字田尻780番地の26,ふじが丘北区9-3,ふじが丘北二丁目,4,4,fujigaoka.pdf,,high,資料上2回出現
332,大字田尻780番地の28,ふじが丘北区9-5,ふじが丘北二丁目,4,5,fujigaoka.pdf,,high,
333,大字田尻780番地の29,ふじが丘北区9-10,ふじが丘北二丁目,4,18,fujigaoka.pdf,,high,
334,大字田尻780番地の30,ふじが丘北区10-6,ふじが丘北二丁目,4,17,fujigaoka.pdf,,high,
335,大字田尻780番地の31,ふじが丘北区10-1,ふじが丘北二丁目,4,6,fujigaoka.pdf,,high,資料上2回出現
336,大字田尻780番地の33,ふじが丘北区10-2,ふじが丘北二丁目,4,7,fujigaoka.pdf,,high,資料上2回出現
337,大字田尻780番地の34,ふじが丘北区10-7,ふじが丘北二丁目,4,16,fujigaoka.pdf,,high,
338,大字田尻780番地の35,ふじが丘北区10-8,ふじが丘北二丁目,4,15,fujigaoka.pdf,,high,
339,大字田尻780番地の36,ふじが丘北区10-3,ふじが丘北二丁目,4,8,fujigaoka.pdf,,high,資料上2回出現
340,大字田尻780番地の37,ふじが丘北区10-4,ふじが丘北二丁目,4,9,fujigaoka.pdf,,high,
341,大字田尻780番地の38,ふじが丘北区10-9,ふじが丘北二丁目,4,14,fujigaoka.pdf,,high,
342,大字田尻780番地の39,ふじが丘北区10-10,ふじが丘北二丁目,4,13,fujigaoka.pdf,,high,
343,大字田尻780番地の40,ふじが丘北区10-5 ｼｬﾝﾃ西川101,ふじが丘北二丁目,4,10,fujigaoka.pdf,,high,
344,大字田尻780番地の40,ふじが丘北区10-5 ｼｬﾝﾃ西川102,ふじが丘北二丁目,4,10,fujigaoka.pdf,,high,
345,大字田尻780番地の40,ふじが丘北区10-5 ｼｬﾝﾃ西川201,ふじが丘北二丁目,4,10,fujigaoka.pdf,,high,
346,大字田尻780番地の40,ふじが丘北区10-5 ｼｬﾝﾃ西川202,ふじが丘北二丁目,4,10,fujigaoka.pdf,,high,
347,大字田尻780番地の42,ふじが丘北区20-1,ふじが丘北二丁目,11,1,fujigaoka.pdf,,high,資料上3回出現
348,大字田尻800番地の2,ふじが丘北区12-1,ふじが丘北二丁目,6,6,fujigaoka.pdf,,high,
349,大字田尻800番地の3,ふじが丘北区12-2,ふじが丘北二丁目,6,7,fujigaoka.pdf,,high,資料上2回出現
350,大字田尻800番地の5,ふじが丘北区12-4,ふじが丘北二丁目,6,9,fujigaoka.pdf,,high,
351,大字田尻800番地の6,ふじが丘北区12-5,ふじが丘北二丁目,6,10,fujigaoka.pdf,,high,
352,大字田尻800番地の9,ふじが丘北区12-3,ふじが丘北二丁目,6,8,fujigaoka.pdf,,high,
353,大字田尻800番地の10,ふじが丘北区12-6,ふじが丘北二丁目,6,17,fujigaoka.pdf,,high,資料上2回出現
354,大字田尻800番地の11,ふじが丘北区12-7,ふじが丘北二丁目,6,16,fujigaoka.pdf,,high,
355,大字田尻800番地の12,ふじが丘北区12-8,ふじが丘北二丁目,6,15,fujigaoka.pdf,,high,
356,大字田尻800番地の13,ふじが丘北区12-9,ふじが丘北二丁目,6,14,fujigaoka.pdf,,high,
357,大字田尻800番地の16,ふじが丘北区7-2,ふじが丘北二丁目,6,2,fujigaoka.pdf,,high,
358,大字田尻800番地の17,ふじが丘北区7-3,ふじが丘北二丁目,6,3,fujigaoka.pdf,,high,資料上2回出現
359,大字田尻800番地の18,ふじが丘北区7-4,ふじが丘北二丁目,6,4,fujigaoka.pdf,,high,資料上2回出現
360,大字田尻800番地の19,ふじが丘北区7-5,ふじが丘北二丁目,6,5,fujigaoka.pdf,,high,
361,大字田尻800番地の20,ふじが丘北区7-10,ふじが丘北二丁目,6,18,fujigaoka.pdf,,high,
362,大字田尻800番地の21,ふじが丘北区7-9,ふじが丘北二丁目,6,19,fujigaoka.pdf,,high,資料上2回出現
363,大字田尻800番地の22,ふじが丘北区7-8,ふじが丘北二丁目,6,20,fujigaoka.pdf,,high,
364,大字田尻800番地の23,ふじが丘北区7-7,ふじが丘北二丁目,6,21,fujigaoka.pdf,,high,
365,大字田尻800番地の24,ふじが丘北区7-6,ふじが丘北二丁目,6,22,fujigaoka.pdf,,high,
366,大字田尻800番地の25,ふじが丘北区8-1,ふじが丘北二丁目,5,1,fujigaoka.pdf,,high,資料上2回出現
367,大字田尻800番地の26,ふじが丘北区8-2,ふじが丘北二丁目,5,2,fujigaoka.pdf,,high,
368,大字田尻800番地の27,ふじが丘北区8-3,ふじが丘北二丁目,5,3,fujigaoka.pdf,,high,
369,大字田尻800番地の28,ふじが丘北区8-4,ふじが丘北二丁目,5,4,fujigaoka.pdf,,high,
370,大字田尻800番地の29,ふじが丘北区8-5,ふじが丘北二丁目,5,5,fujigaoka.pdf,,high,資料上2回出現
371,大字田尻800番地の30,ふじが丘北区8-6,ふじが丘北二丁目,5,6,fujigaoka.pdf,,high,
372,大字田尻800番地の32,ふじが丘北区8-10,ふじが丘北二丁目,5,20,fujigaoka.pdf,,high,
373,大字田尻800番地の34,ふじが丘北区8-8,ふじが丘北二丁目,5,22,fujigaoka.pdf,,high,
374,大字田尻800番地の35,ふじが丘北区8-7,ふじが丘北二丁目,5,23,fujigaoka.pdf,,high,
375,大字田尻800番地の36,ふじが丘北区7-1,ふじが丘北二丁目,6,24,fujigaoka.pdf,,high,
376,大字田尻800番地の37,ふじが丘北区27-15,ふじが丘北二丁目,3,3,fujigaoka.pdf,,high,資料上2回出現
377,大字田尻800番地の38,ふじが丘北区27-14,ふじが丘北二丁目,3,4,fujigaoka.pdf,,high,
378,大字田尻800番地の39,ふじが丘北区27-13,ふじが丘北二丁目,3,5,fujigaoka.pdf,,high,
379,大字田尻800番地の40,ふじが丘北区27-12,ふじが丘北二丁目,3,6,fujigaoka.pdf,,high,
380,大字田尻800番地の42,ふじが丘北区27-10,ふじが丘北二丁目,3,8,fujigaoka.pdf,,high,
381,大字田尻800番地の43,ふじが丘北区27-9,ふじが丘北二丁目,3,9,fujigaoka.pdf,,high,
382,大字田尻800番地の44,ふじが丘北区9-1,ふじが丘北二丁目,4,1,fujigaoka.pdf,,high,
383,大字田尻800番地46,ふじが丘北区27-1,ふじが丘北二丁目,3,1,fujigaoka.pdf,,high,
384,大字田尻800番地の47,ふじが丘北区27-2,ふじが丘北二丁目,3,23,fujigaoka.pdf,,high,
385,大字田尻800番地の48,ふじが丘北区27-3,ふじが丘北二丁目,3,20,fujigaoka.pdf,,high,
386,大字田尻800番地の49,ふじが丘北区27-4,ふじが丘北二丁目,3,19,fujigaoka.pdf,,high,資料上2回出現
387,大字田尻800番地の50,ふじが丘北区27-5,ふじが丘北二丁目,3,18,fujigaoka.pdf,,high,
388,大字田尻800番地の51,ふじが丘北区27-6,ふじが丘北二丁目,3,13,fujigaoka.pdf,,high,
389,大字田尻800番地の52,ふじが丘北区27-7,ふじが丘北二丁目,3,12,fujigaoka.pdf,,high,資料上2回出現
390,大字田尻800番地の53,ふじが丘北区27-8,ふじが丘北二丁目,3,11,fujigaoka.pdf,,high,
391,大字田尻817番地の4,ふじが丘北区17-8,ふじが丘北二丁目,7,18,fujigaoka.pdf,,high,
392,大字田尻817番地の6,ふじが丘北区17-4,ふじが丘北二丁目,7,4,fujigaoka.pdf,,high,
393,大字田尻817番地の7,ふじが丘北区23-1,ふじが丘北二丁目,7,5,fujigaoka.pdf,,high,
394,大字田尻817番地の8,ふじが丘北区23-2,ふじが丘北二丁目,7,6,fujigaoka.pdf,,high,
395,大字田尻817番地の9,ふじが丘北区23-6,ふじが丘北二丁目,7,16,fujigaoka.pdf,,high,資料上5回出現
396,大字田尻817番地の10,ふじが丘北区23-5,ふじが丘北二丁目,7,17,fujigaoka.pdf,,high,
397,大字田尻817番地の11,ふじが丘北区22-1,ふじが丘北二丁目,8,5,fujigaoka.pdf,,high,
398,大字田尻817番地の12,ふじが丘北区18-8,ふじが丘北二丁目,8,22,fujigaoka.pdf,,high,
399,大字田尻817番地の13,ふじが丘北区18-5,ふじが丘北二丁目,8,25,fujigaoka.pdf,,high,
400,大字田尻817番地の15,ふじが丘北区22-5,ふじが丘北二丁目,8,21,fujigaoka.pdf,,high,
401,大字田尻817番地の16,ふじが丘北区18-7,ふじが丘北二丁目,8,23,fujigaoka.pdf,,high,
402,大字田尻817番地の17,ふじが丘北区18-3,ふじが丘北二丁目,8,3,fujigaoka.pdf,,high,
403,大字田尻817番地の18,ふじが丘北区17-7,ふじが丘北二丁目,7,19,fujigaoka.pdf,,high,
404,大字田尻817番地の19,ふじが丘北区17-3 ﾌﾟﾙﾆｴふじが丘101,ふじが丘北二丁目,7,3,fujigaoka.pdf,,high,
405,大字田尻817番地の19,ふじが丘北区17-3 ﾌﾟﾙﾆｴふじが丘102,ふじが丘北二丁目,7,3,fujigaoka.pdf,,high,
406,大字田尻817番地の19,ふじが丘北区17-3 ﾌﾟﾙﾆｴふじが丘201,ふじが丘北二丁目,7,3,fujigaoka.pdf,,high,
407,大字田尻817番地の19,ふじが丘北区17-3 ﾌﾟﾙﾆｴふじが丘202,ふじが丘北二丁目,7,3,fujigaoka.pdf,,high,資料上2回出現
408,大字田尻817番地の20,ふじが丘北区17-6,ふじが丘北二丁目,7,20,fujigaoka.pdf,,high,資料上2回出現
409,大字田尻817番地の21,ふじが丘北区18-2,ふじが丘北二丁目,8,2,fujigaoka.pdf,,high,
410,大字田尻817番地の22,ふじが丘北区18-6,ふじが丘北二丁目,8,24,fujigaoka.pdf,,high,
411,大字田尻817番地の27,ふじが丘北区17-5,ふじが丘北二丁目,7,21,fujigaoka.pdf,,high,資料上3回出現
412,大字田尻817番地の28,ふじが丘北区19-1,ふじが丘北二丁目,9,1,fujigaoka.pdf,,high,
413,大字田尻817番地の29,ふじが丘北区19-4,ふじが丘北二丁目,9,20,fujigaoka.pdf,,high,
414,大字田尻817番地の30,ふじが丘北区19-5,ふじが丘北二丁目,9,17,fujigaoka.pdf,,high,
415,大字田尻817番地の32,ふじが丘北区19-3,ふじが丘北二丁目,9,3,fujigaoka.pdf,,high,
416,大字田尻817番地の36,ふじが丘北区19-6,ふじが丘北二丁目,9,16,fujigaoka.pdf,,high,
417,大字田尻817番地の47,ふじが丘北区20-2-3,ふじが丘北二丁目,11,6,fujigaoka.pdf,,high,
418,大字田尻817番地の61,ふじが丘北区20-2-4,ふじが丘北二丁目,11,4,fujigaoka.pdf,,high,
419,大字田尻817番地の62,ふじが丘北区20-2-2,ふじが丘北二丁目,11,5,fujigaoka.pdf,,high,
420,大字田尻826番地,ふじが丘東区35-1,ふじが丘東二丁目,1,9,fujigaoka.pdf,,high,
421,大字田尻826番地の2,ふじが丘北区23-8,ふじが丘北二丁目,7,14,fujigaoka.pdf,,high,
422,大字田尻826番地の3,ふじが丘北区22-3,ふじが丘北二丁目,8,7,fujigaoka.pdf,,high,
423,大字田尻826番地の4,ふじが丘北区22-7,ふじが丘北二丁目,8,19,fujigaoka.pdf,,high,
424,大字田尻826番地の5,ふじが丘北区22-4,ふじが丘北二丁目,8,8,fujigaoka.pdf,,high,資料上2回出現
425,大字田尻826番地の6,ふじが丘北区22-8,ふじが丘北二丁目,8,18,fujigaoka.pdf,,high,
426,大字田尻826番地の7,ふじが丘北区23-3,ふじが丘北二丁目,7,7,fujigaoka.pdf,,high,
427,大字田尻826番地の8,ふじが丘北区23-4,ふじが丘北二丁目,7,8,fujigaoka.pdf,,high,資料上2回出現
428,大字田尻826番地の9,ふじが丘北区23-7 R・H・S101,ふじが丘北二丁目,7,15,fujigaoka.pdf,,high,
429,大字田尻826番地の9,ふじが丘北区23-7 R・H・S201,ふじが丘北二丁目,7,15,fujigaoka.pdf,,high,
430,大字田尻826番地の12,ふじが丘北区22-6,ふじが丘北二丁目,8,20,fujigaoka.pdf,,high,
431,大字田尻826番地の16,ふじが丘北区21-5,ふじが丘北二丁目,9,15,fujigaoka.pdf,,high,
432,大字田尻826番地の17,ふじが丘北区21-6,ふじが丘北二丁目,9,14,fujigaoka.pdf,,high,
433,大字田尻826番地の18,ふじが丘北区21-2,ふじが丘北二丁目,9,6,fujigaoka.pdf,,high,
434,大字田尻826番地の19,ふじが丘北区21-3,ふじが丘北二丁目,9,7,fujigaoka.pdf,,high,
435,大字田尻826番地の22,ふじが丘北区20-3,ふじが丘北二丁目,11,7,fujigaoka.pdf,,high,
436,大字田尻826番地の23,ふじが丘北区20-4-1,ふじが丘北二丁目,11,8,fujigaoka.pdf,,high,資料上2回出現
437,大字田尻826番地の24,ふじが丘北区20-5,ふじが丘北二丁目,11,15,fujigaoka.pdf,,high,
438,大字田尻826番地の26,ふじが丘東区31-13,ふじが丘東一丁目,1,6,fujigaoka.pdf,,high,
439,大字田尻826番地の27,ふじが丘東区31-14,ふじが丘東一丁目,1,8,fujigaoka.pdf,,high,
440,大字田尻826番地の34,ふじが丘東区32-4,ふじが丘東二丁目,1,4,fujigaoka.pdf,,high,
441,大字田尻826番地の35,ふじが丘東区32-5,ふじが丘東二丁目,1,5,fujigaoka.pdf,,high,
442,大字田尻826番地の36,ふじが丘東区32-6,ふじが丘東二丁目,1,6,fujigaoka.pdf,,high,
443,大字田尻826番地の37,ふじが丘東区32-7,ふじが丘東二丁目,1,7,fujigaoka.pdf,,high,
444,大字田尻826番地の38,ふじが丘東区32-10,ふじが丘東二丁目,1,33,fujigaoka.pdf,,high,
445,大字田尻826番地の39,ふじが丘東区32-11,ふじが丘東二丁目,1,32,fujigaoka.pdf,,high,
446,大字田尻826番地の40,ふじが丘東区32-12,ふじが丘東二丁目,1,31,fujigaoka.pdf,,high,
447,大字田尻826番地の41,ふじが丘東区32-13,ふじが丘東二丁目,1,30,fujigaoka.pdf,,high,資料上2回出現
448,大字田尻826番地の43,ふじが丘東区35番2号,ふじが丘東二丁目,1,10,fujigaoka.pdf,,high,
449,大字田尻826番地の44,ふじが丘東区35-10,ふじが丘東二丁目,1,29,fujigaoka.pdf,,high,
450,大字田尻826番地の45,ふじが丘東区35-11,ふじが丘東二丁目,1,28,fujigaoka.pdf,,high,資料上2回出現
451,大字田尻826番地の46,ふじが丘東区35-12,ふじが丘東二丁目,1,27,fujigaoka.pdf,,high,
452,大字田尻826番地の47,ふじが丘東区36-4,ふじが丘東二丁目,6,14,fujigaoka.pdf,,high,
453,大字田尻826番地の48,ふじが丘東区36-3,ふじが丘東二丁目,6,13,fujigaoka.pdf,,high,資料上2回出現
454,大字田尻826番地の49,ふじが丘東区36-2,ふじが丘東二丁目,6,12,fujigaoka.pdf,,high,
455,大字田尻826番地の50,ふじが丘東区36-1,ふじが丘東二丁目,6,9,fujigaoka.pdf,,high,資料上2回出現
456,大字田尻826番地の51,ふじが丘東区36-7,ふじが丘東二丁目,6,8,fujigaoka.pdf,,high,
457,大字田尻826番地の52,ふじが丘東区36-8,ふじが丘東二丁目,6,7,fujigaoka.pdf,,high,
458,大字田尻826番地の53,ふじが丘東区36-9,ふじが丘東二丁目,6,6,fujigaoka.pdf,,high,資料上2回出現
459,大字田尻826番地の54,ふじが丘東区32-9,ふじが丘東二丁目,1,34,fujigaoka.pdf,,high,
460,大字田尻826番地の55,ふじが丘東区32-3,ふじが丘東二丁目,1,3,fujigaoka.pdf,,high,
461,大字田尻826番地の56,ふじが丘東区32-2,ふじが丘東二丁目,1,2,fujigaoka.pdf,,high,
462,大字田尻826番地の61,ふじが丘東区33-4,ふじが丘東二丁目,8,12,fujigaoka.pdf,,high,
463,大字田尻826番地の62,ふじが丘東区33-1,ふじが丘東二丁目,8,1,fujigaoka.pdf,,high,資料上2回出現
464,大字田尻826番地の63,ふじが丘東区33-2,ふじが丘東二丁目,8,2,fujigaoka.pdf,,high,資料上2回出現
465,大字田尻826番地の64,ふじが丘東区33-3,ふじが丘東二丁目,8,3,fujigaoka.pdf,,high,資料上2回出現
466,大字田尻826番地の65,ふじが丘東区34-5,ふじが丘東二丁目,7,12,fujigaoka.pdf,,high,
467,大字田尻826番地の66,ふじが丘東区34-1,ふじが丘東二丁目,7,1,fujigaoka.pdf,,high,
468,大字田尻826番地の67,ふじが丘東区34-2,ふじが丘東二丁目,7,3,fujigaoka.pdf,,high,
469,大字田尻826番地の68,ふじが丘東区34-3,ふじが丘東二丁目,7,4,fujigaoka.pdf,,high,
470,大字田尻826番地の70,ふじが丘東区33-5,ふじが丘東二丁目,8,5,fujigaoka.pdf,,high,
471,大字田尻826番地の71,ふじが丘東区33-6,ふじが丘東二丁目,8,10,fujigaoka.pdf,,high,
472,大字田尻826番地の72,ふじが丘東区33-7,ふじが丘東二丁目,8,6,fujigaoka.pdf,,high,
473,大字田尻826番地の73,ふじが丘東区34-6,ふじが丘東二丁目,7,11,fujigaoka.pdf,,high,資料上2回出現
474,大字田尻826番地の74,ふじが丘東区34-7,ふじが丘東二丁目,7,9,fujigaoka.pdf,,high,資料上2回出現
475,大字田尻826番地の75,ふじが丘北区22-9,ふじが丘北二丁目,8,9,fujigaoka.pdf,,high,
476,大字田尻826番地の76,ふじが丘北区22-10,ふじが丘北二丁目,8,10,fujigaoka.pdf,,high,
477,大字田尻826番地の77,ふじが丘北区22-11,ふじが丘北二丁目,8,11,fujigaoka.pdf,,high,
478,大字田尻826番地の78,ふじが丘北区22-12,ふじが丘北二丁目,8,17,fujigaoka.pdf,,high,資料上2回出現
479,大字田尻826番地の79,ふじが丘北区22-13,ふじが丘北二丁目,8,16,fujigaoka.pdf,,high,
480,大字田尻826番地の80,ふじが丘北区22-14,ふじが丘北二丁目,8,13,fujigaoka.pdf,,high,
481,大字田尻826番地の83,ふじが丘東区32-8,ふじが丘東二丁目,1,36,fujigaoka.pdf,,high,
482,大字田尻826番地の85,ふじが丘北区23-11,ふじが丘北二丁目,7,11,fujigaoka.pdf,,high,資料上2回出現
483,大字田尻826番地の87,ふじが丘北区23-9,ふじが丘北二丁目,7,9,fujigaoka.pdf,,high,
484,大字田尻826番地の91,ふじが丘北区21-4,ふじが丘北二丁目,9,9,fujigaoka.pdf,,high,
485,大字田尻826番地の108,ふじが丘北区20-4-2,ふじが丘北二丁目,11,10,fujigaoka.pdf,,high,資料上2回出現
486,大字田尻826番地の109,ふじが丘北区20-4-3,ふじが丘北二丁目,11,11,fujigaoka.pdf,,high,
487,大字田尻840番地の3,ふじが丘東区37-11A,ふじが丘東三丁目,1,25,fujigaoka.pdf,,high,
488,大字田尻840番地の4,ふじが丘東区37-11B,ふじが丘東三丁目,1,24,fujigaoka.pdf,,high,
489,大字田尻845番地の5,ふじが丘東区37-7,ふじが丘東三丁目,1,16,fujigaoka.pdf,,high,
490,大字田尻845番地の6,ふじが丘東区37-8,ふじが丘東三丁目,1,15,fujigaoka.pdf,,high,
491,大字田尻845番地の9,ふじが丘東区37-13,ふじが丘東三丁目,1,6,fujigaoka.pdf,,high,
492,大字田尻845番地の14,ふじが丘東区30-5,ふじが丘東一丁目,2,11,fujigaoka.pdf,,high,
493,大字田尻845番地の15,ふじが丘東区30-6,ふじが丘東一丁目,2,10,fujigaoka.pdf,,high,
494,大字田尻845番地の16,ふじが丘東区30-9,ふじが丘東一丁目,2,3,fujigaoka.pdf,,high,資料上3回出現
495,大字田尻845番地の17,ふじが丘東区30-10,ふじが丘東一丁目,2,4,fujigaoka.pdf,,high,
496,大字田尻845番地の18,ふじが丘東区30-11,ふじが丘東一丁目,2,5,fujigaoka.pdf,,high,
497,大字田尻845番地の21,ふじが丘東区37-11 ｾｿﾞﾝふじが丘東101,ふじが丘東三丁目,1,2-101,fujigaoka.pdf,,high,
498,大字田尻845番地の21,ふじが丘東区37-11 ｾｿﾞﾝふじが丘東102,ふじが丘東三丁目,1,2-102,fujigaoka.pdf,,high,
499,大字田尻845番地の21,ふじが丘東区37-11 ｾｿﾞﾝふじが丘東103,ふじが丘東三丁目,1,2-103,fujigaoka.pdf,,high,
500,大字田尻845番地の21,ふじが丘東区37-11 ｾｿﾞﾝふじが丘東104,ふじが丘東三丁目,1,2-104,fujigaoka.pdf,,high,
501,大字田尻845番地の21,ふじが丘東区37-11 ｾｿﾞﾝふじが丘東105,ふじが丘東三丁目,1,2-105,fujigaoka.pdf,,high,
502,大字田尻845番地の21,ふじが丘東区37-11 ｾｿﾞﾝふじが丘東106,ふじが丘東三丁目,1,2-106,fujigaoka.pdf,,high,
503,大字田尻845番地の21,ふじが丘東区37-11 ｾｿﾞﾝふじが丘東201,ふじが丘東三丁目,1,2-201,fujigaoka.pdf,,high,
504,大字田尻845番地の21,ふじが丘東区37-11 ｾｿﾞﾝふじが丘東202,ふじが丘東三丁目,1,2-202,fujigaoka.pdf,,high,
505,大字田尻845番地の21,ふじが丘東区37-11 ｾｿﾞﾝふじが丘東203,ふじが丘東三丁目,1,2-203,fujigaoka.pdf,,high,
506,大字田尻845番地の21,ふじが丘東区37-11 ｾｿﾞﾝふじが丘東204,ふじが丘東三丁目,1,2-204,fujigaoka.pdf,,high,
507,大字田尻845番地の21,ふじが丘東区37-11 ｾｿﾞﾝふじが丘東205,ふじが丘東三丁目,1,2-205,fujigaoka.pdf,,high,
508,大字田尻845番地の21,ふじが丘東区37-11 ｾｿﾞﾝふじが丘東206,ふじが丘東三丁目,1,2-206,fujigaoka.pdf,,high,
509,大字田尻845番地の21,ふじが丘東区37-11 ｾｿﾞﾝふじが丘東301,ふじが丘東三丁目,1,2-301,fujigaoka.pdf,,high,
510,大字田尻845番地の21,ふじが丘東区37-11 ｾｿﾞﾝふじが丘東302,ふじが丘東三丁目,1,2-302,fujigaoka.pdf,,high,
511,大字田尻845番地の21,ふじが丘東区37-11 ｾｿﾞﾝふじが丘東303,ふじが丘東三丁目,1,2-303,fujigaoka.pdf,,high,
512,大字田尻845番地の21,ふじが丘東区37-11 ｾｿﾞﾝふじが丘東304,ふじが丘東三丁目,1,2-304,fujigaoka.pdf,,high,
513,大字田尻845番地の21,ふじが丘東区37-11 ｾｿﾞﾝふじが丘東305,ふじが丘東三丁目,1,2-305,fujigaoka.pdf,,high,
514,大字田尻845番地の21,ふじが丘東区37-11 ｾｿﾞﾝふじが丘東306,ふじが丘東三丁目,1,2-306,fujigaoka.pdf,,high,資料上2回出現
515,大字田尻845番地の24,ふじが丘東区35-3A,ふじが丘東二丁目,1,12,fujigaoka.pdf,,high,
516,大字田尻845番地の25,ふじが丘東区35-4,ふじが丘東二丁目,1,13,fujigaoka.pdf,,high,
517,大字田尻845番地の27,ふじが丘東区35-6,ふじが丘東二丁目,1,15,fujigaoka.pdf,,high,
518,大字田尻845番地の29,ふじが丘東区35-8,ふじが丘東二丁目,1,17,fujigaoka.pdf,,high,
519,大字田尻845番地の32,ふじが丘東区35-13,ふじが丘東二丁目,1,26,fujigaoka.pdf,,high,
520,大字田尻845番地の33,ふじが丘東区35-14,ふじが丘東二丁目,1,25,fujigaoka.pdf,,high,
521,大字田尻845番地の34,ふじが丘東区35-15,ふじが丘東二丁目,1,24,fujigaoka.pdf,,high,資料上2回出現
522,大字田尻845番地の35,ふじが丘東区35-16,ふじが丘東二丁目,1,23,fujigaoka.pdf,,high,
523,大字田尻845番地の36,ふじが丘東区35-17,ふじが丘東二丁目,1,22,fujigaoka.pdf,,high,
524,大字田尻845番地の37,ふじが丘東区35-18,ふじが丘東二丁目,1,20,fujigaoka.pdf,,high,
525,大字田尻845番地の39,ふじが丘東区36-5,ふじが丘東二丁目,6,15,fujigaoka.pdf,,high,
526,大字田尻845番地の40,ふじが丘東区36-6,ふじが丘東二丁目,6,1,fujigaoka.pdf,,high,
527,大字田尻845番地の41,ふじが丘東区36-12,ふじが丘東二丁目,6,3,fujigaoka.pdf,,high,資料上2回出現
528,大字田尻845番地の42,ふじが丘東区36-11,ふじが丘東二丁目,6,4,fujigaoka.pdf,,high,
529,大字田尻845番地の43,ふじが丘東区36-10,ふじが丘東二丁目,6,5,fujigaoka.pdf,,high,
530,大字田尻845番地の45,ふじが丘東区44-1,ふじが丘東二丁目,5,10,fujigaoka.pdf,,high,
531,大字田尻845番地の46,ふじが丘東区44-2,ふじが丘東二丁目,5,11,fujigaoka.pdf,,high,
532,大字田尻845番地の48,ふじが丘東区44-4,ふじが丘東二丁目,5,5,fujigaoka.pdf,,high,
533,大字田尻845番地の54,ふじが丘東区34-4,ふじが丘東二丁目,7,5,fujigaoka.pdf,,high,資料上3回出現
534,大字田尻845番地の64,ふじが丘東区37-5,ふじが丘東三丁目,1,18,fujigaoka.pdf,,high,
535,大字田尻845番地の65,ふじが丘東区37-6,ふじが丘東三丁目,1,17,fujigaoka.pdf,,high,
536,大字田尻845番地の66,ふじが丘東区37-12,ふじが丘東三丁目,1,5,fujigaoka.pdf,,high,
537,大字田尻845番地の71,ふじが丘東区35-3,ふじが丘東二丁目,1,11,fujigaoka.pdf,,high,
538,大字田尻850番地の2,ふじが丘東区44-3,ふじが丘東二丁目,5,12,fujigaoka.pdf,,high,
539,大字田尻860番地の2,ふじが丘東区38-8B,ふじが丘東三丁目,4,2,fujigaoka.pdf,,high,
540,大字田尻860番地の5,ふじが丘東区38-9,ふじが丘東三丁目,4,3,fujigaoka.pdf,,high,
541,大字田尻860番地の7,ふじが丘東区30-12,ふじが丘東一丁目,2,6,fujigaoka.pdf,,high,
542,大字田尻860番地の15,ふじが丘東区37-3,ふじが丘東三丁目,1,20,fujigaoka.pdf,,high,資料上2回出現
543,大字田尻860番地の16,ふじが丘東区37-4,ふじが丘東三丁目,1,19,fujigaoka.pdf,,high,
544,大字田尻860番地の21,ふじが丘東区37-11C,ふじが丘東三丁目,1,23,fujigaoka.pdf,,high,
545,大字田尻860番地の25,ふじが丘東区38-8A,ふじが丘東三丁目,4,22,fujigaoka.pdf,,high,
546,大字田尻864番地の3,ふじが丘東区38-10,ふじが丘東三丁目,4,4,fujigaoka.pdf,,high,
547,大字田尻864番地の4,ふじが丘東区38-11,ふじが丘東三丁目,4,5,fujigaoka.pdf,,high,
548,大字田尻889番地の5,ふじが丘北区20-2,ふじが丘北二丁目,11,3,fujigaoka.pdf,,high,
549,大字田尻897番地の4,ふじが丘西区501-1,ふじが丘西三丁目,1,4,fujigaoka.pdf,,high,
550,大字田尻897番地の5,ふじが丘西区501-2,ふじが丘西三丁目,1,3,fujigaoka.pdf,,high,
551,大字田尻897番地の6,ふじが丘西区501-3,ふじが丘西三丁目,1,2,fujigaoka.pdf,,high,
552,大字田尻897番地の7,ふじが丘西区501-4,ふじが丘西三丁目,1,26,fujigaoka.pdf,,high,
553,大字田尻897番地の8,ふじが丘西区501-5,ふじが丘西三丁目,1,25,fujigaoka.pdf,,high,
554,大字田尻897番地の11,ふじが丘西区501-7,ふじが丘西三丁目,1,10,fujigaoka.pdf,,high,
555,大字田尻897番地の12,ふじが丘西区501-8,ふじが丘西三丁目,1,9,fujigaoka.pdf,,high,
556,大字田尻897番地の13,ふじが丘西区501-9,ふじが丘西三丁目,1,8,fujigaoka.pdf,,high,
557,大字田尻897番地の14,ふじが丘西区501-10,ふじが丘西三丁目,1,7,fujigaoka.pdf,,high,
558,大字田尻897番地の17,ふじが丘西区503-1,ふじが丘西三丁目,14,7,fujigaoka.pdf,,high,
559,大字田尻897番地の18,ふじが丘西区503-2,ふじが丘西三丁目,14,6,fujigaoka.pdf,,high,資料上2回出現
560,田尻897番地の18,ふじが丘西区503-2,ふじが丘西三丁目,14,6,fujigaoka.pdf,,high,
561,大字田尻897番地の19,ふじが丘西区503-3,ふじが丘西三丁目,14,5,fujigaoka.pdf,,high,
562,大字田尻897番地の20,ふじが丘西区503-4,ふじが丘西三丁目,14,4,fujigaoka.pdf,,high,
563,大字田尻897番地の21,ふじが丘西区503-5,ふじが丘西三丁目,14,3,fujigaoka.pdf,,high,
564,大字田尻897番地の22,ふじが丘西区503-6,ふじが丘西三丁目,14,17,fujigaoka.pdf,,high,
565,大字田尻897番地の23,ふじが丘西区503-7,ふじが丘西三丁目,14,10,fujigaoka.pdf,,high,
566,大字田尻897番地の24,ふじが丘西区503-8,ふじが丘西三丁目,14,11,fujigaoka.pdf,,high,
567,大字田尻897番地の25,ふじが丘西区503-9,ふじが丘西三丁目,14,12,fujigaoka.pdf,,high,
568,大字田尻897番地の26,ふじが丘西区503-10,ふじが丘西三丁目,14,13,fujigaoka.pdf,,high,
569,大字田尻897番地の27,ふじが丘西区503-11,ふじが丘西三丁目,14,14,fujigaoka.pdf,,high,資料上2回出現
570,大字田尻897番地の29,ふじが丘西区504-2,ふじが丘西三丁目,6,4,fujigaoka.pdf,,high,
571,大字田尻897番地の30,ふじが丘西区504-3,ふじが丘西三丁目,6,3,fujigaoka.pdf,,high,
572,大字田尻897番地の34,ふじが丘西区517-1,ふじが丘西三丁目,15,3,fujigaoka.pdf,,high,
573,大字田尻900番地,ふじが丘東区43-9,ふじが丘東二丁目,2,10,fujigaoka.pdf,,high,
574,大字田尻字相津原900,,ふじが丘西二丁目,1,1,fujigaoka.pdf,,high,資料上通称の記載なし
575,大字田尻900番地の2,ふじが丘東区39-1,ふじが丘東三丁目,3,23,fujigaoka.pdf,,high,
576,大字田尻900番地の3,ふじが丘東区39-2,ふじが丘東三丁目,3,22,fujigaoka.pdf,,high,
577,大字田尻900番地の4,ふじが丘東区39-3,ふじが丘東三丁目,3,21,fujigaoka.pdf,,high,
578,大字田尻900番地の5,ふじが丘東区39-4,ふじが丘東三丁目,3,20,fujigaoka.pdf,,high,
579,大字田尻900番地の6,ふじが丘東区39-5,ふじが丘東三丁目,3,19,fujigaoka.pdf,,high,
580,大字田尻900番地の7,ふじが丘東区39-6,ふじが丘東三丁目,3,1,fujigaoka.pdf,,high,
581,大字田尻900番地の8,ふじが丘東区39-7,ふじが丘東三丁目,3,2,fujigaoka.pdf,,high,
582,大字田尻900番地の10,ふじが丘東区39-9,ふじが丘東三丁目,3,4,fujigaoka.pdf,,high,資料上2回出現
583,大字田尻900番地の11,ふじが丘東区39-10,ふじが丘東三丁目,3,5,fujigaoka.pdf,,high,
584,大字田尻900番地の12,ふじが丘東区40-1,ふじが丘東三丁目,3,18,fujigaoka.pdf,,high,
585,大字田尻900番地の13,ふじが丘東区40-2,ふじが丘東三丁目,3,16,fujigaoka.pdf,,high,
586,大字田尻900番地の14,ふじが丘東区40-3,ふじが丘東三丁目,3,15,fujigaoka.pdf,,high,
587,大字田尻900番地の15,ふじが丘東区40-4,ふじが丘東三丁目,3,13,fujigaoka.pdf,,high,
588,大字田尻900番地の17,ふじが丘東区40-6,ふじが丘東三丁目,3,8,fujigaoka.pdf,,high,
589,大字田尻900番地の18,ふじが丘東区40-7,ふじが丘東三丁目,3,9,fujigaoka.pdf,,high,
590,大字田尻900番地の19,ふじが丘東区40-8,ふじが丘東三丁目,3,11,fujigaoka.pdf,,high,
591,大字田尻900番地の20,ふじが丘東区41-1,ふじが丘東三丁目,2,22,fujigaoka.pdf,,high,
592,大字田尻900番地の21,ふじが丘東区41-2,ふじが丘東三丁目,2,21,fujigaoka.pdf,,high,
593,大字田尻900番地の23,ふじが丘東区41-4,ふじが丘東三丁目,2,19,fujigaoka.pdf,,high,
594,大字田尻900番地の24,ふじが丘東区41-5,ふじが丘東三丁目,2,18,fujigaoka.pdf,,high,
595,大字田尻900番地の25,ふじが丘東区41-6,ふじが丘東三丁目,2,1,fujigaoka.pdf,,high,
596,大字田尻900番地の26,ふじが丘東区41-7,ふじが丘東三丁目,2,2,fujigaoka.pdf,,high,
597,大字田尻900番地の28,ふじが丘東区41-9,ふじが丘東三丁目,2,4,fujigaoka.pdf,,high,
598,大字田尻900番地の29,ふじが丘東区41-10,ふじが丘東三丁目,2,5,fujigaoka.pdf,,high,
599,大字田尻900番地の30,ふじが丘東区42-1,ふじが丘東三丁目,2,16,fujigaoka.pdf,,high,
600,大字田尻900番地の31,ふじが丘東区42-2,ふじが丘東三丁目,2,15,fujigaoka.pdf,,high,
601,大字田尻900番地の34,ふじが丘東区42-5,ふじが丘東三丁目,2,6,fujigaoka.pdf,,high,
602,大字田尻900番地の34,,ふじが丘東三丁目,2,6,fujigaoka.pdf,,high,資料上通称の記載なし
603,大字田尻900番地の36,ふじが丘東区42-7,ふじが丘東三丁目,2,8,fujigaoka.pdf,,high,
604,大字田尻900番地の37,ふじが丘東区42-8,ふじが丘東三丁目,2,10,fujigaoka.pdf,,high,
605,大字田尻900番地の38,ふじが丘東区43-1-2,ふじが丘東二丁目,2,2,fujigaoka.pdf,,high,
606,大字田尻900番地の39,ふじが丘東区43-2,ふじが丘東二丁目,2,3,fujigaoka.pdf,,high,
607,大字田尻900番地の40,ふじが丘東区43-3,ふじが丘東二丁目,2,4,fujigaoka.pdf,,high,資料上2回出現
608,大字田尻900番地の41,ふじが丘東区43-4,ふじが丘東二丁目,2,5,fujigaoka.pdf,,high,
609,大字田尻900番地の42,ふじが丘東区43-5,ふじが丘東二丁目,2,6,fujigaoka.pdf,,high,
610,大字田尻900番地の43,ふじが丘東区43-6,ふじが丘東二丁目,2,7,fujigaoka.pdf,,high,
611,大字田尻900番地の44,ふじが丘東区43-7,ふじが丘東二丁目,2,8,fujigaoka.pdf,,high,
612,大字田尻900番地の45,ふじが丘東区43-8,ふじが丘東二丁目,2,9,fujigaoka.pdf,,high,資料上2回出現
613,大字田尻900番地の47,ふじが丘東区43-10,ふじが丘東二丁目,2,22,fujigaoka.pdf,,high,
614,大字田尻900番地の48,ふじが丘東区43-11,ふじが丘東二丁目,2,20,fujigaoka.pdf,,high,
615,大字田尻900番地の49,ふじが丘東区43-12,ふじが丘東二丁目,2,19,fujigaoka.pdf,,high,
616,大字田尻900番地の50,ふじが丘東区43-13,ふじが丘東二丁目,2,18,fujigaoka.pdf,,high,
617,大字田尻900番地の52,ふじが丘東区43-15,ふじが丘東二丁目,2,16,fujigaoka.pdf,,high,資料上2回出現
618,大字田尻900番地の53,ふじが丘東区43-16,ふじが丘東二丁目,2,15,fujigaoka.pdf,,high,資料上2回出現
619,大字田尻900番地の54,ふじが丘東区43-17,ふじが丘東二丁目,2,14,fujigaoka.pdf,,high,
620,大字田尻900番地の55,ふじが丘東区43-18,ふじが丘東二丁目,2,13,fujigaoka.pdf,,high,資料上2回出現
621,大字田尻900番地の57,ふじが丘東区44-6,ふじが丘東二丁目,5,2,fujigaoka.pdf,,high,
622,大字田尻900番地の58,ふじが丘東区45-3,ふじが丘東二丁目,4,10,fujigaoka.pdf,,high,資料上2回出現
623,大字田尻900番地の59,ふじが丘東区45-6,ふじが丘東二丁目,4,2,fujigaoka.pdf,,high,資料上2回出現
624,大字田尻900番地の60,ふじが丘東区46-1,ふじが丘東二丁目,3,1,fujigaoka.pdf,,high,資料上2回出現
625,大字田尻900番地の61,ふじが丘東区46-2,ふじが丘東二丁目,3,2,fujigaoka.pdf,,high,
626,大字田尻900番地の62,ふじが丘東区46-3,ふじが丘東二丁目,3,3,fujigaoka.pdf,,high,
627,大字田尻900番地の63,ふじが丘東区40-5,ふじが丘東三丁目,3,6,fujigaoka.pdf,,high,
628,大字田尻900番地の63,ふじが丘東区40-5,ふじが丘東三丁目,3,7,fujigaoka.pdf,,high,資料上2回出現
629,大字田尻900番地の65,ふじが丘東区38-14,ふじが丘東三丁目,4,11,fujigaoka.pdf,,high,資料上2回出現
630,大字田尻900番地の66,ふじが丘東区37-9,ふじが丘東三丁目,1,14,fujigaoka.pdf,,high,
631,大字田尻900番地の68,ふじが丘東区37-15,ふじが丘東三丁目,1,8,fujigaoka.pdf,,high,
632,大字田尻900番地の69,ふじが丘東区37-16,ふじが丘東三丁目,1,9,fujigaoka.pdf,,high,
633,大字田尻900番地の78,ふじが丘東区35-9,ふじが丘東二丁目,1,19,fujigaoka.pdf,,high,
634,大字田尻900番地の80,ふじが丘東区44-5,ふじが丘東二丁目,5,4,fujigaoka.pdf,,high,
635,大字田尻900番地の81,ふじが丘東区45-1,ふじが丘東二丁目,4,7,fujigaoka.pdf,,high,
636,大字田尻900番地の82,ふじが丘東区45-2,ふじが丘東二丁目,4,9,fujigaoka.pdf,,high,
637,大字田尻900番地の84,ふじが丘東区45-5,ふじが丘東二丁目,4,4,fujigaoka.pdf,,high,資料上2回出現
638,大字田尻900番地の85,ふじが丘東区46-5,ふじが丘東二丁目,3,12,fujigaoka.pdf,,high,
639,大字田尻900番地の86,ふじが丘東区46-6,ふじが丘東二丁目,3,10,fujigaoka.pdf,,high,
640,大字田尻900番地の87,ふじが丘東区46-7,ふじが丘東二丁目,3,9,fujigaoka.pdf,,high,
641,大字田尻900番地の88,ふじが丘東区46-8,ふじが丘東二丁目,3,8,fujigaoka.pdf,,high,
642,大字田尻900番地の89,ふじが丘東区46-4,ふじが丘東二丁目,3,4,fujigaoka.pdf,,high,資料上2回出現
643,大字田尻900番地の91,ふじが丘西区48-1 ｸﾞﾗﾝｼｰﾀﾞ ﾙｰﾂ101,ふじが丘西一丁目,1,1,fujigaoka.pdf,,high,
644,大字田尻900番地の91,ふじが丘西区48-1 ｸﾞﾗﾝｼｰﾀﾞ ﾙｰﾂ102,ふじが丘西一丁目,1,1,fujigaoka.pdf,,high,
645,大字田尻900番地の91,ふじが丘西区48-1 ｸﾞﾗﾝｼｰﾀﾞ ﾙｰﾂ201,ふじが丘西一丁目,1,1,fujigaoka.pdf,,high,
646,大字田尻900番地の91,ふじが丘西区48-1 ｸﾞﾗﾝｼｰﾀﾞ ﾙｰﾂ202,ふじが丘西一丁目,1,1,fujigaoka.pdf,,high,
647,大字田尻900番地の92,ふじが丘西区48-2,ふじが丘西一丁目,1,14,fujigaoka.pdf,,high,
648,大字田尻900番地の93,ふじが丘西区48-3,ふじが丘西一丁目,1,13,fujigaoka.pdf,,high,
649,大字田尻900番地の94,ふじが丘西区48-4,ふじが丘西一丁目,1,12,fujigaoka.pdf,,high,資料上2回出現
650,大字田尻900番地の95,ふじが丘西区48-8,ふじが丘西一丁目,1,3,fujigaoka.pdf,,high,
651,大字田尻900番地の96,ふじが丘西区48-9,ふじが丘西一丁目,1,4,fujigaoka.pdf,,high,
652,大字田尻900番地の99,ふじが丘西区53-1,ふじが丘西一丁目,3,17,fujigaoka.pdf,,high,
653,大字田尻900番地の102,ふじが丘西区53-8,ふじが丘西一丁目,3,2,fujigaoka.pdf,,high,
654,大字田尻900番地の105,ふじが丘西区53-11,ふじが丘西一丁目,3,7,fujigaoka.pdf,,high,
655,大字田尻900番地の108,ふじが丘西区59-5,ふじが丘西二丁目,5,2,fujigaoka.pdf,,high,
656,大字田尻900番地の109,ふじが丘西区59-6,ふじが丘西二丁目,5,14,fujigaoka.pdf,,high,
657,大字田尻900番地の110,ふじが丘西区58-12,ふじが丘西二丁目,4,15,fujigaoka.pdf,,high,
658,大字田尻900番地の111,ふじが丘西区58-11,ふじが丘西二丁目,4,13,fujigaoka.pdf,,high,
659,大字田尻900番地の112,ふじが丘西区58-10,ふじが丘西二丁目,4,12,fujigaoka.pdf,,high,資料上2回出現
660,大字田尻900番地の113,ふじが丘西区58-9,ふじが丘西二丁目,4,11,fujigaoka.pdf,,high,
661,大字田尻900番地の114,ふじが丘西区58-8,ふじが丘西二丁目,4,10,fujigaoka.pdf,,high,
662,大字田尻900番地の116,ふじが丘西区58-1,ふじが丘西二丁目,4,6,fujigaoka.pdf,,high,資料上3回出現
663,大字田尻900番地の117,ふじが丘西区58-2,ふじが丘西二丁目,4,5,fujigaoka.pdf,,high,
664,大字田尻900番地の118,ふじが丘西区58-3,ふじが丘西二丁目,4,4,fujigaoka.pdf,,high,
665,大字田尻900番地の119,ふじが丘西区58-4,ふじが丘西二丁目,4,3,fujigaoka.pdf,,high,
666,大字田尻900番地の120,ふじが丘西区58-5,ふじが丘西二丁目,4,2,fujigaoka.pdf,,high,
667,大字田尻900番地の121,ふじが丘西区58-6,ふじが丘西二丁目,4,16,fujigaoka.pdf,,high,
668,大字田尻900番地の122,ふじが丘西区57-12,ふじが丘西二丁目,3,15,fujigaoka.pdf,,high,
669,大字田尻900番地の123,ふじが丘西区57-11,ふじが丘西二丁目,3,13,fujigaoka.pdf,,high,資料上2回出現
670,大字田尻900番地の124,ふじが丘西区57-10,ふじが丘西二丁目,3,12,fujigaoka.pdf,,high,
671,大字田尻900番地の125,ふじが丘西区57-9,ふじが丘西二丁目,3,11,fujigaoka.pdf,,high,資料上2回出現
672,大字田尻900番地の126,ふじが丘西区57-8,ふじが丘西二丁目,3,10,fujigaoka.pdf,,high,
673,大字田尻900番地の127,ふじが丘西区57-7,ふじが丘西二丁目,3,9,fujigaoka.pdf,,high,
674,大字田尻900番地の131,ふじが丘西区57-2,ふじが丘西二丁目,3,5,fujigaoka.pdf,,high,
675,大字田尻900番地の132,ふじが丘西区57-1,ふじが丘西二丁目,3,6,fujigaoka.pdf,,high,資料上2回出現
676,大字田尻900番地の135,ふじが丘西区71-1,ふじが丘西二丁目,6,1,fujigaoka.pdf,,high,
677,大字田尻900番地の136,ふじが丘西区54-2,ふじが丘西二丁目,1,17,fujigaoka.pdf,,high,
678,大字田尻900番地の137,ふじが丘西区56-6,ふじが丘西二丁目,2,1,fujigaoka.pdf,,high,
679,大字田尻900番地の140,ふじが丘西区55-3,ふじが丘西二丁目,2,17,fujigaoka.pdf,,high,
680,大字田尻900番地の142,ふじが丘西区55-1,ふじが丘西二丁目,2,19,fujigaoka.pdf,,high,資料上2回出現
681,大字田尻900番地の143,ふじが丘西区72-1,ふじが丘西二丁目,7,1,fujigaoka.pdf,,high,
682,大字田尻900番地の144,ふじが丘西区72-2,ふじが丘西二丁目,7,16,fujigaoka.pdf,,high,
683,大字田尻900番地の146,ふじが丘西区72-8,ふじが丘西二丁目,7,4,fujigaoka.pdf,,high,資料上2回出現
684,大字田尻900番地の155,ふじが丘西区47-1,ふじが丘西二丁目,9,2,fujigaoka.pdf,,high,
685,大字田尻900番地の157,ふじが丘西区47-3,ふじが丘西二丁目,9,3,fujigaoka.pdf,,high,
686,大字田尻900番地の158,ふじが丘西区47-4,ふじが丘西二丁目,9,5,fujigaoka.pdf,,high,
687,大字田尻900番地の159,ふじが丘西区47-6,ふじが丘西二丁目,9,7,fujigaoka.pdf,,high,
688,大字田尻900番地の160,ふじが丘西区47-6,ふじが丘西二丁目,8,13,fujigaoka.pdf,,high,
689,大字田尻900番地の166,ふじが丘西区48-10,ふじが丘西一丁目,1,5,fujigaoka.pdf,,high,
690,大字田尻900番地の167,ふじが丘西区53-7,ふじが丘西一丁目,3,18,fujigaoka.pdf,,high,
691,大字田尻900番地の168,ふじが丘西区53-9,ふじが丘西一丁目,3,4,fujigaoka.pdf,,high,資料上2回出現
692,大字田尻900番地の171,ふじが丘西区519-1,ふじが丘西二丁目,8,24,fujigaoka.pdf,,high,
693,大字田尻900番地の173,ふじが丘西区47-5,ふじが丘西二丁目,9,6,fujigaoka.pdf,,high,
694,大字田尻900番地の174,ふじが丘西区47-6,ふじが丘西二丁目,9,10,fujigaoka.pdf,,high,
695,大字田尻900番地の187,ふじが丘東区43B-1-1,ふじが丘東二丁目,2,23,fujigaoka.pdf,,high,
696,大字田尻900番地の195,ふじが丘西区503-12,ふじが丘西三丁目,14,16,fujigaoka.pdf,,high,
697,大字田尻900番地の199,ふじが丘西区47-7,ふじが丘西二丁目,8,12,fujigaoka.pdf,,high,資料上3回出現
698,大字田尻900番地の200,ふじが丘西区47-8,ふじが丘西二丁目,8,11,fujigaoka.pdf,,high,
699,大字田尻900番地の201,ふじが丘西区47-9,ふじが丘西二丁目,8,10,fujigaoka.pdf,,high,
700,大字田尻900番地の202,ふじが丘西区47-10,ふじが丘西二丁目,8,9,fujigaoka.pdf,,high,
701,大字田尻900番地の203,ふじが丘西区47-11,ふじが丘西二丁目,8,7,fujigaoka.pdf,,high,資料上2回出現
702,大字田尻900番地の204,ふじが丘西区47-12,ふじが丘西二丁目,8,6,fujigaoka.pdf,,high,資料上2回出現
703,大字田尻900番地の205,ふじが丘西区47-13,ふじが丘西二丁目,8,5,fujigaoka.pdf,,high,
704,大字田尻900番地の206,ふじが丘西区47-14,ふじが丘西二丁目,8,4,fujigaoka.pdf,,high,
705,大字田尻900番地の207,ふじが丘西区47-15,ふじが丘西二丁目,8,3,fujigaoka.pdf,,high,
706,大字田尻900番地の220,ふじが丘西区518-1 ﾋﾞｭｰﾊｲﾂ1A,ふじが丘西二丁目,8,15,fujigaoka.pdf,,high,資料上2回出現
707,大字田尻900番地の220,ふじが丘西区518-2 ﾋﾞｭｰﾊｲﾂ1B,ふじが丘西二丁目,8,15,fujigaoka.pdf,,high,
708,大字田尻900番地の221,ふじが丘西区518-3 ﾋﾞｭｰﾊｲﾂ2A,ふじが丘西二丁目,8,16,fujigaoka.pdf,,high,資料上2回出現
709,大字田尻900番地の221,ふじが丘西区518-4 ﾋﾞｭｰﾊｲﾂ2B,ふじが丘西二丁目,8,16,fujigaoka.pdf,,high,
710,大字田尻900番地の224,ふじが丘西区518-6 ﾋﾞｭｰﾊｲﾂ3A,ふじが丘西二丁目,8,17,fujigaoka.pdf,,high,
711,大字田尻900番地の224,ふじが丘西区518-6 ﾋﾞｭｰﾊｲﾂ3B,ふじが丘西二丁目,8,17,fujigaoka.pdf,,high,
712,大字田尻900番地の228,ふじが丘西区518-9 ﾋﾞｭｰﾊｲﾂ5A,ふじが丘西二丁目,8,19,fujigaoka.pdf,,high,資料上3回出現
713,大字田尻900番地の228,ふじが丘西区518-8 ﾋﾞｭｰﾊｲﾂ5B,ふじが丘西二丁目,8,19,fujigaoka.pdf,,high,
714,大字田尻900番地の231,ふじが丘西区518-9 ﾋﾞｭｰﾊｲﾂ6A,ふじが丘西二丁目,8,20,fujigaoka.pdf,,high,
715,大字田尻900番地の231,ふじが丘西区518-9 ﾋﾞｭｰﾊｲﾂ6B,ふじが丘西二丁目,8,20,fujigaoka.pdf,,high,
716,大字田尻900番地の232,ふじが丘西区518-11 ﾋﾞｭｰﾊｲﾂ7A,ふじが丘西二丁目,8,21,fujigaoka.pdf,,high,
717,大字田尻900番地の232,ふじが丘西区518-12 ﾋﾞｭｰﾊｲﾂ7B,ふじが丘西二丁目,8,21,fujigaoka.pdf,,high,
718,大字田尻900番地の238,ふじが丘西区54-4,ふじが丘西二丁目,1,9-1,fujigaoka.pdf,,high,
719,大字田尻900番地の238,ふじが丘西区54B-4,ふじが丘西二丁目,1,9-1,fujigaoka.pdf,,high,資料上2回出現
720,大字田尻900番地の239,ふじが丘西区54B-5,ふじが丘西二丁目,1,15,fujigaoka.pdf,,high,
721,大字田尻900番地の240,ふじが丘西区54B-6,ふじが丘西二丁目,1,14,fujigaoka.pdf,,high,
722,大字田尻900番地の242,ふじが丘西区48-10-2,ふじが丘西一丁目,1,6,fujigaoka.pdf,,high,資料上2回出現
723,大字田尻900番地の244,ふじが丘西区53-8-2,ふじが丘西一丁目,3,3,fujigaoka.pdf,,high,
724,大字田尻900番地の245,ふじが丘西区47-2,ふじが丘西二丁目,9,11,fujigaoka.pdf,,high,資料上2回出現
725,大字田尻900番地の246,ふじが丘西区47-2-1,ふじが丘西二丁目,9,12,fujigaoka.pdf,,high,
726,大字田尻900番地の247,ふじが丘西区47-2-2,ふじが丘西二丁目,9,13,fujigaoka.pdf,,high,
727,大字田尻920番地の3,ふじが丘西区55-2,ふじが丘西二丁目,2,18,fujigaoka.pdf,,high,
728,大字田尻920番地の5,ふじが丘西区56-1,ふじが丘西二丁目,2,11,fujigaoka.pdf,,high,
729,大字田尻920番地の6,ふじが丘西区56-2,ふじが丘西二丁目,2,13,fujigaoka.pdf,,high,資料上3回出現
730,大字田尻920番地の7,ふじが丘西区56-3,ふじが丘西二丁目,2,14,fujigaoka.pdf,,high,
731,大字田尻920番地の8,ふじが丘西区56-4,ふじが丘西二丁目,2,15,fujigaoka.pdf,,high,
732,大字田尻920番地の9,ふじが丘西区56-5,ふじが丘西二丁目,2,16,fujigaoka.pdf,,high,
733,大字田尻920番地の11,ふじが丘西区56-12,ふじが丘西二丁目,2,4,fujigaoka.pdf,,high,
734,大字田尻920番地の12,ふじが丘西区56-11,ふじが丘西二丁目,2,5,fujigaoka.pdf,,high,
735,大字田尻920番地の14,ふじが丘西区56-9,ふじが丘西二丁目,2,7,fujigaoka.pdf,,high,
736,大字田尻920番地の15,ふじが丘西区56-8,ふじが丘西二丁目,2,8,fujigaoka.pdf,,high,資料上2回出現
737,大字田尻920番地の16,ふじが丘西区56-7,ふじが丘西二丁目,2,9,fujigaoka.pdf,,high,
738,大字田尻920番地の19,ふじが丘西区57-3,ふじが丘西二丁目,3,4,fujigaoka.pdf,,high,
739,大字田尻920番地の20,ふじが丘西区57-4,ふじが丘西二丁目,3,3,fujigaoka.pdf,,high,
740,大字田尻920番地の21,ふじが丘西区57-5,ふじが丘西二丁目,3,2,fujigaoka.pdf,,high,資料上2回出現
741,大字田尻920番地の22,ふじが丘西区57-6,ふじが丘西二丁目,3,16,fujigaoka.pdf,,high,
742,大字田尻920番地の26,ふじが丘西区72-3,ふじが丘西二丁目,7,15,fujigaoka.pdf,,high,
743,大字田尻920番地の27,ふじが丘西区72-4,ふじが丘西二丁目,7,14,fujigaoka.pdf,,high,
744,大字田尻920番地の28,ふじが丘西区72-5,ふじが丘西二丁目,7,13,fujigaoka.pdf,,high,
745,大字田尻920番地の29,ふじが丘西区72-6,ふじが丘西二丁目,7,12,fujigaoka.pdf,,high,
746,大字田尻920番地の30,ふじが丘西区72-13,ふじが丘西二丁目,7,9,fujigaoka.pdf,,high,資料上3回出現
747,大字田尻920番地の31,ふじが丘西区72-12,ふじが丘西二丁目,7,8,fujigaoka.pdf,,high,
748,大字田尻920番地の32,ふじが丘西区72-11,ふじが丘西二丁目,7,7,fujigaoka.pdf,,high,資料上2回出現
749,大字田尻920番地の33,ふじが丘西区72-10,ふじが丘西二丁目,7,6,fujigaoka.pdf,,high,
750,大字田尻920番地の34,ふじが丘西区72-9,ふじが丘西二丁目,7,5,fujigaoka.pdf,,high,資料上2回出現
751,大字田尻920番地の35,ふじが丘西区71-5,ふじが丘西二丁目,6,2,fujigaoka.pdf,,high,
752,大字田尻920番地の36,ふじが丘西区71-6,ふじが丘西二丁目,6,4,fujigaoka.pdf,,high,資料上2回出現
753,大字田尻920番地の37,ふじが丘西区71-7,ふじが丘西二丁目,6,5,fujigaoka.pdf,,high,
754,大字田尻920番地の38,ふじが丘西区71-8,ふじが丘西二丁目,6,6,fujigaoka.pdf,,high,
755,大字田尻920番地の39,ふじが丘西区71-4,ふじが丘西二丁目,6,11,fujigaoka.pdf,,high,
756,大字田尻920番地の40,ふじが丘西区71-3,ふじが丘西二丁目,6,12,fujigaoka.pdf,,high,
757,大字田尻920番地の41,ふじが丘西区71-2,ふじが丘西二丁目,6,13,fujigaoka.pdf,,high,
758,大字田尻920番地の45,ふじが丘西区58-7,ふじが丘西二丁目,4,9,fujigaoka.pdf,,high,資料上2回出現
759,大字田尻920番地の47,ふじが丘西区59-1,ふじが丘西二丁目,5,9,fujigaoka.pdf,,high,
760,大字田尻920番地の49,ふじが丘西区59-3,ふじが丘西二丁目,5,4,fujigaoka.pdf,,high,
761,大字田尻920番地の50,ふじが丘西区59-4,ふじが丘西二丁目,5,12,fujigaoka.pdf,,high,
762,大字田尻920番地の53,ふじが丘西区71-4,ふじが丘西二丁目,6,9,fujigaoka.pdf,,high,
763,大字田尻920番地の55,ふじが丘西区73-5,ふじが丘西三丁目,1,21,fujigaoka.pdf,,high,
764,大字田尻920番地の56,ふじが丘西区73-6,ふじが丘西三丁目,1,20,fujigaoka.pdf,,high,
765,大字田尻920番地の58,ふじが丘西区73-7,ふじが丘西三丁目,1,18,fujigaoka.pdf,,high,
766,大字田尻920番地の59,ふじが丘西区73-8,ふじが丘西三丁目,2,1,fujigaoka.pdf,,high,
767,大字田尻920番地の62,ふじが丘西区73-10,ふじが丘西三丁目,2,11,fujigaoka.pdf,,high,
768,大字田尻920番地の64,ふじが丘西区73-11,ふじが丘西三丁目,2,10,fujigaoka.pdf,,high,
769,大字田尻920番地の65,ふじが丘西区73-16,ふじが丘西三丁目,1,13,fujigaoka.pdf,,high,
770,大字田尻920番地の66,ふじが丘西区73-17,ふじが丘西三丁目,1,15,fujigaoka.pdf,,high,
771,大字田尻920番地の67,ふじが丘西区73-18,ふじが丘西三丁目,1,17,fujigaoka.pdf,,high,
772,大字田尻920番地の68,ふじが丘西区73-19,ふじが丘西三丁目,2,2,fujigaoka.pdf,,high,
773,大字田尻920番地の69,ふじが丘西区73-20,ふじが丘西三丁目,2,4,fujigaoka.pdf,,high,資料上2回出現
774,大字田尻920番地69,ふじが丘西区73-20,ふじが丘西三丁目,2,4,fujigaoka.pdf,,high,
775,大字田尻920番地の70,ふじが丘西区73-21,ふじが丘西三丁目,2,5,fujigaoka.pdf,,high,
776,大字田尻920番地の71,ふじが丘西区73-22,ふじが丘西三丁目,2,6,fujigaoka.pdf,,high,
777,大字田尻920番地の72,ふじが丘西区73-4,ふじが丘西三丁目,1,22,fujigaoka.pdf,,high,
778,大字田尻920番地の74,ふじが丘西区59-4B,ふじが丘西二丁目,5,3,fujigaoka.pdf,,high,
779,大字田尻920番地の75,ふじが丘西区73-15,ふじが丘西三丁目,1,12,fujigaoka.pdf,,high,
780,大字田尻920番地の76,ふじが丘西区73-3,ふじが丘西三丁目,1,23,fujigaoka.pdf,,high,
781,大字田尻920番地の77,ふじが丘西区59-2,ふじが丘西二丁目,5,5,fujigaoka.pdf,,high,
782,大字田尻920-77,ふじが丘59-2,ふじが丘西二丁目,5,10,fujigaoka.pdf,,high,
783,大字田尻920番地の83,ふじが丘西区501-6,ふじが丘西三丁目,1,11,fujigaoka.pdf,,high,
784,大字田尻920番地の85,ふじが丘西区502-1,ふじが丘西三丁目,5,11,fujigaoka.pdf,,high,
785,大字田尻920番地の86,ふじが丘西区502-2,ふじが丘西三丁目,5,10,fujigaoka.pdf,,high,
786,大字田尻920番地の87,ふじが丘西区502-3,ふじが丘西三丁目,5,9,fujigaoka.pdf,,high,
787,大字田尻920番地の88,ふじが丘西区502-4,ふじが丘西三丁目,5,3,fujigaoka.pdf,,high,
788,大字田尻920番地の89,ふじが丘西区502-5,ふじが丘西三丁目,5,4,fujigaoka.pdf,,high,資料上2回出現
789,大字田尻920番地の90,ふじが丘西区502-6,ふじが丘西三丁目,5,5,fujigaoka.pdf,,high,資料上2回出現
790,大字田尻920番地の91,ふじが丘西区502-7,ふじが丘西三丁目,5,6,fujigaoka.pdf,,high,
791,大字田尻920番地の95,ふじが丘西区504-4,ふじが丘西三丁目,6,2,fujigaoka.pdf,,high,資料上2回出現
792,大字田尻920番地の96,ふじが丘西区504-6,ふじが丘西三丁目,6,8,fujigaoka.pdf,,high,
793,大字田尻920番地の97,ふじが丘西区504-7,ふじが丘西三丁目,6,9,fujigaoka.pdf,,high,資料上2回出現
794,大字田尻920番地の98,ふじが丘西区504-8,ふじが丘西三丁目,6,10,fujigaoka.pdf,,high,
795,大字田尻920番地の99,ふじが丘西区504-9,ふじが丘西三丁目,6,11,fujigaoka.pdf,,high,
796,大字田尻920番地の100,ふじが丘西区504-10,ふじが丘西三丁目,6,12,fujigaoka.pdf,,high,
797,大字田尻920番地の101,ふじが丘西区505-1,ふじが丘西三丁目,7,6,fujigaoka.pdf,,high,
798,大字田尻920番地の102,ふじが丘西区505-2,ふじが丘西三丁目,7,5,fujigaoka.pdf,,high,
799,大字田尻920番地の103,ふじが丘西区505-3,ふじが丘西三丁目,7,4,fujigaoka.pdf,,high,
800,大字田尻920番地の104,ふじが丘西区505-4,ふじが丘西三丁目,7,3,fujigaoka.pdf,,high,資料上2回出現
801,大字田尻920番地の105,ふじが丘西区505-5,ふじが丘西三丁目,7,2,fujigaoka.pdf,,high,
802,大字田尻920番地の106,ふじが丘西区505-6,ふじが丘西三丁目,7,1,fujigaoka.pdf,,high,
803,大字田尻920番地の107,ふじが丘西区505-7,ふじが丘西三丁目,7,9,fujigaoka.pdf,,high,資料上2回出現
804,大字田尻920番地の108,ふじが丘西区505-8,ふじが丘西三丁目,7,10,fujigaoka.pdf,,high,
805,大字田尻920番地の109,ふじが丘西区505-9,ふじが丘西三丁目,7,11,fujigaoka.pdf,,high,
806,大字田尻920番地の110,ふじが丘西区505-10,ふじが丘西三丁目,7,12,fujigaoka.pdf,,high,
807,大字田尻920番地の111,ふじが丘西区505-11,ふじが丘西三丁目,7,13,fujigaoka.pdf,,high,
808,大字田尻920番地の112,ふじが丘西区505-12,ふじが丘西三丁目,7,14,fujigaoka.pdf,,high,
809,大字田尻920番地の113,ふじが丘西区506-1,ふじが丘西三丁目,10,1,fujigaoka.pdf,,high,
810,大字田尻920番地の115,ふじが丘西区506-3,ふじが丘西三丁目,10,7,fujigaoka.pdf,,high,資料上3回出現
811,大字田尻920番地の116,ふじが丘西区506-4,ふじが丘西三丁目,10,2,fujigaoka.pdf,,high,
812,大字田尻920番地の117,ふじが丘西区506-5,ふじが丘西三丁目,10,5,fujigaoka.pdf,,high,
813,大字田尻920番地の118,ふじが丘西区507-1,ふじが丘西三丁目,8,4,fujigaoka.pdf,,high,資料上2回出現
814,大字田尻920番地の119,ふじが丘西区507-2,ふじが丘西三丁目,8,3,fujigaoka.pdf,,high,
815,大字田尻920番地の120,ふじが丘西区507-3,ふじが丘西三丁目,8,2,fujigaoka.pdf,,high,資料上2回出現
816,大字田尻920番地の121,ふじが丘西区507-4,ふじが丘西三丁目,8,15,fujigaoka.pdf,,high,
817,大字田尻920番地の122,ふじが丘西区507-5,ふじが丘西三丁目,8,14,fujigaoka.pdf,,high,
818,大字田尻920番地の124,ふじが丘西区507-7,ふじが丘西三丁目,8,8,fujigaoka.pdf,,high,
819,大字田尻920番地の125,ふじが丘西区507-8,ふじが丘西三丁目,8,10,fujigaoka.pdf,,high,
820,大字田尻920番地の126,ふじが丘西区507-9,ふじが丘西三丁目,8,12,fujigaoka.pdf,,high,資料上2回出現
821,大字田尻920番地の127,ふじが丘西区508-3,ふじが丘西三丁目,9,9,fujigaoka.pdf,,high,
822,大字田尻920番地127,,ふじが丘西三丁目,9,9,fujigaoka.pdf,,high,資料上通称の記載なし
823,大字田尻920番地の129,ふじが丘西区509-5,ふじが丘西三丁目,3,5,fujigaoka.pdf,,high,
824,大字田尻920番地の130,ふじが丘西区509-6,ふじが丘西三丁目,3,6,fujigaoka.pdf,,high,
825,大字田尻920番地の137,ふじが丘西区510-3,ふじが丘西三丁目,11,14,fujigaoka.pdf,,high,資料上2回出現
826,大字田尻920番地の139,ふじが丘西区510-5,ふじが丘西三丁目,11,12,fujigaoka.pdf,,high,資料上2回出現
827,大字田尻920番地の142,ふじが丘西区510-6,ふじが丘西三丁目,11,11,fujigaoka.pdf,,high,
828,大字田尻925番地の2,ふじが丘西区504-5,ふじが丘西三丁目,6,1,fujigaoka.pdf,,high,
829,大字田尻949番地の2,ふじが丘西区8班 田尻団地18号,ふじが丘西一丁目,15,20,fujigaoka.pdf,,high,
830,大字田尻949番地の3,ふじが丘西区8班 田尻団地20号,ふじが丘西一丁目,15,19,fujigaoka.pdf,,high,資料上2回出現
831,大字田尻949番地の5,ふじが丘西区8班 田尻団地21号,ふじが丘西一丁目,15,18,fujigaoka.pdf,,high,資料上2回出現
832,大字田尻949番地の7,ふじが丘西区8班 田尻団地17号,ふじが丘西一丁目,15,13,fujigaoka.pdf,,high,
833,大字田尻949番地の8,ふじが丘西区8班 田尻団地16号,ふじが丘西一丁目,15,14,fujigaoka.pdf,,high,資料上2回出現
834,大字田尻949番地の9,ふじが丘西区8班 田尻団地15号,ふじが丘西一丁目,15,15,fujigaoka.pdf,,high,
835,大字田尻949番地の10,ふじが丘西区8班 田尻団地13号,ふじが丘西一丁目,15,16,fujigaoka.pdf,,high,
836,大字田尻949番地の11,ふじが丘西区8班 田尻団地12号,ふじが丘西一丁目,15,17,fujigaoka.pdf,,high,
837,大字田尻949番地の12,ふじが丘西区8班 田尻団地6号,ふじが丘西一丁目,15,10,fujigaoka.pdf,,high,
838,大字田尻949番地の14,ふじが丘西区8-7,ふじが丘西一丁目,15,9,fujigaoka.pdf,,high,
839,大字田尻949番地の16,ふじが丘西区8班 田尻団地10号,ふじが丘西一丁目,15,7,fujigaoka.pdf,,high,資料上2回出現
840,大字田尻949番地の17,ふじが丘西区8班 田尻団地11号,ふじが丘西一丁目,15,6,fujigaoka.pdf,,high,
841,大字田尻949番地の17,ふじが丘西区8班 田尻団地8号,ふじが丘西一丁目,15,8,fujigaoka.pdf,,high,
842,大字田尻949番地の18,ふじが丘西区8班 田尻団地5号,ふじが丘西一丁目,15,1,fujigaoka.pdf,,high,資料上2回出現
843,大字田尻949番地-18,ふじが丘西区8-5,ふじが丘西一丁目,15,1,fujigaoka.pdf,,high,
844,大字田尻949番地の21,ふじが丘西区8班 田尻団地3号,ふじが丘西一丁目,15,2,fujigaoka.pdf,,high,
845,大字田尻949番地の22,ふじが丘西区8班 田尻団地2号,ふじが丘西一丁目,15,3,fujigaoka.pdf,,high,
846,大字田尻949番地の23,ふじが丘西区8班 田尻団地1号,ふじが丘西一丁目,15,4,fujigaoka.pdf,,high,
847,大字田尻949番地の24,ふじが丘西区8班 田尻団地1号の2,ふじが丘西一丁目,15,5,fujigaoka.pdf,,high,
848,大字田尻960番地の4,ふじが丘西区52-4,ふじが丘西一丁目,2,17,fujigaoka.pdf,,high,
849,大字田尻960番地の5,ふじが丘西区52-5,ふじが丘西一丁目,2,16,fujigaoka.pdf,,high,
850,大字田尻960番地の6,ふじが丘西区52-6,ふじが丘西一丁目,2,15,fujigaoka.pdf,,high,
851,大字田尻960番地の7,ふじが丘西区52-7,ふじが丘西一丁目,2,14,fujigaoka.pdf,,high,
852,大字田尻960番地の8,ふじが丘西区52-8,ふじが丘西一丁目,2,13,fujigaoka.pdf,,high,
853,大字田尻960番地の9,ふじが丘西区52-9,ふじが丘西一丁目,2,22,fujigaoka.pdf,,high,
854,大字田尻960番地の10,ふじが丘西区52-10,ふじが丘西一丁目,2,2,fujigaoka.pdf,,high,
855,大字田尻960番地の11,ふじが丘西区52-11,ふじが丘西一丁目,2,3,fujigaoka.pdf,,high,
856,大字田尻960番地の12,ふじが丘西区52-12,ふじが丘西一丁目,2,4,fujigaoka.pdf,,high,
857,大字田尻960番地の13,ふじが丘西区52-13,ふじが丘西一丁目,2,5,fujigaoka.pdf,,high,
858,大字田尻960番地の14,ふじが丘西区52-14,ふじが丘西一丁目,2,6,fujigaoka.pdf,,high,
859,大字田尻960番地の15,ふじが丘西区52-15,ふじが丘西一丁目,2,7,fujigaoka.pdf,,high,
860,大字田尻960番地の16,ふじが丘西区52-16,ふじが丘西一丁目,2,8,fujigaoka.pdf,,high,
861,大字田尻960番地の18,ふじが丘西区53-2,ふじが丘西一丁目,3,14,fujigaoka.pdf,,high,
862,大字田尻960番地の20,ふじが丘西区53-4,ふじが丘西一丁目,3,12,fujigaoka.pdf,,high,
863,大字田尻960番地の21,ふじが丘西区53-5,ふじが丘西一丁目,3,11,fujigaoka.pdf,,high,
864,大字田尻960番地の22,ふじが丘西区53-6,ふじが丘西一丁目,3,10,fujigaoka.pdf,,high,資料上2回出現
865,大字田尻960番地の25,ふじが丘西区53-10,ふじが丘西一丁目,3,5,fujigaoka.pdf,,high,
866,大字田尻960番地の28,ふじが丘西区60-5,ふじが丘西一丁目,4,12,fujigaoka.pdf,,high,
867,大字田尻960番地の29,ふじが丘西区60-4,ふじが丘西一丁目,4,2,fujigaoka.pdf,,high,
868,大字田尻960番地の30,ふじが丘西区60-3,ふじが丘西一丁目,4,9,fujigaoka.pdf,,high,
869,大字田尻960番地の31,ふじが丘西区60-2,ふじが丘西一丁目,4,8,fujigaoka.pdf,,high,
870,大字田尻960番地32,ふじが丘西区60-1,ふじが丘西一丁目,4,7,fujigaoka.pdf,,high,
871,大字田尻960番地の33,ふじが丘西区61-1,ふじが丘西一丁目,5,5,fujigaoka.pdf,,high,
872,大字田尻960番地の34,ふじが丘西区61-2,ふじが丘西一丁目,5,4,fujigaoka.pdf,,high,
873,大字田尻960番地の35,ふじが丘西区61-3,ふじが丘西一丁目,5,3,fujigaoka.pdf,,high,
874,大字田尻960番地の36,ふじが丘西区61-4,ふじが丘西一丁目,5,2,fujigaoka.pdf,,high,資料上2回出現
875,大字田尻960番地の39,ふじが丘西区61-9,ふじが丘西一丁目,5,12,fujigaoka.pdf,,high,
876,大字田尻960番地の40,ふじが丘西区61-8,ふじが丘西一丁目,5,11,fujigaoka.pdf,,high,
877,大字田尻960番地の41,ふじが丘西区61-7,ふじが丘西一丁目,5,10,fujigaoka.pdf,,high,
878,大字田尻960番地の42,ふじが丘西区61-6,ふじが丘西一丁目,5,8,fujigaoka.pdf,,high,
879,大字田尻960番地の43,ふじが丘西区62-1,ふじが丘西一丁目,6,5,fujigaoka.pdf,,high,
880,大字田尻960番地の44,ふじが丘西区62-2,ふじが丘西一丁目,6,4,fujigaoka.pdf,,high,
881,大字田尻960番地の45,ふじが丘西区62-3,ふじが丘西一丁目,6,3,fujigaoka.pdf,,high,
882,大字田尻960番地の46,ふじが丘西区62-4,ふじが丘西一丁目,6,2,fujigaoka.pdf,,high,
883,大字田尻960番地の47,ふじが丘西区62-9,ふじが丘西一丁目,6,11,fujigaoka.pdf,,high,
884,大字田尻960番地の48,ふじが丘西区62-8,ふじが丘西一丁目,6,10,fujigaoka.pdf,,high,
885,大字田尻960番地の49,ふじが丘西区62-7,ふじが丘西一丁目,6,9,fujigaoka.pdf,,high,
886,大字田尻960番地の50,ふじが丘西区62-6,ふじが丘西一丁目,6,8,fujigaoka.pdf,,high,
887,大字田尻960番地の51,ふじが丘西区63-1,ふじが丘西一丁目,7,1,fujigaoka.pdf,,high,
888,田尻960番地の51,ふじが丘西区63-1,ふじが丘西一丁目,7,1,fujigaoka.pdf,,high,
889,大字田尻960番地の52,ふじが丘西区63-2,ふじが丘西一丁目,7,2,fujigaoka.pdf,,high,
890,大字田尻960番地の54,ふじが丘西区63-4,ふじが丘西一丁目,7,4,fujigaoka.pdf,,high,
891,大字田尻960番地の56,ふじが丘西区64-3,ふじが丘西一丁目,7,12,fujigaoka.pdf,,high,
892,大字田尻960番地の57,ふじが丘西区64-2,ふじが丘西一丁目,7,13,fujigaoka.pdf,,high,
893,大字田尻960番地の61,ふじが丘西区65-4,ふじが丘西一丁目,8,4,fujigaoka.pdf,,high,
894,大字田尻960番地の62,ふじが丘西区65-3,ふじが丘西一丁目,8,3,fujigaoka.pdf,,high,
895,大字田尻960番地の63,ふじが丘西区65-2 ｸﾞﾙｰﾌﾟﾎｰﾑひかりの杜ふじがおか,ふじが丘西一丁目,8,2,fujigaoka.pdf,,high,資料上2回出現
896,大字田尻960番地の64,ふじが丘西区65-1,ふじが丘西一丁目,8,1,fujigaoka.pdf,,high,
897,大字田尻960番地の65,ふじが丘西区66-6,ふじが丘西一丁目,9,8,fujigaoka.pdf,,high,
898,大字田尻960番地の67,ふじが丘西区66-4,ふじが丘西一丁目,9,10,fujigaoka.pdf,,high,
899,大字田尻960番地の68,ふじが丘西区66-3,ふじが丘西一丁目,9,12,fujigaoka.pdf,,high,
900,大字田尻960番地の71,ふじが丘西区67-1,ふじが丘西一丁目,9,1,fujigaoka.pdf,,high,
901,大字田尻960番地の73,ふじが丘西区68-5,ふじが丘西一丁目,10,7,fujigaoka.pdf,,high,
902,大字田尻960番地の74,ふじが丘西区68-6,ふじが丘西一丁目,10,8,fujigaoka.pdf,,high,
903,大字田尻960番地の75,ふじが丘西区68-7,ふじが丘西一丁目,10,9,fujigaoka.pdf,,high,
904,大字田尻960番地の76,ふじが丘西区68-8,ふじが丘西一丁目,10,10,fujigaoka.pdf,,high,
905,大字田尻960番地の77,ふじが丘西区68-4,ふじが丘西一丁目,10,12,fujigaoka.pdf,,high,
906,大字田尻960番地の78,ふじが丘西区68-3,ふじが丘西一丁目,10,2,fujigaoka.pdf,,high,資料上2回出現
907,大字田尻960番地の79,ふじが丘西区68-2,ふじが丘西一丁目,10,3,fujigaoka.pdf,,high,
908,大字田尻960番地の80,ふじが丘西区68-1,ふじが丘西一丁目,10,4,fujigaoka.pdf,,high,
909,大字田尻960番地の81,ふじが丘西区69-5,ふじが丘西一丁目,11,7,fujigaoka.pdf,,high,
910,大字田尻960番地の83,ふじが丘西区69-7,ふじが丘西一丁目,11,9,fujigaoka.pdf,,high,
911,大字田尻960番地の86,ふじが丘西区69-3,ふじが丘西一丁目,11,2,fujigaoka.pdf,,high,
912,大字田尻960番地の87,ふじが丘西区69-2,ふじが丘西一丁目,11,3,fujigaoka.pdf,,high,
913,大字田尻960番地の88,ふじが丘西区69-1,ふじが丘西一丁目,11,4,fujigaoka.pdf,,high,
914,大字田尻960番地の89,ふじが丘西区70-1,ふじが丘西一丁目,12,7,fujigaoka.pdf,,high,資料上2回出現
915,大字田尻960番地の90,ふじが丘西区70-2-1,ふじが丘西一丁目,12,3,fujigaoka.pdf,,high,
916,大字田尻960番地の91,ふじが丘西区70-3-1,ふじが丘西一丁目,12,2,fujigaoka.pdf,,high,
917,大字田尻960番地の95,ふじが丘西区71-8B,ふじが丘西二丁目,6,7,fujigaoka.pdf,,high,
918,大字田尻960番地の96,ふじが丘西区74-1,ふじが丘西一丁目,13,24,fujigaoka.pdf,,high,資料上2回出現
919,大字田尻960番地の97,ふじが丘西区74-2,ふじが丘西一丁目,13,22,fujigaoka.pdf,,high,
920,大字田尻960番地の98,ふじが丘西区74-3,ふじが丘西一丁目,13,21,fujigaoka.pdf,,high,
921,大字田尻960-98,ふじが丘西区74-3,ふじが丘西一丁目,13,21,fujigaoka.pdf,,high,
922,大字田尻960番地の99,ふじが丘西区74-4,ふじが丘西一丁目,13,20,fujigaoka.pdf,,high,資料上2回出現
923,大字田尻960番地の100,ふじが丘西区74-5,ふじが丘西一丁目,13,19,fujigaoka.pdf,,high,
924,大字田尻960番地の101,ふじが丘西区74-6,ふじが丘西一丁目,13,18,fujigaoka.pdf,,high,
925,大字田尻960番地の102,ふじが丘西区74-7,ふじが丘西一丁目,13,17,fujigaoka.pdf,,high,
926,大字田尻960番地の103,ふじが丘西区74-8,ふじが丘西一丁目,13,16,fujigaoka.pdf,,high,
927,大字田尻960番地の104,ふじが丘西区74-16-2,ふじが丘西一丁目,13,13,fujigaoka.pdf,,high,
928,大字田尻960番地の105,ふじが丘西区74-15,ふじが丘西一丁目,13,10,fujigaoka.pdf,,high,資料上2回出現
929,大字田尻960番地の106,ふじが丘西区74-14,ふじが丘西一丁目,13,9,fujigaoka.pdf,,high,
930,大字田尻960番地の107,ふじが丘西区74-13,ふじが丘西一丁目,13,8,fujigaoka.pdf,,high,
931,大字田尻960番地の108,ふじが丘西区74-12,ふじが丘西一丁目,13,7,fujigaoka.pdf,,high,
932,大字田尻960番地の109,ふじが丘西区74-11,ふじが丘西一丁目,13,6,fujigaoka.pdf,,high,
933,大字田尻960番地の110,ふじが丘西区74-10,ふじが丘西一丁目,13,5,fujigaoka.pdf,,high,資料上3回出現
934,大字田尻960番地の111,ふじが丘西区74-9A,ふじが丘西一丁目,13,2,fujigaoka.pdf,,high,
935,大字田尻960番地の112,ふじが丘西区75-1,ふじが丘西一丁目,14,6,fujigaoka.pdf,,high,
936,大字田尻960番地の113,ふじが丘西区75-9,ふじが丘西一丁目,14,3,fujigaoka.pdf,,high,
937,大字田尻960番地の115,ふじが丘西区75-3,ふじが丘西一丁目,14,9,fujigaoka.pdf,,high,
938,大字田尻960番地の116,ふじが丘西区75-4,ふじが丘西一丁目,14,10,fujigaoka.pdf,,high,
939,大字田尻960番地の117,ふじが丘西区75-5,ふじが丘西一丁目,14,11,fujigaoka.pdf,,high,
940,大字田尻960番地の123,ふじが丘西区61-5,ふじが丘西一丁目,5,15,fujigaoka.pdf,,high,資料上2回出現
941,大字田尻960番地の124,ふじが丘西区61-10,ふじが丘西一丁目,5,13,fujigaoka.pdf,,high,
942,大字田尻960番地の125,ふじが丘西区64-4,ふじが丘西一丁目,7,11,fujigaoka.pdf,,high,
943,大字田尻960番地の126,ふじが丘西区64-1,ふじが丘西一丁目,7,14,fujigaoka.pdf,,high,
944,大字田尻960番地の127,ふじが丘西区66-5,ふじが丘西一丁目,9,9,fujigaoka.pdf,,high,
945,大字田尻960番地の128,ふじが丘西区67-2,ふじが丘西一丁目,9,2,fujigaoka.pdf,,high,資料上2回出現
946,大字田尻960番地の129,ふじが丘西区69-6,ふじが丘西一丁目,11,8,fujigaoka.pdf,,high,
947,大字田尻960番地の130,ふじが丘西区69-8,ふじが丘西一丁目,11,11,fujigaoka.pdf,,high,
948,大字田尻960番地の131,ふじが丘西区69-4,ふじが丘西一丁目,11,12,fujigaoka.pdf,,high,
949,大字田尻960番地の132,ふじが丘西区70-4-1,ふじが丘西一丁目,12,1,fujigaoka.pdf,,high,資料上2回出現
950,大字田尻960番地の133,ふじが丘西区75-2,ふじが丘西一丁目,14,8,fujigaoka.pdf,,high,
951,大字田尻960番地の134,ふじが丘西区75-6,ふじが丘西一丁目,14,12,fujigaoka.pdf,,high,資料上2回出現
952,大字田尻960番地の135,ふじが丘西区75-8,ふじが丘西一丁目,14,15,fujigaoka.pdf,,high,
953,大字田尻960番地の144,ふじが丘西区60-4A,ふじが丘西一丁目,4,10,fujigaoka.pdf,,high,
954,大字田尻960番地の145,ふじが丘西区70-4-2,ふじが丘西一丁目,12,10,fujigaoka.pdf,,high,資料上2回出現
955,大字田尻960番地の146,ふじが丘西区74-9-2,ふじが丘西一丁目,13,4,fujigaoka.pdf,,high,
956,大字田尻960番地の147,ふじが丘西区74-16,ふじが丘西一丁目,13,11,fujigaoka.pdf,,high,資料上2回出現
957,大字田尻960番地の148,ふじが丘西区75-10,ふじが丘西一丁目,14,2,fujigaoka.pdf,,high,
958,大字田尻960番地の150,ふじが丘西区70-2,ふじが丘西一丁目,12,8,fujigaoka.pdf,,high,
959,大字田尻960番地の155,ふじが丘西区75-7,ふじが丘西一丁目,14,14,fujigaoka.pdf,,high,
960,大字田尻960番地の162,ふじが丘南区204-4,ふじが丘南三丁目,1,2,fujigaoka.pdf,,high,
961,大字田尻960番地の163,ふじが丘南区204-5,ふじが丘南三丁目,1,1,fujigaoka.pdf,,high,
962,大字田尻960番地の164,ふじが丘南区204-6,ふじが丘南三丁目,2,1,fujigaoka.pdf,,high,
963,大字田尻960番地の165,ふじが丘南区204-7,ふじが丘南三丁目,2,3,fujigaoka.pdf,,high,
964,大字田尻960番地の169,ふじが丘西区64-5,ふじが丘西一丁目,7,9,fujigaoka.pdf,,high,
965,大字田尻960番地の170,ふじが丘西区62-10,ふじが丘西一丁目,6,12,fujigaoka.pdf,,high,
966,大字田尻960番地の171,ふじが丘西区62-5,ふじが丘西一丁目,6,1,fujigaoka.pdf,,high,資料上2回出現
967,大字田尻960番地の173,ふじが丘西区67-3,ふじが丘西一丁目,9,3,fujigaoka.pdf,,high,資料上2回出現
968,大字田尻960番地の180,ふじが丘西区65-8,ふじが丘西一丁目,8,14,fujigaoka.pdf,,high,
969,大字田尻960番地の181,ふじが丘西区65-6,ふじが丘西一丁目,8,8,fujigaoka.pdf,,high,資料上2回出現
970,大字田尻960番地の182,ふじが丘西区65-7,ふじが丘西一丁目,8,12,fujigaoka.pdf,,high,
971,大字田尻960番地の185,ふじが丘西区65-6-A,ふじが丘西一丁目,8,11,fujigaoka.pdf,,high,資料上2回出現
972,大字田尻960番地の186,ふじが丘西区65B-6,ふじが丘西一丁目,8,9,fujigaoka.pdf,,high,
973,大字田尻960番地の194,ふじが丘西区70-3-2,ふじが丘西一丁目,12,9,fujigaoka.pdf,,high,
974,大字田尻960番地の195,ふじが丘西区63-5,ふじが丘西一丁目,7,5,fujigaoka.pdf,,high,
975,大字田尻960番地の210,ふじが丘西区67-4,ふじが丘西一丁目,9,5,fujigaoka.pdf,,high,
976,大字田尻960番地の211,ふじが丘西区52-17,ふじが丘西一丁目,2,12,fujigaoka.pdf,,high,
977,大字田尻960番地の238,ふじが丘西区75-1-2,ふじが丘西一丁目,14,7,fujigaoka.pdf,,high,
978,大字田尻1000番地1,,ふじが丘西三丁目,3,8,fujigaoka.pdf,,high,資料上通称の記載なし
979,大字田尻1001番地の12,ふじが丘西区507-6,ふじが丘西三丁目,8,6,fujigaoka.pdf,,high,
980,大字田尻1001番地の13,ふじが丘西区508-1,ふじが丘西三丁目,9,3,fujigaoka.pdf,,high,
981,大字田尻1001番地の14,ふじが丘西区508-2,ふじが丘西三丁目,9,2,fujigaoka.pdf,,high,
982,大字田尻1001番地の16,ふじが丘西区508-5,ふじが丘西三丁目,9,7,fujigaoka.pdf,,high,
983,大字田尻1001番地の17,ふじが丘西区508-4,ふじが丘西三丁目,9,8,fujigaoka.pdf,,high,
984,大字田尻1001番地の18,ふじが丘西区509-1,ふじが丘西三丁目,3,1,fujigaoka.pdf,,high,
985,大字田尻1001番地の19,ふじが丘西区509-2,ふじが丘西三丁目,3,2,fujigaoka.pdf,,high,
986,大字田尻1001番地の20,ふじが丘西区509-3,ふじが丘西三丁目,3,3,fujigaoka.pdf,,high,資料上2回出現
987,大字田尻1001番地の21,ふじが丘西区509-4,ふじが丘西三丁目,3,4,fujigaoka.pdf,,high,資料上2回出現
988,大字田尻1001番地の32,ふじが丘西区506-2,ふじが丘西三丁目,10,8,fujigaoka.pdf,,high,
989,大字田尻1020番地の2,ふじが丘東区38-1,ふじが丘東三丁目,4,21,fujigaoka.pdf,,high,
990,大字田尻1020番地の3,ふじが丘東区38-2,ふじが丘東三丁目,4,19,fujigaoka.pdf,,high,
991,大字田尻1020番地の4,ふじが丘東区38-3,ふじが丘東三丁目,4,18,fujigaoka.pdf,,high,
992,大字田尻1020番地の5,ふじが丘東区38-4,ふじが丘東三丁目,4,17,fujigaoka.pdf,,high,
993,大字田尻1020番地の6,ふじが丘東区38-5,ふじが丘東三丁目,4,16,fujigaoka.pdf,,high,
994,大字田尻1020番地の7,ふじが丘東区38-6,ふじが丘東三丁目,4,15,fujigaoka.pdf,,high,
995,田尻1020-7,ふじが丘東区38-6,ふじが丘東三丁目,4,15,fujigaoka.pdf,,high,
996,大字田尻1020番地の8,ふじが丘東区38-7,ふじが丘東三丁目,4,13,fujigaoka.pdf,,high,資料上2回出現
997,大字田尻1020番地の14,ふじが丘東区38-13-A,ふじが丘東三丁目,4,8,fujigaoka.pdf,,high,
998,大字田尻1020番地の21,ふじが丘西区48-10-3,ふじが丘西一丁目,1,7,fujigaoka.pdf,,high,
999,大字田尻1020番地の26,ふじが丘西区52-2,ふじが丘西一丁目,2,19,fujigaoka.pdf,,high,
1000,大字田尻1020番地の28,ふじが丘西区52-3,ふじが丘西一丁目,2,18,fujigaoka.pdf,,high,
1001,大字田尻1020番地の31,ふじが丘南区102-1,ふじが丘南一丁目,3,1,fujigaoka.pdf,,high,
1002,大字田尻1020番地の32,ふじが丘南区102-2,ふじが丘南一丁目,3,2,fujigaoka.pdf,,high,
1003,大字田尻1020番地の33,ふじが丘南区102-3,ふじが丘南一丁目,3,3,fujigaoka.pdf,,high,
1004,大字田尻1020番地の34,ふじが丘南区102-4,ふじが丘南一丁目,3,4,fujigaoka.pdf,,high,
1005,大字田尻1020番地の35,ふじが丘南区102-5,ふじが丘南一丁目,3,5,fujigaoka.pdf,,high,
1006,大字田尻1020番地の36,ふじが丘南区102-6,ふじが丘南一丁目,3,18,fujigaoka.pdf,,high,
1007,大字田尻1020番地の37,ふじが丘南区102-7,ふじが丘南一丁目,3,19,fujigaoka.pdf,,high,
1008,大字田尻1020番地の38,ふじが丘南区102-8,ふじが丘南一丁目,3,20,fujigaoka.pdf,,high,
1009,大字田尻1020番地の39,ふじが丘南区102-9,ふじが丘南一丁目,3,21,fujigaoka.pdf,,high,
1010,大字田尻1020番地の40,ふじが丘南区102-10,ふじが丘南一丁目,3,23,fujigaoka.pdf,,high,
1011,大字田尻1020番地の41,ふじが丘南区103-1,ふじが丘南一丁目,3,6,fujigaoka.pdf,,high,資料上2回出現
1012,大字田尻1020番地の42,ふじが丘南区103-2,ふじが丘南一丁目,3,7,fujigaoka.pdf,,high,
1013,大字田尻1020番地の43,ふじが丘南区103-3,ふじが丘南一丁目,3,8,fujigaoka.pdf,,high,
1014,大字田尻1020番地の44,ふじが丘南区103-4,ふじが丘南一丁目,3,9,fujigaoka.pdf,,high,
1015,大字田尻1020番地の45,ふじが丘南区103-5,ふじが丘南一丁目,3,11,fujigaoka.pdf,,high,
1016,大字田尻1020番地の46,ふじが丘南区103-6,ふじが丘南一丁目,3,13,fujigaoka.pdf,,high,資料上2回出現
1017,大字田尻1020番地の47,ふじが丘南区103-7,ふじが丘南一丁目,3,14,fujigaoka.pdf,,high,
1018,大字田尻1020番地の48,ふじが丘南区103-8,ふじが丘南一丁目,3,15,fujigaoka.pdf,,high,
1019,大字田尻1020番地の49,ふじが丘南区103-9,ふじが丘南一丁目,3,16,fujigaoka.pdf,,high,
1020,大字田尻1020番地の50,ふじが丘南区103-10,ふじが丘南一丁目,3,17,fujigaoka.pdf,,high,
1021,大字田尻1020番地の51,ふじが丘南区106-1,ふじが丘南一丁目,5,18,fujigaoka.pdf,,high,
1022,大字田尻1020番地の52,ふじが丘南区106-3,ふじが丘南一丁目,5,3,fujigaoka.pdf,,high,
1023,大字田尻1020番地の53,ふじが丘南区106-4,ふじが丘南一丁目,5,4,fujigaoka.pdf,,high,
1024,大字田尻1020番地の54,ふじが丘南区106-5,ふじが丘南一丁目,5,5,fujigaoka.pdf,,high,
1025,大字田尻1020番地の55,ふじが丘南区106-6,ふじが丘南一丁目,5,6,fujigaoka.pdf,,high,
1026,大字田尻1020番地の56,ふじが丘南区106-7,ふじが丘南一丁目,5,7,fujigaoka.pdf,,high,
1027,大字田尻1020番地の57,ふじが丘南区106-8,ふじが丘南一丁目,5,10,fujigaoka.pdf,,high,
1028,大字田尻1020番地の58,ふじが丘南区106-9,ふじが丘南一丁目,5,11,fujigaoka.pdf,,high,
1029,大字田尻1020番地の59,ふじが丘南区106-10,ふじが丘南一丁目,5,12,fujigaoka.pdf,,high,
1030,大字田尻1020番地の60,ふじが丘南区106-11,ふじが丘南一丁目,5,13,fujigaoka.pdf,,high,
1031,大字田尻1020番地の61,ふじが丘南区106-12,ふじが丘南一丁目,5,14,fujigaoka.pdf,,high,
1032,大字田尻1020番地の64,ふじが丘南区111-4,ふじが丘南一丁目,4,14,fujigaoka.pdf,,high,
1033,大字田尻1020番地の65,ふじが丘南区111-5,ふじが丘南一丁目,4,15,fujigaoka.pdf,,high,
1034,大字田尻1020番地の67,ふじが丘南区111-7,ふじが丘南一丁目,4,2,fujigaoka.pdf,,high,
1035,大字田尻1020番地の68,ふじが丘南区111-8,ふじが丘南一丁目,4,4,fujigaoka.pdf,,high,資料上2回出現
1036,大字田尻1020番地の69,ふじが丘南区111-9,ふじが丘南一丁目,4,5,fujigaoka.pdf,,high,
1037,大字田尻1020番地の69,,ふじが丘南一丁目,4,5,fujigaoka.pdf,,high,資料上通称の記載なし
1038,大字田尻1020番地の70,ふじが丘南区111-10,ふじが丘南一丁目,4,6,fujigaoka.pdf,,high,
1039,大字田尻1020番地の72,ふじが丘南区101-1,ふじが丘南一丁目,2,19,fujigaoka.pdf,,high,
1040,大字田尻1020番地の73,ふじが丘南区101-2,ふじが丘南一丁目,2,2,fujigaoka.pdf,,high,
1041,大字田尻1020番地の74,ふじが丘南区101-3,ふじが丘南一丁目,2,4,fujigaoka.pdf,,high,
1042,大字田尻1020番地の75,ふじが丘南区101-4,ふじが丘南一丁目,2,5,fujigaoka.pdf,,high,
1043,大字田尻1020番地の76,ふじが丘南区101-5,ふじが丘南一丁目,2,6,fujigaoka.pdf,,high,資料上2回出現
1044,大字田尻1020番地の77,ふじが丘南区101-6,ふじが丘南一丁目,2,7,fujigaoka.pdf,,high,
1045,大字田尻1020番地の78,ふじが丘南区101-7,ふじが丘南一丁目,2,9,fujigaoka.pdf,,high,
1046,大字田尻1020番地の79,ふじが丘南区101-8,ふじが丘南一丁目,2,11,fujigaoka.pdf,,high,資料上2回出現
1047,大字田尻1020番地の80,ふじが丘南区101-9,ふじが丘南一丁目,2,12,fujigaoka.pdf,,high,資料上2回出現
1048,大字田尻1020番地の81,ふじが丘南区101-10,ふじが丘南一丁目,2,13,fujigaoka.pdf,,high,資料上2回出現
1049,大字田尻1020番地の82,ふじが丘南区101-11,ふじが丘南一丁目,2,14,fujigaoka.pdf,,high,
1050,大字田尻1020番地の83,ふじが丘南区101-12,ふじが丘南一丁目,2,15,fujigaoka.pdf,,high,
1051,大字田尻1020番地の84,ふじが丘南区101-13,ふじが丘南一丁目,2,16,fujigaoka.pdf,,high,資料上2回出現
1052,大字田尻1020番地の92,ふじが丘西区48-5-1,ふじが丘西一丁目,1,10,fujigaoka.pdf,,high,
1053,大字田尻1020番地の93,ふじが丘西区48-5,ふじが丘西一丁目,1,9,fujigaoka.pdf,,high,
1054,大字田尻1020番地の94,ふじが丘南区201-1,ふじが丘南二丁目,1,23,fujigaoka.pdf,,high,
1055,大字田尻1020番地の95,ふじが丘南区201-2,ふじが丘南二丁目,1,2,fujigaoka.pdf,,high,
1056,大字田尻1020番地の96,ふじが丘南区201-3,ふじが丘南二丁目,1,3,fujigaoka.pdf,,high,
1057,大字田尻1020番地の97,ふじが丘南区201-4,ふじが丘南二丁目,1,4,fujigaoka.pdf,,high,
1058,大字田尻1020番地の98,ふじが丘南区201-5,ふじが丘南二丁目,1,5,fujigaoka.pdf,,high,
1059,大字田尻1020番地の99,ふじが丘南区201-6,ふじが丘南二丁目,1,6,fujigaoka.pdf,,high,
1060,大字田尻1020番地の100,ふじが丘南区201-7,ふじが丘南二丁目,1,7,fujigaoka.pdf,,high,
1061,大字田尻1020番地の101,ふじが丘南区201-8,ふじが丘南二丁目,1,8,fujigaoka.pdf,,high,
1062,大字田尻1020番地の102,ふじが丘南区201-9,ふじが丘南二丁目,1,9,fujigaoka.pdf,,high,
1063,大字田尻1020番地の103,ふじが丘南区201-10,ふじが丘南二丁目,1,11,fujigaoka.pdf,,high,
1064,大字田尻1020番地の104,ふじが丘南区201-11,ふじが丘南二丁目,1,13,fujigaoka.pdf,,high,
1065,大字田尻1020番地の105,ふじが丘南区201-12,ふじが丘南二丁目,1,14,fujigaoka.pdf,,high,
1066,大字田尻1020番地の106,ふじが丘南区201-13,ふじが丘南二丁目,1,15,fujigaoka.pdf,,high,
1067,大字田尻1020番地の107,ふじが丘南区201-14,ふじが丘南二丁目,1,16,fujigaoka.pdf,,high,資料上2回出現
1068,大字田尻1020番地の108,ふじが丘南区201-15,ふじが丘南二丁目,1,17,fujigaoka.pdf,,high,
1069,大字田尻1020番地の109,ふじが丘南区201-16,ふじが丘南二丁目,1,18,fujigaoka.pdf,,high,
1070,大字田尻1020番地の110,ふじが丘南区201-17,ふじが丘南二丁目,1,19,fujigaoka.pdf,,high,
1071,大字田尻1020番地の111,ふじが丘南区201-18,ふじが丘南二丁目,1,20,fujigaoka.pdf,,high,資料上2回出現
1072,大字田尻1020番地の112,ふじが丘南区201-19,ふじが丘南二丁目,1,22,fujigaoka.pdf,,high,
1073,大字田尻1020番地の113,ふじが丘南区202-1,ふじが丘南二丁目,4,21,fujigaoka.pdf,,high,資料上2回出現
1074,大字田尻1020番地の114,ふじが丘南区202-2,ふじが丘南二丁目,4,2,fujigaoka.pdf,,high,
1075,大字田尻1020番地の115,ふじが丘南区202-3,ふじが丘南二丁目,4,3,fujigaoka.pdf,,high,
1076,大字田尻1020番地の116,ふじが丘南区202-4,ふじが丘南二丁目,4,4,fujigaoka.pdf,,high,
1077,大字田尻1020番地の117,ふじが丘南区202-5,ふじが丘南二丁目,4,5,fujigaoka.pdf,,high,
1078,大字田尻1020番地の118,ふじが丘南区202-6,ふじが丘南二丁目,4,6,fujigaoka.pdf,,high,
1079,大字田尻1020番地の119,ふじが丘南区202-7,ふじが丘南二丁目,4,7,fujigaoka.pdf,,high,
1080,大字田尻1020番地の120,ふじが丘南区202-8,ふじが丘南二丁目,4,8,fujigaoka.pdf,,high,資料上2回出現
1081,大字田尻1020番地の126,ふじが丘南区202-14,ふじが丘南二丁目,4,17,fujigaoka.pdf,,high,資料上2回出現
1082,大字田尻1020番地の127,ふじが丘南区202-15,ふじが丘南二丁目,4,18,fujigaoka.pdf,,high,
1083,大字田尻1020番地の128,ふじが丘南区202-16,ふじが丘南二丁目,4,20,fujigaoka.pdf,,high,資料上2回出現
1084,大字田尻1020番地の131,ふじが丘南区203-4,ふじが丘南二丁目,3,2,fujigaoka.pdf,,high,
1085,大字田尻1020番地の137,ふじが丘南区101-15,ふじが丘南一丁目,1,3,fujigaoka.pdf,,high,資料上2回出現
1086,大字田尻1020番地の137,,ふじが丘南一丁目,1,3,fujigaoka.pdf,,high,資料上2回出現、資料上通称の記載なし
1087,大字田尻1020番地の141,ふじが丘南区104-1,ふじが丘南一丁目,7,17,fujigaoka.pdf,,high,
1088,大字田尻1020番地の142,ふじが丘南区104-2,ふじが丘南一丁目,7,2,fujigaoka.pdf,,high,
1089,大字田尻1020番地の143,ふじが丘南区104-3,ふじが丘南一丁目,7,3,fujigaoka.pdf,,high,
1090,大字田尻1020番地の144,ふじが丘南区104-4,ふじが丘南一丁目,7,4,fujigaoka.pdf,,high,資料上2回出現
1091,大字田尻1020番地の145,ふじが丘南区104-5,ふじが丘南一丁目,7,6,fujigaoka.pdf,,high,
1092,大字田尻1020番地の146,ふじが丘南区104-6,ふじが丘南一丁目,7,8,fujigaoka.pdf,,high,
1093,大字田尻1020番地の148,ふじが丘南区104-7,ふじが丘南一丁目,7,11,fujigaoka.pdf,,high,
1094,大字田尻1020番地の149,ふじが丘南区104-8,ふじが丘南一丁目,7,12,fujigaoka.pdf,,high,資料上2回出現
1095,大字田尻1020番地の150,ふじが丘南区104-9,ふじが丘南一丁目,7,13,fujigaoka.pdf,,high,
1096,大字田尻1020番地の151,ふじが丘南区104-10,ふじが丘南一丁目,7,15,fujigaoka.pdf,,high,資料上2回出現
1097,大字田尻1020番地の154,ふじが丘南区105-3A,ふじが丘南一丁目,8,3,fujigaoka.pdf,,high,
1098,大字田尻1020番地の155,ふじが丘南区105-4A,ふじが丘南一丁目,8,4,fujigaoka.pdf,,high,
1099,大字田尻1020番地の158,ふじが丘南区105-10A,ふじが丘南一丁目,8,12,fujigaoka.pdf,,high,
1100,大字田尻1020番地の161,ふじが丘南区105-6,ふじが丘南一丁目,8,6,fujigaoka.pdf,,high,
1101,大字田尻1020番地の176,ふじが丘東区38-13-B,ふじが丘東三丁目,4,9,fujigaoka.pdf,,high,
1102,大字田尻1030番地の2,ふじが丘南区107-1,ふじが丘南一丁目,9,8,fujigaoka.pdf,,high,
1103,大字田尻1030番地の3,ふじが丘南区107-2,ふじが丘南一丁目,9,10,fujigaoka.pdf,,high,資料上2回出現
1104,大字田尻1030番地の5,ふじが丘南区107-4,ふじが丘南一丁目,9,1,fujigaoka.pdf,,high,
1105,大字田尻1030番地の6,ふじが丘南区107-5,ふじが丘南一丁目,9,3,fujigaoka.pdf,,high,
1106,大字田尻1030番地の7,ふじが丘南区107-6,ふじが丘南一丁目,9,4,fujigaoka.pdf,,high,
1107,大字田尻1030番地の8,ふじが丘南区107-7,ふじが丘南一丁目,9,5,fujigaoka.pdf,,high,
1108,大字田尻1030番地の9,ふじが丘南区107-8,ふじが丘南一丁目,9,6,fujigaoka.pdf,,high,資料上2回出現
1109,大字田尻1030番地の10,ふじが丘南区108-1,ふじが丘南一丁目,10,11,fujigaoka.pdf,,high,
1110,大字田尻1030番地の11,ふじが丘南区108-2,ふじが丘南一丁目,10,12,fujigaoka.pdf,,high,
1111,大字田尻1030番地の12,ふじが丘南区108-3,ふじが丘南一丁目,10,13,fujigaoka.pdf,,high,
1112,大字田尻1030番地の16,ふじが丘南区108-7,ふじが丘南一丁目,10,3,fujigaoka.pdf,,high,資料上2回出現
1113,大字田尻1030番地の17,ふじが丘南区108-8,ふじが丘南一丁目,10,4,fujigaoka.pdf,,high,
1114,大字田尻1030番地の18,ふじが丘南区108-9,ふじが丘南一丁目,10,5,fujigaoka.pdf,,high,
1115,大字田尻1030番地の19,ふじが丘南区108-10,ふじが丘南一丁目,10,6,fujigaoka.pdf,,high,
1116,大字田尻1030番地の20,ふじが丘南区108-11,ふじが丘南一丁目,10,7,fujigaoka.pdf,,high,資料上2回出現
1117,大字田尻1030番地の21,ふじが丘南区108-12,ふじが丘南一丁目,10,8,fujigaoka.pdf,,high,
1118,大字田尻1030番地の22,ふじが丘南区109-1,ふじが丘南一丁目,11,12,fujigaoka.pdf,,high,資料上2回出現
1119,大字田尻1030番地の24,ふじが丘南区109-3,ふじが丘南一丁目,11,14,fujigaoka.pdf,,high,
1120,大字田尻1030番地の26,ふじが丘南区109-5,ふじが丘南一丁目,11,16,fujigaoka.pdf,,high,
1121,大字田尻1030番地の27,ふじが丘南区109-6,ふじが丘南一丁目,11,17,fujigaoka.pdf,,high,
1122,大字田尻1030番地の28,ふじが丘南区109-7,ふじが丘南一丁目,11,18,fujigaoka.pdf,,high,
1123,大字田尻1030番地の29,ふじが丘南区109-8,ふじが丘南一丁目,11,2,fujigaoka.pdf,,high,
1124,大字田尻1030番地の30,ふじが丘南区109-9,ふじが丘南一丁目,11,4,fujigaoka.pdf,,high,
1125,大字田尻1030番地の32,ふじが丘南区110-1,ふじが丘南一丁目,12,12,fujigaoka.pdf,,high,資料上2回出現
1126,大字田尻1030番地の37,ふじが丘南区113-1,ふじが丘南一丁目,15,17,fujigaoka.pdf,,high,
1127,大字田尻1030番地の38,ふじが丘南区113-2,ふじが丘南一丁目,15,2,fujigaoka.pdf,,high,
1128,大字田尻1030番地の39,ふじが丘南区113-3,ふじが丘南一丁目,15,3,fujigaoka.pdf,,high,
1129,大字田尻1030番地の40,ふじが丘南区113-4,ふじが丘南一丁目,15,4,fujigaoka.pdf,,high,
1130,大字田尻1030番地の41,ふじが丘南区113-5,ふじが丘南一丁目,15,6,fujigaoka.pdf,,high,
1131,大字田尻1030番地の42,ふじが丘南区113-6,ふじが丘南一丁目,15,7,fujigaoka.pdf,,high,
1132,大字田尻1030番地の43,ふじが丘南区114-1,ふじが丘南一丁目,14,1,fujigaoka.pdf,,high,
1133,大字田尻1030番地の44,ふじが丘南区114-2,ふじが丘南一丁目,14,2,fujigaoka.pdf,,high,
1134,大字田尻1030番地の47,ふじが丘南区114-11,ふじが丘南一丁目,14,14,fujigaoka.pdf,,high,資料上2回出現
1135,大字田尻1030番地の60,ふじが丘南区105-5A,ふじが丘南一丁目,8,5,fujigaoka.pdf,,high,
1136,大字田尻1030番地の62,ふじが丘南区105-7A,ふじが丘南一丁目,8,9,fujigaoka.pdf,,high,
1137,大字田尻1030番地の63,ふじが丘南区105-8,ふじが丘南一丁目,8,10,fujigaoka.pdf,,high,
1138,大字田尻1030番地の64,ふじが丘南区105-9A,ふじが丘南一丁目,8,11,fujigaoka.pdf,,high,
1139,大字田尻1041番地の131,ふじが丘南区213-7,ふじが丘南二丁目,10,2,fujigaoka.pdf,,high,
1140,大字田尻1045番地の3,ふじが丘南区109-2,ふじが丘南一丁目,11,13,fujigaoka.pdf,,high,
1141,大字田尻1045番地の5,ふじが丘南区109-4,ふじが丘南一丁目,11,15,fujigaoka.pdf,,high,
1142,大字田尻1045番地の6,ふじが丘南区109-13,ふじが丘南一丁目,11,8,fujigaoka.pdf,,high,資料上3回出現
1143,大字田尻1045番地の7,ふじが丘南区109-12,ふじが丘南一丁目,11,7,fujigaoka.pdf,,high,
1144,大字田尻1045番地の8,ふじが丘南区109-11,ふじが丘南一丁目,11,6,fujigaoka.pdf,,high,
1145,大字田尻1045番地の9,ふじが丘南区109-10,ふじが丘南一丁目,11,5,fujigaoka.pdf,,high,
1146,大字田尻1045番地の11,ふじが丘南区110-2,ふじが丘南一丁目,12,14,fujigaoka.pdf,,high,資料上2回出現
1147,大字田尻1045番地の12,ふじが丘南区110-3,ふじが丘南一丁目,12,15,fujigaoka.pdf,,high,資料上2回出現
1148,大字田尻1045番地の13,ふじが丘南区110-4,ふじが丘南一丁目,12,16,fujigaoka.pdf,,high,
1149,大字田尻1045番地の14,ふじが丘南区110-5,ふじが丘南一丁目,12,17,fujigaoka.pdf,,high,
1150,大字田尻1045番地の15,ふじが丘南区110-6,ふじが丘南一丁目,12,18,fujigaoka.pdf,,high,
1151,大字田尻1045番地の16,ふじが丘南区110-7,ふじが丘南一丁目,12,19,fujigaoka.pdf,,high,
1152,大字田尻1045番地の17,ふじが丘南区110-8,ふじが丘南一丁目,12,20,fujigaoka.pdf,,high,
1153,大字田尻1045番地の18,ふじが丘南区110-9,ふじが丘南一丁目,12,2,fujigaoka.pdf,,high,
1154,大字田尻1045番地の19,ふじが丘南区110-10,ふじが丘南一丁目,12,4,fujigaoka.pdf,,high,資料上2回出現
1155,大字田尻1045番地の20,ふじが丘南区110-11,ふじが丘南一丁目,12,5,fujigaoka.pdf,,high,
1156,大字田尻1045番地の21,ふじが丘南区110-12,ふじが丘南一丁目,12,6,fujigaoka.pdf,,high,
1157,大字田尻1045番地の22,ふじが丘南区110-13,ふじが丘南一丁目,12,7,fujigaoka.pdf,,high,
1158,大字田尻1045番地の23,ふじが丘南区110-14,ふじが丘南一丁目,12,8,fujigaoka.pdf,,high,
1159,大字田尻1045番地の24,ふじが丘南区112-1,ふじが丘南一丁目,13,10,fujigaoka.pdf,,high,
1160,大字田尻1045番地の26,ふじが丘南区112-2,ふじが丘南一丁目,13,11,fujigaoka.pdf,,high,
1161,大字田尻1045番地の27,ふじが丘南区112-3,ふじが丘南一丁目,13,12,fujigaoka.pdf,,high,
1162,大字田尻1045番地の28,ふじが丘南区112-4,ふじが丘南一丁目,13,13,fujigaoka.pdf,,high,資料上2回出現
1163,大字田尻1045番地の29,ふじが丘南区112-5,ふじが丘南一丁目,13,14,fujigaoka.pdf,,high,
1164,大字田尻1045番地の30,ふじが丘南区112-6,ふじが丘南一丁目,13,3,fujigaoka.pdf,,high,
1165,大字田尻1045番地の31,ふじが丘南区112-7,ふじが丘南一丁目,13,4,fujigaoka.pdf,,high,資料上2回出現
1166,大字田尻1045番地の32,ふじが丘南区112-8,ふじが丘南一丁目,13,5,fujigaoka.pdf,,high,
1167,大字田尻1045番地の35,ふじが丘南区112-9,ふじが丘南一丁目,13,6,fujigaoka.pdf,,high,
1168,大字田尻1045番地の36,ふじが丘南区112-10,ふじが丘南一丁目,13,7,fujigaoka.pdf,,high,
1169,大字田尻1045番地の37,ふじが丘南区111-1,ふじが丘南一丁目,4,11,fujigaoka.pdf,,high,
1170,大字田尻1045番地の38,ふじが丘南区111-2,ふじが丘南一丁目,4,12,fujigaoka.pdf,,high,
1171,大字田尻1045番地の39,ふじが丘南区111-3,ふじが丘南一丁目,4,13,fujigaoka.pdf,,high,
1172,大字田尻1045番地の42,ふじが丘南区111-11,ふじが丘南一丁目,4,7,fujigaoka.pdf,,high,
1173,大字田尻1045-42,ふじが丘南区111-11,ふじが丘南一丁目,4,7,fujigaoka.pdf,,high,
1174,大字田尻1045番地の43,ふじが丘南区111-12,ふじが丘南一丁目,4,9,fujigaoka.pdf,,high,
1175,大字田尻1045番地の46,ふじが丘南区109-14,ふじが丘南一丁目,11,10,fujigaoka.pdf,,high,
1176,大字田尻1045番地の65,ふじが丘南区202-12,ふじが丘南二丁目,4,15,fujigaoka.pdf,,high,
1177,大字田尻1045番地の67,ふじが丘南区202-10,ふじが丘南二丁目,4,13,fujigaoka.pdf,,high,
1178,大字田尻1045番地の70,ふじが丘南区208-1,ふじが丘南二丁目,6,17,fujigaoka.pdf,,high,
1179,大字田尻1045番地の71,ふじが丘南区208-2,ふじが丘南二丁目,6,2,fujigaoka.pdf,,high,
1180,大字田尻1045番地の72,ふじが丘南区208-3,ふじが丘南二丁目,6,3,fujigaoka.pdf,,high,
1181,大字田尻1045番地の74,ふじが丘南区208-13,ふじが丘南二丁目,6,15,fujigaoka.pdf,,high,
1182,大字田尻1045番地の76,ふじが丘南区209-1,ふじが丘南二丁目,5,1,fujigaoka.pdf,,high,
1183,大字田尻1045番地の77,ふじが丘南区209-2,ふじが丘南二丁目,5,2,fujigaoka.pdf,,high,
1184,大字田尻1045番地の78,ふじが丘南区209-3,ふじが丘南二丁目,5,3,fujigaoka.pdf,,high,
1185,大字田尻1045番地の79,ふじが丘南区209-4-3,ふじが丘南二丁目,5,6,fujigaoka.pdf,,high,
1186,大字田尻1045番地の82,ふじが丘南区209-7,ふじが丘南二丁目,5,9,fujigaoka.pdf,,high,
1187,大字田尻1045番地の83,ふじが丘南区209-8,ふじが丘南二丁目,5,10,fujigaoka.pdf,,high,
1188,大字田尻1045番地の84,ふじが丘南区209-9,ふじが丘南二丁目,5,12,fujigaoka.pdf,,high,
1189,大字田尻1045番地の85,ふじが丘南区209-10,ふじが丘南二丁目,5,13,fujigaoka.pdf,,high,
1190,大字田尻1045番地の86,ふじが丘南区209-11,ふじが丘南二丁目,5,14,fujigaoka.pdf,,high,
1191,大字田尻1045番地の87,ふじが丘南区209-12,ふじが丘南二丁目,5,15,fujigaoka.pdf,,high,
1192,大字田尻1045番地の88,ふじが丘南区209-13,ふじが丘南二丁目,5,16,fujigaoka.pdf,,high,資料上2回出現
1193,大字田尻1045番地の89,ふじが丘南区209-14,ふじが丘南二丁目,5,18,fujigaoka.pdf,,high,
1194,大字田尻1045番地の90,ふじが丘南区210-1,ふじが丘南二丁目,13,10,fujigaoka.pdf,,high,
1195,大字田尻1045番地の91,ふじが丘南区210-2,ふじが丘南二丁目,13,12,fujigaoka.pdf,,high,
1196,大字田尻1045番地の92,ふじが丘南区210-3,ふじが丘南二丁目,13,13,fujigaoka.pdf,,high,資料上2回出現
1197,大字田尻1045番地の93,ふじが丘南区210-4,ふじが丘南二丁目,13,14,fujigaoka.pdf,,high,資料上2回出現
1198,大字田尻1045番地の94,ふじが丘南区210-5,ふじが丘南二丁目,13,15,fujigaoka.pdf,,high,
1199,大字田尻1045番地の95,ふじが丘南区210-6,ふじが丘南二丁目,13,16,fujigaoka.pdf,,high,資料上2回出現
1200,大字田尻1045番地の96,ふじが丘南区210-7,ふじが丘南二丁目,13,2,fujigaoka.pdf,,high,
1201,大字田尻1045番地の97,ふじが丘南区210-8,ふじが丘南二丁目,13,4,fujigaoka.pdf,,high,
1202,大字田尻1045番地の98,ふじが丘南区210-9,ふじが丘南二丁目,13,5,fujigaoka.pdf,,high,
1203,大字田尻1045番地の99,ふじが丘南区210-10,ふじが丘南二丁目,13,6,fujigaoka.pdf,,high,
1204,大字田尻1045番地の100,ふじが丘南区210-11,ふじが丘南二丁目,13,7,fujigaoka.pdf,,high,
1205,大字田尻1045番地の101,ふじが丘南区210-12,ふじが丘南二丁目,13,9,fujigaoka.pdf,,high,
1206,大字田尻1045番地の101,,ふじが丘南二丁目,13,9,fujigaoka.pdf,,high,資料上通称の記載なし
1207,大字田尻1045番地の102,ふじが丘南区211-1,ふじが丘南二丁目,12,11,fujigaoka.pdf,,high,資料上2回出現
1208,大字田尻1045番地の103,ふじが丘南区211-2,ふじが丘南二丁目,12,12,fujigaoka.pdf,,high,
1209,大字田尻1045番地の104,ふじが丘南区211-3,ふじが丘南二丁目,12,13,fujigaoka.pdf,,high,
1210,大字田尻1045番地の105,ふじが丘南区211-4,ふじが丘南二丁目,12,14,fujigaoka.pdf,,high,資料上2回出現
1211,大字田尻1045番地の106,ふじが丘南区211-5,ふじが丘南二丁目,12,15,fujigaoka.pdf,,high,
1212,大字田尻1045番地の107,ふじが丘南区211-6,ふじが丘南二丁目,12,16,fujigaoka.pdf,,high,
1213,大字田尻1045番地の108,ふじが丘南区211-7,ふじが丘南二丁目,12,3,fujigaoka.pdf,,high,
1214,大字田尻1045番地の109,ふじが丘南区211-8,ふじが丘南二丁目,12,4,fujigaoka.pdf,,high,
1215,大字田尻1045番地の110,ふじが丘南区211-9,ふじが丘南二丁目,12,5,fujigaoka.pdf,,high,資料上2回出現
1216,大字田尻1045番地の111,ふじが丘南区211-10,ふじが丘南二丁目,12,6,fujigaoka.pdf,,high,
1217,大字田尻1045番地の112,ふじが丘南区211-11,ふじが丘南二丁目,12,7,fujigaoka.pdf,,high,資料上2回出現
1218,大字田尻1045番地の113,ふじが丘南区211-12,ふじが丘南二丁目,12,8,fujigaoka.pdf,,high,
1219,大字田尻1045番地の115,ふじが丘南区212-1,ふじが丘南二丁目,11,11,fujigaoka.pdf,,high,
1220,大字田尻1045番地の116,ふじが丘南区212-2,ふじが丘南二丁目,11,12,fujigaoka.pdf,,high,
1221,大字田尻1045番地の117,ふじが丘南区212-3,ふじが丘南二丁目,11,13,fujigaoka.pdf,,high,資料上2回出現
1222,大字田尻1045番地の118,ふじが丘南区212-4,ふじが丘南二丁目,11,14,fujigaoka.pdf,,high,
1223,大字田尻1045番地の119,ふじが丘南区212-5,ふじが丘南二丁目,11,15,fujigaoka.pdf,,high,資料上2回出現
1224,大字田尻1045番地の120,ふじが丘南区212-6,ふじが丘南二丁目,11,16,fujigaoka.pdf,,high,資料上2回出現
1225,大字田尻1045番地の121,ふじが丘南区212-7,ふじが丘南二丁目,11,3,fujigaoka.pdf,,high,
1226,大字田尻1045番地の122,ふじが丘南区212-8,ふじが丘南二丁目,11,4,fujigaoka.pdf,,high,
1227,大字田尻1045番地の123,ふじが丘南区212-9,ふじが丘南二丁目,11,5,fujigaoka.pdf,,high,
1228,大字田尻1045番地の124,ふじが丘南区212-10,ふじが丘南二丁目,11,6,fujigaoka.pdf,,high,
1229,大字田尻1045番地の125,ふじが丘南区212-11,ふじが丘南二丁目,11,7,fujigaoka.pdf,,high,
1230,大字田尻1045番地の126,ふじが丘南区212-12,ふじが丘南二丁目,11,8,fujigaoka.pdf,,high,
1231,大字田尻1045番地の128,ふじが丘南区213-4,ふじが丘南二丁目,10,15,fujigaoka.pdf,,high,資料上2回出現
1232,大字田尻1045番地の129,ふじが丘南区213-5,ふじが丘南二丁目,10,16,fujigaoka.pdf,,high,
1233,大字田尻1045番地の130,ふじが丘南区213-6,ふじが丘南二丁目,10,17,fujigaoka.pdf,,high,
1234,大字田尻南ﾉ迫1045-130,ふじが丘南区213-6,ふじが丘南二丁目,10,17,fujigaoka.pdf,,high,
1235,大字田尻1045番地の140,ふじが丘南区209-4-2,ふじが丘南二丁目,5,5,fujigaoka.pdf,,high,
1236,大字田尻1045番地の141,ふじが丘南区209-4-1,ふじが丘南二丁目,5,4,fujigaoka.pdf,,high,
1237,大字田尻1047番地の6,ふじが丘南区110-15,ふじが丘南一丁目,12,9,fujigaoka.pdf,,high,
1238,大字田尻1047番地の7,ふじが丘南区110-16,ふじが丘南一丁目,12,10,fujigaoka.pdf,,high,資料上2回出現
1239,大字田尻1048番地の2,ふじが丘南区114-4,ふじが丘南一丁目,14,4,fujigaoka.pdf,,high,
1240,大字田尻1048番地の3,ふじが丘南区114-3,ふじが丘南一丁目,14,3,fujigaoka.pdf,,high,
1241,大字田尻1048番地の5,ふじが丘南区114-8 ﾁｪﾘｰｺｰﾄ101,ふじが丘南一丁目,14,10-101,fujigaoka.pdf,,high,
1242,大字田尻1048番地の6,ふじが丘南区114-8,ふじが丘南一丁目,14,10-102,fujigaoka.pdf,,high,資料上2回出現
1243,大字田尻1048番地の5,ふじが丘南区114-8 ﾁｪﾘｰｺｰﾄ103,ふじが丘南一丁目,14,10-103,fujigaoka.pdf,,high,
1244,大字田尻1048番地の5,ふじが丘南区114-8 ﾁｪﾘｰｺｰﾄ105,ふじが丘南一丁目,14,10-105,fujigaoka.pdf,,high,
1245,大字田尻1048番地の5,ふじが丘南区114-8 ﾁｪﾘｰｺｰﾄ201,ふじが丘南一丁目,14,10-201,fujigaoka.pdf,,high,
1246,大字田尻1048番地の5,ふじが丘南区114-8 ﾁｪﾘｰｺｰﾄ202,ふじが丘南一丁目,14,10-202,fujigaoka.pdf,,high,
1247,大字田尻1048番地の5,ふじが丘南区114-8 ﾁｪﾘｰｺｰﾄ203,ふじが丘南一丁目,14,10-203,fujigaoka.pdf,,high,
1248,大字田尻1048番地の5,ふじが丘南区114-8 ﾁｪﾘｰｺｰﾄ205,ふじが丘南一丁目,14,10-205,fujigaoka.pdf,,high,
1249,大字田尻1048番地の5,ふじが丘南区114-8 ﾁｪﾘｰｺｰﾄ301,ふじが丘南一丁目,14,10-301,fujigaoka.pdf,,high,
1250,大字田尻1048番地の5,ふじが丘南区114-8 ﾁｪﾘｰｺｰﾄ302,ふじが丘南一丁目,14,10-302,fujigaoka.pdf,,high,
1251,大字田尻1048番地の5,ふじが丘南区114-8 ﾁｪﾘｰｺｰﾄ303,ふじが丘南一丁目,14,10-303,fujigaoka.pdf,,high,
1252,大字田尻1048番地の5,ふじが丘南区114-8 ﾁｪﾘｰｺｰﾄ305,ふじが丘南一丁目,14,10-305,fujigaoka.pdf,,high,
1253,大字田尻1050番地の5,ふじが丘山手区303-5,ふじが丘山手一丁目,8,1,fujigaoka.pdf,,high,
1254,大字田尻1050番地の6,ふじが丘山手区304-4,ふじが丘山手一丁目,10,13,fujigaoka.pdf,,high,
1255,大字田尻1050番地の7,ふじが丘山手区304-5,ふじが丘山手一丁目,10,14,fujigaoka.pdf,,high,
1256,大字田尻1050番地の8,ふじが丘山手区304-6,ふじが丘山手一丁目,10,3,fujigaoka.pdf,,high,
1257,大字田尻1050番地の9,ふじが丘山手区304-7,ふじが丘山手一丁目,10,4,fujigaoka.pdf,,high,資料上2回出現
1258,大字田尻1050番地の11,ふじが丘山手区305-3,ふじが丘山手一丁目,11,13,fujigaoka.pdf,,high,
1259,大字田尻1050番地の12,ふじが丘山手区305-4,ふじが丘山手一丁目,11,14,fujigaoka.pdf,,high,
1260,大字田尻1050番地の13,ふじが丘山手区305-5,ふじが丘山手一丁目,11,15,fujigaoka.pdf,,high,資料上2回出現
1261,大字田尻1050番地の14,ふじが丘山手区305-6,ふじが丘山手一丁目,11,3,fujigaoka.pdf,,high,資料上2回出現
1262,大字田尻1050番地の15,ふじが丘山手区305-7,ふじが丘山手一丁目,11,4,fujigaoka.pdf,,high,
1263,大字田尻1050番地の16,ふじが丘山手区305-8,ふじが丘山手一丁目,11,5,fujigaoka.pdf,,high,
1264,大字田尻1050番地の19,ふじが丘山手区306-2,ふじが丘山手一丁目,12,11,fujigaoka.pdf,,high,
1265,大字田尻1050番地の27,ふじが丘山手区301-1,ふじが丘山手一丁目,9,1,fujigaoka.pdf,,high,
1266,大字田尻1050番地の28,ふじが丘山手区301-2,ふじが丘山手一丁目,9,3,fujigaoka.pdf,,high,
1267,田尻字明神山北1050番地の28,ふじが丘山手区301B-2,ふじが丘山手一丁目,9,3,fujigaoka.pdf,,high,
1268,大字田尻1050番地の29,ふじが丘山手区301-3,ふじが丘山手一丁目,9,4,fujigaoka.pdf,,high,資料上2回出現
1269,大字田尻1050番地の34,ふじが丘山手区301-15,ふじが丘山手一丁目,9,19,fujigaoka.pdf,,high,資料上4回出現
1270,大字田尻1050番地の35,ふじが丘山手区301-16,ふじが丘山手一丁目,9,20,fujigaoka.pdf,,high,資料上2回出現
1271,大字田尻1050番地の36,ふじが丘山手区115-5,ふじが丘山手一丁目,4,6,fujigaoka.pdf,,high,資料上3回出現
1272,大字田尻1050番地の37,ふじが丘山手区115-6,ふじが丘山手一丁目,4,7,fujigaoka.pdf,,high,
1273,大字田尻1050番地の38,ふじが丘山手区115-7,ふじが丘山手一丁目,4,10,fujigaoka.pdf,,high,
1274,大字田尻1055番地の6,ふじが丘南区114-5,ふじが丘南一丁目,14,5,fujigaoka.pdf,,high,
1275,大字田尻1055番地の7,ふじが丘南区114-6,ふじが丘南一丁目,14,7,fujigaoka.pdf,,high,
1276,大字田尻1055番地の8,ふじが丘南区114-7,ふじが丘南一丁目,14,8,fujigaoka.pdf,,high,
1277,大字田尻1055番地の28,ふじが丘南区220-1,ふじが丘南二丁目,15,18,fujigaoka.pdf,,high,
1278,大字田尻1055番地の32,ふじが丘南区213-1,ふじが丘南二丁目,10,12,fujigaoka.pdf,,high,
1279,大字田尻1055番地の33,ふじが丘南区213-2,ふじが丘南二丁目,10,13,fujigaoka.pdf,,high,
1280,大字田尻1055番地の34,ふじが丘南区213-3,ふじが丘南二丁目,10,14,fujigaoka.pdf,,high,
1281,大字田尻1055番地の37,ふじが丘南区213-8,ふじが丘南二丁目,10,5,fujigaoka.pdf,,high,資料上2回出現
1282,大字田尻1055番地の38,ふじが丘南区213-9,ふじが丘南二丁目,10,6,fujigaoka.pdf,,high,
1283,大字田尻1055番地の39,ふじが丘南区213-10,ふじが丘南二丁目,10,7,fujigaoka.pdf,,high,
1284,大字田尻1055番地の40,ふじが丘南区213-11,ふじが丘南二丁目,10,8,fujigaoka.pdf,,high,
1285,大字田尻1055番地の41,ふじが丘南区213-12,ふじが丘南二丁目,10,9,fujigaoka.pdf,,high,
1286,大字田尻1055番地の43,ふじが丘南区214-1,ふじが丘南二丁目,8,8,fujigaoka.pdf,,high,
1287,大字田尻1055番地の44,ふじが丘南区214-2,ふじが丘南二丁目,8,9,fujigaoka.pdf,,high,
1288,大字田尻1055番地の45,ふじが丘南区214-3,ふじが丘南二丁目,8,1,fujigaoka.pdf,,high,
1289,大字田尻1055番地の46,ふじが丘南区214-4,ふじが丘南二丁目,8,2,fujigaoka.pdf,,high,
1290,大字田尻1055番地の47,ふじが丘南区214-5,ふじが丘南二丁目,8,4,fujigaoka.pdf,,high,
1291,大字田尻1055番地の48,ふじが丘南区214-6,ふじが丘南二丁目,8,5,fujigaoka.pdf,,high,
1292,大字田尻1055番地の51,ふじが丘南区215-4,ふじが丘南二丁目,7,15,fujigaoka.pdf,,high,
1293,大字田尻1055番地の52,ふじが丘南区215-5,ふじが丘南二丁目,7,16,fujigaoka.pdf,,high,
1294,大字田尻1055番地の53,ふじが丘南区215-6,ふじが丘南二丁目,7,1,fujigaoka.pdf,,high,
1295,大字田尻1055番地の54,ふじが丘南区215-7,ふじが丘南二丁目,7,4,fujigaoka.pdf,,high,
1296,大字田尻1055番地の55,ふじが丘南区215-8,ふじが丘南二丁目,7,5,fujigaoka.pdf,,high,
1297,大字田尻1055番地の61,ふじが丘南区208-4,ふじが丘南二丁目,6,4,fujigaoka.pdf,,high,資料上2回出現
1298,大字田尻1055番地の62,ふじが丘南区208-5,ふじが丘南二丁目,6,5,fujigaoka.pdf,,high,
1299,大字田尻1055番地の63,ふじが丘南区208-6,ふじが丘南二丁目,6,6,fujigaoka.pdf,,high,
1300,大字田尻1055番地の64,ふじが丘南区208-7,ふじが丘南二丁目,6,7,fujigaoka.pdf,,high,
1301,大字田尻1055番地の65,ふじが丘南区208-8,ふじが丘南二丁目,6,10,fujigaoka.pdf,,high,
1302,大字田尻1055番地の67,ふじが丘南区208-10,ふじが丘南二丁目,6,12,fujigaoka.pdf,,high,
1303,大字田尻1055番地の68,ふじが丘南区208-11,ふじが丘南二丁目,6,13,fujigaoka.pdf,,high,
1304,大字田尻1055番地の69,ふじが丘南区208-12,ふじが丘南二丁目,6,14,fujigaoka.pdf,,high,
1305,大字田尻1055番地の91,ふじが丘南区206-2,ふじが丘南三丁目,4,2,fujigaoka.pdf,,high,
1306,大字田尻1055番地の94,ふじが丘南区206-15,ふじが丘南三丁目,4,17,fujigaoka.pdf,,high,資料上2回出現
1307,大字田尻1055番地の95,ふじが丘南区206-16,ふじが丘南三丁目,4,19,fujigaoka.pdf,,high,
1308,大字田尻1055番地の96,ふじが丘南区207-1,ふじが丘南三丁目,6,18,fujigaoka.pdf,,high,
1309,大字田尻1055番地の97,ふじが丘南区207-14,ふじが丘南三丁目,6,17,fujigaoka.pdf,,high,
1310,大字田尻1055番地の101,ふじが丘南区221-2,ふじが丘南二丁目,14,2,fujigaoka.pdf,,high,
1311,大字田尻1055番地の102,ふじが丘南区221-3,ふじが丘南二丁目,14,3,fujigaoka.pdf,,high,
1312,大字田尻1055番地の103,ふじが丘南区221-4,ふじが丘南二丁目,14,4,fujigaoka.pdf,,high,
1313,大字田尻1055番地の105,ふじが丘南区221-5,ふじが丘南二丁目,14,5,fujigaoka.pdf,,high,
1314,大字田尻1055番地の106,ふじが丘南区221-6,ふじが丘南二丁目,14,6,fujigaoka.pdf,,high,資料上2回出現
1315,大字田尻1055番地の108,ふじが丘南区221-7,ふじが丘南二丁目,14,9,fujigaoka.pdf,,high,資料上2回出現
1316,大字田尻1055番地の109,ふじが丘南区221-8,ふじが丘南二丁目,14,10,fujigaoka.pdf,,high,
1317,大字田尻1055番地の110,ふじが丘南区221-9,ふじが丘南二丁目,14,11,fujigaoka.pdf,,high,
1318,大字田尻1055番地の112,ふじが丘南区221-10,ふじが丘南二丁目,14,12,fujigaoka.pdf,,high,
1319,大字田尻1055番地の113,ふじが丘南区221-11,ふじが丘南二丁目,14,13,fujigaoka.pdf,,high,
1320,大字田尻字明神山北1055番115,ふじが丘南区221-1,ふじが丘南二丁目,14,14,fujigaoka.pdf,,high,資料上2回出現
1321,大字田尻1055番地の117,ふじが丘南区220-2,ふじが丘南二丁目,15,2,fujigaoka.pdf,,high,
1322,大字田尻1055番地の119,ふじが丘南区220-3,ふじが丘南二丁目,15,3,fujigaoka.pdf,,high,
1323,大字田尻1055番地の122,ふじが丘南区220-12,ふじが丘南二丁目,15,14,fujigaoka.pdf,,high,
1324,大字田尻1055番地の123,ふじが丘南区220-13,ふじが丘南二丁目,15,15,fujigaoka.pdf,,high,
1325,大字田尻1055番地の124,ふじが丘南区220-14,ふじが丘南二丁目,15,16,fujigaoka.pdf,,high,
1326,大字田尻1065番地の3,ふじが丘南区202-9,ふじが丘南二丁目,4,12,fujigaoka.pdf,,high,
1327,大字田尻1065番地の6,ふじが丘南区203-2,ふじが丘南二丁目,3,15,fujigaoka.pdf,,high,
1328,大字田尻1065番地の8,ふじが丘南区203-5,ふじが丘南二丁目,3,3,fujigaoka.pdf,,high,
1329,大字田尻1065番地の9,ふじが丘南区203-6,ふじが丘南二丁目,3,4,fujigaoka.pdf,,high,
1330,大字田尻1065番地の10,ふじが丘南区203-7,ふじが丘南二丁目,3,6,fujigaoka.pdf,,high,
1331,大字田尻1065番地の11,ふじが丘南区203-8,ふじが丘南二丁目,3,7,fujigaoka.pdf,,high,
1332,大字田尻1065番地の12,ふじが丘南区203-9,ふじが丘南二丁目,3,8,fujigaoka.pdf,,high,資料上2回出現
1333,大字田尻1065番地の15,ふじが丘南区203-11,ふじが丘南二丁目,3,11,fujigaoka.pdf,,high,
1334,大字田尻1065番地の16,ふじが丘南区203-12,ふじが丘南二丁目,3,12,fujigaoka.pdf,,high,
1335,大字田尻1065番地の17,ふじが丘南区203-1,ふじが丘南二丁目,3,13,fujigaoka.pdf,,high,
1336,大字田尻1065番地の32,ふじが丘南区204-1,ふじが丘南三丁目,1,5,fujigaoka.pdf,,high,
1337,大字田尻1065番地の34,ふじが丘南区204-3,ふじが丘南三丁目,1,3,fujigaoka.pdf,,high,
1338,大字田尻1065番地の37,ふじが丘南区204-8,ふじが丘南三丁目,2,4,fujigaoka.pdf,,high,
1339,大字田尻1065番地の38,ふじが丘南区204-9,ふじが丘南三丁目,2,5,fujigaoka.pdf,,high,
1340,大字田尻1065番地の39,ふじが丘南区204-10,ふじが丘南三丁目,3,5,fujigaoka.pdf,,high,資料上2回出現
1341,大字田尻1065番地の41,ふじが丘南区205-2,ふじが丘南三丁目,3,12,fujigaoka.pdf,,high,
1342,大字田尻1065番地の42,ふじが丘南区205-3,ふじが丘南三丁目,3,1,fujigaoka.pdf,,high,
1343,大字田尻1065番地の43,ふじが丘南区205-4-1,ふじが丘南三丁目,3,2,fujigaoka.pdf,,high,資料上2回出現
1344,大字田尻1065番地の44,ふじが丘南区205-5,ふじが丘南三丁目,3,4,fujigaoka.pdf,,high,資料上2回出現
1345,大字田尻1065番地の46,ふじが丘南区205-7,ふじが丘南三丁目,3,8,fujigaoka.pdf,,high,
1346,大字田尻1065番地の47,ふじが丘南区205-8,ふじが丘南三丁目,3,9,fujigaoka.pdf,,high,
1347,大字田尻1065番地の48,ふじが丘南区206-1,ふじが丘南三丁目,4,20,fujigaoka.pdf,,high,
1348,大字田尻1065番地の50,ふじが丘南区206-3,ふじが丘南三丁目,4,3,fujigaoka.pdf,,high,
1349,大字田尻1065番地の52,ふじが丘南区206-13,ふじが丘南三丁目,4,15,fujigaoka.pdf,,high,
1350,大字田尻1065番地の55,ふじが丘南区205-4-2,ふじが丘南三丁目,3,3,fujigaoka.pdf,,high,
1351,大字田尻1077番地の8,ふじが丘南区220-7,ふじが丘南二丁目,15,8,fujigaoka.pdf,,high,資料上2回出現
1352,大字田尻1077番地の10,ふじが丘南区220-8,ふじが丘南二丁目,15,10,fujigaoka.pdf,,high,資料上2回出現
1353,大字田尻1077番地の11,ふじが丘南区220-9,ふじが丘南二丁目,15,11,fujigaoka.pdf,,high,資料上2回出現
1354,大字田尻1077番地の19,ふじが丘山手区310-7,ふじが丘山手二丁目,3,3,fujigaoka.pdf,,high,
1355,大字田尻1077番地の20,ふじが丘山手区310-8,ふじが丘山手二丁目,3,4,fujigaoka.pdf,,high,
1356,大字田尻1077番地の23,ふじが丘山手区311-1,ふじが丘山手二丁目,4,8,fujigaoka.pdf,,high,
1357,大字田尻1077番地の24,ふじが丘山手区311-2,ふじが丘山手二丁目,4,9,fujigaoka.pdf,,high,資料上2回出現
1358,大字田尻1077番地の25,ふじが丘山手区311-3,ふじが丘山手二丁目,4,3,fujigaoka.pdf,,high,
1359,大字田尻1077番地の26,ふじが丘山手区311-4,ふじが丘山手二丁目,4,4,fujigaoka.pdf,,high,
1360,大字田尻1077番地の27,ふじが丘山手区312-1,ふじが丘山手二丁目,6,11,fujigaoka.pdf,,high,
1361,大字田尻1077番地の28,ふじが丘山手区312-2,ふじが丘山手二丁目,6,12,fujigaoka.pdf,,high,
1362,大字田尻1077番地の29,ふじが丘山手区312-3,ふじが丘山手二丁目,6,13,fujigaoka.pdf,,high,
1363,大字田尻1077番地の30,ふじが丘山手区312-4,ふじが丘山手二丁目,6,14,fujigaoka.pdf,,high,
1364,大字田尻1077番地の31,ふじが丘山手区312-5,ふじが丘山手二丁目,6,15,fujigaoka.pdf,,high,
1365,大字田尻1077番地の32,ふじが丘山手区312-6,ふじが丘山手二丁目,6,16,fujigaoka.pdf,,high,
1366,大字田尻1077番地の33,ふじが丘山手区312-7,ふじが丘山手二丁目,6,3,fujigaoka.pdf,,high,
1367,大字田尻1077番地の34,ふじが丘山手区312-8,ふじが丘山手二丁目,6,4,fujigaoka.pdf,,high,
1368,大字田尻1077番地の35,ふじが丘山手区312-9,ふじが丘山手二丁目,6,5,fujigaoka.pdf,,high,
1369,大字田尻1077番地の36,ふじが丘山手区312-10,ふじが丘山手二丁目,6,6,fujigaoka.pdf,,high,
1370,大字田尻1077番地の37,ふじが丘山手区312-11,ふじが丘山手二丁目,6,7,fujigaoka.pdf,,high,資料上2回出現
1371,大字田尻1077番地の38,ふじが丘山手区312-12,ふじが丘山手二丁目,6,8,fujigaoka.pdf,,high,
1372,大字田尻1077番地の39,ふじが丘山手区313-1,ふじが丘山手二丁目,7,11,fujigaoka.pdf,,high,
1373,大字田尻1077番地の40,ふじが丘山手区313-2,ふじが丘山手二丁目,7,13,fujigaoka.pdf,,high,
1374,大字田尻1077番地の41,ふじが丘山手区313-3,ふじが丘山手二丁目,7,14,fujigaoka.pdf,,high,
1375,大字田尻1077番地の42,ふじが丘山手区313-4,ふじが丘山手二丁目,7,15,fujigaoka.pdf,,high,
1376,大字田尻1077番地の43,ふじが丘山手区313-5,ふじが丘山手二丁目,7,16,fujigaoka.pdf,,high,資料上2回出現
1377,大字田尻1077番地の44,ふじが丘山手区313-6,ふじが丘山手二丁目,7,18,fujigaoka.pdf,,high,
1378,大字田尻1077番地の45,ふじが丘山手区313-7,ふじが丘山手二丁目,7,3,fujigaoka.pdf,,high,
1379,大字田尻1077番地の46,ふじが丘山手区313-8,ふじが丘山手二丁目,7,5,fujigaoka.pdf,,high,
1380,大字田尻1077番地の47,ふじが丘山手区313-9,ふじが丘山手二丁目,7,6,fujigaoka.pdf,,high,資料上2回出現
1381,大字田尻1077番地の47,,ふじが丘山手二丁目,7,6,fujigaoka.pdf,,high,資料上通称の記載なし
1382,大字田尻1077番地の48,ふじが丘山手区313-10,ふじが丘山手二丁目,7,7,fujigaoka.pdf,,high,
1383,大字田尻1077番地の49,ふじが丘山手区313-11,ふじが丘山手二丁目,7,8,fujigaoka.pdf,,high,
1384,大字田尻1077番地の50,ふじが丘山手区313-12,ふじが丘山手二丁目,7,10,fujigaoka.pdf,,high,
1385,大字田尻1077番地の51,ふじが丘山手区314-1,ふじが丘山手二丁目,8,7,fujigaoka.pdf,,high,
1386,大字田尻1077番地の52,ふじが丘山手区314-2,ふじが丘山手二丁目,8,6,fujigaoka.pdf,,high,
1387,大字田尻1077番地の53,ふじが丘山手区314-3,ふじが丘山手二丁目,8,5,fujigaoka.pdf,,high,
1388,大字田尻1077番地の54,ふじが丘山手区314-4,ふじが丘山手二丁目,8,4,fujigaoka.pdf,,high,資料上2回出現
1389,大字田尻1077番地の55,ふじが丘山手区314-5,ふじが丘山手二丁目,8,3,fujigaoka.pdf,,high,
1390,大字田尻1077番地の56,ふじが丘山手区314-6,ふじが丘山手二丁目,8,2,fujigaoka.pdf,,high,
1391,大字田尻1077番地の57,ふじが丘山手区314-7,ふじが丘山手二丁目,8,1,fujigaoka.pdf,,high,
1392,大字田尻1077番地の58,ふじが丘山手区315-8,ふじが丘山手二丁目,9,8,fujigaoka.pdf,,high,
1393,大字田尻1077番地の59,ふじが丘山手区315-9,ふじが丘山手二丁目,9,9,fujigaoka.pdf,,high,資料上2回出現
1394,大字田尻1077番地の60,ふじが丘山手区315-10,ふじが丘山手二丁目,9,10,fujigaoka.pdf,,high,
1395,大字田尻1077番地の61,ふじが丘山手区315-11,ふじが丘山手二丁目,9,11,fujigaoka.pdf,,high,
1396,大字田尻1077番地の62,ふじが丘山手区315-12,ふじが丘山手二丁目,9,14,fujigaoka.pdf,,high,
1397,大字田尻1077番地の63,ふじが丘山手区315-13,ふじが丘山手二丁目,9,15,fujigaoka.pdf,,high,
1398,大字田尻1077番地の64,ふじが丘山手区315-14,ふじが丘山手二丁目,9,17,fujigaoka.pdf,,high,
1399,大字田尻1077番地の76,ふじが丘山手区406-1,ふじが丘山手二丁目,16,22,fujigaoka.pdf,,high,
1400,大字田尻1077-78,ふじが丘山手区302-6,ふじが丘山手二丁目,1,9,fujigaoka.pdf,,high,
1401,大字田尻1077番地の78,ふじが丘山手区302-6,ふじが丘山手二丁目,1,10,fujigaoka.pdf,,high,
1402,大字田尻1077番地の79,ふじが丘山手区302-7,ふじが丘山手二丁目,1,11,fujigaoka.pdf,,high,
1403,大字田尻1077番地の80,ふじが丘山手区302-8,ふじが丘山手二丁目,1,12,fujigaoka.pdf,,high,資料上2回出現
1404,大字田尻1077番地の83,ふじが丘山手区302-9,ふじが丘山手二丁目,1,15,fujigaoka.pdf,,high,
1405,大字田尻1077番地の84,ふじが丘山手区302-10,ふじが丘山手二丁目,1,16,fujigaoka.pdf,,high,
1406,大字田尻1077番地の87,ふじが丘山手区302-2,ふじが丘山手二丁目,1,5,fujigaoka.pdf,,high,資料上2回出現
1407,大字田尻1077番地の88,ふじが丘山手区302-3,ふじが丘山手二丁目,1,6,fujigaoka.pdf,,high,
1408,大字田尻1077番地の89,ふじが丘山手区302-4,ふじが丘山手二丁目,1,7,fujigaoka.pdf,,high,
1409,大字田尻1077番地の90,ふじが丘山手区302-5,ふじが丘山手二丁目,1,8,fujigaoka.pdf,,high,
1410,大字田尻1077番地の92,ふじが丘山手区302-12,ふじが丘山手二丁目,1,19,fujigaoka.pdf,,high,
1411,大字田尻1077番地の93,ふじが丘山手区302-13,ふじが丘山手二丁目,1,20,fujigaoka.pdf,,high,資料上2回出現
1412,大字田尻1077番地の94,ふじが丘山手区302-14,ふじが丘山手二丁目,1,21,fujigaoka.pdf,,high,
1413,大字田尻1077番地の95,ふじが丘山手区302-15,ふじが丘山手二丁目,1,22,fujigaoka.pdf,,high,
1414,大字田尻1077番地の103,ふじが丘山手区408-1,ふじが丘山手二丁目,11,6,fujigaoka.pdf,,high,
1415,大字田尻1077番地の104,ふじが丘山手区408-2,ふじが丘山手二丁目,11,5,fujigaoka.pdf,,high,
1416,大字田尻1077番地の105,ふじが丘山手区408-3,ふじが丘山手二丁目,11,4,fujigaoka.pdf,,high,
1417,大字田尻1077番地の106,ふじが丘山手区408-4,ふじが丘山手二丁目,11,3,fujigaoka.pdf,,high,
1418,大字田尻1077番地の107,ふじが丘山手区408-5,ふじが丘山手二丁目,11,2,fujigaoka.pdf,,high,資料上2回出現
1419,大字田尻1077番地の108,ふじが丘山手区408-6,ふじが丘山手二丁目,11,1,fujigaoka.pdf,,high,
1420,大字田尻1077番地の111,ふじが丘山手区409-3,ふじが丘山手二丁目,12,13,fujigaoka.pdf,,high,
1421,大字田尻1077番地の114,ふじが丘山手区418-1,ふじが丘山手二丁目,10,1,fujigaoka.pdf,,high,
1422,大字田尻1077番地の117,ふじが丘山手区418-18,ふじが丘山手二丁目,10,20,fujigaoka.pdf,,high,
1423,大字田尻1077番地の118,ふじが丘山手区418-19,ふじが丘山手二丁目,10,21,fujigaoka.pdf,,high,
1424,大字田尻1080番地の5,ふじが丘山手区406-16,ふじが丘山手二丁目,16,20,fujigaoka.pdf,,high,
1425,大字田尻1084番地の7,ふじが丘山手区302-11,ふじが丘山手二丁目,1,17,fujigaoka.pdf,,high,
1426,大字田尻1090番地の4,ふじが丘山手区419-3,ふじが丘山手三丁目,3,3,fujigaoka.pdf,,high,
1427,大字田尻1095番地の5,ふじが丘南区215-12,ふじが丘南二丁目,7,9,fujigaoka.pdf,,high,
1428,大字田尻1095番地の8,ふじが丘南区216-2,ふじが丘南三丁目,7,13,fujigaoka.pdf,,high,資料上2回出現
1429,大字田尻1095番地の9,ふじが丘南区216-3,ふじが丘南三丁目,7,14,fujigaoka.pdf,,high,
1430,大字田尻1095番地の11,ふじが丘南区216-10,ふじが丘南三丁目,7,7,fujigaoka.pdf,,high,
1431,大字田尻1095番地の12,ふじが丘南区216-11,ふじが丘南三丁目,7,8,fujigaoka.pdf,,high,
1432,大字田尻1095番地の13,ふじが丘南区216-12,ふじが丘南三丁目,7,9,fujigaoka.pdf,,high,
1433,大字田尻1095番地の14,ふじが丘南区217-1,ふじが丘南三丁目,8,11,fujigaoka.pdf,,high,
1434,大字田尻1095番地の15,ふじが丘南区217-2,ふじが丘南三丁目,8,12,fujigaoka.pdf,,high,
1435,大字田尻1095番地の16,ふじが丘南区217-3,ふじが丘南三丁目,8,13,fujigaoka.pdf,,high,
1436,大字田尻1095番地の17,ふじが丘南区217-4,ふじが丘南三丁目,8,14,fujigaoka.pdf,,high,資料上2回出現
1437,大字田尻1095番地の18,ふじが丘南区217-5,ふじが丘南三丁目,8,15,fujigaoka.pdf,,high,
1438,大字田尻1095番地の20,ふじが丘南区217-8,ふじが丘南三丁目,8,4,fujigaoka.pdf,,high,資料上3回出現
1439,大字田尻1095番地の21,ふじが丘南区217-9,ふじが丘南三丁目,8,5,fujigaoka.pdf,,high,
1440,大字田尻1095番地の22,ふじが丘南区217-10,ふじが丘南三丁目,8,6,fujigaoka.pdf,,high,
1441,大字田尻1095番地の23,ふじが丘南区217-11,ふじが丘南三丁目,8,7,fujigaoka.pdf,,high,
1442,大字田尻1095番地の24,ふじが丘南区217-12,ふじが丘南三丁目,8,8,fujigaoka.pdf,,high,
1443,大字田尻1095番地の25,ふじが丘南区218-1,ふじが丘南三丁目,9,11,fujigaoka.pdf,,high,資料上2回出現
1444,大字田尻1095番地の26,ふじが丘南区218-2,ふじが丘南三丁目,9,13,fujigaoka.pdf,,high,
1445,大字田尻1095番地の27,ふじが丘南区218-3,ふじが丘南三丁目,9,14,fujigaoka.pdf,,high,
1446,大字田尻1095番地の28,ふじが丘南区218-4,ふじが丘南三丁目,9,15,fujigaoka.pdf,,high,
1447,大字田尻1095番地の29,ふじが丘南区218-5,ふじが丘南三丁目,9,16,fujigaoka.pdf,,high,
1448,大字田尻1095番地の30,ふじが丘南区218-6,ふじが丘南三丁目,9,17,fujigaoka.pdf,,high,
1449,大字田尻1095番地の31,ふじが丘南区218-7,ふじが丘南三丁目,9,3,fujigaoka.pdf,,high,
1450,大字田尻1095番地の32,ふじが丘南区218-8,ふじが丘南三丁目,9,5,fujigaoka.pdf,,high,
1451,大字田尻1095番地の33,ふじが丘南区218-9,ふじが丘南三丁目,9,6,fujigaoka.pdf,,high,
1452,大字田尻1095番地の34,ふじが丘南区218-10,ふじが丘南三丁目,9,7,fujigaoka.pdf,,high,
1453,大字田尻1095番地の35,ふじが丘南区218-11,ふじが丘南三丁目,9,8,fujigaoka.pdf,,high,資料上2回出現
1454,大字田尻1095番地の36,ふじが丘南区218-12,ふじが丘南三丁目,9,10,fujigaoka.pdf,,high,
1455,大字田尻1095番地の37,ふじが丘南区219-1,ふじが丘南三丁目,14,18,fujigaoka.pdf,,high,
1456,大字田尻1095番地の39,ふじが丘南区401-1,ふじが丘南三丁目,5,8,fujigaoka.pdf,,high,
1457,大字田尻1095番地の40,ふじが丘南区401-2,ふじが丘南三丁目,5,10,fujigaoka.pdf,,high,資料上2回出現
1458,大字田尻1095番地の41,ふじが丘南区401-3,ふじが丘南三丁目,5,2,fujigaoka.pdf,,high,資料上2回出現
1459,大字田尻1095番地の42,ふじが丘南区401-4,ふじが丘南三丁目,5,4,fujigaoka.pdf,,high,
1460,大字田尻1095番地の43,ふじが丘南区401-5,ふじが丘南三丁目,5,7,fujigaoka.pdf,,high,
1461,大字田尻1095番地の44,ふじが丘南区402-1,ふじが丘南三丁目,10,11,fujigaoka.pdf,,high,
1462,大字田尻1095番地の45,ふじが丘南区402-2,ふじが丘南三丁目,10,12,fujigaoka.pdf,,high,
1463,大字田尻1095番地の46,ふじが丘南区402-3,ふじが丘南三丁目,10,13,fujigaoka.pdf,,high,資料上2回出現
1464,大字田尻1095番地の47,ふじが丘南区402-4,ふじが丘南三丁目,10,14,fujigaoka.pdf,,high,
1465,大字田尻1095番地の48,ふじが丘南区402-5,ふじが丘南三丁目,10,15,fujigaoka.pdf,,high,
1466,大字田尻1095番地の49,ふじが丘南区402-6,ふじが丘南三丁目,10,16,fujigaoka.pdf,,high,
1467,大字田尻1095番地の50,ふじが丘南区402-7,ふじが丘南三丁目,10,3,fujigaoka.pdf,,high,
1468,大字田尻1095番地の51,ふじが丘南区402-8,ふじが丘南三丁目,10,4,fujigaoka.pdf,,high,
1469,大字田尻1095番地の52,ふじが丘南区402-9,ふじが丘南三丁目,10,5,fujigaoka.pdf,,high,
1470,大字田尻1095番地の53,ふじが丘南区402-10,ふじが丘南三丁目,10,6,fujigaoka.pdf,,high,
1471,大字田尻1095番地の54,ふじが丘南区402-11,ふじが丘南三丁目,10,7,fujigaoka.pdf,,high,
1472,大字田尻1095番地の55,ふじが丘南区402-12,ふじが丘南三丁目,10,8,fujigaoka.pdf,,high,資料上2回出現
1473,大字田尻1095番地の56,ふじが丘南区403-1,ふじが丘南三丁目,11,11,fujigaoka.pdf,,high,
1474,大字田尻1095番地の57,ふじが丘南区403-2,ふじが丘南三丁目,11,12,fujigaoka.pdf,,high,
1475,大字田尻1095番地の58,ふじが丘南区403-3,ふじが丘南三丁目,11,13,fujigaoka.pdf,,high,
1476,大字田尻1095番地の59,ふじが丘南区403-4,ふじが丘南三丁目,11,14,fujigaoka.pdf,,high,
1477,大字田尻1095番地の60,ふじが丘南区403-5,ふじが丘南三丁目,11,15,fujigaoka.pdf,,high,
1478,大字田尻1095番地の61,ふじが丘南区403-6,ふじが丘南三丁目,11,16,fujigaoka.pdf,,high,
1479,大字田尻1095番地の62,ふじが丘南区403-7,ふじが丘南三丁目,11,2,fujigaoka.pdf,,high,
1480,大字田尻1095番地の63,ふじが丘南区403-8,ふじが丘南三丁目,11,4,fujigaoka.pdf,,high,
1481,大字田尻1095番地の64,ふじが丘南区403-9,ふじが丘南三丁目,11,5,fujigaoka.pdf,,high,
1482,大字田尻1095番地の65,ふじが丘南区403-10,ふじが丘南三丁目,11,6,fujigaoka.pdf,,high,
1483,大字田尻1095番地の66,ふじが丘南区403-11,ふじが丘南三丁目,11,7,fujigaoka.pdf,,high,
1484,大字田尻1095番地の68,ふじが丘南区404-1,ふじが丘南三丁目,12,6,fujigaoka.pdf,,high,
1485,大字田尻1095番地の69,ふじが丘南区404-3,ふじが丘南三丁目,12,4,fujigaoka.pdf,,high,
1486,大字田尻1095番地の70,ふじが丘南区404-5,ふじが丘南三丁目,12,3,fujigaoka.pdf,,high,
1487,大字田尻1095番地の71,ふじが丘南区404-6,ふじが丘南三丁目,12,2,fujigaoka.pdf,,high,資料上2回出現
1488,大字田尻1095番地の72,ふじが丘南区404-7,ふじが丘南三丁目,12,1,fujigaoka.pdf,,high,
1489,大字田尻1095番地の73,ふじが丘南区405-1,ふじが丘南三丁目,13,17,fujigaoka.pdf,,high,資料上2回出現
1490,大字田尻1095番地の76,ふじが丘南区219-2,ふじが丘南三丁目,14,2,fujigaoka.pdf,,high,
1491,大字田尻1095番地の77,ふじが丘南区219-3,ふじが丘南三丁目,14,3,fujigaoka.pdf,,high,
1492,大字田尻1095番地の78,ふじが丘南区219-4,ふじが丘南三丁目,14,4,fujigaoka.pdf,,high,
1493,大字田尻1095番地の79,ふじが丘南区219-5,ふじが丘南三丁目,14,5,fujigaoka.pdf,,high,
1494,大字田尻1095番地の80,ふじが丘南区219-6,ふじが丘南三丁目,14,6,fujigaoka.pdf,,high,
1495,大字田尻1095番地の81,ふじが丘南区219-7,ふじが丘南三丁目,14,10,fujigaoka.pdf,,high,
1496,大字田尻1095番地の82,ふじが丘南区219-8,ふじが丘南三丁目,14,11,fujigaoka.pdf,,high,
1497,大字田尻1095番地の83,ふじが丘南区219-9,ふじが丘南三丁目,14,12,fujigaoka.pdf,,high,
1498,大字田尻1095番地の86,ふじが丘南区219-11,ふじが丘南三丁目,14,14,fujigaoka.pdf,,high,
1499,大字田尻1095番地の87,ふじが丘南区219-12,ふじが丘南三丁目,14,16,fujigaoka.pdf,,high,
1500,大字田尻1095番地の89,ふじが丘南区405-2,ふじが丘南三丁目,13,2,fujigaoka.pdf,,high,資料上2回出現
1501,大字田尻1095番地の92,ふじが丘南区405-12,ふじが丘南三丁目,13,14,fujigaoka.pdf,,high,資料上2回出現
1502,大字田尻1100番地の6,ふじが丘南区215-1,ふじが丘南二丁目,7,12,fujigaoka.pdf,,high,
1503,大字田尻1100番地の7,ふじが丘南区215-2,ふじが丘南二丁目,7,13,fujigaoka.pdf,,high,
1504,大字田尻1100番地の8,ふじが丘南区215-3,ふじが丘南二丁目,7,14,fujigaoka.pdf,,high,
1505,大字田尻1100番地の10,ふじが丘南区215-9,ふじが丘南二丁目,7,6,fujigaoka.pdf,,high,資料上2回出現
1506,大字田尻1100番地の11,ふじが丘南区215-10,ふじが丘南二丁目,7,7,fujigaoka.pdf,,high,
1507,大字田尻1100番地の12,ふじが丘南区215-11,ふじが丘南二丁目,7,8,fujigaoka.pdf,,high,
1508,大字田尻1100番地の15,ふじが丘南区205-6,ふじが丘南三丁目,3,7,fujigaoka.pdf,,high,
1509,大字田尻1100番地の16,ふじが丘南区204-11,ふじが丘南三丁目,3,6,fujigaoka.pdf,,high,
1510,大字田尻1100番地の17,ふじが丘南区206-4,ふじが丘南三丁目,4,4,fujigaoka.pdf,,high,
1511,大字田尻1100番地の18,ふじが丘南区206-5,ふじが丘南三丁目,4,5,fujigaoka.pdf,,high,
1512,大字田尻1100番地の19,ふじが丘南区206-6,ふじが丘南三丁目,4,6,fujigaoka.pdf,,high,
1513,大字田尻1100番地の20,ふじが丘南区206-7,ふじが丘南三丁目,4,7,fujigaoka.pdf,,high,
1514,大字田尻1100番地の21,ふじが丘南区206-8,ふじが丘南三丁目,4,9,fujigaoka.pdf,,high,
1515,大字田尻1100番地の22,ふじが丘南区206-9,ふじが丘南三丁目,4,10,fujigaoka.pdf,,high,
1516,大字田尻1100番地の23,ふじが丘南区206-10,ふじが丘南三丁目,4,12,fujigaoka.pdf,,high,
1517,大字田尻1100番地の24,ふじが丘南区206-11,ふじが丘南三丁目,4,13,fujigaoka.pdf,,high,
1518,大字田尻1100番地の27,ふじが丘南区206-14,ふじが丘南三丁目,4,16,fujigaoka.pdf,,high,
1519,大字田尻1100番地の30,ふじが丘南区207-2,ふじが丘南三丁目,6,2,fujigaoka.pdf,,high,
1520,大字田尻1100番地の31,ふじが丘南区207-3,ふじが丘南三丁目,6,3,fujigaoka.pdf,,high,
1521,大字田尻1100番地の32,ふじが丘南区207-4,ふじが丘南三丁目,6,4,fujigaoka.pdf,,high,
1522,大字田尻1100番地の33,ふじが丘南区207-5,ふじが丘南三丁目,6,5,fujigaoka.pdf,,high,
1523,大字田尻1100番地の34,ふじが丘南区207-6,ふじが丘南三丁目,6,6,fujigaoka.pdf,,high,
1524,大字田尻1100番地の35,ふじが丘南区207-7,ふじが丘南三丁目,6,7,fujigaoka.pdf,,high,
1525,大字田尻1100番地の36,ふじが丘南区207-8,ふじが丘南三丁目,6,10,fujigaoka.pdf,,high,資料上2回出現
1526,大字田尻1100番地の37,ふじが丘南区207-9,ふじが丘南三丁目,6,11,fujigaoka.pdf,,high,資料上2回出現
1527,大字田尻1100番地の38,ふじが丘南区207-10,ふじが丘南三丁目,6,12,fujigaoka.pdf,,high,
1528,大字田尻1100番地の39,ふじが丘南区207-11,ふじが丘南三丁目,6,13,fujigaoka.pdf,,high,
1529,大字田尻1100番地の40,ふじが丘南区207-12,ふじが丘南三丁目,6,14,fujigaoka.pdf,,high,
1530,大字田尻1100番地の41,ふじが丘南区207-13,ふじが丘南三丁目,6,15,fujigaoka.pdf,,high,
1531,大字田尻1100番地の47,ふじが丘南区216-4,ふじが丘南三丁目,7,15,fujigaoka.pdf,,high,
1532,大字田尻1100番地の48,ふじが丘南区216-5,ふじが丘南三丁目,7,16,fujigaoka.pdf,,high,資料上2回出現
1533,大字田尻1100番地の49,ふじが丘南区216-6,ふじが丘南三丁目,7,17,fujigaoka.pdf,,high,
1534,大字田尻1100番地の51,ふじが丘南区216-8,ふじが丘南三丁目,7,5,fujigaoka.pdf,,high,
1535,大字田尻1100番地の52,ふじが丘南区216-9,ふじが丘南三丁目,7,6,fujigaoka.pdf,,high,
1536,大字田尻1100番地の54,ふじが丘南区217-6,ふじが丘南三丁目,8,16,fujigaoka.pdf,,high,資料上2回出現
1537,大字田尻1100番地の55,ふじが丘南区217-7,ふじが丘南三丁目,8,2,fujigaoka.pdf,,high,
1538,大字田尻1100番地の60,ふじが丘南区220-5,ふじが丘南二丁目,15,5,fujigaoka.pdf,,high,
1539,大字田尻1100番地の62,ふじが丘南区220-6,ふじが丘南二丁目,15,6,fujigaoka.pdf,,high,
1540,大字田尻1100番地の64,ふじが丘南区220-10,ふじが丘南二丁目,15,12,fujigaoka.pdf,,high,
1541,大字田尻1100番地の65,ふじが丘南区220-11,ふじが丘南二丁目,15,13,fujigaoka.pdf,,high,資料上2回出現
1542,大字田尻1100番地の79,ふじが丘山手区306-3,ふじが丘山手一丁目,12,12,fujigaoka.pdf,,high,
1543,大字田尻1100番地の80,ふじが丘山手区306-4,ふじが丘山手一丁目,12,1,fujigaoka.pdf,,high,
1544,大字田尻1100番地の81,ふじが丘山手区306-5,ふじが丘山手一丁目,12,3,fujigaoka.pdf,,high,
1545,大字田尻1100番地の82,ふじが丘山手区306-6,ふじが丘山手一丁目,12,4,fujigaoka.pdf,,high,資料上2回出現
1546,大字田尻1100番地の83,ふじが丘山手区306-7,ふじが丘山手一丁目,12,6,fujigaoka.pdf,,high,資料上2回出現
1547,大字田尻1100番地の83,,ふじが丘山手一丁目,12,6,fujigaoka.pdf,,high,資料上通称の記載なし
1548,大字田尻1100番地の84,ふじが丘山手区306-8,ふじが丘山手一丁目,12,7,fujigaoka.pdf,,high,
1549,大字田尻1100番地の87,ふじが丘山手区307-2,ふじが丘山手一丁目,13,4,fujigaoka.pdf,,high,
1550,大字田尻1100番地の88,ふじが丘山手区307-3,ふじが丘山手一丁目,13,3,fujigaoka.pdf,,high,
1551,大字田尻1100番地の89,ふじが丘山手区307-4,ふじが丘山手一丁目,13,2,fujigaoka.pdf,,high,
1552,大字田尻1100番地の90,ふじが丘山手区307-5,ふじが丘山手一丁目,13,1,fujigaoka.pdf,,high,
1553,大字田尻1100番地の93,ふじが丘山手区309-1,ふじが丘山手二丁目,2,6,fujigaoka.pdf,,high,資料上2回出現
1554,大字田尻1100番地の94,ふじが丘山手区309-2,ふじが丘山手二丁目,2,5,fujigaoka.pdf,,high,資料上2回出現
1555,大字田尻1100番地の95,ふじが丘山手区309-3,ふじが丘山手二丁目,2,4,fujigaoka.pdf,,high,
1556,大字田尻1100番地の96,ふじが丘山手区309-4,ふじが丘山手二丁目,2,3,fujigaoka.pdf,,high,
1557,大字田尻1100番地の97,ふじが丘山手区309-5,ふじが丘山手二丁目,2,2,fujigaoka.pdf,,high,
1558,大字田尻1100番地の98,ふじが丘山手区309-6,ふじが丘山手二丁目,2,1,fujigaoka.pdf,,high,
1559,大字田尻1100番地の99,ふじが丘山手区310-1,ふじが丘山手二丁目,3,10,fujigaoka.pdf,,high,
1560,大字田尻1100番地の100,ふじが丘山手区310-2,ふじが丘山手二丁目,3,12,fujigaoka.pdf,,high,
1561,大字田尻1100番地の101,ふじが丘山手区310-3,ふじが丘山手二丁目,3,13,fujigaoka.pdf,,high,
1562,大字田尻1100番地の102,ふじが丘山手区310-4,ふじが丘山手二丁目,3,14,fujigaoka.pdf,,high,
1563,大字田尻1100番地の103,ふじが丘山手区310-5,ふじが丘山手二丁目,3,15,fujigaoka.pdf,,high,
1564,大字田尻1100番地の104,ふじが丘山手区310-6,ふじが丘山手二丁目,3,16,fujigaoka.pdf,,high,
1565,大字田尻1100番地の108,ふじが丘山手区310-9,ふじが丘山手二丁目,3,5,fujigaoka.pdf,,high,
1566,大字田尻1100番地の109,ふじが丘山手区310-10,ふじが丘山手二丁目,3,6,fujigaoka.pdf,,high,
1567,大字田尻1100番地の110,ふじが丘山手区310-11,ふじが丘山手二丁目,3,7,fujigaoka.pdf,,high,
1568,大字田尻1100番地の111,ふじが丘山手区310-12,ふじが丘山手二丁目,3,8,fujigaoka.pdf,,high,資料上2回出現
1569,大字田尻1100番地の116,ふじが丘山手区315-2,ふじが丘山手二丁目,9,2,fujigaoka.pdf,,high,
1570,大字田尻1100番地の117,ふじが丘山手区315-3,ふじが丘山手二丁目,9,3,fujigaoka.pdf,,high,
1571,大字田尻1100番地の118,ふじが丘山手区315-4,ふじが丘山手二丁目,9,4,fujigaoka.pdf,,high,
1572,大字田尻1100番地の119,ふじが丘山手区315-5,ふじが丘山手二丁目,9,5,fujigaoka.pdf,,high,資料上2回出現
1573,大字田尻1100番地の120,ふじが丘山手区315-6,ふじが丘山手二丁目,9,6,fujigaoka.pdf,,high,
1574,大字田尻1100番地の123,ふじが丘山手区315-15,ふじが丘山手二丁目,9,18,fujigaoka.pdf,,high,
1575,大字田尻1100番地の124,ふじが丘山手区315-16,ふじが丘山手二丁目,9,19,fujigaoka.pdf,,high,
1576,大字田尻1100番地の125,ふじが丘山手区315-17,ふじが丘山手二丁目,9,20,fujigaoka.pdf,,high,
1577,大字田尻1100番地の126,ふじが丘山手区315-18,ふじが丘山手二丁目,9,21,fujigaoka.pdf,,high,
1578,大字田尻1100番地の127,ふじが丘山手区315-19,ふじが丘山手二丁目,9,22,fujigaoka.pdf,,high,
1579,大字田尻1100番地の128,ふじが丘山手区315-20,ふじが丘山手二丁目,9,23,fujigaoka.pdf,,high,
1580,大字田尻1100番地の134,ふじが丘山手区307-1,ふじが丘山手一丁目,13,5,fujigaoka.pdf,,high,
1581,大字田尻1100番地の147,ふじが丘山手区301-4,ふじが丘山手一丁目,9,5,fujigaoka.pdf,,high,
1582,大字田尻1100番地の148,ふじが丘山手区301-5,ふじが丘山手一丁目,9,6,fujigaoka.pdf,,high,
1583,大字田尻1100番地の149,ふじが丘山手区301-6,ふじが丘山手一丁目,9,7,fujigaoka.pdf,,high,
1584,大字田尻1100番地の151,ふじが丘山手区301-8,ふじが丘山手一丁目,9,9,fujigaoka.pdf,,high,
1585,大字田尻1100番地の153,ふじが丘山手区301-9,ふじが丘山手一丁目,9,12,fujigaoka.pdf,,high,
1586,大字田尻1100番地の154,ふじが丘山手区301-10,ふじが丘山手一丁目,9,14,fujigaoka.pdf,,high,
1587,大字田尻1100番地の155,ふじが丘山手区301-11,ふじが丘山手一丁目,9,15,fujigaoka.pdf,,high,
1588,大字田尻1100番地の156,ふじが丘山手区301-12,ふじが丘山手一丁目,9,16,fujigaoka.pdf,,high,
1589,大字田尻1119番地の3,ふじが丘山手区315-7,ふじが丘山手二丁目,9,7,fujigaoka.pdf,,high,
1590,大字田尻1120番地の6,ふじが丘山手区419-1,ふじが丘山手三丁目,3,1,fujigaoka.pdf,,high,
1591,大字田尻1120番地の7,ふじが丘山手区419-2,ふじが丘山手三丁目,3,2,fujigaoka.pdf,,high,
1592,大字田尻1120番地の8,ふじが丘山手区419-8,ふじが丘山手三丁目,3,10,fujigaoka.pdf,,high,
1593,大字田尻1120番地の9,ふじが丘山手区419-9,ふじが丘山手三丁目,3,11,fujigaoka.pdf,,high,
1594,大字田尻1120番地の10,ふじが丘山手区419-10,ふじが丘山手三丁目,3,12,fujigaoka.pdf,,high,
1595,大字田尻1120番地の11,ふじが丘山手区419-11,ふじが丘山手三丁目,3,13,fujigaoka.pdf,,high,
1596,大字田尻1120番地の14,ふじが丘山手区420-3,ふじが丘山手三丁目,4,3,fujigaoka.pdf,,high,
1597,大字田尻1121番地の3,ふじが丘山手区316-10,ふじが丘山手三丁目,2,12,fujigaoka.pdf,,high,
1598,大字田尻1126番地の5,ふじが丘山手区419-5,ふじが丘山手三丁目,3,6,fujigaoka.pdf,,high,
1599,大字田尻1126番地の6,ふじが丘山手区419-6,ふじが丘山手三丁目,3,8,fujigaoka.pdf,,high,資料上2回出現
1600,大字田尻1126番地の7,ふじが丘山手区419-7,ふじが丘山手三丁目,3,9,fujigaoka.pdf,,high,
1601,大字田尻1126番地の10,ふじが丘山手区420-4,ふじが丘山手三丁目,4,4,fujigaoka.pdf,,high,
1602,大字田尻1126番地の13,ふじが丘山手区421-2,ふじが丘山手三丁目,5,11,fujigaoka.pdf,,high,
1603,大字田尻1126番地の14,ふじが丘山手区421-3,ふじが丘山手三丁目,5,12,fujigaoka.pdf,,high,
1604,大字田尻1126番地の15,ふじが丘山手区421-4,ふじが丘山手三丁目,5,13,fujigaoka.pdf,,high,
1605,大字田尻1126番地の16,ふじが丘山手区421-5,ふじが丘山手三丁目,5,14,fujigaoka.pdf,,high,
1606,大字田尻1126番地の18,ふじが丘山手区421-7,ふじが丘山手三丁目,5,4,fujigaoka.pdf,,high,
1607,大字田尻1126番地の19,ふじが丘山手区421-8,ふじが丘山手三丁目,5,5,fujigaoka.pdf,,high,
1608,大字田尻1126番地の20,ふじが丘山手区421-9,ふじが丘山手三丁目,5,6,fujigaoka.pdf,,high,
1609,大字田尻1126番地の22,ふじが丘山手区422-2,ふじが丘山手三丁目,6,11,fujigaoka.pdf,,high,
1610,大字田尻1126番地の23,ふじが丘山手区422-3,ふじが丘山手三丁目,6,12,fujigaoka.pdf,,high,
1611,大字田尻1126番地の31,ふじが丘山手区419-4,ふじが丘山手三丁目,3,4,fujigaoka.pdf,,high,資料上2回出現
1612,大字田尻1126番地の38,ふじが丘山手区409-1,ふじが丘山手二丁目,12,10,fujigaoka.pdf,,high,
1613,大字田尻1126番地の39,ふじが丘山手区409-2,ふじが丘山手二丁目,12,12,fujigaoka.pdf,,high,
1614,大字田尻1126番地の41,ふじが丘山手区409-12,ふじが丘山手二丁目,12,9,fujigaoka.pdf,,high,
1615,大字田尻1126番地の45,ふじが丘山手区418-3,ふじが丘山手二丁目,10,3,fujigaoka.pdf,,high,
1616,大字田尻1126番地の46,ふじが丘山手区418-4,ふじが丘山手二丁目,10,4,fujigaoka.pdf,,high,
1617,大字田尻1126番地の49,ふじが丘山手区418-14,ふじが丘山手二丁目,10,16,fujigaoka.pdf,,high,資料上2回出現
1618,大字田尻1126番地の50,ふじが丘山手区418-15,ふじが丘山手二丁目,10,17,fujigaoka.pdf,,high,
1619,大字田尻1126番地の51,ふじが丘山手区418-16,ふじが丘山手二丁目,10,18,fujigaoka.pdf,,high,
1620,大字田尻1126番地の52,ふじが丘山手区418-17,ふじが丘山手二丁目,10,19,fujigaoka.pdf,,high,
1621,大字田尻1132番地の4,ふじが丘山手区409-4,ふじが丘山手二丁目,12,14,fujigaoka.pdf,,high,
1622,大字田尻1132番地の5,ふじが丘山手区409-5,ふじが丘山手二丁目,12,15,fujigaoka.pdf,,high,
1623,大字田尻1132番地の6,ふじが丘山手区409-6,ふじが丘山手二丁目,12,1,fujigaoka.pdf,,high,
1624,大字田尻1132番地の7,ふじが丘山手区409-7,ふじが丘山手二丁目,12,3,fujigaoka.pdf,,high,
1625,大字田尻1132番地の8,ふじが丘山手区409-8,ふじが丘山手二丁目,12,4,fujigaoka.pdf,,high,
1626,大字田尻1132番地の9,ふじが丘山手区409-9,ふじが丘山手二丁目,12,5,fujigaoka.pdf,,high,資料上2回出現
1627,大字田尻1132番地の10,ふじが丘山手区409-10,ふじが丘山手二丁目,12,6,fujigaoka.pdf,,high,
1628,大字田尻1132番地の11,ふじが丘山手区409-11,ふじが丘山手二丁目,12,7,fujigaoka.pdf,,high,資料上2回出現
1629,大字田尻1132番地の12,ふじが丘山手区410-1,ふじが丘山手二丁目,13,10,fujigaoka.pdf,,high,
1630,大字田尻1132番地の13,ふじが丘山手区410-2,ふじが丘山手二丁目,13,12,fujigaoka.pdf,,high,
1631,大字田尻1132番地の14,ふじが丘山手区410-3,ふじが丘山手二丁目,13,13,fujigaoka.pdf,,high,
1632,大字田尻1132番地の15,ふじが丘山手区410-4,ふじが丘山手二丁目,13,14,fujigaoka.pdf,,high,
1633,大字田尻1132番地の17,ふじが丘山手区410-6,ふじが丘山手二丁目,13,1,fujigaoka.pdf,,high,
1634,大字田尻1132番地の18,ふじが丘山手区410-7,ふじが丘山手二丁目,13,3,fujigaoka.pdf,,high,
1635,大字田尻1132番地の19,ふじが丘山手区410-8,ふじが丘山手二丁目,13,4,fujigaoka.pdf,,high,
1636,大字田尻1132番地の21,ふじが丘山手区410-10,ふじが丘山手二丁目,13,6,fujigaoka.pdf,,high,
1637,大字田尻1132番地の22,ふじが丘山手区410-11,ふじが丘山手二丁目,13,7,fujigaoka.pdf,,high,
1638,大字田尻1132番地の23,ふじが丘山手区410-12,ふじが丘山手二丁目,13,9,fujigaoka.pdf,,high,資料上3回出現
1639,大字田尻1132番地の24,ふじが丘山手区411-1,ふじが丘山手二丁目,14,10,fujigaoka.pdf,,high,
1640,大字田尻1132番地の25,ふじが丘山手区411-2,ふじが丘山手二丁目,14,12,fujigaoka.pdf,,high,
1641,大字田尻1132番地の26,ふじが丘山手区411-3,ふじが丘山手二丁目,14,13,fujigaoka.pdf,,high,
1642,大字田尻1132番地の27,ふじが丘山手区411-4,ふじが丘山手二丁目,14,14,fujigaoka.pdf,,high,
1643,大字田尻1132番地の28,ふじが丘山手区411-5,ふじが丘山手二丁目,14,15,fujigaoka.pdf,,high,
1644,大字田尻1132番地の29,ふじが丘山手区411-6,ふじが丘山手二丁目,14,1,fujigaoka.pdf,,high,資料上2回出現
1645,大字田尻1132番地の30,ふじが丘山手区411-7,ふじが丘山手二丁目,14,3,fujigaoka.pdf,,high,
1646,大字田尻1132番地の31,ふじが丘山手区411-8,ふじが丘山手二丁目,14,4,fujigaoka.pdf,,high,
1647,大字田尻1132番地の32,ふじが丘山手区411-9,ふじが丘山手二丁目,14,5,fujigaoka.pdf,,high,資料上2回出現
1648,大字田尻1132番地の33,ふじが丘山手区411-10,ふじが丘山手二丁目,14,6,fujigaoka.pdf,,high,資料上2回出現
1649,大字田尻1132番地の34,ふじが丘山手区411-11,ふじが丘山手二丁目,14,7,fujigaoka.pdf,,high,
1650,大字田尻1132番地の35,ふじが丘山手区411-12,ふじが丘山手二丁目,14,9,fujigaoka.pdf,,high,
1651,大字田尻1132番地の36,ふじが丘山手区412-1,ふじが丘山手二丁目,15,6,fujigaoka.pdf,,high,
1652,大字田尻1132番地の37,ふじが丘山手区412-2,ふじが丘山手二丁目,15,5,fujigaoka.pdf,,high,
1653,大字田尻1132番地の38,ふじが丘山手区412-3,ふじが丘山手二丁目,15,4,fujigaoka.pdf,,high,
1654,大字田尻1132番地の39,ふじが丘山手区412-4,ふじが丘山手二丁目,15,3,fujigaoka.pdf,,high,
1655,大字田尻1132番地の40,ふじが丘山手区412-5,ふじが丘山手二丁目,15,2,fujigaoka.pdf,,high,資料上2回出現
1656,大字田尻1132番地の41,ふじが丘山手区412-6,ふじが丘山手二丁目,15,1,fujigaoka.pdf,,high,
1657,大字田尻1132番地の48,ふじが丘山手区413-1,ふじが丘山手二丁目,18,7,fujigaoka.pdf,,high,
1658,大字田尻1132番地の50,ふじが丘山手区413-2,ふじが丘山手二丁目,18,9,fujigaoka.pdf,,high,
1659,大字田尻1132番地の51,ふじが丘山手区413-3,ふじが丘山手二丁目,18,1,fujigaoka.pdf,,high,
1660,大字田尻1132番地の52,ふじが丘山手区413-4,ふじが丘山手二丁目,18,3,fujigaoka.pdf,,high,
1661,大字田尻1132番地の53,ふじが丘山手区413-5,ふじが丘山手二丁目,18,4,fujigaoka.pdf,,high,
1662,大字田尻1132番地の54,ふじが丘山手区413-6,ふじが丘山手二丁目,18,6,fujigaoka.pdf,,high,
1663,大字田尻1132番地の55,ふじが丘山手区407-1,ふじが丘山手二丁目,17,23,fujigaoka.pdf,,high,
1664,大字田尻1132番地の56,ふじが丘山手区407-2,ふじが丘山手二丁目,17,2,fujigaoka.pdf,,high,
1665,大字田尻1132番地の59,ふじが丘山手区407-15,ふじが丘山手二丁目,17,19,fujigaoka.pdf,,high,
1666,大字田尻1132番地の60,ふじが丘山手区407-16,ふじが丘山手二丁目,17,20,fujigaoka.pdf,,high,
1667,大字田尻1132番地の60,,ふじが丘山手二丁目,17,20,fujigaoka.pdf,,high,資料上通称の記載なし
1668,大字田尻1132番地の61,ふじが丘山手区414-1,ふじが丘山手二丁目,19,1,fujigaoka.pdf,,high,
1669,大字田尻1132番地の62,ふじが丘山手区414-12,ふじが丘山手二丁目,19,14,fujigaoka.pdf,,high,
1670,大字田尻1132番地の66,ふじが丘山手区416-10,ふじが丘山手二丁目,21,13,fujigaoka.pdf,,high,
1671,大字田尻1132番地の67,ふじが丘山手区417-1,ふじが丘山手二丁目,23,1,fujigaoka.pdf,,high,
1672,大字田尻1132番地の68,ふじが丘山手区417-2,ふじが丘山手二丁目,23,2,fujigaoka.pdf,,high,資料上2回出現
1673,大字田尻1132番地の69,ふじが丘山手区417-3,ふじが丘山手二丁目,23,3,fujigaoka.pdf,,high,
1674,大字田尻1132番地の70,ふじが丘山手区417-4,ふじが丘山手二丁目,23,4,fujigaoka.pdf,,high,
1675,大字田尻1132番地の71,ふじが丘山手区417-13,ふじが丘山手二丁目,23,15,fujigaoka.pdf,,high,
1676,大字田尻1132番地の72,ふじが丘山手区417-14,ふじが丘山手二丁目,23,16,fujigaoka.pdf,,high,
1677,大字田尻1132番地の73,ふじが丘山手区417-15,ふじが丘山手二丁目,23,17,fujigaoka.pdf,,high,資料上2回出現
1678,大字田尻1132番地の74,ふじが丘山手区417-16,ふじが丘山手二丁目,23,18,fujigaoka.pdf,,high,
1679,大字田尻1132番地の76,ふじが丘山手区418-5,ふじが丘山手二丁目,10,5,fujigaoka.pdf,,high,
1680,大字田尻1132番地の77,ふじが丘山手区418-6,ふじが丘山手二丁目,10,6,fujigaoka.pdf,,high,
1681,大字田尻1132番地の78,ふじが丘山手区418-7,ふじが丘山手二丁目,10,7,fujigaoka.pdf,,high,
1682,大字田尻1132番地の79,ふじが丘山手区418-8,ふじが丘山手二丁目,10,8,fujigaoka.pdf,,high,
1683,大字田尻1132番地の80,ふじが丘山手区418-9,ふじが丘山手二丁目,10,9,fujigaoka.pdf,,high,
1684,大字田尻1132番地の81,ふじが丘山手区418-10,ふじが丘山手二丁目,10,12,fujigaoka.pdf,,high,
1685,大字田尻1132番地の82,ふじが丘山手区418-11,ふじが丘山手二丁目,10,13,fujigaoka.pdf,,high,
1686,大字田尻1132番地の83,ふじが丘山手区418-12,ふじが丘山手二丁目,10,14,fujigaoka.pdf,,high,
1687,大字田尻1132番地の84,ふじが丘山手区418-13,ふじが丘山手二丁目,10,15,fujigaoka.pdf,,high,
1688,大字田尻1132番地の100,ふじが丘山手区417-5,ふじが丘山手二丁目,23,5,fujigaoka.pdf,,high,資料上2回出現
1689,大字田尻1133番地の4,ふじが丘南区404-2,ふじが丘南三丁目,12,7,fujigaoka.pdf,,high,
1690,大字田尻1133番地の5,ふじが丘南区404-4,ふじが丘南三丁目,12,9,fujigaoka.pdf,,high,
1691,大字田尻1133番地の22,ふじが丘南区405-3,ふじが丘南三丁目,13,3,fujigaoka.pdf,,high,
1692,大字田尻1133番地の23,ふじが丘南区405-4,ふじが丘南三丁目,13,4,fujigaoka.pdf,,high,
1693,大字田尻1133番地の24,ふじが丘南区405-5,ふじが丘南三丁目,13,5,fujigaoka.pdf,,high,
1694,大字田尻1133番地の25,ふじが丘南区405-6,ふじが丘南三丁目,13,7,fujigaoka.pdf,,high,資料上2回出現
1695,大字田尻1133番地の26,ふじが丘南区405-7,ふじが丘南三丁目,13,9,fujigaoka.pdf,,high,
1696,大字田尻1133番地の28,ふじが丘南区405-8,ふじが丘南三丁目,13,10,fujigaoka.pdf,,high,資料上2回出現
1697,大字田尻1133番地の29,ふじが丘南区405-9,ふじが丘南三丁目,13,11,fujigaoka.pdf,,high,資料上2回出現
1698,大字田尻1133番地の32,ふじが丘南区405-11,ふじが丘南三丁目,13,13,fujigaoka.pdf,,high,
1699,大字田尻1136番地の16,ふじが丘山手区410-5,ふじが丘山手二丁目,13,15,fujigaoka.pdf,,high,
1700,大字田尻1140番地の4,ふじが丘山手区406-2,ふじが丘山手二丁目,16,2,fujigaoka.pdf,,high,
1701,大字田尻1140番地の5,ふじが丘山手区406-3,ふじが丘山手二丁目,16,3,fujigaoka.pdf,,high,
1702,大字田尻1140番地の6,ふじが丘山手区406-4,ふじが丘山手二丁目,16,4,fujigaoka.pdf,,high,
1703,大字田尻1140番地の7,ふじが丘山手区406-5,ふじが丘山手二丁目,16,6,fujigaoka.pdf,,high,
1704,大字田尻1140番地の8,ふじが丘山手区406-6,ふじが丘山手二丁目,16,7,fujigaoka.pdf,,high,
1705,大字田尻1140番地の8,,ふじが丘山手二丁目,16,7,fujigaoka.pdf,,high,資料上通称の記載なし
1706,大字田尻1140番地の9,ふじが丘山手区406-7,ふじが丘山手二丁目,16,8,fujigaoka.pdf,,high,資料上2回出現
1707,大字田尻1140番地の10,ふじが丘山手区406-8,ふじが丘山手二丁目,16,10,fujigaoka.pdf,,high,
1708,大字田尻1140番地の12,ふじが丘山手区406-9,ふじが丘山手二丁目,16,12,fujigaoka.pdf,,high,
1709,大字田尻1140番地の13,ふじが丘山手区406-10,ふじが丘山手二丁目,16,13,fujigaoka.pdf,,high,
1710,大字田尻1140番地の14,ふじが丘山手区406-11,ふじが丘山手二丁目,16,14,fujigaoka.pdf,,high,資料上2回出現
1711,大字田尻1140番地の15,大字田尻1140番地の15,ふじが丘山手二丁目,16,15,fujigaoka.pdf,,high,
1712,大字田尻1140番地の16,ふじが丘山手区406-13,ふじが丘山手二丁目,16,17,fujigaoka.pdf,,high,資料上2回出現
1713,大字田尻1140番地の17,ふじが丘山手区406-14,ふじが丘山手二丁目,16,18,fujigaoka.pdf,,high,
1714,大字田尻1140番地の18,ふじが丘山手区406-15,ふじが丘山手二丁目,16,19,fujigaoka.pdf,,high,
1715,大字田尻1151番地の4,ふじが丘山手区421-6,ふじが丘山手三丁目,5,3,fujigaoka.pdf,,high,
1716,大字田尻1151番地の7,ふじが丘山手区422-4,ふじが丘山手三丁目,6,13,fujigaoka.pdf,,high,
1717,大字田尻1151番地の8,ふじが丘山手区422-5,ふじが丘山手三丁目,6,14,fujigaoka.pdf,,high,
1718,大字田尻1151番地の9,ふじが丘山手区422-6,ふじが丘山手三丁目,6,3,fujigaoka.pdf,,high,
1719,大字田尻1151番地の10,ふじが丘山手区422-7,ふじが丘山手三丁目,6,4,fujigaoka.pdf,,high,
1720,大字田尻1151番地の11,ふじが丘山手区422-8,ふじが丘山手三丁目,6,5,fujigaoka.pdf,,high,資料上2回出現
1721,大字田尻1151番地の14,ふじが丘山手区423-1,ふじが丘山手三丁目,7,9,fujigaoka.pdf,,high,
1722,大字田尻1151番地の16,ふじが丘山手区423-3,ふじが丘山手三丁目,7,12,fujigaoka.pdf,,high,
1723,大字田尻1151番地の17,ふじが丘山手区423-4,ふじが丘山手三丁目,7,13,fujigaoka.pdf,,high,
1724,大字田尻1151番地の18,ふじが丘山手区423-5,ふじが丘山手三丁目,7,14,fujigaoka.pdf,,high,資料上2回出現
1725,大字田尻1151番地の19,ふじが丘山手区423-6,ふじが丘山手三丁目,7,3,fujigaoka.pdf,,high,
1726,大字田尻1151番地の21,ふじが丘山手区423-8,ふじが丘山手三丁目,7,5,fujigaoka.pdf,,high,
1727,大字田尻1151番地の24,ふじが丘山手区426-1,ふじが丘山手三丁目,10,1,fujigaoka.pdf,,high,
1728,大字田尻1160番地の3,ふじが丘山手区424-2,ふじが丘山手三丁目,8,2,fujigaoka.pdf,,high,
1729,大字田尻1160番地の4,ふじが丘山手区424-3,ふじが丘山手三丁目,8,3,fujigaoka.pdf,,high,
1730,大字田尻1160番地の5,ふじが丘山手区424-4,ふじが丘山手三丁目,8,4,fujigaoka.pdf,,high,
1731,大字田尻1160番地の7,ふじが丘山手区424-6,ふじが丘山手三丁目,8,7,fujigaoka.pdf,,high,
1732,大字田尻1160番地の9,ふじが丘山手区424-7,ふじが丘山手三丁目,8,8,fujigaoka.pdf,,high,資料上2回出現
1733,大字田尻1160番地の10,ふじが丘山手区424-8,ふじが丘山手三丁目,8,9,fujigaoka.pdf,,high,
1734,大字田尻1160番地の11,ふじが丘山手区424-9,ふじが丘山手三丁目,8,10,fujigaoka.pdf,,high,
1735,大字田尻1160番地の14,ふじが丘山手区425-1,ふじが丘山手三丁目,9,11,fujigaoka.pdf,,high,
1736,大字田尻1160番地の15,ふじが丘山手区425-2,ふじが丘山手三丁目,9,2,fujigaoka.pdf,,high,資料上2回出現
1737,大字田尻1160番地の16,ふじが丘山手区425-3,ふじが丘山手三丁目,9,3,fujigaoka.pdf,,high,
1738,大字田尻1160番地の17,ふじが丘山手区425-4,ふじが丘山手三丁目,9,5,fujigaoka.pdf,,high,
1739,大字田尻1160番地の21,ふじが丘山手区423-9,ふじが丘山手三丁目,7,6,fujigaoka.pdf,,high,
1740,大字田尻1160番地の22,ふじが丘山手区423-10,ふじが丘山手三丁目,7,8,fujigaoka.pdf,,high,
1741,大字田尻1160番地の44,ふじが丘山手区407-3,ふじが丘山手二丁目,17,3,fujigaoka.pdf,,high,
1742,大字田尻1160番地の46,ふじが丘山手区407-5,ふじが丘山手二丁目,17,5,fujigaoka.pdf,,high,
1743,大字田尻1160番地の47,ふじが丘山手区407-6,ふじが丘山手二丁目,17,6,fujigaoka.pdf,,high,
1744,大字田尻1160番地の51,ふじが丘山手区407-11,ふじが丘山手二丁目,17,15,fujigaoka.pdf,,high,
1745,大字田尻1160番地の52,ふじが丘山手区407-12,ふじが丘山手二丁目,17,16,fujigaoka.pdf,,high,
1746,大字田尻1160番地の53,ふじが丘山手区407-13,ふじが丘山手二丁目,17,17,fujigaoka.pdf,,high,
1747,大字田尻1160番地の54,ふじが丘山手区407-14,ふじが丘山手二丁目,17,18,fujigaoka.pdf,,high,
1748,大字田尻1160番地の56,ふじが丘山手区414-2,ふじが丘山手二丁目,19,2,fujigaoka.pdf,,high,
1749,大字田尻1160番地の57,ふじが丘山手区414-3,ふじが丘山手二丁目,19,3,fujigaoka.pdf,,high,資料上2回出現
1750,大字田尻1160番地の58,ふじが丘山手区414-4,ふじが丘山手二丁目,19,4,fujigaoka.pdf,,high,
1751,大字田尻1160番地の61,ふじが丘山手区414-7,ふじが丘山手二丁目,19,9,fujigaoka.pdf,,high,
1752,大字田尻1160番地の62,ふじが丘山手区414-8,ふじが丘山手二丁目,19,10,fujigaoka.pdf,,high,
1753,大字田尻1160番地の63,ふじが丘山手区414-9,ふじが丘山手二丁目,19,11,fujigaoka.pdf,,high,
1754,大字田尻1160番地の64,ふじが丘山手区414-10,ふじが丘山手二丁目,19,12,fujigaoka.pdf,,high,
1755,大字田尻1160番地の65,ふじが丘山手区414-11,ふじが丘山手二丁目,19,13,fujigaoka.pdf,,high,
1756,大字田尻1160番地の67,ふじが丘山手区415-1,ふじが丘山手二丁目,20,1,fujigaoka.pdf,,high,
1757,大字田尻1160番地の68,ふじが丘山手区415-2,ふじが丘山手二丁目,20,2,fujigaoka.pdf,,high,
1758,大字田尻1160番地の69,ふじが丘山手区415-3,ふじが丘山手二丁目,20,12,fujigaoka.pdf,,high,
1759,大字田尻1160番地の70,ふじが丘山手区415-4,ふじが丘山手二丁目,20,4,fujigaoka.pdf,,high,
1760,大字田尻1160番地の71,ふじが丘山手区415-5,ふじが丘山手二丁目,20,5,fujigaoka.pdf,,high,
1761,大字田尻1160番地の72,ふじが丘山手区415-6,ふじが丘山手二丁目,20,6,fujigaoka.pdf,,high,
1762,大字田尻1160番地の78,ふじが丘山手区415-12,ふじが丘山手二丁目,20,14,fujigaoka.pdf,,high,
1763,大字田尻1160番地の80,ふじが丘山手区416-2,ふじが丘山手二丁目,21,2,fujigaoka.pdf,,high,
1764,大字田尻1160番地の81,ふじが丘山手区416-3,ふじが丘山手二丁目,21,3,fujigaoka.pdf,,high,
1765,大字田尻1160番地の82,ふじが丘山手区416-4,ふじが丘山手二丁目,21,4,fujigaoka.pdf,,high,
1766,大字田尻1160番地の83,ふじが丘山手区416-5,ふじが丘山手二丁目,21,7,fujigaoka.pdf,,high,
1767,大字田尻1160番地の84,ふじが丘山手区416-6,ふじが丘山手二丁目,21,9,fujigaoka.pdf,,high,
1768,大字田尻1160番地の85,ふじが丘山手区416-7,ふじが丘山手二丁目,21,10,fujigaoka.pdf,,high,資料上2回出現
1769,大字田尻1160番地の86,ふじが丘山手区416-8,ふじが丘山手二丁目,21,11,fujigaoka.pdf,,high,
1770,大字田尻1160番地の87,ふじが丘山手区416-9,ふじが丘山手二丁目,21,12,fujigaoka.pdf,,high,資料上2回出現
1771,大字田尻1160番地の90,ふじが丘山手区417-6,ふじが丘山手二丁目,23,6,fujigaoka.pdf,,high,
1772,大字田尻1160番地の91,ふじが丘山手区417-7,ふじが丘山手二丁目,23,7,fujigaoka.pdf,,high,
1773,大字田尻1160番地の92,ふじが丘山手区417-8,ふじが丘山手二丁目,23,8,fujigaoka.pdf,,high,
1774,大字田尻1160番地の93,ふじが丘山手区417-9,ふじが丘山手二丁目,23,10,fujigaoka.pdf,,high,
1775,大字田尻1160番地の94,ふじが丘山手区417-10,ふじが丘山手二丁目,23,12,fujigaoka.pdf,,high,資料上2回出現
1776,大字田尻1160番地の95,ふじが丘山手区417-11,ふじが丘山手二丁目,23,13,fujigaoka.pdf,,high,
1777,大字田尻1160番地の96,ふじが丘山手区417-12,ふじが丘山手二丁目,23,14,fujigaoka.pdf,,high,
1778,大字田尻1160番地の98,ふじが丘山手区407-8,ふじが丘山手二丁目,17,10,fujigaoka.pdf,,high,
1779,大字田尻1160番地の99,ふじが丘山手区407-9,ふじが丘山手二丁目,17,13,fujigaoka.pdf,,high,
1780,大字田尻1160番地の100,ふじが丘山手区407-10,ふじが丘山手二丁目,17,14,fujigaoka.pdf,,high,
1781,大字田尻1160番地の101,ふじが丘山手区414-5,ふじが丘山手二丁目,19,5,fujigaoka.pdf,,high,
1782,大字田尻1160番地の102,ふじが丘山手区414-6,ふじが丘山手二丁目,19,6,fujigaoka.pdf,,high,
1783,大字田尻1160番地の136,ふじが丘山手区424-1,ふじが丘山手三丁目,8,1,fujigaoka.pdf,,high,
1784,大字田尻1160番地の143,ふじが丘山手区424-5,ふじが丘山手三丁目,8,6,fujigaoka.pdf,,high,
1785,,ふじが丘東区41-8,ふじが丘東三丁目,2,3,fujigaoka.pdf,,low,旧住所欄が大字+番地でなく通称形式で印字(資料どおり採用) 同一新住所の正規行なし
1786,,ふじが丘西区54-2,ふじが丘西二丁目,1,16,fujigaoka.pdf,,low,資料上2回出現、旧住所欄が大字+番地でなく通称形式で印字(資料どおり採用) 同一新住所の正規行なし
1787,,ふじが丘西区75-10,ふじが丘西一丁目,14,1,fujigaoka.pdf,,low,旧住所欄が大字+番地でなく通称形式で印字(資料どおり採用) 同一新住所の正規行なし
1788,,ふじが丘西区503-5,ふじが丘西三丁目,14,2,fujigaoka.pdf,,low,旧住所欄が大字+番地でなく通称形式で印字(資料どおり採用) 同一新住所の正規行なし
1789,,ふじが丘西区517-1,ふじが丘西三丁目,15,2,fujigaoka.pdf,,low,旧住所欄が大字+番地でなく通称形式で印字(資料どおり採用) 同一新住所の正規行なし
1790,,ふじが丘西区517-2,ふじが丘西三丁目,15,1,fujigaoka.pdf,,low,旧住所欄が大字+番地でなく通称形式で印字(資料どおり採用) 同一新住所の正規行なし
1791,,ふじが丘南区219-10,ふじが丘南三丁目,14,13,fujigaoka.pdf,,low,旧住所欄が大字+番地でなく通称形式で印字(資料どおり採用) 同一新住所の正規行なし
1792,,田尻ふじケ丘山手区407-8,ふじが丘山手二丁目,17,11,fujigaoka.pdf,,low,旧住所欄が大字+番地でなく通称形式で印字(資料どおり採用) 同一新住所の正規行なし
1793,大字寒田4番地の7,ふじが丘山手区316-8,ふじが丘山手三丁目,2,10,fujigaoka.pdf,,high,
1794,大字寒田6番地の6,ふじが丘山手区316-2,ふじが丘山手三丁目,2,3,fujigaoka.pdf,,high,
1795,大字寒田6番地の7,ふじが丘山手区316-3,ふじが丘山手三丁目,2,5,fujigaoka.pdf,,high,
1796,大字寒田6番地の8,ふじが丘山手区316-4,ふじが丘山手三丁目,2,6,fujigaoka.pdf,,high,
1797,大字寒田6番地の9,ふじが丘山手区316-5,ふじが丘山手三丁目,2,7,fujigaoka.pdf,,high,
1798,大字寒田6番地の10,ふじが丘山手区316-6,ふじが丘山手三丁目,2,8,fujigaoka.pdf,,high,
1799,大字寒田6番地の11,ふじが丘山手区316-7,ふじが丘山手三丁目,2,9,fujigaoka.pdf,,high,資料上2回出現
1800,大字寒田6番地の15,ふじが丘山手区316-11,ふじが丘山手三丁目,2,15,fujigaoka.pdf,,high,
1801,大字寒田6番地の16,ふじが丘山手区316-12,ふじが丘山手三丁目,2,16,fujigaoka.pdf,,high,
1802,大字寒田6番地の18,ふじが丘山手区316-13,ふじが丘山手三丁目,2,17,fujigaoka.pdf,,high,
1803,大字寒田6番地の19,ふじが丘山手区316-14,ふじが丘山手三丁目,2,18,fujigaoka.pdf,,high,資料上2回出現
1804,大字寒田6番地の20,ふじが丘山手区316-15,ふじが丘山手三丁目,2,19,fujigaoka.pdf,,high,資料上3回出現
1805,大字寒田6番地の21,ふじが丘山手区316-16,ふじが丘山手三丁目,2,20,fujigaoka.pdf,,high,
1806,大字寒田6番地の22,ふじが丘山手区316-17,ふじが丘山手三丁目,2,21,fujigaoka.pdf,,high,
1807,大字寒田6番地の23,ふじが丘山手区316-18,ふじが丘山手三丁目,2,22,fujigaoka.pdf,,high,資料上2回出現
1808,大字寒田6番地の29,ふじが丘山手区320-2,ふじが丘山手一丁目,15,13,fujigaoka.pdf,,high,
1809,大字寒田6番地の30,ふじが丘山手区318-1,ふじが丘山手一丁目,16,17,fujigaoka.pdf,,high,資料上2回出現
1810,大字寒田6番地の31,ふじが丘山手区318-2,ふじが丘山手一丁目,16,2,fujigaoka.pdf,,high,
1811,大字寒田6番地の32,ふじが丘山手区318-3,ふじが丘山手一丁目,16,3,fujigaoka.pdf,,high,
1812,大字寒田6番地の33,ふじが丘山手区318-4,ふじが丘山手一丁目,16,4,fujigaoka.pdf,,high,
1813,大字寒田6番地の34,ふじが丘山手区318-5,ふじが丘山手一丁目,16,5,fujigaoka.pdf,,high,
1814,大字寒田6番地の35,ふじが丘山手区318-6,ふじが丘山手一丁目,16,7,fujigaoka.pdf,,high,
1815,大字寒田6番地の36,ふじが丘山手区318-7,ふじが丘山手一丁目,16,8,fujigaoka.pdf,,high,
1816,大字寒田6番地の38,ふじが丘山手区318-9,ふじが丘山手一丁目,16,10,fujigaoka.pdf,,high,
1817,大字寒田6番地の39,ふじが丘山手区318-10,ふじが丘山手一丁目,16,12,fujigaoka.pdf,,high,
1818,大字寒田6番地の40,ふじが丘山手区318-12,ふじが丘山手一丁目,16,14,fujigaoka.pdf,,high,
1819,大字寒田6番地の45,ふじが丘山手区320-2-2,ふじが丘山手一丁目,15,14,fujigaoka.pdf,,high,
1820,大字寒田6番地の46,ふじが丘山手区316-2,ふじが丘山手三丁目,2,4,fujigaoka.pdf,,high,資料上2回出現
1821,大字寒田6番地の51,ふじが丘山手区321-1,ふじが丘山手一丁目,17,8,fujigaoka.pdf,,high,資料上2回出現
1822,大字寒田6番地の52,ふじが丘山手区321-2,ふじが丘山手一丁目,17,10,fujigaoka.pdf,,high,
1823,大字寒田6番地の56,ふじが丘山手区318-11,ふじが丘山手一丁目,16,13,fujigaoka.pdf,,high,
1824,大字寒田6番地の58,ふじが丘山手区322-2,ふじが丘山手一丁目,15,6,fujigaoka.pdf,,high,
1825,大字寒田6番地の59,ふじが丘山手区322-3,ふじが丘山手一丁目,15,8,fujigaoka.pdf,,high,
1826,大字寒田6番地の60,ふじが丘山手区322-4,ふじが丘山手一丁目,15,9,fujigaoka.pdf,,high,
1827,大字寒田6番地の66,ふじが丘山手区317-8,ふじが丘山手三丁目,1,2-2,fujigaoka.pdf,,high,
1828,大字寒田13番地の1,ふじが丘山手区320-1 ﾍﾞﾙｸｰﾙ山手101,ふじが丘山手一丁目,15,11,fujigaoka.pdf,,high,
1829,大字寒田13番地の1,ふじが丘山手区320-1 ﾍﾞﾙｸｰﾙ山手102,ふじが丘山手一丁目,15,11,fujigaoka.pdf,,high,
1830,大字寒田13番地の1,ふじが丘山手区320-1 ﾍﾞﾙｸｰﾙ山手201,ふじが丘山手一丁目,15,11,fujigaoka.pdf,,high,
1831,大字寒田13番地の1,ふじが丘山手区320-1 ﾍﾞﾙｸｰﾙ山手202,ふじが丘山手一丁目,15,11,fujigaoka.pdf,,high,
1832,大字寒田14番地の1,ふじが丘山手区322-5,ふじが丘山手一丁目,15,10,fujigaoka.pdf,,high,
1833,大字寒田66番地の4,ふじが丘山手区322-8,ふじが丘山手一丁目,15,1,fujigaoka.pdf,,high,資料上2回出現
1834,大字寒田68番地の1,ふじが丘山手区322-1,ふじが丘山手一丁目,15,5,fujigaoka.pdf,,high,
1835,大字寒田68番地の3,ふじが丘山手区322-6,ふじが丘山手一丁目,15,3,fujigaoka.pdf,,high,資料上2回出現
1836,大字寒田68番地の4,ふじが丘山手区322-7 U・Villa101,ふじが丘山手一丁目,15,2,fujigaoka.pdf,,high,
1837,大字寒田68番地の4,ふじが丘山手区322-7 U・Villa102,ふじが丘山手一丁目,15,2,fujigaoka.pdf,,high,
1838,大字寒田68番地の4,ふじが丘山手区322-7 U・Villa103,ふじが丘山手一丁目,15,2,fujigaoka.pdf,,high,
1839,大字寒田68番地の4,ふじが丘山手区322-7 U・Villa201,ふじが丘山手一丁目,15,2,fujigaoka.pdf,,high,
1840,大字寒田68番地の4,ふじが丘山手区322-7 U・Villa202,ふじが丘山手一丁目,15,2,fujigaoka.pdf,,high,
1841,大字寒田68番地の4,ふじが丘山手区322-7 U・Villa203,ふじが丘山手一丁目,15,2,fujigaoka.pdf,,high,
1842,大字寒田70番地の2,ふじが丘山手区316-1,ふじが丘山手三丁目,2,23,fujigaoka.pdf,,high,資料上2回出現
1843,大字寒田76番地の11,ふじが丘山手区315-21,ふじが丘山手二丁目,9,24,fujigaoka.pdf,,high,
1844,大字寒田76番地の12,ふじが丘山手区315-22,ふじが丘山手二丁目,9,25,fujigaoka.pdf,,high,
1845,大字寒田76番地の13,ふじが丘山手区315-23,ふじが丘山手二丁目,9,26,fujigaoka.pdf,,high,
1846,大字寒田76番地の21,ふじが丘山手区317-1,ふじが丘山手一丁目,14,15,fujigaoka.pdf,,high,
1847,大字寒田76番地の22,ふじが丘山手区317-5,ふじが丘山手一丁目,14,16,fujigaoka.pdf,,high,
1848,大字寒田76番地の25,ふじが丘山手区317-2,ふじが丘山手一丁目,14,22,fujigaoka.pdf,,high,
1849,大字寒田76番地の26,ふじが丘山手区317-4,ふじが丘山手一丁目,14,19,fujigaoka.pdf,,high,
1850,大字寒田76番地の32,ふじが丘山手区317-9,ふじが丘山手三丁目,1,4-1,fujigaoka.pdf,,high,
1851,大字寒田76番地の32,ふじが丘山手区317-10,ふじが丘山手三丁目,1,4-2,fujigaoka.pdf,,high,資料上2回出現
1852,大字寒田76番地の38,ふじが丘山手区317-6,ふじが丘山手三丁目,1,1,fujigaoka.pdf,,high,
1853,大字寒田76番地の41,ふじが丘山手区317-7,ふじが丘山手三丁目,1,2-1,fujigaoka.pdf,,high,
1854,大字寒田80番地の3,ふじが丘山手区306-1,ふじが丘山手一丁目,12,10,fujigaoka.pdf,,high,
1855,大字寒田80番地の7,ふじが丘山手区308-1,ふじが丘山手一丁目,14,5,fujigaoka.pdf,,high,
1856,大字寒田80番地の8,ふじが丘山手区308-2,ふじが丘山手一丁目,14,6,fujigaoka.pdf,,high,
1857,大字寒田80番地の9,ふじが丘山手区308-3,ふじが丘山手一丁目,14,7,fujigaoka.pdf,,high,
1858,大字寒田80番地の10,ふじが丘山手区308-4,ふじが丘山手一丁目,14,8,fujigaoka.pdf,,high,
1859,大字寒田84番地の2,ふじが丘山手区304-1,ふじが丘山手一丁目,10,9,fujigaoka.pdf,,high,
1860,大字寒田84番地の5,ふじが丘山手区304-9,ふじが丘山手一丁目,10,6,fujigaoka.pdf,,high,資料上2回出現
1861,大字寒田84番地の6,ふじが丘山手区304-10,ふじが丘山手一丁目,10,7,fujigaoka.pdf,,high,
1862,大字寒田84番地の9,ふじが丘山手区305-9,ふじが丘山手一丁目,11,6,fujigaoka.pdf,,high,
1863,大字寒田84番地の12,ふじが丘山手区315-1,ふじが丘山手二丁目,9,1,fujigaoka.pdf,,high,
1864,大字寒田84番地の14,ふじが丘山手区308-8,ふじが丘山手一丁目,14,1,fujigaoka.pdf,,high,資料上3回出現
1865,大字寒田84番地の15,ふじが丘山手区308-6,ふじが丘山手一丁目,14,3,fujigaoka.pdf,,high,
1866,大字寒田84番地の17,ふじが丘山手区305-1,ふじが丘山手一丁目,11,11,fujigaoka.pdf,,high,
1867,大字寒田84番地の18,ふじが丘山手区305-2,ふじが丘山手一丁目,11,12,fujigaoka.pdf,,high,資料上2回出現
1868,大字寒田84番地の28,ふじが丘山手区119B-1,ふじが丘山手一丁目,7,6,fujigaoka.pdf,,high,
1869,大字寒田84番地の29,ふじが丘山手区119-2,ふじが丘山手一丁目,7,7,fujigaoka.pdf,,high,
1870,大字寒田84番地の30,ふじが丘山手区119-3,ふじが丘山手一丁目,7,8,fujigaoka.pdf,,high,
1871,大字寒田84番地の33,ふじが丘山手区305-10,ふじが丘山手一丁目,11,7,fujigaoka.pdf,,high,
1872,大字寒田84番地の34,ふじが丘山手区305-11,ふじが丘山手一丁目,11,8,fujigaoka.pdf,,high,
1873,大字寒田87番地の7,ふじが丘山手区119-10,ふじが丘山手一丁目,7,18,fujigaoka.pdf,,high,
1874,大字寒田87番地の8,ふじが丘山手区119-9,ふじが丘山手一丁目,7,16,fujigaoka.pdf,,high,
1875,大字寒田87番地の9,ふじが丘山手区119-8,ふじが丘山手一丁目,7,14,fujigaoka.pdf,,high,
1876,大字寒田87番地の10,ふじが丘山手区119-7,ふじが丘山手一丁目,7,13,fujigaoka.pdf,,high,
1877,大字寒田87番地の11,ふじが丘山手区119-6,ふじが丘山手一丁目,7,12,fujigaoka.pdf,,high,
1878,大字寒田87番地の12,ふじが丘山手区119-5,ふじが丘山手一丁目,7,11,fujigaoka.pdf,,high,
1879,大字寒田118番地の37,ふじが丘山手区119-4,ふじが丘山手一丁目,7,9,fujigaoka.pdf,,high,
1880,大字寒田120番地の5,ふじが丘山手区303-1,ふじが丘山手一丁目,8,7,fujigaoka.pdf,,high,資料上2回出現
1881,大字寒田120番地の6,ふじが丘山手区303-2,ふじが丘山手一丁目,8,4,fujigaoka.pdf,,high,
1882,大字寒田120番地の7,ふじが丘山手区303-3,ふじが丘山手一丁目,8,3,fujigaoka.pdf,,high,資料上3回出現
1883,大字寒田120番地の8,ふじが丘山手区303-4,ふじが丘山手一丁目,8,2,fujigaoka.pdf,,high,
1884,大字寒田120番地の11,ふじが丘山手区304-2,ふじが丘山手一丁目,10,11,fujigaoka.pdf,,high,
1885,大字寒田120番地の12,ふじが丘山手区304-3,ふじが丘山手一丁目,10,12,fujigaoka.pdf,,high,
1886,大字寒田120番地の15,ふじが丘山手区304-8,ふじが丘山手一丁目,10,5,fujigaoka.pdf,,high,
1887,大字寒田150番地の3,ふじが丘南区114-12,ふじが丘南一丁目,14,15,fujigaoka.pdf,,high,資料上2回出現
1888,大字寒田150番地の5,ふじが丘南区113-7,ふじが丘南一丁目,15,9,fujigaoka.pdf,,high,
1889,大字寒田150番地の6,ふじが丘南区113-8,ふじが丘南一丁目,15,11,fujigaoka.pdf,,high,
1890,大字寒田153番地の2,ふじが丘南区113-9,ふじが丘南一丁目,15,12,fujigaoka.pdf,,high,
1891,大字寒田155番地の1,ふじが丘山手区116-3,ふじが丘山手一丁目,3,6,fujigaoka.pdf,,high,資料上2回出現
1892,大字寒田155番地の4,ふじが丘山手区115-1,ふじが丘山手一丁目,4,1,fujigaoka.pdf,,high,
1893,大字寒田155番地の5,ふじが丘山手区116-1,ふじが丘山手一丁目,3,5,fujigaoka.pdf,,high,
1894,大字寒田155番地の6,ふじが丘山手区116-2,ふじが丘山手一丁目,3,1,fujigaoka.pdf,,high,
1895,大字寒田155番地の7,ふじが丘山手区118-10,ふじが丘山手一丁目,6,8,fujigaoka.pdf,,high,
1896,大字寒田155番地の8,ふじが丘山手区115-2,ふじが丘山手一丁目,4,2,fujigaoka.pdf,,high,資料上2回出現
1897,大字寒田155番地の9,ふじが丘山手区115-3,ふじが丘山手一丁目,4,3,fujigaoka.pdf,,high,資料上2回出現
1898,大字寒田155番地の10,ふじが丘山手区115-4,ふじが丘山手一丁目,4,5,fujigaoka.pdf,,high,
1899,大字寒田155番地の13,ふじが丘山手区115-8,ふじが丘山手一丁目,4,11,fujigaoka.pdf,,high,
1900,大字寒田155番地の14,ふじが丘山手区115-9,ふじが丘山手一丁目,4,12,fujigaoka.pdf,,high,
1901,大字寒田155番地の15,ふじが丘山手区115-10,ふじが丘山手一丁目,4,13,fujigaoka.pdf,,high,資料上2回出現
1902,大字寒田155番地の16,ふじが丘山手区115-11,ふじが丘山手一丁目,4,14,fujigaoka.pdf,,high,資料上2回出現
1903,大字寒田155番地の17,ふじが丘山手区115-12,ふじが丘山手一丁目,4,15,fujigaoka.pdf,,high,
1904,大字寒田155番地の18,ふじが丘山手区115-13,ふじが丘山手一丁目,4,16,fujigaoka.pdf,,high,
1905,大字寒田155番地の19,ふじが丘山手区115-14,ふじが丘山手一丁目,4,18,fujigaoka.pdf,,high,
1906,大字寒田155番地の21,ふじが丘山手区116-5,ふじが丘山手一丁目,3,7,fujigaoka.pdf,,high,
1907,大字寒田155番地の22,ふじが丘山手区116-6,ふじが丘山手一丁目,3,9,fujigaoka.pdf,,high,
1908,大字寒田155番地の23,ふじが丘山手区116-7,ふじが丘山手一丁目,3,10,fujigaoka.pdf,,high,
1909,大字寒田155番地の24,ふじが丘山手区117-1,ふじが丘山手一丁目,5,10,fujigaoka.pdf,,high,
1910,大字寒田155番地の24,,ふじが丘山手一丁目,5,10,fujigaoka.pdf,,high,資料上通称の記載なし
1911,大字寒田155番25,ふじが丘山手区117-5,ふじが丘山手一丁目,5,3,fujigaoka.pdf,,high,
1912,大字寒田155番地の27,ふじが丘山手区117-8,ふじが丘山手一丁目,5,5,fujigaoka.pdf,,high,資料上2回出現
1913,大字寒田155番地の29,ふじが丘山手区118-1,ふじが丘山手一丁目,6,9,fujigaoka.pdf,,high,
1914,大字寒田155番地の30,ふじが丘山手区118-2,ふじが丘山手一丁目,6,11,fujigaoka.pdf,,high,
1915,大字寒田155番地の31,ふじが丘山手区118-3,ふじが丘山手一丁目,6,12,fujigaoka.pdf,,high,
1916,大字寒田155番地の32,ふじが丘山手区118-4,ふじが丘山手一丁目,6,13,fujigaoka.pdf,,high,
1917,大字寒田155番地の33,ふじが丘山手区118-5,ふじが丘山手一丁目,6,1,fujigaoka.pdf,,high,
1918,大字寒田155番地の34,ふじが丘山手区118-6,ふじが丘山手一丁目,6,3,fujigaoka.pdf,,high,
1919,大字寒田155番地の35,ふじが丘山手区118-7,ふじが丘山手一丁目,6,4,fujigaoka.pdf,,high,
1920,大字寒田155番地の36,ふじが丘山手区118-8,ふじが丘山手一丁目,6,5,fujigaoka.pdf,,high,
1921,大字寒田155番地の38,ふじが丘山手区118-9,ふじが丘山手一丁目,6,6,fujigaoka.pdf,,high,
1922,大字寒田155番地の39,ふじが丘山手区116-8,ふじが丘山手一丁目,3,12,fujigaoka.pdf,,high,
1923,大字寒田155番地の40,ふじが丘山手区116-9,ふじが丘山手一丁目,3,13,fujigaoka.pdf,,high,
1924,大字寒田155番地の41,,ふじが丘山手一丁目,3,14,fujigaoka.pdf,,high,資料上通称の記載なし
1925,大字寒田155番地の43,ふじが丘山手区117-2,ふじが丘山手一丁目,5,12,fujigaoka.pdf,,high,
1926,大字寒田155番地の44,ふじが丘山手区117-3,ふじが丘山手一丁目,5,13,fujigaoka.pdf,,high,
1927,大字寒田155番地の46,ふじが丘山手区117-6,ふじが丘山手一丁目,5,4,fujigaoka.pdf,,high,資料上2回出現
1928,大字寒田155番地の54,ふじが丘山手区116-11,ふじが丘山手一丁目,2,8,fujigaoka.pdf,,high,
1929,大字寒田155番地の55,ふじが丘山手区116-12,ふじが丘山手一丁目,2,6,fujigaoka.pdf,,high,
1930,大字寒田155番地の56,ふじが丘山手区116-13,ふじが丘山手一丁目,2,5,fujigaoka.pdf,,high,
1931,大字寒田155番地の59,ふじが丘山手区120-8,ふじが丘山手一丁目,1,11,fujigaoka.pdf,,high,
1932,大字寒田155番地の60,ふじが丘山手区120-7,ふじが丘山手一丁目,1,9,fujigaoka.pdf,,high,資料上2回出現
1933,大字寒田155番地の61,ふじが丘山手区120-6,ふじが丘山手一丁目,1,8,fujigaoka.pdf,,high,
1934,大字寒田155番地の62,ふじが丘山手区120-5,ふじが丘山手一丁目,1,7,fujigaoka.pdf,,high,
1935,大字寒田155番地の63,ふじが丘山手区120-4,ふじが丘山手一丁目,1,6,fujigaoka.pdf,,high,
1936,大字寒田155番地の64,ふじが丘山手区120-9,ふじが丘山手一丁目,1,13,fujigaoka.pdf,,high,
1937,大字寒田155番地の65,ふじが丘山手区120-10,ふじが丘山手一丁目,1,18,fujigaoka.pdf,,high,
1938,大字寒田155番地の66,ふじが丘山手区120-11,ふじが丘山手一丁目,1,19,fujigaoka.pdf,,high,
1939,大字寒田155番地の67,ふじが丘山手区120-12,ふじが丘山手一丁目,1,15,fujigaoka.pdf,,high,
1940,大字寒田155番地の68,ふじが丘山手区120-13,ふじが丘山手一丁目,1,16,fujigaoka.pdf,,high,
1941,大字寒田155番地の69,ふじが丘山手区120B-14,ふじが丘山手一丁目,2,1,fujigaoka.pdf,,high,資料上2回出現
1942,大字寒田155番地の75,ふじが丘山手区120-15,ふじが丘山手一丁目,2,3,fujigaoka.pdf,,high,資料上2回出現
1943,大字寒田155番地の76,ふじが丘山手区120-16,ふじが丘山手一丁目,2,2,fujigaoka.pdf,,high,資料上2回出現
1944,大字寒田235番地の3,ふじが丘南区113-10,ふじが丘南一丁目,15,13,fujigaoka.pdf,,high,
1945,大字寒田235番地の4,ふじが丘南区113-11 ｺﾝﾌｫｰﾄふじ101,ふじが丘南一丁目,15,14,fujigaoka.pdf,,high,
1946,大字寒田235番地の4,ふじが丘南区113-11 ｺﾝﾌｫｰﾄふじ201,ふじが丘南一丁目,15,14,fujigaoka.pdf,,high,
1947,大字寒田字八丸235番地5,ふじが丘南区113-12,ふじが丘南一丁目,15,15,fujigaoka.pdf,,high,
1948,大字寒田235番地の16,ふじが丘南区105B-8,ふじが丘南一丁目,16,10,fujigaoka.pdf,,high,資料上2回出現
1949,大字寒田235番地の16,ふじが丘105B-8,ふじが丘南一丁目,16,10,fujigaoka.pdf,,high,資料上2回出現
1950,大字寒田235番地の32,ふじが丘山手区120-3,ふじが丘山手一丁目,1,4,fujigaoka.pdf,,high,
1951,大字寒田字八丸235番地33,ふじが丘山手区120-2,ふじが丘山手一丁目,1,2,fujigaoka.pdf,,high,資料上2回出現
1952,大字寒田420番地の9,ふじが丘南区105-1A,ふじが丘南一丁目,8,16,fujigaoka.pdf,,high,
1953,大字寒田420番地の10,ふじが丘南区105-2A,ふじが丘南一丁目,8,2,fujigaoka.pdf,,high,
1954,大字寒田420番地の12,ふじが丘南区105-11A,ふじが丘南一丁目,8,13,fujigaoka.pdf,,high,
1955,大字寒田420番地の13,ふじが丘南区105-12A,ふじが丘南一丁目,8,15,fujigaoka.pdf,,high,
1956,大字寒田字下原420番地17,,ふじが丘南一丁目,1,8,fujigaoka.pdf,,high,資料上通称の記載なし
1957,,ふじが丘山手区118-11,ふじが丘山手一丁目,7,2,fujigaoka.pdf,,low,旧住所欄が大字+番地でなく通称形式で印字(資料どおり採用) 同一新住所の正規行なし
1958,大字岡川1463番地の6,ふじが丘山手区422-1,ふじが丘山手三丁目,6,9,fujigaoka.pdf,,high,
1959,大字岡川1463番地の8,ふじが丘山手区422-9,ふじが丘山手三丁目,6,6,fujigaoka.pdf,,high,
1960,大字岡川1463番地の9,ふじが丘山手区422-10,ふじが丘山手三丁目,6,8,fujigaoka.pdf,,high,
1961,大字岡川1463番地の12,ふじが丘山手区427-4,ふじが丘山手三丁目,11,4,fujigaoka.pdf,,high,資料上2回出現
1962,大字岡川1463番地の13,ふじが丘山手区427-5,ふじが丘山手三丁目,11,5,fujigaoka.pdf,,high,
1963,大字岡川1463番地の14,ふじが丘山手区427-6,ふじが丘山手三丁目,11,6,fujigaoka.pdf,,high,
1964,大字岡川1463番地の15,ふじが丘山手区427-7,ふじが丘山手三丁目,11,9,fujigaoka.pdf,,high,資料上2回出現
1965,大字岡川1463番地の16,ふじが丘山手区427-8,ふじが丘山手三丁目,11,10,fujigaoka.pdf,,high,資料上2回出現
1966,大字岡川1463番地の17,ふじが丘山手区427-9,ふじが丘山手三丁目,11,11,fujigaoka.pdf,,high,資料上2回出現
1967,大字岡川1463番地の19,ふじが丘山手区428-1,ふじが丘山手三丁目,12,16,fujigaoka.pdf,,high,
1968,大字岡川1463番地の20,ふじが丘山手区428-2,ふじが丘山手三丁目,12,3,fujigaoka.pdf,,high,
1969,大字岡川1463番地の21,ふじが丘山手区428-3,ふじが丘山手三丁目,12,4,fujigaoka.pdf,,high,資料上2回出現
1970,大字岡川1463番地の22,ふじが丘山手区429-1,ふじが丘山手三丁目,12,13,fujigaoka.pdf,,high,
1971,大字岡川1463番地の23,ふじが丘山手区429-2,ふじが丘山手三丁目,12,12,fujigaoka.pdf,,high,
1972,大字岡川1463番地の24,ふじが丘山手区429-3,ふじが丘山手三丁目,12,7,fujigaoka.pdf,,high,
1973,大字岡川1463番地の25,ふじが丘山手区429-4,ふじが丘山手三丁目,12,8,fujigaoka.pdf,,high,
1974,大字岡川1463番地の27,ふじが丘山手区426-2,ふじが丘山手三丁目,10,2,fujigaoka.pdf,,high,
1975,大字岡川1463番地の28,ふじが丘山手区426-3,ふじが丘山手三丁目,10,3,fujigaoka.pdf,,high,
1976,大字岡川1463番地の29,ふじが丘山手区426-4,ふじが丘山手三丁目,10,4,fujigaoka.pdf,,high,
1977,大字岡川1463番地の30,ふじが丘山手区426-5,ふじが丘山手三丁目,10,5,fujigaoka.pdf,,high,
1978,大字岡川1463番地の31,ふじが丘山手区426-6,ふじが丘山手三丁目,10,6,fujigaoka.pdf,,high,
1979,大字岡川1463番地の32,ふじが丘山手区426-7,ふじが丘山手三丁目,10,8,fujigaoka.pdf,,high,資料上2回出現
1980,大字岡川1463番地の33,ふじが丘山手区426-8,ふじが丘山手三丁目,10,9,fujigaoka.pdf,,high,
1981,大字岡川1463番地の34,ふじが丘山手区426-9,ふじが丘山手三丁目,10,10,fujigaoka.pdf,,high,
1982,大字岡川1463番地の35,ふじが丘山手区426-10,ふじが丘山手三丁目,10,11,fujigaoka.pdf,,high,
1983,大字岡川1463番地の36,ふじが丘山手区426-11,ふじが丘山手三丁目,10,13,fujigaoka.pdf,,high,
1984,大字岡川1463番地の38,ふじが丘山手区425-7,ふじが丘山手三丁目,9,9,fujigaoka.pdf,,high,
1985,大字岡川1463番地の39,ふじが丘山手区425-6,ふじが丘山手三丁目,9,8,fujigaoka.pdf,,high,
1986,大字岡川1463番地の40,ふじが丘山手区425-5,ふじが丘山手三丁目,9,6,fujigaoka.pdf,,high,
1987,大字岡川1463番地の83,ふじが丘山手区425-8,ふじが丘山手三丁目,9,7,fujigaoka.pdf,,high,
1988,大字岡川1463番地の85,ふじが丘山手区428-1,ふじが丘山手三丁目,12,1,fujigaoka.pdf,,high,
1989,大字岡川1470番地の4,ふじが丘山手区421-1,ふじが丘山手三丁目,5,9,fujigaoka.pdf,,high,
1990,大字岡川1470番地の7,ふじが丘山手区421-10,ふじが丘山手三丁目,5,8,fujigaoka.pdf,,high,
1991,大字岡川1470番地の11,ふじが丘山手区427-3,ふじが丘山手三丁目,11,3,fujigaoka.pdf,,high,
1992,大字岡川1471番地の3,ふじが丘山手区420-1,ふじが丘山手三丁目,4,1,fujigaoka.pdf,,high,資料上2回出現
1993,大字岡川1471番地の4,ふじが丘山手区420-2,ふじが丘山手三丁目,4,2,fujigaoka.pdf,,high,
1994,大字岡川1471番地の8,ふじが丘山手区420-7,ふじが丘山手三丁目,4,9,fujigaoka.pdf,,high,
1995,大字岡川1471番地の11,ふじが丘山手区427-2,ふじが丘山手三丁目,11,2,fujigaoka.pdf,,high,
1996,大字岡川1471番地の13,ふじが丘山手区427-10,ふじが丘山手三丁目,11,12,fujigaoka.pdf,,high,
1997,大字岡川1471番地の24,ふじが丘山手区420-6,ふじが丘山手三丁目,4,8,fujigaoka.pdf,,high,
1998,大字岡川1474番地の1,ふじが丘山手区319-3,ふじが丘山手一丁目,17,4,fujigaoka.pdf,,high,
1999,大字岡川1474番地の3,ふじが丘山手区319-1,ふじが丘山手一丁目,17,3,fujigaoka.pdf,,high,
2000,大字岡川1497番地の1,ふじが丘山手区321-5,ふじが丘山手一丁目,17,7,fujigaoka.pdf,,high,資料上2回出現
