seq,old_address,alias,new_town,block,house,source_doc,source_page,confidence,note
1,大字永興130番地の9,二又町6組のE,二又町一丁目,1,5,kyuusinpdf.pdf,大字永興-1,high,
2,大字永興130番地の10,二又町6組のE,二又町一丁目,1,6,kyuusinpdf.pdf,大字永興-1,high,資料上3回出現
3,大字永興130番地の11,二又町6組のE,二又町一丁目,1,7,kyuusinpdf.pdf,大字永興-1,high,
4,大字永興142番地の1,二又町6組のB 藤ｺｰﾎﾟ1-101,二又町一丁目,1,18-101,kyuusinpdf.pdf,大字永興-1,high,
5,大字永興142番地の1,二又町6組のB 藤ｺｰﾎﾟ1-102,二又町一丁目,1,18-102,kyuusinpdf.pdf,大字永興-1,high,
6,大字永興142番地の1,二又町6組のB 藤ｺｰﾎﾟ1-103,二又町一丁目,1,18-103,kyuusinpdf.pdf,大字永興-1,high,
7,大字永興142番地の1,二又町6組のB 藤ｺｰﾎﾟ1-105,二又町一丁目,1,18-105,kyuusinpdf.pdf,大字永興-1,high,
8,大字永興142番地の1,二又町6組のB 藤ｺｰﾎﾟ1-201,二又町一丁目,1,18-201,kyuusinpdf.pdf,大字永興-1,high,
9,大字永興142番地の1,二又町6組のB 藤ｺｰﾎﾟ1-202,二又町一丁目,1,18-202,kyuusinpdf.pdf,大字永興-1,high,
10,大字永興142番地の1,二又町6組のB 藤ｺｰﾎﾟ1-203,二又町一丁目,1,18-203,kyuusinpdf.pdf,大字永興-1,high,
11,大字永興142番地の1,二又町6組のB 藤ｺｰﾎﾟ1-205,二又町一丁目,1,18-205,kyuusinpdf.pdf,大字永興-1,high,
12,大字永興142番地の1,二又町6組のB 藤ｺｰﾎﾟ1-301,二又町一丁目,1,18-301,kyuusinpdf.pdf,大字永興-2,high,
13,大字永興142番地の1,二又町6組のB 藤ｺｰﾎﾟ1-302,二又町一丁目,1,18-302,kyuusinpdf.pdf,大字永興-2,high,
14,大字永興142番地の1,二又町6組のB 藤ｺｰﾎﾟ1-303,二又町一丁目,1,18-303,kyuusinpdf.pdf,大字永興-2,high,
15,大字永興142番地の1,二又町6組のB 藤ｺｰﾎﾟ1-305,二又町一丁目,1,18-305,kyuusinpdf.pdf,大字永興-2,high,
16,大字永興142番地の1,二又町6組のB 藤ｺｰﾎﾟ1-401,二又町一丁目,1,18-401,kyuusinpdf.pdf,大字永興-2,high,
17,大字永興142番地の1,二又町6組のB 藤ｺｰﾎﾟ1-402,二又町一丁目,1,18-402,kyuusinpdf.pdf,大字永興-2,high,
18,大字永興142番地の1,二又町6組のB 藤ｺｰﾎﾟ1-403,二又町一丁目,1,18-403,kyuusinpdf.pdf,大字永興-2,high,
19,大字永興142番地の1,二又町6組のB 藤ｺｰﾎﾟ1-405,二又町一丁目,1,18-405,kyuusinpdf.pdf,大字永興-2,high,
20,大字永興142番地の1,二又町6組のB 藤ｺｰﾎﾟ1-501,二又町一丁目,1,18-501,kyuusinpdf.pdf,大字永興-2,high,
21,大字永興142番地の1,二又町6組のB 藤ｺｰﾎﾟ1-502,二又町一丁目,1,18-502,kyuusinpdf.pdf,大字永興-2,high,
22,大字永興142番地の1,二又町6組のB 藤ｺｰﾎﾟ1-505,二又町一丁目,1,18-505,kyuusinpdf.pdf,大字永興-2,high,
23,大字永興142番地の2,二又町6組C,二又町一丁目,2,42,kyuusinpdf.pdf,大字永興-2,high,
24,大字永興142番地の2,二又町6組のC 藤ｺｰﾎﾟ2-101,二又町一丁目,2,42-101,kyuusinpdf.pdf,大字永興-2,high,
25,大字永興142番地の2,二又町6組のC 藤ｺｰﾎﾟ2-102,二又町一丁目,2,42-102,kyuusinpdf.pdf,大字永興-3,high,
26,大字永興142番地の2,二又町6組のC 藤ｺｰﾎﾟ2-103,二又町一丁目,2,42-103,kyuusinpdf.pdf,大字永興-3,high,
27,大字永興142番地の2,二又町6組のC 藤ｺｰﾎﾟ2-105,二又町一丁目,2,42-105,kyuusinpdf.pdf,大字永興-3,high,
28,大字永興142番地の2,二又町6組のC 藤ｺｰﾎﾟ2-201,二又町一丁目,2,42-201,kyuusinpdf.pdf,大字永興-3,high,
29,大字永興142番地の2,二又町6組のC 藤ｺｰﾎﾟ2-202,二又町一丁目,2,42-202,kyuusinpdf.pdf,大字永興-3,high,
30,大字永興142番地の2,二又町6組のC 藤ｺｰﾎﾟ2-203,二又町一丁目,2,42-203,kyuusinpdf.pdf,大字永興-3,high,
31,大字永興142番地の2,二又町6組のC 藤ｺｰﾎﾟ2-205,二又町一丁目,2,42-205,kyuusinpdf.pdf,大字永興-3,high,資料上2回出現
32,大字永興142番地の2,二又町6組のC 藤ｺｰﾎﾟ2-301,二又町一丁目,2,42-301,kyuusinpdf.pdf,大字永興-3,high,
33,大字永興142番地の2,二又町6組のC 藤ｺｰﾎﾟ2-302,二又町一丁目,2,42-302,kyuusinpdf.pdf,大字永興-3,high,
34,大字永興142番地の2,二又町6組のC 藤ｺｰﾎﾟ2-303,二又町一丁目,2,42-303,kyuusinpdf.pdf,大字永興-3,high,資料上2回出現
35,大字永興142番地の2,二又町6組のC 藤ｺｰﾎﾟ2-305,二又町一丁目,2,42-305,kyuusinpdf.pdf,大字永興-3,high,
36,大字永興142番地の2,二又町6組のC 藤ｺｰﾎﾟ2-401,二又町一丁目,2,42-401,kyuusinpdf.pdf,大字永興-4,high,
37,大字永興142番地の2,二又町6組のC 藤ｺｰﾎﾟ2-402,二又町一丁目,2,42-402,kyuusinpdf.pdf,大字永興-4,high,
38,大字永興142番地の2,二又町6組のC,二又町一丁目,2,42-403,kyuusinpdf.pdf,大字永興-4,high,
39,大字永興142番地の2,二又町6組のC 藤ｺｰﾎﾟ2-405,二又町一丁目,2,42-405,kyuusinpdf.pdf,大字永興-4,high,
40,大字永興142番地の2,二又町6組のC 藤ｺｰﾎﾟ2-501,二又町一丁目,2,42-501,kyuusinpdf.pdf,大字永興-4,high,
41,大字永興142番地の2,二又町6組のC 藤ｺｰﾎﾟ2-502,二又町一丁目,2,42-502,kyuusinpdf.pdf,大字永興-4,high,
42,大字永興142番地の2,二又町6組のC 藤ｺｰﾎﾟ2-503,二又町一丁目,2,42-503,kyuusinpdf.pdf,大字永興-4,high,
43,大字永興142番地の2,二又町6組のC 藤ｺｰﾎﾟ2-505,二又町一丁目,2,42-505,kyuusinpdf.pdf,大字永興-4,high,
44,大字永興142番地の4,二又町6B,二又町一丁目,1,18,kyuusinpdf.pdf,大字永興-4,high,
45,大字永興142番地の4,二又町6組のB 藤ｺｰﾎﾟⅠ503,二又町一丁目,1,18-503,kyuusinpdf.pdf,大字永興-4,high,
46,大字永興142番地の5,,二又町一丁目,2,44,kyuusinpdf.pdf,大字永興-4,high,資料上4回出現
47,大字永興143-4,二又町6組のD,二又町一丁目,1,20,kyuusinpdf.pdf,大字永興-5,high,
48,大字永興143番地の4,二又町6組のD ｻｰﾊﾟｽ永興201,二又町一丁目,1,20-201,kyuusinpdf.pdf,大字永興-5,high,
49,大字永興143番地の4,二又町6組のD ｻｰﾊﾟｽ永興202,二又町一丁目,1,20-202,kyuusinpdf.pdf,大字永興-5,high,
50,大字永興143番地の4,二又町6組のD ｻｰﾊﾟｽ永興203,二又町一丁目,1,20-203,kyuusinpdf.pdf,大字永興-5,high,
51,大字永興143番地の4,二又町6組のD ｻｰﾊﾟｽ永興301,二又町一丁目,1,20-301,kyuusinpdf.pdf,大字永興-5,high,
52,大字永興143番地の4,二又町6組のD ｻｰﾊﾟｽ永興302,二又町一丁目,1,20-302,kyuusinpdf.pdf,大字永興-5,high,
53,大字永興143番地の4,二又町6組のD ｻｰﾊﾟｽ永興303,二又町一丁目,1,20-303,kyuusinpdf.pdf,大字永興-5,high,
54,大字永興143番地の4,二又町6組のD ｻｰﾊﾟｽ永興401,二又町一丁目,1,20-401,kyuusinpdf.pdf,大字永興-5,high,資料上2回出現
55,大字永興143番地の4,二又町6組のD ｻｰﾊﾟｽ永興402,二又町一丁目,1,20-402,kyuusinpdf.pdf,大字永興-5,high,
56,大字永興143番地の4,二又町6組のD ｻｰﾊﾟｽ永興501,二又町一丁目,1,20-501,kyuusinpdf.pdf,大字永興-5,high,
57,大字永興143番地の4,二又町6組のD ｻｰﾊﾟｽ永興502,二又町一丁目,1,20-502,kyuusinpdf.pdf,大字永興-5,high,
58,大字永興143番地の4,二又町6組のD ｻｰﾊﾟｽ永興601,二又町一丁目,1,20-601,kyuusinpdf.pdf,大字永興-6,high,
59,大字永興143番地の4,二又町6組のD ｻｰﾊﾟｽ永興602,二又町一丁目,1,20-602,kyuusinpdf.pdf,大字永興-6,high,
60,大字永興143番地の4,二又町6組のD ｻｰﾊﾟｽ永興701,二又町一丁目,1,20-701,kyuusinpdf.pdf,大字永興-6,high,
61,大字永興143番地の4,二又町6組のD ｻｰﾊﾟｽ永興702,二又町一丁目,1,20-702,kyuusinpdf.pdf,大字永興-6,high,資料上2回出現
62,大字永興143番地の4,二又町6組のD ｻｰﾊﾟｽ永興801,二又町一丁目,1,20-801,kyuusinpdf.pdf,大字永興-6,high,
63,大字永興143番地の4,二又町6組のD ｻｰﾊﾟｽ永興802,二又町一丁目,1,20-802,kyuusinpdf.pdf,大字永興-6,high,
64,大字永興143番地の4,二又町6組のD ｻｰﾊﾟｽ永興901,二又町一丁目,1,20-901,kyuusinpdf.pdf,大字永興-6,high,
65,大字永興143番地の4,二又町6組のD ｻｰﾊﾟｽ永興902,二又町一丁目,1,20-902,kyuusinpdf.pdf,大字永興-6,high,資料上2回出現
66,大字永興143番地の4,二又町6組のD ｻｰﾊﾟｽ永興1001,二又町一丁目,1,20-1001,kyuusinpdf.pdf,大字永興-6,high,資料上2回出現
67,大字永興143番地の4,二又町6組のD ｻｰﾊﾟｽ永興1002,二又町一丁目,1,20-1002,kyuusinpdf.pdf,大字永興-6,high,
68,大字永興143番地の4,二又町6組のD ｻｰﾊﾟｽ永興1101,二又町一丁目,1,20-1101,kyuusinpdf.pdf,大字永興-7,high,資料上2回出現
69,大字永興143番地の4,二又町6組のD ｻｰﾊﾟｽ永興1102,二又町一丁目,1,20-1102,kyuusinpdf.pdf,大字永興-7,high,
70,大字永興143番地の4,二又町6組のD ｻｰﾊﾟｽ永興1202,二又町一丁目,1,20-1202,kyuusinpdf.pdf,大字永興-7,high,
71,大字永興144-1,二又町6のA組,二又町一丁目,1,30,kyuusinpdf.pdf,大字永興-7,high,
72,大字永興145番地の3,二又町6組のA,二又町一丁目,2,38,kyuusinpdf.pdf,大字永興-7,high,
73,大字永興145番地の3,二又町6組,二又町一丁目,2,38,kyuusinpdf.pdf,大字永興-7,high,
74,大字永興145番地の6,二又町6組のA,二又町一丁目,2,24,kyuusinpdf.pdf,大字永興-7,high,
75,大字永興145番地の9,二又町6組,二又町一丁目,2,22,kyuusinpdf.pdf,大字永興-7,high,
76,大字永興145番地の12,二又町6組のA,二又町一丁目,2,37,kyuusinpdf.pdf,大字永興-7,high,
77,大字永興146番地,二又町1組のA,二又町一丁目,2,20,kyuusinpdf.pdf,大字永興-7,high,
78,大字永興147番地,二又町1組のA,二又町一丁目,2,19,kyuusinpdf.pdf,大字永興-7,high,
79,大字永興149番地の3,二又町5組,二又町一丁目,2,7,kyuusinpdf.pdf,大字永興-7,high,
80,大字永興149番地の3,二又町5組,二又町一丁目,3,31,kyuusinpdf.pdf,大字永興-8,high,資料上2回出現
81,大字永興151番地,二又町1組のA,二又町一丁目,2,13,kyuusinpdf.pdf,大字永興-8,high,
82,大字永興158番地の3,二又町1組のB,二又町二丁目,1,5,kyuusinpdf.pdf,大字永興-8,high,資料上2回出現
83,大字永興159番地,二又町1組のB,二又町二丁目,1,4,kyuusinpdf.pdf,大字永興-8,high,
84,大字永興160番地の1,二又町1組のB,二又町二丁目,1,1,kyuusinpdf.pdf,大字永興-8,high,
85,大字永興161番地の1,二又町1組のB,二又町二丁目,1,18,kyuusinpdf.pdf,大字永興-8,high,
86,大字永興162番地の1,二又町1組のC,二又町二丁目,1,26,kyuusinpdf.pdf,大字永興-8,high,
87,大字永興162番地の11,二又町1組のC,二又町二丁目,1,29,kyuusinpdf.pdf,大字永興-8,high,
88,大字永興162番地の12,二又町1組のC,二又町二丁目,1,28,kyuusinpdf.pdf,大字永興-8,high,
89,大字永興162番地の13,二又町1組のC,二又町二丁目,1,24,kyuusinpdf.pdf,大字永興-8,high,
90,大字永興162番地の24,二又町1組のC,二又町二丁目,1,27,kyuusinpdf.pdf,大字永興-8,high,
91,大字永興163番地の7,二又町1組のC,二又町二丁目,1,33,kyuusinpdf.pdf,大字永興-9,high,
92,大字永興163番地の10,二又町1組のC,二又町二丁目,1,32,kyuusinpdf.pdf,大字永興-9,high,
93,大字永興164番地の3,二又町1組C 多田栄綜ﾋﾞﾙ,二又町二丁目,1,41,kyuusinpdf.pdf,大字永興-9,high,
94,大字永興190番地の3,二又町2組のA,二又町二丁目,2,2,kyuusinpdf.pdf,大字永興-9,high,
95,大字永興190番地の7,二又町2組のA,二又町二丁目,2,1,kyuusinpdf.pdf,大字永興-9,high,
96,大字永興191番地の3,二又町2組のA,二又町二丁目,2,8,kyuusinpdf.pdf,大字永興-9,high,資料上3回出現
97,大字永興191番地の11,二又町2組のA,二又町二丁目,2,4,kyuusinpdf.pdf,大字永興-9,high,資料上2回出現
98,大字永興191番地の11,二又町2組-A,二又町二丁目,2,4,kyuusinpdf.pdf,大字永興-9,high,
99,大字永興191番地の11,,二又町二丁目,2,4,kyuusinpdf.pdf,大字永興-9,high,
100,大字永興242番地,二又町1組のB,二又町二丁目,1,8,kyuusinpdf.pdf,大字永興-9,high,
101,大字永興692番地の1,二又町7組 後藤ﾋﾞﾙ,二又町三丁目,1,23,kyuusinpdf.pdf,大字永興-10,high,
102,大字永興769-9,二又4組A-3,二又町二丁目,1,37,kyuusinpdf.pdf,大字永興-10,high,
103,,二又町1組,二又町一丁目,2,12,kyuusinpdf.pdf,大字永興-10,low,資料上、旧住所欄(大字・番地)が空欄で通称欄に相当する記載のみ存在したため、old_addressを空欄としaliasに格納
104,大字羽屋185番地,二又町5組,二又町一丁目,2,4,kyuusinpdf.pdf,大字羽屋-1,high,
105,大字羽屋185番地の1,二又町5組 太陽二又ﾋﾞﾙ201,二又町一丁目,2,1,kyuusinpdf.pdf,大字羽屋-1,high,
106,大字羽屋185番地の1,二又町5組 太陽二又ﾋﾞﾙ3F,二又町一丁目,2,1,kyuusinpdf.pdf,大字羽屋-1,high,資料上2回出現
107,大字羽屋185番地の3,二又町5組,二又町一丁目,2,49,kyuusinpdf.pdf,大字羽屋-1,high,
108,大字羽屋185番地の5,二又町5組,二又町一丁目,2,3,kyuusinpdf.pdf,大字羽屋-1,high,
109,大字羽屋185番地の16,二又町5組,二又町一丁目,2,4,kyuusinpdf.pdf,大字羽屋-1,high,
110,大字羽屋字鋤崎188番2,,二又町一丁目,3,5,kyuusinpdf.pdf,大字羽屋-1,high,
111,大字羽屋189番地の6,二又町3組,二又町一丁目,4,5,kyuusinpdf.pdf,大字羽屋-1,high,
112,大字羽屋197-1,,二又町一丁目,4,16,kyuusinpdf.pdf,大字羽屋-1,high,
113,大字羽屋198番地,二又町3組のA,二又町一丁目,4,11,kyuusinpdf.pdf,大字羽屋-1,high,
114,大字羽屋字甲本199番1,二又町3-A組,二又町一丁目,4,7,kyuusinpdf.pdf,大字羽屋-1,high,
115,大字羽屋字太田202-1,,二又町三丁目,1,1,kyuusinpdf.pdf,大字羽屋-1,high,
116,大字羽屋206,二又町7組のC,二又町三丁目,1,4,kyuusinpdf.pdf,大字羽屋-2,high,
117,大字羽屋210番地の1,二又町7組のC,二又町三丁目,1,6,kyuusinpdf.pdf,大字羽屋-2,high,資料上2回出現
118,大字羽屋226番地の1,二又町7組のD ｸﾞﾘｰﾝﾋﾙ羽屋101,二又町三丁目,2,1,kyuusinpdf.pdf,大字羽屋-2,high,
119,大字羽屋226番地の1,二又町7組のD ｸﾞﾘｰﾝﾋﾞﾙ羽屋102,二又町三丁目,2,1,kyuusinpdf.pdf,大字羽屋-2,high,
120,大字羽屋226-1,ｸﾞﾘｰﾝﾋﾞﾙ羽屋105号,二又町三丁目,2,1,kyuusinpdf.pdf,大字羽屋-2,high,
121,大字羽屋226-1,ｸﾞﾘｰﾝﾋﾞﾙ羽屋,二又町三丁目,2,1,kyuusinpdf.pdf,大字羽屋-2,high,
122,大字羽屋226番地の1,二又町7組のD ｸﾞﾘｰﾝﾋﾞﾙ羽屋103,二又町三丁目,2,1-103,kyuusinpdf.pdf,大字羽屋-2,high,
123,大字羽屋226番地の1,二又町7組のD ｸﾞﾘｰﾝﾋﾞﾙ羽屋201,二又町三丁目,2,1-201,kyuusinpdf.pdf,大字羽屋-2,high,
124,大字羽屋226番地の1,二又町7組のD ｸﾞﾘｰﾝﾋﾞﾙ羽屋202,二又町三丁目,2,1-202,kyuusinpdf.pdf,大字羽屋-2,high,
125,大字羽屋226番地の1,二又町7組のD ｸﾞﾘｰﾝﾋﾞﾙ羽屋203,二又町三丁目,2,1-203,kyuusinpdf.pdf,大字羽屋-2,high,
126,大字羽屋226番地の1,二又町7組のD ｸﾞﾘｰﾝﾋﾞﾙ羽屋205,二又町三丁目,2,1-205,kyuusinpdf.pdf,大字羽屋-2,high,
127,大字羽屋226番地の1,二又町7組のD ｸﾞﾘｰﾝﾋﾞﾙ羽屋206,二又町三丁目,2,1-206,kyuusinpdf.pdf,大字羽屋-2,high,
128,大字羽屋226番地の1,二又町7組のD ｸﾞﾘｰﾝﾋﾞﾙ羽屋207,二又町三丁目,2,1-207,kyuusinpdf.pdf,大字羽屋-3,high,
129,大字羽屋226番地の1,二又町7組のD ｸﾞﾘｰﾝﾋﾞﾙ羽屋208,二又町三丁目,2,1-208,kyuusinpdf.pdf,大字羽屋-3,high,
130,大字羽屋226番地の1,二又町7組のD ｸﾞﾘｰﾝﾋﾞﾙ羽屋301,二又町三丁目,2,1-301,kyuusinpdf.pdf,大字羽屋-3,high,
131,大字羽屋226番地の1,二又町7組のD ｸﾞﾘｰﾝﾋﾞﾙ羽屋302,二又町三丁目,2,1-302,kyuusinpdf.pdf,大字羽屋-3,high,
132,大字羽屋226番地の1,二又町7組のD ｸﾞﾘｰﾝﾋﾞﾙ羽屋303,二又町三丁目,2,1-303,kyuusinpdf.pdf,大字羽屋-3,high,
133,大字羽屋226番地の1,二又町7組のD ｸﾞﾘｰﾝﾋﾞﾙ羽屋305,二又町三丁目,2,1-305,kyuusinpdf.pdf,大字羽屋-3,high,
134,大字羽屋226番地の1,二又町7組のD ｸﾞﾘｰﾝﾋﾞﾙ羽屋306,二又町三丁目,2,1-306,kyuusinpdf.pdf,大字羽屋-3,high,
135,大字羽屋226番地の1,二又町7組のD ｸﾞﾘｰﾝﾋﾞﾙ羽屋307,二又町三丁目,2,1-307,kyuusinpdf.pdf,大字羽屋-3,high,
136,大字羽屋226番地の1,二又町7組のD ｸﾞﾘｰﾝﾋﾞﾙ羽屋308,二又町三丁目,2,1-308,kyuusinpdf.pdf,大字羽屋-3,high,
137,大字羽屋226番地の1,二又町7組のD ｸﾞﾘｰﾝﾋﾞﾙ羽屋501,二又町三丁目,2,1-501,kyuusinpdf.pdf,大字羽屋-3,high,
138,大字羽屋226番地の1,二又町7組のD ｸﾞﾘｰﾝﾋﾞﾙ羽屋502,二又町三丁目,2,1-502,kyuusinpdf.pdf,大字羽屋-3,high,
139,大字羽屋226番地の1,二又町7組のD ｸﾞﾘｰﾝﾋﾞﾙ羽屋503,二又町三丁目,2,1-503,kyuusinpdf.pdf,大字羽屋-3,high,
140,大字羽屋226-8,明治安田生命南大分ﾋﾞﾙ2F,二又町三丁目,2,4,kyuusinpdf.pdf,大字羽屋-3,high,
141,大字羽屋229-1,,二又町三丁目,2,6,kyuusinpdf.pdf,大字羽屋-4,high,
142,大字羽屋267番地,,二又町三丁目,3,1,kyuusinpdf.pdf,大字羽屋-4,high,
143,大字羽屋278番地の4,,二又町三丁目,3,13,kyuusinpdf.pdf,大字羽屋-4,high,
144,大字羽屋278-4,,二又町三丁目,3,13,kyuusinpdf.pdf,大字羽屋-4,high,
145,,二又町5組,二又町一丁目,2,1,kyuusinpdf.pdf,大字羽屋-4,low,資料上、旧住所欄(大字・番地)が空欄で通称欄に相当する記載のみ存在したため、old_addressを空欄としaliasに格納
146,,二又町5組 竹山ﾋﾞﾙ203号,二又町一丁目,2,1,kyuusinpdf.pdf,大字羽屋-4,low,資料上、旧住所欄(大字・番地)が空欄で通称欄に相当する記載のみ存在したため、old_addressを空欄としaliasに格納
147,大字奥田52番地,田中町8組の6A,田中町三丁目,9,48,kyuusinpdf.pdf,大字奥田-1,high,
148,大字奥田379番地の3,田中町20組 ｱｲﾘｽ南大分101,田中町三丁目,16,9,kyuusinpdf.pdf,大字奥田-1,high,
149,大字奥田379番地の3,田中町20組 ｱｲﾘｽ南大分102,田中町三丁目,16,9,kyuusinpdf.pdf,大字奥田-1,high,
150,大字奥田379番地の3,田中町20組 ｱｲﾘｽ南大分103,田中町三丁目,16,9,kyuusinpdf.pdf,大字奥田-1,high,
151,大字奥田379番地の3,田中町20組 ｱｲﾘｽ南大分105,田中町三丁目,16,9,kyuusinpdf.pdf,大字奥田-1,high,
152,大字奥田379番地の3,田中町20組 ｱｲﾘｽ南大分106,田中町三丁目,16,9,kyuusinpdf.pdf,大字奥田-1,high,
153,大字奥田379番地の3,田中町20組 ｱｲﾘｽ南大分201,田中町三丁目,16,9,kyuusinpdf.pdf,大字奥田-1,high,
154,大字奥田379番地の3,田中町20組 ｱｲﾘｽ南大分202,田中町三丁目,16,9,kyuusinpdf.pdf,大字奥田-1,high,
155,大字奥田379番地の3,田中町20組 ｱｲﾘｽ南大分203,田中町三丁目,16,9,kyuusinpdf.pdf,大字奥田-1,high,
156,大字奥田379番地の3,田中町20組 ｱｲﾘｽ南大分205,田中町三丁目,16,9,kyuusinpdf.pdf,大字奥田-1,high,
157,大字奥田379番地の3,田中町20組 ｱｲﾘｽ南大分206,田中町三丁目,16,9,kyuusinpdf.pdf,大字奥田-1,high,
158,大字奥田379番地の5,田中町20組,田中町三丁目,16,15,kyuusinpdf.pdf,大字奥田-1,high,
159,大字奥田379番地の6,田中町20組,田中町三丁目,16,16,kyuusinpdf.pdf,大字奥田-1,high,
160,大字奥田379番地の7,田中町20組,田中町三丁目,16,17,kyuusinpdf.pdf,大字奥田-2,high,
161,大字奥田379番地の8,田中町20組,田中町三丁目,16,18,kyuusinpdf.pdf,大字奥田-2,high,
162,大字奥田379番地の9,田中町20組,田中町三丁目,16,19,kyuusinpdf.pdf,大字奥田-2,high,
163,大字奥田379番地の10,田中町20組,田中町三丁目,16,4,kyuusinpdf.pdf,大字奥田-2,high,
164,大字奥田379番地の13,田中町20組,田中町三丁目,16,5,kyuusinpdf.pdf,大字奥田-2,high,資料上2回出現
165,大字奥田382番地の4,田中町20組,田中町三丁目,15,15,kyuusinpdf.pdf,大字奥田-2,high,
166,大字奥田382番地の11,田中町20組,田中町三丁目,15,10,kyuusinpdf.pdf,大字奥田-2,high,
167,大字奥田382番地の12,田中町20組,田中町三丁目,15,9,kyuusinpdf.pdf,大字奥田-2,high,
168,大字奥田382番地の13,田中町20組,田中町三丁目,15,7,kyuusinpdf.pdf,大字奥田-2,high,
169,大字奥田382番地の14,田中町20組,田中町三丁目,15,6,kyuusinpdf.pdf,大字奥田-2,high,
170,大字奥田382番地の15,田中町20組,田中町三丁目,15,5,kyuusinpdf.pdf,大字奥田-2,high,資料上3回出現
171,大字奥田382番地の16,田中町20組,田中町三丁目,15,4,kyuusinpdf.pdf,大字奥田-3,high,
172,大字奥田382番地の17,田中町20組,田中町三丁目,15,1,kyuusinpdf.pdf,大字奥田-3,high,
173,大字奥田382番地の18,田中町20組,田中町三丁目,14,1,kyuusinpdf.pdf,大字奥田-3,high,資料上2回出現
174,大字奥田382番地の19,田中町20組,田中町三丁目,14,12,kyuusinpdf.pdf,大字奥田-3,high,
175,大字奥田382番地の20,田中町20組,田中町三丁目,14,9,kyuusinpdf.pdf,大字奥田-3,high,
176,大字奥田382番地の21,田中町20組,田中町三丁目,14,6,kyuusinpdf.pdf,大字奥田-3,high,
177,大字奥田382番地の22,田中町20組,田中町三丁目,14,5,kyuusinpdf.pdf,大字奥田-3,high,資料上2回出現
178,大字奥田382番地の23,田中町20組,田中町三丁目,14,4,kyuusinpdf.pdf,大字奥田-3,high,
179,大字奥田382番地の24,田中町20組,田中町三丁目,16,1,kyuusinpdf.pdf,大字奥田-3,high,資料上2回出現
180,大字奥田382番地の25,田中町20組,田中町三丁目,16,3,kyuusinpdf.pdf,大字奥田-4,high,
181,大字奥田382番地の26,田中町20組,田中町三丁目,13,1,kyuusinpdf.pdf,大字奥田-4,high,
182,大字奥田382番地の27,田中町20組,田中町三丁目,13,4,kyuusinpdf.pdf,大字奥田-4,high,
183,大字奥田382番地の28,田中町20組,田中町三丁目,13,5,kyuusinpdf.pdf,大字奥田-4,high,
184,大字奥田382番地の29,田中町20組,田中町三丁目,13,6,kyuusinpdf.pdf,大字奥田-4,high,
185,大字奥田382番地の30,田中町20組,田中町三丁目,13,7,kyuusinpdf.pdf,大字奥田-4,high,
186,大字奥田382番地の31,田中町20組,田中町三丁目,13,8,kyuusinpdf.pdf,大字奥田-4,high,資料上2回出現
187,大字奥田385番地の1,田中町8組の7,田中町三丁目,15,21,kyuusinpdf.pdf,大字奥田-4,high,
188,大字奥田385番地の2,田中町8-2,田中町三丁目,15,19,kyuusinpdf.pdf,大字奥田-4,high,
189,大字奥田385番地の3,田中町8組の7,田中町三丁目,15,23,kyuusinpdf.pdf,大字奥田-4,high,
190,大字奥田386番地,田中町8組の7,田中町三丁目,15,27,kyuusinpdf.pdf,大字奥田-4,high,
191,大字奥田411番地の1,明磧町9組の4,田中町三丁目,12,18,kyuusinpdf.pdf,大字奥田-4,high,資料上3回出現
192,大字奥田411番地の4,明磧町9組の4,田中町三丁目,12,15,kyuusinpdf.pdf,大字奥田-5,high,
193,奥田字又井412-4,,田中町三丁目,12,12,kyuusinpdf.pdf,大字奥田-6,high,
194,大字奥田字又井416番地,,田中町三丁目,12,5,kyuusinpdf.pdf,大字奥田-6,high,
195,大字奥田字又井416,,田中町三丁目,12,5,kyuusinpdf.pdf,大字奥田-6,high,資料上3回出現
196,大字奥田419番地の1,田中町8組の2G ﾄﾞﾘｰﾑｲﾉﾍﾞｰｼｮﾝ101,田中町三丁目,12,35,kyuusinpdf.pdf,大字奥田-6,high,
197,大字奥田419番地の1,田中町8組の2G ﾄﾞﾘｰﾑｲﾉﾍﾞｰｼｮﾝ102,田中町三丁目,12,35,kyuusinpdf.pdf,大字奥田-6,high,
198,大字奥田419番地の1,田中町8組の2G ﾄﾞﾘｰﾑｲﾉﾍﾞｰｼｮﾝ103,田中町三丁目,12,35,kyuusinpdf.pdf,大字奥田-6,high,
199,大字奥田419番地の1,田中町8組の2G ﾄﾞﾘｰﾑｲﾉﾍﾞｰｼｮﾝ105,田中町三丁目,12,35,kyuusinpdf.pdf,大字奥田-6,high,
200,大字奥田419番地の1,田中町8組の2G ﾄﾞﾘｰﾑｲﾉﾍﾞｰｼｮﾝ201,田中町三丁目,12,35,kyuusinpdf.pdf,大字奥田-6,high,
201,大字奥田419番地の1,田中町8組の2G ﾄﾞﾘｰﾑｲﾉﾍﾞｰｼｮﾝ202,田中町三丁目,12,35,kyuusinpdf.pdf,大字奥田-6,high,
202,大字奥田419番地の1,田中町8組の2G ﾄﾞﾘｰﾑｲﾉﾍﾞｰｼｮﾝ203,田中町三丁目,12,35,kyuusinpdf.pdf,大字奥田-7,high,
203,大字奥田419番地の1,田中町8組の2G ﾄﾞﾘｰﾑｲﾉﾍﾞｰｼｮﾝ205,田中町三丁目,12,35,kyuusinpdf.pdf,大字奥田-7,high,
204,大字奥田420番地の1,田中町8組の2A,田中町三丁目,12,69,kyuusinpdf.pdf,大字奥田-7,high,資料上2回出現
205,大字奥田424番地の3,田中町8組の7,田中町三丁目,12,48,kyuusinpdf.pdf,大字奥田-7,high,
206,大字奥田424番地の4,田中町8組の7 ﾌｪｱﾛｰｼﾞｭ南大分101,田中町三丁目,12,51,kyuusinpdf.pdf,大字奥田-7,high,
207,大字奥田424番地の4,田中町8組の7 ﾌｪｱﾛｰｼﾞｭ南大分102,田中町三丁目,12,51,kyuusinpdf.pdf,大字奥田-7,high,
208,大字奥田424番地の4,田中町8組の7 ﾌｪｱﾛｰｼﾞｭ南大分103,田中町三丁目,12,51,kyuusinpdf.pdf,大字奥田-7,high,
209,大字奥田424番地の4,田中町8組の7 ﾌｪｱﾛｰｼﾞｭ南大分201,田中町三丁目,12,51,kyuusinpdf.pdf,大字奥田-7,high,
210,大字奥田424番地の4,田中町8組の7 ﾌｪｱﾛｰｼﾞｭ南大分202,田中町三丁目,12,51,kyuusinpdf.pdf,大字奥田-7,high,
211,大字奥田424番地の4,田中町8組の7 ﾌｪｱﾛｰｼﾞｭ南大分203,田中町三丁目,12,51,kyuusinpdf.pdf,大字奥田-7,high,
212,大字奥田425番地の1,田中町8組の7,田中町三丁目,12,58,kyuusinpdf.pdf,大字奥田-7,high,資料上2回出現
213,大字奥田425番地の2,田中町8組の7,田中町三丁目,12,53,kyuusinpdf.pdf,大字奥田-8,high,資料上2回出現
214,大字奥田425番地の3,田中町8組の9 かわの荘101,田中町三丁目,12,59,kyuusinpdf.pdf,大字奥田-8,high,
215,大字奥田425番地の3,田中町8組の9 かわの荘102,田中町三丁目,12,59,kyuusinpdf.pdf,大字奥田-8,high,
216,大字奥田425番地の3,田中町8組の9 かわの荘103,田中町三丁目,12,59,kyuusinpdf.pdf,大字奥田-8,high,
217,大字奥田425番地の3,田中町8組の9 かわの荘105,田中町三丁目,12,59,kyuusinpdf.pdf,大字奥田-8,high,
218,大字奥田425番地の3,田中町8組の9 かわの荘106,田中町三丁目,12,59,kyuusinpdf.pdf,大字奥田-8,high,
219,大字奥田425番地の3,田中町8組の9 かわの荘107,田中町三丁目,12,59,kyuusinpdf.pdf,大字奥田-8,high,
220,大字奥田425番地の3,田中町8組の9 かわの荘108,田中町三丁目,12,59,kyuusinpdf.pdf,大字奥田-8,high,
221,大字奥田425番地の3,田中町8組の9 かわの荘110,田中町三丁目,12,59,kyuusinpdf.pdf,大字奥田-8,high,
222,大字奥田425番地の3,田中町8組の9 かわの荘201,田中町三丁目,12,59,kyuusinpdf.pdf,大字奥田-8,high,
223,大字奥田425番地の3,田中町8組の9 かわの荘202,田中町三丁目,12,59,kyuusinpdf.pdf,大字奥田-8,high,
224,大字奥田425番地の3,田中町8組の9 かわの荘203,田中町三丁目,12,59,kyuusinpdf.pdf,大字奥田-8,high,
225,大字奥田425番地の3,田中町8組の9 かわの荘205,田中町三丁目,12,59,kyuusinpdf.pdf,大字奥田-9,high,
226,大字奥田425番地の3,田中町8組の9 かわの荘206,田中町三丁目,12,59,kyuusinpdf.pdf,大字奥田-9,high,
227,大字奥田425番地の3,田中町8組の9 かわの荘207,田中町三丁目,12,59,kyuusinpdf.pdf,大字奥田-9,high,資料上2回出現
228,大字奥田425番地の3,田中町8組の9 かわの荘208,田中町三丁目,12,59,kyuusinpdf.pdf,大字奥田-9,high,
229,大字奥田425番地の3,田中町8組の9 かわの荘210,田中町三丁目,12,59,kyuusinpdf.pdf,大字奥田-9,high,
230,大字奥田431番地の2,田中町8組の2A,田中町三丁目,12,62,kyuusinpdf.pdf,大字奥田-9,high,
231,大字奥田431番地の3,田中町8組の2A,田中町三丁目,12,63,kyuusinpdf.pdf,大字奥田-9,high,
232,大字奥田431番地の7,田中町8組の2A,田中町三丁目,12,64,kyuusinpdf.pdf,大字奥田-9,high,
233,大字奥田431番地の9,田中町8組の2A,田中町三丁目,12,61,kyuusinpdf.pdf,大字奥田-9,high,
234,大字奥田433番地の1,田中町8組の2A,田中町三丁目,12,74,kyuusinpdf.pdf,大字奥田-9,high,
235,大字奥田433番地の1,田中町8組の2A,田中町三丁目,12,76,kyuusinpdf.pdf,大字奥田-9,high,
236,大字奥田433番地の2,田中町8組の2A,田中町三丁目,12,75,kyuusinpdf.pdf,大字奥田-9,high,
237,大字奥田433番地の3,田中町8組の2A,田中町三丁目,12,72-2,kyuusinpdf.pdf,大字奥田-10,high,資料上2回出現
238,大字奥田435番地の1,田中町8組の2F ﾙﾐｴｰﾙⅢ101,田中町三丁目,12,83,kyuusinpdf.pdf,大字奥田-10,high,
239,大字奥田435番地の1,田中町8組の2F ﾙﾐｴｰﾙⅢ102,田中町三丁目,12,83,kyuusinpdf.pdf,大字奥田-10,high,
240,大字奥田435番地の1,田中町8組の2F ﾙﾐｴｰﾙⅢ103,田中町三丁目,12,83,kyuusinpdf.pdf,大字奥田-10,high,
241,大字奥田435番地の1,田中町8組の2F ﾙﾐｴｰﾙⅢ105,田中町三丁目,12,83,kyuusinpdf.pdf,大字奥田-10,high,
242,大字奥田435番地の1,田中町8組の2F ﾙﾐｴｰﾙⅢ106,田中町三丁目,12,83,kyuusinpdf.pdf,大字奥田-10,high,
243,大字奥田435番地の1,田中町8組の2F ﾙﾐｴｰﾙⅢ201,田中町三丁目,12,83,kyuusinpdf.pdf,大字奥田-10,high,
244,大字奥田435番地の1,田中町8組の2F ﾙﾐｴｰﾙⅢ202,田中町三丁目,12,83,kyuusinpdf.pdf,大字奥田-10,high,
245,大字奥田435番地の1,田中町8組の2F ﾙﾐｴｰﾙⅢ203,田中町三丁目,12,83,kyuusinpdf.pdf,大字奥田-10,high,
246,大字奥田435番地の1,田中町8組の2F ﾙﾐｴｰﾙⅢ205,田中町三丁目,12,83,kyuusinpdf.pdf,大字奥田-10,high,
247,大字奥田435番地の1,田中町8組の2F ﾙﾐｴｰﾙⅢ206,田中町三丁目,12,83,kyuusinpdf.pdf,大字奥田-10,high,
248,大字奥田435番地の2,田中町8組の2A,田中町三丁目,12,77,kyuusinpdf.pdf,大字奥田-10,high,
249,大字奥田435番地の2,田中町8組の2A,田中町三丁目,12,80,kyuusinpdf.pdf,大字奥田-11,high,資料上2回出現
250,大字奥田436番地の2,田中町8組の2B,田中町三丁目,12,85,kyuusinpdf.pdf,大字奥田-11,high,
251,大字奥田436番地の3,田中町8組の2B,田中町三丁目,12,88,kyuusinpdf.pdf,大字奥田-11,high,
252,大字奥田436番地の4,田中町8組の2B,田中町三丁目,12,89,kyuusinpdf.pdf,大字奥田-11,high,
253,大字奥田436番地の5,田中町8組の2B,田中町三丁目,12,90,kyuusinpdf.pdf,大字奥田-11,high,
254,大字奥田437番地,田中町8組の2B,田中町三丁目,12,92,kyuusinpdf.pdf,大字奥田-11,high,資料上2回出現
255,大字奥田437番地,田中町8-2 大栄ﾋﾞﾙ2階,田中町三丁目,12,94,kyuusinpdf.pdf,大字奥田-11,high,
256,大字奥田445番地の1,田中町8組-1東,田中町二丁目,17,1,kyuusinpdf.pdf,大字奥田-13,high,
257,大字奥田445番地の1,田中町8組の1東,田中町二丁目,17,1,kyuusinpdf.pdf,大字奥田-13,high,
258,大字奥田445-2,,田中町二丁目,17,3,kyuusinpdf.pdf,大字奥田-13,high,
259,大字奥田字尻細446番1,,田中町二丁目,17,59,kyuusinpdf.pdf,大字奥田-13,high,
260,大字奥田449番地の1,田中町8組の1東,田中町二丁目,17,58,kyuusinpdf.pdf,大字奥田-13,high,
261,大字奥田451番地の1,田中町8組の1東,田中町二丁目,17,47,kyuusinpdf.pdf,大字奥田-13,high,
262,大字奥田451番地の1,田中町8組の1東,田中町二丁目,17,48,kyuusinpdf.pdf,大字奥田-13,high,
263,大字奥田451番地の2,田中町8組の1東,田中町二丁目,17,56,kyuusinpdf.pdf,大字奥田-14,high,
264,大字奥田451番地の5,田中町8組の1東,田中町二丁目,17,57,kyuusinpdf.pdf,大字奥田-14,high,
265,大字奥田452番地の2,田中町8組の1東,田中町二丁目,17,54,kyuusinpdf.pdf,大字奥田-14,high,
266,大字奥田453番地の1,田中町8組の1 河野ﾋﾞﾙ101,田中町二丁目,17,50,kyuusinpdf.pdf,大字奥田-14,high,
267,大字奥田453番地の1,田中町8組の1東 河野ﾋﾞﾙ102,田中町二丁目,17,50,kyuusinpdf.pdf,大字奥田-14,high,
268,大字奥田453番地の1,田中町8組の1 河野ﾋﾞﾙ103,田中町二丁目,17,50,kyuusinpdf.pdf,大字奥田-14,high,
269,大字奥田453番地の1,田中町8組の1東 河野ﾋﾞﾙ201,田中町二丁目,17,50,kyuusinpdf.pdf,大字奥田-14,high,
270,大字奥田453番地の1,田中町8組の1 河野ﾋﾞﾙ202,田中町二丁目,17,50,kyuusinpdf.pdf,大字奥田-14,high,
271,大字奥田453番地の1,田中町8組の1 河野ﾋﾞﾙ203,田中町二丁目,17,50,kyuusinpdf.pdf,大字奥田-14,high,
272,大字奥田453番地の1,田中町8組の1 河野ﾋﾞﾙ301,田中町二丁目,17,50,kyuusinpdf.pdf,大字奥田-14,high,
273,大字奥田453番地の1,田中町8組の1 河野ﾋﾞﾙ302,田中町二丁目,17,50,kyuusinpdf.pdf,大字奥田-14,high,資料上2回出現
274,大字奥田453番地の1,田中町8組の1東 河野ﾋﾞﾙ303,田中町二丁目,17,50,kyuusinpdf.pdf,大字奥田-14,high,
275,大字奥田456番地の1,田中町8組の1,田中町二丁目,17,44,kyuusinpdf.pdf,大字奥田-15,high,
276,大字奥田456番地の4,田中町8組の1西,田中町二丁目,17,45,kyuusinpdf.pdf,大字奥田-15,high,
277,大字奥田465番地の1,田中町8組の1西,田中町二丁目,16,36,kyuusinpdf.pdf,大字奥田-15,high,
278,大字奥田465番地の2,明磧町10組の3,田中町二丁目,16,33,kyuusinpdf.pdf,大字奥田-15,high,
279,大字奥田465番地の3,明磧町10組の3,田中町二丁目,16,34,kyuusinpdf.pdf,大字奥田-15,high,
280,大字奥田465番地の5,田中町8組の1西,田中町二丁目,16,40,kyuusinpdf.pdf,大字奥田-15,high,
281,大字奥田466番地の1,田中町8組の1,田中町二丁目,17,31,kyuusinpdf.pdf,大字奥田-15,high,
282,大字奥田466番地の2,田中町8組の1西,田中町二丁目,16,41,kyuusinpdf.pdf,大字奥田-15,high,
283,大字奥田466番地の5,田中町8組の1西,田中町二丁目,17,35,kyuusinpdf.pdf,大字奥田-15,high,資料上2回出現
284,大字奥田466番地の6,田中町8組の1西,田中町二丁目,17,39,kyuusinpdf.pdf,大字奥田-15,high,
285,大字奥田466番地の7,田中町8組の1西,田中町二丁目,16,55,kyuusinpdf.pdf,大字奥田-15,high,
286,大字奥田466番地の8,田中町8組の1西,田中町二丁目,17,36,kyuusinpdf.pdf,大字奥田-15,high,
287,大字奥田467番地の1,田中町8組の1西,田中町二丁目,16,56,kyuusinpdf.pdf,大字奥田-16,high,
288,大字奥田468番地の1,田中町8組の1西,田中町二丁目,16,58,kyuusinpdf.pdf,大字奥田-16,high,資料上2回出現
289,大字奥田468番地の3,田中町8組1の西,田中町二丁目,16,60,kyuusinpdf.pdf,大字奥田-16,high,
290,大字奥田468番地の3,田中町8組の1西,田中町二丁目,16,61,kyuusinpdf.pdf,大字奥田-16,high,
291,大字奥田468番地の3,田中町8組の1西,田中町二丁目,16,64,kyuusinpdf.pdf,大字奥田-16,high,資料上2回出現
292,大字奥田470番地の1,田中町8組の1西,田中町二丁目,16,73,kyuusinpdf.pdf,大字奥田-16,high,資料上2回出現
293,大字奥田471番地の4,田中町6組の2,田中町二丁目,16,78,kyuusinpdf.pdf,大字奥田-16,high,
294,大字奥田471番地の7,田中町8組の1西,田中町二丁目,16,50,kyuusinpdf.pdf,大字奥田-16,high,
295,大字奥田471番地の8,田中町8組の1西 ﾒｿﾞﾝ･ﾅﾅ101,田中町二丁目,16,52,kyuusinpdf.pdf,大字奥田-16,high,
296,大字奥田471番地の8,田中町8組の1西 ﾒｿﾞﾝ･ﾅﾅ102,田中町二丁目,16,52,kyuusinpdf.pdf,大字奥田-16,high,
297,大字奥田471番地の9,田中町8組の1西,田中町二丁目,16,49,kyuusinpdf.pdf,大字奥田-17,high,
298,大字奥田471番地の10,田中町8組の1西,田中町二丁目,16,47,kyuusinpdf.pdf,大字奥田-17,high,
299,大字奥田471番地の13,田中町8組の1西,田中町二丁目,16,44,kyuusinpdf.pdf,大字奥田-17,high,
300,大字奥田471番地の14,田中町8組の1西,田中町二丁目,16,45,kyuusinpdf.pdf,大字奥田-17,high,
301,大字奥田471番地の15,田中町8組の1西,田中町二丁目,16,51,kyuusinpdf.pdf,大字奥田-17,high,
302,大字奥田471番地の16,田中町8組の1西,田中町二丁目,16,48,kyuusinpdf.pdf,大字奥田-17,high,
303,大字奥田472番地2,,田中町二丁目,16,7,kyuusinpdf.pdf,大字奥田-17,high,資料上5回出現
304,大字奥田472番地の4,明磧町10組の3,田中町二丁目,16,10,kyuusinpdf.pdf,大字奥田-17,high,
305,大字奥田472番地の6,明磧町10組の3,田中町二丁目,16,32,kyuusinpdf.pdf,大字奥田-17,high,
306,大字奥田472番地の7,明磧町10組の3,田中町二丁目,16,28,kyuusinpdf.pdf,大字奥田-18,high,
307,大字奥田474番地,田中町6組の1,田中町二丁目,16,1,kyuusinpdf.pdf,大字奥田-18,high,資料上3回出現
308,大字奥田475番地の1,明磧町10組の3,田中町二丁目,16,26,kyuusinpdf.pdf,大字奥田-18,high,
309,大字奥田475番地の4,田中町6組の1,田中町二丁目,16,84,kyuusinpdf.pdf,大字奥田-18,high,
310,大字奥田475番地の6,明磧町10組の3,田中町二丁目,16,14,kyuusinpdf.pdf,大字奥田-18,high,
311,大字奥田475番地の10,田中町6組の2,田中町二丁目,16,16,kyuusinpdf.pdf,大字奥田-18,high,
312,大字奥田475番地の10,田中町6組の2,田中町二丁目,16,17-1,kyuusinpdf.pdf,大字奥田-18,high,
313,大字奥田475番地の10,田中町6組の2 16号,田中町二丁目,16,17-2,kyuusinpdf.pdf,大字奥田-18,high,資料上2回出現
314,大字奥田475番地の10,田中町6組の2 14号,田中町二丁目,16,18-1,kyuusinpdf.pdf,大字奥田-18,high,
315,大字奥田475番地の10,田中町6組の2 14号,田中町二丁目,16,18-2,kyuusinpdf.pdf,大字奥田-18,high,
316,大字奥田475番地の10,田中町6組の2,田中町二丁目,16,19,kyuusinpdf.pdf,大字奥田-19,high,
317,大字奥田475番地の10,田中町6組の2,田中町二丁目,16,20,kyuusinpdf.pdf,大字奥田-19,high,
318,大字奥田475番地の10,田中町6組の2,田中町二丁目,16,21,kyuusinpdf.pdf,大字奥田-19,high,
319,大字奥田475番地の10,田中町6組の2,田中町二丁目,16,22,kyuusinpdf.pdf,大字奥田-19,high,
320,大字奥田475番地の10,田中町6組の2,田中町二丁目,16,23,kyuusinpdf.pdf,大字奥田-19,high,
321,大字奥田475番地の11,田中町6組の1,田中町二丁目,16,85,kyuusinpdf.pdf,大字奥田-19,high,
322,大字奥田475番地の12,明磧町10組の3,田中町二丁目,16,24,kyuusinpdf.pdf,大字奥田-19,high,
323,大字奥田476番地の2,田中町6組の1,田中町二丁目,15,14,kyuusinpdf.pdf,大字奥田-19,high,
324,大字奥田476番地の9,田中町6組の1,田中町二丁目,16,88,kyuusinpdf.pdf,大字奥田-19,high,
325,大字奥田476番地の9,田中町6組の1,田中町二丁目,16,93,kyuusinpdf.pdf,大字奥田-19,high,
326,大字奥田476番地の10,田中町6組の1,田中町二丁目,16,87,kyuusinpdf.pdf,大字奥田-19,high,
327,大字奥田476番地の12,田中町6組の1,田中町二丁目,15,5,kyuusinpdf.pdf,大字奥田-19,high,
328,大字奥田477番地の8,田中町6組の1,田中町二丁目,11,16,kyuusinpdf.pdf,大字奥田-19,high,
329,大字奥田477番地の10,田中町7組の2,田中町二丁目,5,69,kyuusinpdf.pdf,大字奥田-20,high,
330,大字奥田477番地の11,田中町7組の2,田中町二丁目,5,68,kyuusinpdf.pdf,大字奥田-20,high,
331,大字奥田477番地の12,田中町7組の2,田中町二丁目,5,66,kyuusinpdf.pdf,大字奥田-20,high,資料上2回出現
332,大字奥田477番地の13,田中町7組の2,田中町二丁目,5,65,kyuusinpdf.pdf,大字奥田-20,high,資料上3回出現
333,大字奥田477番地の14,田中町7組の2,田中町二丁目,5,64,kyuusinpdf.pdf,大字奥田-20,high,資料上2回出現
334,大字奥田477番地の15,田中町7組の2,田中町二丁目,5,63,kyuusinpdf.pdf,大字奥田-20,high,
335,大字奥田477番地の16,田中町7組の2,田中町二丁目,5,61,kyuusinpdf.pdf,大字奥田-20,high,資料上2回出現
336,大字奥田477番地の17,田中町7組の2,田中町二丁目,11,1,kyuusinpdf.pdf,大字奥田-20,high,
337,大字奥田477番地の18,田中町7組の2,田中町二丁目,11,3,kyuusinpdf.pdf,大字奥田-21,high,資料上2回出現
338,大字奥田477番地の18,,田中町二丁目,11,3,kyuusinpdf.pdf,大字奥田-21,high,
339,大字奥田477番地の20,田中町7組の2,田中町二丁目,11,6,kyuusinpdf.pdf,大字奥田-21,high,
340,大字奥田477番地の21,田中町7組の2,田中町二丁目,11,7,kyuusinpdf.pdf,大字奥田-21,high,
341,大字奥田477番地の22,田中町7組の2,田中町二丁目,11,9,kyuusinpdf.pdf,大字奥田-21,high,
342,大字奥田477番地の23,田中町7組の2,田中町二丁目,11,10,kyuusinpdf.pdf,大字奥田-21,high,資料上2回出現
343,大字奥田477番地の25,田中町6組の1,田中町二丁目,11,18,kyuusinpdf.pdf,大字奥田-21,high,
344,大字奥田477番地の28,田中町6組の1,田中町二丁目,11,23,kyuusinpdf.pdf,大字奥田-21,high,
345,大字奥田477番地の29,田中町7組の2,田中町二丁目,11,8,kyuusinpdf.pdf,大字奥田-21,high,
346,大字奥田477番地の31,田中町6組の1,田中町二丁目,11,21,kyuusinpdf.pdf,大字奥田-21,high,
347,大字奥田480番地の1,田中町7組の1,田中町二丁目,5,84,kyuusinpdf.pdf,大字奥田-21,high,
348,大字奥田480番地の3,田中町7組の1,田中町二丁目,5,75,kyuusinpdf.pdf,大字奥田-22,high,
349,大字奥田480番地の5,田中町7組の1,田中町二丁目,5,78,kyuusinpdf.pdf,大字奥田-22,high,
350,大字奥田480番地の6,田中町7組の1,田中町二丁目,5,80,kyuusinpdf.pdf,大字奥田-22,high,
351,大字奥田480番地の9,田中町7組の1,田中町二丁目,5,81,kyuusinpdf.pdf,大字奥田-22,high,
352,大字奥田481番地の1,田中町7組の1,田中町二丁目,5,92,kyuusinpdf.pdf,大字奥田-22,high,
353,大字奥田481番地の5,田中町7組の1,田中町二丁目,5,86,kyuusinpdf.pdf,大字奥田-22,high,
354,大字奥田481番地の9,田中町7組の1,田中町二丁目,5,88,kyuusinpdf.pdf,大字奥田-22,high,資料上2回出現
355,大字奥田481番地の10,田中町7組の1,田中町二丁目,5,89,kyuusinpdf.pdf,大字奥田-22,high,
356,大字奥田481番地の11,田中町7組の1,田中町二丁目,5,91,kyuusinpdf.pdf,大字奥田-22,high,
357,大字奥田481番地の12,田中町7組の1,田中町二丁目,5,90,kyuusinpdf.pdf,大字奥田-22,high,
358,大字奥田482番地の7,田中町7組の4 桜ｺｰﾎﾟ201,田中町二丁目,5,1-201,kyuusinpdf.pdf,大字奥田-22,high,
359,大字奥田482番地の7,田中町7組の4 桜ｺｰﾎﾟ202,田中町二丁目,5,1-202,kyuusinpdf.pdf,大字奥田-22,high,
360,大字奥田482番地の7,田中町7組の4 桜ｺｰﾎﾟ203,田中町二丁目,5,1-203,kyuusinpdf.pdf,大字奥田-23,high,
361,大字奥田482番地の7,田中町7組の4 桜ｺｰﾎﾟ205,田中町二丁目,5,1-205,kyuusinpdf.pdf,大字奥田-23,high,
362,大字奥田482番地の7,田中町7組の4 桜ｺｰﾎﾟ206,田中町二丁目,5,1-206,kyuusinpdf.pdf,大字奥田-23,high,
363,大字奥田482番地の7,田中町7組の4 桜ｺｰﾎﾟ301,田中町二丁目,5,1-301,kyuusinpdf.pdf,大字奥田-23,high,
364,大字奥田482番地の7,田中町7組の4 桜ｺｰﾎﾟ302,田中町二丁目,5,1-302,kyuusinpdf.pdf,大字奥田-23,high,
365,大字奥田482番地の7,田中町7組の4 桜ｺｰﾎﾟ303,田中町二丁目,5,1-303,kyuusinpdf.pdf,大字奥田-23,high,
366,大字奥田482番地の7,田中町7組の4 桜ｺｰﾎﾟ305,田中町二丁目,5,1-305,kyuusinpdf.pdf,大字奥田-23,high,
367,大字奥田482番地の7,田中町7組の4 桜ｺｰﾎﾟ306,田中町二丁目,5,1-306,kyuusinpdf.pdf,大字奥田-23,high,
368,大字奥田482番地の7,田中町7組の4 桜ｺｰﾎﾟ401,田中町二丁目,5,1-401,kyuusinpdf.pdf,大字奥田-23,high,
369,大字奥田482番地の7,田中町7組の4 桜ｺｰﾎﾟ402,田中町二丁目,5,1-402,kyuusinpdf.pdf,大字奥田-23,high,
370,大字奥田482番地の7,田中町7組の4 桜ｺｰﾎﾟ403,田中町二丁目,5,1-403,kyuusinpdf.pdf,大字奥田-23,high,
371,大字奥田482番地の7,田中町7組の4 桜ｺｰﾎﾟ405,田中町二丁目,5,1-405,kyuusinpdf.pdf,大字奥田-23,high,
372,大字奥田482番地の7,田中町7組の4 桜ｺｰﾎﾟ406,田中町二丁目,5,1-406,kyuusinpdf.pdf,大字奥田-23,high,
373,大字奥田482番地の9,田中町7組の1,田中町二丁目,5,10,kyuusinpdf.pdf,大字奥田-24,high,
374,大字奥田482番地の12,田中町7組の1,田中町二丁目,5,11,kyuusinpdf.pdf,大字奥田-24,high,
375,大字奥田482番地の13,田中町7組の1,田中町二丁目,5,7,kyuusinpdf.pdf,大字奥田-24,high,
376,大字奥田482番地の14,田中町7組の1,田中町二丁目,5,6,kyuusinpdf.pdf,大字奥田-24,high,
377,大字奥田482番地の15,田中町7組の1,田中町二丁目,5,5,kyuusinpdf.pdf,大字奥田-24,high,
378,大字奥田482番地の16,田中町7組の1,田中町二丁目,5,4,kyuusinpdf.pdf,大字奥田-24,high,
379,大字奥田483番地の5,田中町9組の1 ｺﾞﾄｰｺｰﾎﾟ201,田中町二丁目,5,18,kyuusinpdf.pdf,大字奥田-24,high,
380,大字奥田483番地の6,田中町9組の1,田中町二丁目,5,20,kyuusinpdf.pdf,大字奥田-24,high,
381,大字奥田483番地の7,田中町9組の2,田中町二丁目,5,22,kyuusinpdf.pdf,大字奥田-24,high,
382,大字奥田484番地の10,田中町8組の3B,田中町二丁目,5,34,kyuusinpdf.pdf,大字奥田-24,high,
383,大字奥田484番地の11,田中町8組の3B,田中町二丁目,5,35,kyuusinpdf.pdf,大字奥田-24,high,
384,大字奥田484番地の12,田中町8組の3B,田中町二丁目,5,36,kyuusinpdf.pdf,大字奥田-24,high,
385,大字奥田484番地の13,田中町8組の3B,田中町二丁目,5,37,kyuusinpdf.pdf,大字奥田-24,high,
386,大字奥田484番地の15,田中町8組の3B,田中町二丁目,5,29,kyuusinpdf.pdf,大字奥田-25,high,
387,大字奥田484番地の17,田中町8組の3B,田中町二丁目,5,32,kyuusinpdf.pdf,大字奥田-25,high,
388,大字奥田484番地の18,田中町8組の3B,田中町二丁目,5,33,kyuusinpdf.pdf,大字奥田-25,high,
389,大字奥田484番地の20,田中町8組の3B,田中町二丁目,5,30,kyuusinpdf.pdf,大字奥田-25,high,
390,大字奥田485番地の1,田中町8組の3A ﾓｴｶ21-201,田中町二丁目,5,49-201,kyuusinpdf.pdf,大字奥田-25,high,
391,大字奥田485番地の1,田中町8組の3A ﾓｴｶ21-202,田中町二丁目,5,49-202,kyuusinpdf.pdf,大字奥田-25,high,
392,大字奥田485番地の1,田中町8組の3A ﾓｴｶ21-203,田中町二丁目,5,49-203,kyuusinpdf.pdf,大字奥田-25,high,
393,大字奥田485番地の1,田中町8組の3A ﾓｴｶ21-205,田中町二丁目,5,49-205,kyuusinpdf.pdf,大字奥田-25,high,
394,大字奥田485番地の1,田中町8組の3A ﾓｴｶ21-301,田中町二丁目,5,49-301,kyuusinpdf.pdf,大字奥田-25,high,
395,大字奥田485番地の1,田中町8組の3A ﾓｴｶ21-302,田中町二丁目,5,49-302,kyuusinpdf.pdf,大字奥田-25,high,
396,大字奥田485番地の1,田中町8組の3A ﾓｴｶ21-303,田中町二丁目,5,49-303,kyuusinpdf.pdf,大字奥田-25,high,資料上2回出現
397,大字奥田485番地の1,田中町8組の3A ﾓｴｶ21-305,田中町二丁目,5,49-305,kyuusinpdf.pdf,大字奥田-25,high,
398,大字奥田485番地の1,田中町8組の3A ﾓｴｶ21-401,田中町二丁目,5,49-401,kyuusinpdf.pdf,大字奥田-26,high,
399,大字奥田485番地の1,田中町8組の3A ﾓｴｶ21-402,田中町二丁目,5,49-402,kyuusinpdf.pdf,大字奥田-26,high,
400,大字奥田485番地の1,田中町8組の3A ﾓｴｶ21-403,田中町二丁目,5,49-403,kyuusinpdf.pdf,大字奥田-26,high,
401,大字奥田485番地の1,田中町8組の3A ﾓｴｶ21-405,田中町二丁目,5,49-405,kyuusinpdf.pdf,大字奥田-26,high,
402,大字奥田字神ノ前485-2,田中町8組の3,田中町二丁目,5,17,kyuusinpdf.pdf,大字奥田-26,high,
403,大字奥田485番地の4,田中町8組の3,田中町二丁目,5,51,kyuusinpdf.pdf,大字奥田-26,high,
404,大字奥田485番地の5,田中町8組の3,田中町二丁目,5,53,kyuusinpdf.pdf,大字奥田-26,high,
405,大字奥田485番地の6,田中町8組の3,田中町二丁目,5,55,kyuusinpdf.pdf,大字奥田-26,high,
406,大字奥田485番地の14,田中町8組の3,田中町二丁目,5,52,kyuusinpdf.pdf,大字奥田-26,high,資料上2回出現
407,大字奥田486番地の1,田中町8組の3,田中町二丁目,8,1,kyuusinpdf.pdf,大字奥田-26,high,
408,大字奥田486番地の2,田中町8組の3,田中町二丁目,8,10,kyuusinpdf.pdf,大字奥田-26,high,
409,大字奥田486番地の3,田中町8組の3,田中町二丁目,8,9,kyuusinpdf.pdf,大字奥田-26,high,資料上2回出現
410,大字奥田486番地の4,田中町8組の3,田中町二丁目,8,7,kyuusinpdf.pdf,大字奥田-27,high,
411,大字奥田486番地の5,田中町8組の3,田中町二丁目,8,6,kyuusinpdf.pdf,大字奥田-27,high,
412,大字奥田486番地の6,田中町8組の3,田中町二丁目,8,4,kyuusinpdf.pdf,大字奥田-27,high,
413,大字奥田488番地の6,田中町7組の3 ﾌﾟﾘﾑﾛｰｽﾞS101,田中町二丁目,8,17,kyuusinpdf.pdf,大字奥田-27,high,
414,大字奥田488番地の6,田中町7組の3 ﾌﾟﾘﾑﾛｰｽﾞS102,田中町二丁目,8,17,kyuusinpdf.pdf,大字奥田-27,high,
415,大字奥田488番地の6,田中町7組の3 ﾌﾟﾘﾑﾛｰｽﾞS201,田中町二丁目,8,17,kyuusinpdf.pdf,大字奥田-27,high,
416,大字奥田488番地の6,田中町7組の3 ﾌﾟﾘﾑﾛｰｽﾞS202,田中町二丁目,8,17,kyuusinpdf.pdf,大字奥田-27,high,
417,大字奥田488番地の7,田中町7組の3,田中町二丁目,8,19,kyuusinpdf.pdf,大字奥田-27,high,
418,大字奥田488番地の8,田中町7組の3,田中町二丁目,8,21,kyuusinpdf.pdf,大字奥田-27,high,
419,大字奥田488番地の9,田中町7組の3,田中町二丁目,8,22,kyuusinpdf.pdf,大字奥田-27,high,
420,大字奥田489番地の5,田中町7組の3,田中町二丁目,9,7,kyuusinpdf.pdf,大字奥田-27,high,資料上2回出現
421,大字奥田489番地の6,田中町7組の3,田中町二丁目,9,5,kyuusinpdf.pdf,大字奥田-28,high,
422,大字奥田489番地の7,田中町7組の3,田中町二丁目,9,1,kyuusinpdf.pdf,大字奥田-28,high,資料上2回出現
423,大字奥田489番地の8,田中町7組の3B 藤田ｱﾊﾟｰﾄ101,田中町二丁目,9,3,kyuusinpdf.pdf,大字奥田-28,high,
424,大字奥田489番地の8,田中町7組の3B 藤田ｱﾊﾟｰﾄ102,田中町二丁目,9,3,kyuusinpdf.pdf,大字奥田-28,high,
425,大字奥田489番地の8,田中町7組の3B 藤田ｱﾊﾟｰﾄ103,田中町二丁目,9,3,kyuusinpdf.pdf,大字奥田-28,high,
426,大字奥田489番地の8,田中町7組の3B 藤田ｱﾊﾟｰﾄ201,田中町二丁目,9,3,kyuusinpdf.pdf,大字奥田-28,high,
427,大字奥田489番地の8,田中町7組の3B 藤田ｱﾊﾟｰﾄ202,田中町二丁目,9,3,kyuusinpdf.pdf,大字奥田-28,high,
428,大字奥田489番地の8,田中町7組の3B 藤田ｱﾊﾟｰﾄ203,田中町二丁目,9,3,kyuusinpdf.pdf,大字奥田-28,high,
429,大字奥田489番地の9,田中町7組の3,田中町二丁目,9,6,kyuusinpdf.pdf,大字奥田-28,high,
430,大字奥田489番地の10,田中町7組の3,田中町二丁目,9,19,kyuusinpdf.pdf,大字奥田-28,high,
431,大字奥田490番地の2,田中町7組の3,田中町二丁目,10,6,kyuusinpdf.pdf,大字奥田-28,high,資料上2回出現
432,大字奥田491番地の2,田中町7組の3,田中町二丁目,9,12,kyuusinpdf.pdf,大字奥田-29,high,資料上2回出現
433,大字奥田491番地の3,田中町7組の3,田中町二丁目,9,10,kyuusinpdf.pdf,大字奥田-29,high,資料上2回出現
434,大字奥田491番地の4,田中町7組の3,田中町二丁目,9,8,kyuusinpdf.pdf,大字奥田-29,high,
435,大字奥田491番地の7,田中町7組の3,田中町二丁目,10,8,kyuusinpdf.pdf,大字奥田-30,high,
436,大字奥田496番地,田中町8組の1東,田中町二丁目,7,38,kyuusinpdf.pdf,大字奥田-30,high,
437,大字奥田497番地の1,田中町8組の1東,田中町二丁目,7,35,kyuusinpdf.pdf,大字奥田-30,high,資料上2回出現
438,大字奥田498番地の1,田中町8組の1,田中町二丁目,7,32,kyuusinpdf.pdf,大字奥田-30,high,資料上2回出現
439,大字奥田498番地の3,田中町8組の5,田中町二丁目,7,29,kyuusinpdf.pdf,大字奥田-30,high,
440,大字奥田498番地の5,田中町8組の1 ﾗｰﾙ･ﾌｪﾘｰｽ101,田中町二丁目,7,31,kyuusinpdf.pdf,大字奥田-30,high,
441,大字奥田498番地の5,田中町8組の1 ﾗｰﾙ･ﾌｪﾘｰｽ102,田中町二丁目,7,31,kyuusinpdf.pdf,大字奥田-31,high,
442,大字奥田498番地の5,田中町8組の1 ﾗｰﾙ･ﾌｪﾘｰｽ201,田中町二丁目,7,31,kyuusinpdf.pdf,大字奥田-31,high,
443,大字奥田498番地の5,田中町8組の1 ﾗｰﾙ･ﾌｪﾘｰｽ202,田中町二丁目,7,31,kyuusinpdf.pdf,大字奥田-31,high,
444,大字奥田500番地,田中町8組の4,田中町二丁目,7,1,kyuusinpdf.pdf,大字奥田-31,high,
445,大字奥田500番地の1,田中町8組の8 ｶｰｻSHIN101,田中町二丁目,7,53-101,kyuusinpdf.pdf,大字奥田-31,high,
446,大字奥田500番地の1,田中町8組8 ｶｰｻSHIN102,田中町二丁目,7,53-102,kyuusinpdf.pdf,大字奥田-31,high,
447,大字奥田500番地の1,田中町8組の8 ｶｰｻSHIN103,田中町二丁目,7,53-103,kyuusinpdf.pdf,大字奥田-31,high,
448,大字奥田500番地の1,田中町8組の8 ｶｰｻSHIN105,田中町二丁目,7,53-105,kyuusinpdf.pdf,大字奥田-31,high,
449,大字奥田500番地の1,田中町8組の8 ｶｰｻSHIN106,田中町二丁目,7,53-106,kyuusinpdf.pdf,大字奥田-31,high,
450,大字奥田500番地の1,田中町8組の8 ｶｰｻSHIN107,田中町二丁目,7,53-107,kyuusinpdf.pdf,大字奥田-31,high,
451,大字奥田500番地の1,田中町8組の8 ｶｰｻSHIN201,田中町二丁目,7,53-201,kyuusinpdf.pdf,大字奥田-31,high,
452,大字奥田500番地の1,田中町8組の8 ｶｰｻSHIN202,田中町二丁目,7,53-202,kyuusinpdf.pdf,大字奥田-31,high,
453,大字奥田500番地の1,田中町8組の8 ｶｰｻSHIN203,田中町二丁目,7,53-203,kyuusinpdf.pdf,大字奥田-31,high,
454,大字奥田500番地の1,田中町8組の8 ｶｰｻSHIN205,田中町二丁目,7,53-205,kyuusinpdf.pdf,大字奥田-32,high,
455,大字奥田500番地の1,田中町8組の8 ｶｰｻSHIN206,田中町二丁目,7,53-206,kyuusinpdf.pdf,大字奥田-32,high,資料上2回出現
456,大字奥田500番地の1,田中町8組の8 ｶｰｻSHIN207,田中町二丁目,7,53-207,kyuusinpdf.pdf,大字奥田-32,high,
457,大字奥田500番地の1,田中町8組の8 ｶｰｻSHIN301,田中町二丁目,7,53-301,kyuusinpdf.pdf,大字奥田-32,high,
458,大字奥田500番地の1,田中町8組の8 ｶｰｻSHIN302,田中町二丁目,7,53-302,kyuusinpdf.pdf,大字奥田-32,high,
459,大字奥田500番地の1,田中町8組の8 ｶｰｻSHIN303,田中町二丁目,7,53-303,kyuusinpdf.pdf,大字奥田-32,high,
460,大字奥田500番地の1,田中町8組の8 ｶｰｻSHIN305,田中町二丁目,7,53-305,kyuusinpdf.pdf,大字奥田-32,high,
461,大字奥田500番地の1,田中町8組の8 ｶｰｻSHIN306,田中町二丁目,7,53-306,kyuusinpdf.pdf,大字奥田-32,high,
462,大字奥田500番地の1,田中町8組の8 ｶｰｻSHIN307,田中町二丁目,7,53-307,kyuusinpdf.pdf,大字奥田-32,high,
463,大字奥田500番地の4,田中町8組の3,田中町二丁目,7,47,kyuusinpdf.pdf,大字奥田-32,high,資料上3回出現
464,大字奥田501番地の1,田中町8組の4 内野ﾋﾞﾙ2F,田中町二丁目,7,3,kyuusinpdf.pdf,大字奥田-33,high,
465,大字奥田501番地の1,田中町8組の4 内野ﾋﾞﾙ3F,田中町二丁目,7,3,kyuusinpdf.pdf,大字奥田-33,high,
466,大字奥田501番地の2,田中町8組4,田中町三丁目,11,6,kyuusinpdf.pdf,大字奥田-33,high,資料上2回出現
467,大字奥田501番地の5,,田中町二丁目,7,17,kyuusinpdf.pdf,大字奥田-33,high,
468,大字奥田502番地の4,田中町8組の1東,田中町二丁目,7,24,kyuusinpdf.pdf,大字奥田-33,high,資料上2回出現
469,大字奥田502番地の4,,田中町二丁目,7,24,kyuusinpdf.pdf,大字奥田-33,high,
470,大字奥田507番地の1,田中町8組の2,田中町三丁目,11,15,kyuusinpdf.pdf,大字奥田-33,high,
471,大字奥田507番地の1,田中町8組の2 ﾄﾚｽﾃｰﾗ田中町202,田中町三丁目,11,15,kyuusinpdf.pdf,大字奥田-33,high,
472,大字奥田507番地の1,田中町8組の2 ﾄﾚｽﾃｰﾗ田中町203,田中町三丁目,11,15,kyuusinpdf.pdf,大字奥田-33,high,
473,大字奥田507番地の1,田中町8組の2 ｺｰﾎﾟ川原301,田中町三丁目,11,15,kyuusinpdf.pdf,大字奥田-33,high,
474,大字奥田507番地の1,田中町8組の2 ﾄﾚｽﾃｰﾗ田中町302,田中町三丁目,11,15,kyuusinpdf.pdf,大字奥田-33,high,
475,大字奥田507番地の1,田中町8組の2 ﾄﾚｽﾃｰﾗ田中町303,田中町三丁目,11,15,kyuusinpdf.pdf,大字奥田-34,high,
476,大字奥田507番地の2,田中町8組の2B,田中町三丁目,11,17,kyuusinpdf.pdf,大字奥田-34,high,資料上3回出現
477,大字奥田508番地,田中町8組の2,田中町三丁目,10,13,kyuusinpdf.pdf,大字奥田-34,high,
478,大字奥田508番地,田中町8組の2,田中町三丁目,10,14,kyuusinpdf.pdf,大字奥田-34,high,
479,大字奥田508番地,田中町8組の2,田中町三丁目,10,15,kyuusinpdf.pdf,大字奥田-34,high,
480,大字奥田510番地の1,田中町8組の2C,田中町三丁目,10,9,kyuusinpdf.pdf,大字奥田-34,high,資料上2回出現
481,大字奥田511番地の1,田中町8組の6C,田中町三丁目,10,31,kyuusinpdf.pdf,大字奥田-34,high,資料上2回出現
482,大字奥田511番地の5,田中町8組の6C,田中町三丁目,9,24,kyuusinpdf.pdf,大字奥田-34,high,
483,大字奥田511番地の6,田中町8組の6C,田中町三丁目,10,26,kyuusinpdf.pdf,大字奥田-34,high,
484,大字奥田511番地の7,田中町8組の6C,田中町三丁目,10,29,kyuusinpdf.pdf,大字奥田-35,high,
485,大字奥田511番地の8,田中町8組の6C,田中町三丁目,9,25,kyuusinpdf.pdf,大字奥田-35,high,資料上2回出現
486,大字奥田511番地の9,田中町8組の6C,田中町三丁目,9,27,kyuusinpdf.pdf,大字奥田-35,high,
487,大字奥田511番地の10,田中町8組の6C,田中町三丁目,9,28,kyuusinpdf.pdf,大字奥田-35,high,
488,大字奥田511番地の11,田中町8組の6C,田中町三丁目,9,29,kyuusinpdf.pdf,大字奥田-35,high,資料上2回出現
489,大字奥田511番地の12,田中町8組の6C,田中町三丁目,9,30,kyuusinpdf.pdf,大字奥田-35,high,
490,大字奥田512番地の1,田中町8組の2C,田中町三丁目,10,17,kyuusinpdf.pdf,大字奥田-35,high,
491,大字奥田513番地,田中町8組の2C,田中町三丁目,10,19,kyuusinpdf.pdf,大字奥田-35,high,
492,大字奥田513番地の4,田中町8組の2C,田中町三丁目,10,21,kyuusinpdf.pdf,大字奥田-35,high,
493,大字奥田513番地の5,田中町8組の6C,田中町三丁目,10,24,kyuusinpdf.pdf,大字奥田-35,high,
494,大字奥田513番地の6,田中町8組の6C,田中町三丁目,10,25,kyuusinpdf.pdf,大字奥田-35,high,
495,大字奥田514番地の1,田中町8組の6C,田中町三丁目,9,36,kyuusinpdf.pdf,大字奥田-36,high,
496,大字奥田514番地の5,田中町8組の6C,田中町三丁目,9,37,kyuusinpdf.pdf,大字奥田-36,high,
497,大字奥田514番地の6,田中町8組の6C,田中町三丁目,9,39,kyuusinpdf.pdf,大字奥田-36,high,資料上2回出現
498,大字奥田518番地の1,田中町8組の6C,田中町三丁目,9,32,kyuusinpdf.pdf,大字奥田-36,high,
499,大字奥田518番地の5,田中町8組の6C,田中町三丁目,9,33,kyuusinpdf.pdf,大字奥田-36,high,
500,大字奥田518番地の6,田中町8組の6C,田中町三丁目,9,35,kyuusinpdf.pdf,大字奥田-36,high,
501,大字奥田519番地の1,田中町8組の2C,田中町三丁目,9,43,kyuusinpdf.pdf,大字奥田-36,high,
502,大字奥田522番地,田中町8組の6A,田中町三丁目,9,49,kyuusinpdf.pdf,大字奥田-36,high,
503,大字奥田522番地,田中町8組の6A,田中町三丁目,9,50,kyuusinpdf.pdf,大字奥田-36,high,
504,大字奥田522番地,田中町8組の6A,田中町三丁目,9,51,kyuusinpdf.pdf,大字奥田-36,high,
505,大字奥田522番地,田中町8組の6A,田中町三丁目,9,52,kyuusinpdf.pdf,大字奥田-36,high,
506,大字奥田525番地の1,田中町17組の3B,田中町三丁目,8,65,kyuusinpdf.pdf,大字奥田-36,high,
507,大字奥田525番地の2,田中町17組の3B,田中町三丁目,8,70,kyuusinpdf.pdf,大字奥田-37,high,
508,大字奥田525番地の4,田中町17組の3B 生野ｱﾊﾟｰﾄ101,田中町三丁目,8,72,kyuusinpdf.pdf,大字奥田-37,high,
509,大字奥田525番地の4,田中町17組の3B 生野ｱﾊﾟｰﾄ102,田中町三丁目,8,72,kyuusinpdf.pdf,大字奥田-37,high,
510,大字奥田525番地の4,田中町17組の3B 生野ｱﾊﾟｰﾄ103,田中町三丁目,8,72,kyuusinpdf.pdf,大字奥田-37,high,
511,大字奥田525番地の4,田中町17組の3B 生野ｱﾊﾟｰﾄ201,田中町三丁目,8,72,kyuusinpdf.pdf,大字奥田-37,high,
512,大字奥田525番地の4,田中町17組の3B 生野ｱﾊﾟｰﾄ2F,田中町三丁目,8,72,kyuusinpdf.pdf,大字奥田-37,high,資料上3回出現
513,大字奥田526番地の3,田中町17組の3B,田中町三丁目,8,58,kyuusinpdf.pdf,大字奥田-37,high,
514,大字奥田526番地の4,田中町17組の3,田中町三丁目,8,61,kyuusinpdf.pdf,大字奥田-37,high,
515,大字奥田526番地の5,田中町17組の3,田中町三丁目,8,62,kyuusinpdf.pdf,大字奥田-37,high,
516,大字奥田527番地の2,田中町17組の3C ｴｸｾﾙSHIN101,田中町三丁目,8,56-101,kyuusinpdf.pdf,大字奥田-37,high,
517,大字奥田527番地の2,田中町17組の3C ｴｸｾﾙSHIN102,田中町三丁目,8,56-102,kyuusinpdf.pdf,大字奥田-37,high,資料上2回出現
518,大字奥田527番地の2,田中町17組の3C ｴｸｾﾙSHIN103,田中町三丁目,8,56-103,kyuusinpdf.pdf,大字奥田-38,high,資料上2回出現
519,大字奥田527番地の2,田中町17組の3C ｴｸｾﾙSHIN105,田中町三丁目,8,56-105,kyuusinpdf.pdf,大字奥田-38,high,
520,大字奥田527番地の2,田中町17組の3C ｴｸｾﾙSHIN106,田中町三丁目,8,56-106,kyuusinpdf.pdf,大字奥田-38,high,
521,大字奥田527番地の2,田中町17組の3C ｴｸｾﾙSHIN201,田中町三丁目,8,56-201,kyuusinpdf.pdf,大字奥田-38,high,
522,大字奥田527番地の2,田中町17組の3C ｴｸｾﾙSHIN202,田中町三丁目,8,56-202,kyuusinpdf.pdf,大字奥田-38,high,
523,大字奥田527番地の2,田中町17組の3C ｴｸｾﾙSHIN203,田中町三丁目,8,56-203,kyuusinpdf.pdf,大字奥田-38,high,資料上2回出現
524,大字奥田527番地の2,田中町17組の3C ｴｸｾﾙSHIN205,田中町三丁目,8,56-205,kyuusinpdf.pdf,大字奥田-38,high,資料上2回出現
525,大字奥田527番地の2,田中町17組の3C ｴｸｾﾙSHIN206,田中町三丁目,8,56-206,kyuusinpdf.pdf,大字奥田-38,high,
526,大字奥田527番地の2,田中町17組の3C ｴｸｾﾙSHIN301,田中町三丁目,8,56-301,kyuusinpdf.pdf,大字奥田-38,high,
527,大字奥田527番地の2,田中町17組の3C ｴｸｾﾙSHIN302,田中町三丁目,8,56-302,kyuusinpdf.pdf,大字奥田-39,high,
528,大字奥田527番地の2,田中町17組の3C ｴｸｾﾙSHIN303,田中町三丁目,8,56-303,kyuusinpdf.pdf,大字奥田-39,high,
529,大字奥田527番地の2,田中町17組の3C ｴｸｾﾙSHIN305,田中町三丁目,8,56-305,kyuusinpdf.pdf,大字奥田-39,high,
530,大字奥田527番地の2,田中町17組の3C ｴｸｾﾙSHIN306,田中町三丁目,8,56-306,kyuusinpdf.pdf,大字奥田-39,high,
531,大字奥田529番地の1,田中町8組の6B ﾌﾙｰﾙ ｼﾝ101,田中町三丁目,9,55,kyuusinpdf.pdf,大字奥田-39,high,
532,大字奥田529番地の1,田中町8組の6B ﾌﾙｰﾙ ｼﾝ102,田中町三丁目,9,55,kyuusinpdf.pdf,大字奥田-39,high,
533,大字奥田529番地の1,田中町8組の6B ﾌﾙｰﾙ ｼﾝ103,田中町三丁目,9,55,kyuusinpdf.pdf,大字奥田-39,high,
534,大字奥田529番地の1,田中町8組の6B ﾌﾙｰﾙ ｼﾝ105,田中町三丁目,9,55,kyuusinpdf.pdf,大字奥田-39,high,資料上2回出現
535,大字奥田529番地の1,田中町8組の6B ﾌﾙｰﾙ ｼﾝ201,田中町三丁目,9,55,kyuusinpdf.pdf,大字奥田-39,high,
536,大字奥田529番地の1,田中町8組の6B ﾌﾙｰﾙ ｼﾝ202,田中町三丁目,9,55,kyuusinpdf.pdf,大字奥田-39,high,
537,大字奥田529番地の1,田中町8組の6B ﾌﾙｰﾙ ｼﾝ203,田中町三丁目,9,55,kyuusinpdf.pdf,大字奥田-39,high,資料上2回出現
538,大字奥田529番地の1,田中町8組の6B ﾌﾙｰﾙ ｼﾝ205,田中町三丁目,9,55,kyuusinpdf.pdf,大字奥田-40,high,
539,大字奥田530番地の2,田中町17組の3B,田中町三丁目,8,43,kyuusinpdf.pdf,大字奥田-40,high,
540,大字奥田530番地の3,田中町17組の3B,田中町三丁目,8,45,kyuusinpdf.pdf,大字奥田-40,high,
541,大字奥田530番地の4,田中町17組の3B,田中町三丁目,8,52,kyuusinpdf.pdf,大字奥田-40,high,資料上3回出現
542,大字奥田530番地の5,田中町17組の3B,田中町三丁目,8,49,kyuusinpdf.pdf,大字奥田-40,high,
543,大字奥田530番地の8,田中町17組の3B,田中町三丁目,8,44,kyuusinpdf.pdf,大字奥田-40,high,
544,大字奥田530番地の10,田中町17組の3B,田中町三丁目,8,47,kyuusinpdf.pdf,大字奥田-40,high,資料上2回出現
545,大字奥田531番地の3,田中町17組の3A,田中町三丁目,8,40,kyuusinpdf.pdf,大字奥田-40,high,
546,大字奥田531番地の5,田中町17組の3,田中町三丁目,8,29,kyuusinpdf.pdf,大字奥田-40,high,
547,大字奥田531番地の6,田中町17組の3A,田中町三丁目,8,30,kyuusinpdf.pdf,大字奥田-40,high,
548,大字奥田531番地の7,田中町17組の3A,田中町三丁目,8,36,kyuusinpdf.pdf,大字奥田-41,high,
549,大字奥田531番地の8,田中町17組の3A,田中町三丁目,8,37,kyuusinpdf.pdf,大字奥田-41,high,
550,大字奥田531番地の9,田中町17組の3A,田中町三丁目,8,31,kyuusinpdf.pdf,大字奥田-41,high,
551,大字奥田531番地の10,田中町17組の3A,田中町三丁目,8,33,kyuusinpdf.pdf,大字奥田-41,high,
552,大字奥田531番地の11,田中町17組の3A,田中町三丁目,8,34,kyuusinpdf.pdf,大字奥田-41,high,
553,大字奥田533番地の1,田中町8組の6C,田中町三丁目,9,31,kyuusinpdf.pdf,大字奥田-41,high,
554,大字奥田533番地の4,田中町13組の2 小野ｱﾊﾟｰﾄ1,田中町三丁目,9,59,kyuusinpdf.pdf,大字奥田-41,high,
555,大字奥田533番地の4,田中町13組の2 小野ｱﾊﾟｰﾄ3,田中町三丁目,9,59,kyuusinpdf.pdf,大字奥田-41,high,
556,大字奥田533番地の4,田中町13組の2 小野ｱﾊﾟｰﾄ5,田中町三丁目,9,59,kyuusinpdf.pdf,大字奥田-41,high,
557,大字奥田533番地の4,田中町13組の2 小野ｱﾊﾟｰﾄ204,田中町三丁目,9,59,kyuusinpdf.pdf,大字奥田-41,high,
558,大字奥田533番地の4,田中町13組の2 小野ｱﾊﾟｰﾄ2F,田中町三丁目,9,59,kyuusinpdf.pdf,大字奥田-41,high,
559,大字奥田533番地の4,田中町13組の2,田中町三丁目,9,60-1,kyuusinpdf.pdf,大字奥田-41,high,
560,大字奥田533番地の4,田中町13組の2,田中町三丁目,9,60-2,kyuusinpdf.pdf,大字奥田-41,high,
561,大字奥田533番地の5,田中町13組の2,田中町三丁目,9,58,kyuusinpdf.pdf,大字奥田-42,high,
562,大字奥田534番地の1,田中町13組の2,田中町三丁目,9,70,kyuusinpdf.pdf,大字奥田-42,high,
563,大字奥田534番地の7,田中町13組の2,田中町三丁目,9,68,kyuusinpdf.pdf,大字奥田-42,high,資料上3回出現
564,大字奥田534番地の9,田中町13組の2,田中町三丁目,9,65,kyuusinpdf.pdf,大字奥田-42,high,
565,大字奥田534番地の18,田中町13組の2,田中町三丁目,9,67,kyuusinpdf.pdf,大字奥田-42,high,
566,大字奥田534番地18,田中町13組の2,田中町三丁目,9,67,kyuusinpdf.pdf,大字奥田-42,high,
567,大字奥田535番地の2,田中町17組の3A,田中町三丁目,8,11,kyuusinpdf.pdf,大字奥田-42,high,
568,大字奥田535番地の3,田中町17組の3A,田中町三丁目,8,14,kyuusinpdf.pdf,大字奥田-42,high,
569,大字奥田535番地の4,田中町17組の3A,田中町三丁目,8,16,kyuusinpdf.pdf,大字奥田-42,high,
570,大字奥田535番地の6,田中町17組の3A,田中町三丁目,8,18,kyuusinpdf.pdf,大字奥田-42,high,
571,大字奥田535番地の7,田中町17組の3A,田中町三丁目,8,19,kyuusinpdf.pdf,大字奥田-42,high,
572,大字奥田536番地の2,田中町17組の2,田中町三丁目,8,10,kyuusinpdf.pdf,大字奥田-43,high,資料上2回出現
573,大字奥田536番地の4,田中町17組の2,田中町三丁目,8,5,kyuusinpdf.pdf,大字奥田-43,high,
574,大字奥田536番地の5,田中町17組の2,田中町三丁目,8,4,kyuusinpdf.pdf,大字奥田-43,high,
575,大字奥田536番地の6,田中町17組の2,田中町三丁目,8,2,kyuusinpdf.pdf,大字奥田-43,high,
576,大字奥田536番地の7,田中町17組の2,田中町三丁目,8,1,kyuusinpdf.pdf,大字奥田-43,high,
577,大字奥田536番地の8,田中町17組の2,田中町三丁目,8,7,kyuusinpdf.pdf,大字奥田-43,high,
578,大字奥田537番地の2,田中町17組の2,田中町三丁目,7,12,kyuusinpdf.pdf,大字奥田-43,high,
579,大字奥田537番地の2,田中町17組の2,田中町三丁目,7,13,kyuusinpdf.pdf,大字奥田-43,high,
580,大字奥田537番地の4,田中町17組の2,田中町三丁目,7,16,kyuusinpdf.pdf,大字奥田-43,high,
581,大字奥田537番地の5,田中町17組の2,田中町三丁目,7,18,kyuusinpdf.pdf,大字奥田-43,high,資料上2回出現
582,大字奥田538番地の1,田中町17組の2,田中町三丁目,7,4,kyuusinpdf.pdf,大字奥田-43,high,資料上2回出現
583,大字奥田538番地の2,田中町17組の2,田中町三丁目,7,10,kyuusinpdf.pdf,大字奥田-44,high,
584,大字奥田538番地の3,田中町17組の2,田中町三丁目,7,8,kyuusinpdf.pdf,大字奥田-44,high,
585,大字奥田538番地の4,田中町17組の2,田中町三丁目,7,3,kyuusinpdf.pdf,大字奥田-44,high,
586,大字奥田538番地の5,田中町17組の2,田中町三丁目,7,1,kyuusinpdf.pdf,大字奥田-44,high,
587,大字奥田538番地の6,田中町17組の2,田中町三丁目,7,7,kyuusinpdf.pdf,大字奥田-44,high,
588,大字奥田539番地の1,田中町13組の2,田中町三丁目,9,82,kyuusinpdf.pdf,大字奥田-44,high,
589,大字奥田539番地の1,田中町13組の2 奈良ｱﾊﾟｰﾄ1,田中町三丁目,9,85,kyuusinpdf.pdf,大字奥田-44,high,
590,大字奥田539番地の1,田中町13組の2 奈良ｱﾊﾟｰﾄ2,田中町三丁目,9,85,kyuusinpdf.pdf,大字奥田-44,high,
591,大字奥田539番地の1,田中町13組の2 奈良ｱﾊﾟｰﾄ3,田中町三丁目,9,85,kyuusinpdf.pdf,大字奥田-44,high,
592,大字奥田539番地の1,田中町13組の2 奈良ｱﾊﾟｰﾄ5,田中町三丁目,9,85,kyuusinpdf.pdf,大字奥田-44,high,
593,大字奥田539番地の1,田中町13組の2 奈良ｱﾊﾟｰﾄ6,田中町三丁目,9,85,kyuusinpdf.pdf,大字奥田-44,high,
594,大字奥田539番地の1,田中町13組の2 奈良ｱﾊﾟｰﾄ7,田中町三丁目,9,85,kyuusinpdf.pdf,大字奥田-44,high,
595,大字奥田539番地の3,田中町13組の2,田中町三丁目,9,80,kyuusinpdf.pdf,大字奥田-45,high,
596,大字奥田539番地の3,田中町13組の2,田中町三丁目,9,81,kyuusinpdf.pdf,大字奥田-45,high,
597,大字奥田544-1,,田中町三丁目,9,95,kyuusinpdf.pdf,大字奥田-45,high,
598,大字奥田546番地の6,田中町9組の1,田中町三丁目,9,71,kyuusinpdf.pdf,大字奥田-45,high,
599,大字奥田546番地の7,田中町13組の2,田中町三丁目,9,73,kyuusinpdf.pdf,大字奥田-45,high,
600,大字奥田546番地の8,田中町13組の2,田中町三丁目,9,74,kyuusinpdf.pdf,大字奥田-45,high,
601,大字奥田553-1,田中町9組の1,田中町三丁目,9,8,kyuusinpdf.pdf,大字奥田-45,high,
602,大字奥田554番地の1,田中町9組の1,田中町三丁目,9,11,kyuusinpdf.pdf,大字奥田-45,high,
603,大字奥田554番地の3,田中町9組の1,田中町三丁目,9,10,kyuusinpdf.pdf,大字奥田-45,high,
604,大字奥田556番地の1,田中町9組の1,田中町三丁目,9,12,kyuusinpdf.pdf,大字奥田-45,high,資料上2回出現
605,大字奥田556番地の2,田中町8組の2,田中町三丁目,9,14,kyuusinpdf.pdf,大字奥田-45,high,
606,大字奥田556番地の2,田中町8-2,田中町三丁目,9,14,kyuusinpdf.pdf,大字奥田-45,high,
607,大字奥田556番地の9,田中町8組の2,田中町三丁目,9,13,kyuusinpdf.pdf,大字奥田-46,high,資料上2回出現
608,大字奥田558番地の1,田中町8組の2 ﾌｫﾚｽﾄⅡ101,田中町三丁目,9,16,kyuusinpdf.pdf,大字奥田-46,high,
609,大字奥田558番地の1,田中町8組の2 ﾌｫﾚｽﾄⅡ201,田中町三丁目,9,16,kyuusinpdf.pdf,大字奥田-46,high,
610,大字奥田559番地の1,田中町9組の2 第2甲斐ｺｰﾎﾟ201,田中町二丁目,6,10,kyuusinpdf.pdf,大字奥田-46,high,
611,大字奥田559番地の1,田中町9組の2 第2甲斐ｺｰﾎﾟ202,田中町二丁目,6,10,kyuusinpdf.pdf,大字奥田-46,high,
612,大字奥田559番地の1,田中町9組の2 第2甲斐ｺｰﾎﾟ203,田中町二丁目,6,10,kyuusinpdf.pdf,大字奥田-46,high,
613,大字奥田559番地の1,田中町9組の2 第2甲斐ｺｰﾎﾟ301,田中町二丁目,6,10,kyuusinpdf.pdf,大字奥田-46,high,
614,大字奥田559番地の1,田中町9組の2 第2甲斐ｺｰﾎﾟ302,田中町二丁目,6,10,kyuusinpdf.pdf,大字奥田-46,high,
615,大字奥田559番地の1,田中町9組の2 第2甲斐ｺｰﾎﾟ303,田中町二丁目,6,10,kyuusinpdf.pdf,大字奥田-46,high,
616,大字奥田559番地の1,田中町9組の2 第2甲斐ｺｰﾎﾟ401,田中町二丁目,6,10,kyuusinpdf.pdf,大字奥田-46,high,
617,大字奥田560番地の1,田中町9組の2 今城ﾋﾞﾙ2F,田中町二丁目,6,14,kyuusinpdf.pdf,大字奥田-46,high,
618,大字奥田562番地の1,田中町8組の2D ｺｰﾎﾟﾙﾐｴｰﾙ101,田中町三丁目,9,21-101,kyuusinpdf.pdf,大字奥田-46,high,
619,大字奥田562番地の1,田中町8組の2D ｺｰﾎﾟﾙﾐｴｰﾙ102,田中町三丁目,9,21-102,kyuusinpdf.pdf,大字奥田-47,high,
620,大字奥田562番地の1,田中町8組の2D ｺｰﾎﾟﾙﾐｴｰﾙ103,田中町三丁目,9,21-103,kyuusinpdf.pdf,大字奥田-47,high,
621,大字奥田562番地の1,田中町8組の2D ｺｰﾎﾟﾙﾐｴｰﾙ201,田中町三丁目,9,21-201,kyuusinpdf.pdf,大字奥田-47,high,
622,大字奥田562番地の1,田中町8組の2D ｺｰﾎﾟﾙﾐｴｰﾙ202,田中町三丁目,9,21-202,kyuusinpdf.pdf,大字奥田-47,high,
623,大字奥田562番地の1,田中町8組の2D ｺｰﾎﾟﾙﾐｴｰﾙ203,田中町三丁目,9,21-203,kyuusinpdf.pdf,大字奥田-47,high,
624,大字奥田562番地の1,田中町8組の2D ｺｰﾎﾟﾙﾐｴｰﾙ301,田中町三丁目,9,21-301,kyuusinpdf.pdf,大字奥田-47,high,
625,大字奥田562番地の1,田中町8組の2D ｺｰﾎﾟﾙﾐｴｰﾙ302,田中町三丁目,9,21-302,kyuusinpdf.pdf,大字奥田-47,high,
626,大字奥田562番地の1,田中町8組の2D ｺｰﾎﾟﾙﾐｴｰﾙ303,田中町三丁目,9,21-303,kyuusinpdf.pdf,大字奥田-47,high,
627,大字奥田562番地の1,田中町8組の2D ｺｰﾎﾟﾙﾐｴｰﾙ401,田中町三丁目,9,21-401,kyuusinpdf.pdf,大字奥田-47,high,
628,大字奥田562番地の1,田中町8組の2D ｺｰﾎﾟﾙﾐｴｰﾙ402,田中町三丁目,9,21-402,kyuusinpdf.pdf,大字奥田-47,high,
629,大字奥田562番地の1,田中町8組の2D ｺｰﾎﾟﾙﾐｴｰﾙ403,田中町三丁目,9,21-403,kyuusinpdf.pdf,大字奥田-47,high,
630,大字奥田563番地の1,田中町9組の2,田中町二丁目,6,24,kyuusinpdf.pdf,大字奥田-47,high,
631,大字奥田563番地の2,田中町8組の2E ﾌｪﾘｰﾁｪ奥田201,田中町三丁目,10,1-201,kyuusinpdf.pdf,大字奥田-47,high,
632,大字奥田563番地の2,田中町8組の2E ﾌｪﾘｰﾁｪ奥田202,田中町三丁目,10,1-202,kyuusinpdf.pdf,大字奥田-48,high,
633,大字奥田563番地の2,田中町8組の2E ﾌｪﾘｰﾁｪ奥田301,田中町三丁目,10,1-301,kyuusinpdf.pdf,大字奥田-48,high,
634,大字奥田563番地の2,田中町8組の2E ﾌｪﾘｰﾁｪ奥田302,田中町三丁目,10,1-302,kyuusinpdf.pdf,大字奥田-48,high,
635,大字奥田563番地の2,田中町8組の2E ﾌｪﾘｰﾁｪ奥田401,田中町三丁目,10,1-401,kyuusinpdf.pdf,大字奥田-48,high,
636,大字奥田563番地の2,田中町8組の2E ﾌｪﾘｰﾁｪ奥田402,田中町三丁目,10,1-402,kyuusinpdf.pdf,大字奥田-48,high,
637,大字奥田563番地の2,田中町8組の2E ﾌｪﾘｰﾁｪ奥田501,田中町三丁目,10,1-501,kyuusinpdf.pdf,大字奥田-48,high,
638,大字奥田563番地の2,田中町8組の2E ﾌｪﾘｰﾁｪ奥田502,田中町三丁目,10,1-502,kyuusinpdf.pdf,大字奥田-48,high,
639,大字奥田563番地の2,田中町8組の2E ﾌｪﾘｰﾁｪ奥田601,田中町三丁目,10,1-601,kyuusinpdf.pdf,大字奥田-48,high,
640,大字奥田563番地の2,田中町8組の2E ﾌｪﾘｰﾁｪ奥田602,田中町三丁目,10,1-602,kyuusinpdf.pdf,大字奥田-48,high,
641,大字奥田563番地の2,田中町8組の2E ﾌｪﾘｰﾁｪ奥田701,田中町三丁目,10,1-701,kyuusinpdf.pdf,大字奥田-48,high,
642,大字奥田564番地の1,田中町9組の2,田中町二丁目,6,18,kyuusinpdf.pdf,大字奥田-48,high,
643,大字奥田564番地の2,,田中町三丁目,10,3,kyuusinpdf.pdf,大字奥田-48,high,
644,大字奥田564番地の5,田中町9組の2,田中町二丁目,6,22,kyuusinpdf.pdf,大字奥田-48,high,
645,大字奥田565番地の2,田中町9組の2,田中町二丁目,6,46,kyuusinpdf.pdf,大字奥田-49,high,
646,大字奥田565番地の6,,田中町二丁目,6,27,kyuusinpdf.pdf,大字奥田-49,high,
647,大字奥田565番地の8,田中町9組の2,田中町二丁目,6,40,kyuusinpdf.pdf,大字奥田-49,high,
648,大字奥田565番地の11,田中町9組の2,田中町二丁目,6,43,kyuusinpdf.pdf,大字奥田-49,high,
649,大字奥田565番地の13,田中町9組の2,田中町二丁目,6,35,kyuusinpdf.pdf,大字奥田-49,high,資料上2回出現
650,大字奥田566番地の1,田中町9組の2B ﾚｵﾊﾟﾚｽHERO101,田中町二丁目,6,48,kyuusinpdf.pdf,大字奥田-49,high,
651,大字奥田566番地の1,田中町9組の2B ﾚｵﾊﾟﾚｽHERO102,田中町二丁目,6,48,kyuusinpdf.pdf,大字奥田-49,high,
652,大字奥田566番地の1,田中町9組の2B ﾚｵﾊﾟﾚｽHERO103,田中町二丁目,6,48,kyuusinpdf.pdf,大字奥田-49,high,
653,大字奥田566番地の1,田中町9組の2B ﾚｵﾊﾟﾚｽHERO104,田中町二丁目,6,48,kyuusinpdf.pdf,大字奥田-49,high,
654,大字奥田566番地の1,田中町9組の2B ﾚｵﾊﾟﾚｽHERO105,田中町二丁目,6,48,kyuusinpdf.pdf,大字奥田-49,high,
655,大字奥田566番地の1,田中町9組の2B ﾚｵﾊﾟﾚｽHERO106,田中町二丁目,6,48,kyuusinpdf.pdf,大字奥田-49,high,
656,大字奥田566番地の1,田中町9組の2B ﾚｵﾊﾟﾚｽHERO107,田中町二丁目,6,48,kyuusinpdf.pdf,大字奥田-49,high,
657,大字奥田566番地の1,田中町9組の2B ﾚｵﾊﾟﾚｽHERO108,田中町二丁目,6,48,kyuusinpdf.pdf,大字奥田-50,high,
658,大字奥田566番地の1,田中町9組の2B ﾚｵﾊﾟﾚｽHERO109,田中町二丁目,6,48,kyuusinpdf.pdf,大字奥田-50,high,
659,大字奥田566番地の1,田中町9組の2B ﾚｵﾊﾟﾚｽHERO110,田中町二丁目,6,48,kyuusinpdf.pdf,大字奥田-50,high,
660,大字奥田566番地の1,田中町9組の2B ﾚｵﾊﾟﾚｽHERO111,田中町二丁目,6,48,kyuusinpdf.pdf,大字奥田-50,high,
661,大字奥田566番地の1,田中町9組の2B ﾚｵﾊﾟﾚｽHERO112,田中町二丁目,6,48,kyuusinpdf.pdf,大字奥田-50,high,
662,大字奥田566番地の1,田中町9組の2B ﾚｵﾊﾟﾚｽHERO113,田中町二丁目,6,48,kyuusinpdf.pdf,大字奥田-50,high,
663,大字奥田566番地の1,田中町9組の2B ﾚｵﾊﾟﾚｽHERO201,田中町二丁目,6,48,kyuusinpdf.pdf,大字奥田-50,high,
664,大字奥田566番地の1,田中町9組の2B ﾚｵﾊﾟﾚｽHERO202,田中町二丁目,6,48,kyuusinpdf.pdf,大字奥田-50,high,
665,大字奥田566番地の1,田中町9組の2B ﾚｵﾊﾟﾚｽHERO203,田中町二丁目,6,48,kyuusinpdf.pdf,大字奥田-50,high,資料上2回出現
666,大字奥田566番地の1,田中町9組の2B ﾚｵﾊﾟﾚｽHERO204,田中町二丁目,6,48,kyuusinpdf.pdf,大字奥田-50,high,
667,大字奥田566番地の1,田中町9組の2B ﾚｵﾊﾟﾚｽHERO205,田中町二丁目,6,48,kyuusinpdf.pdf,大字奥田-50,high,
668,大字奥田566番地の1,田中町9組の2B ﾚｵﾊﾟﾚｽHERO206,田中町二丁目,6,48,kyuusinpdf.pdf,大字奥田-50,high,
669,大字奥田566番地の1,田中町9組の2B ﾚｵﾊﾟﾚｽHERO207,田中町二丁目,6,48,kyuusinpdf.pdf,大字奥田-51,high,
670,大字奥田566番地の1,田中町9組の2B ﾚｵﾊﾟﾚｽHERO208,田中町二丁目,6,48,kyuusinpdf.pdf,大字奥田-51,high,
671,大字奥田566番地の1,田中町9組の2B ﾚｵﾊﾟﾚｽHERO209,田中町二丁目,6,48,kyuusinpdf.pdf,大字奥田-51,high,
672,大字奥田566番地の1,田中町9組の2B ﾚｵﾊﾟﾚｽHERO210,田中町二丁目,6,48,kyuusinpdf.pdf,大字奥田-51,high,
673,大字奥田566番地の1,田中町9組の2B ﾚｵﾊﾟﾚｽHERO211,田中町二丁目,6,48,kyuusinpdf.pdf,大字奥田-51,high,
674,大字奥田566番地の1,田中町9組の2B ﾚｵﾊﾟﾚｽHERO212,田中町二丁目,6,48,kyuusinpdf.pdf,大字奥田-51,high,
675,大字奥田566番地の1,田中町9組の2B ﾚｵﾊﾟﾚｽHERO213,田中町二丁目,6,48,kyuusinpdf.pdf,大字奥田-51,high,
676,大字奥田568番1,田中町9-2組,田中町二丁目,6,6,kyuusinpdf.pdf,大字奥田-51,high,
677,大字奥田天神面568-3,田中町9-2,田中町二丁目,6,51,kyuusinpdf.pdf,大字奥田-51,high,
678,大字奥田568番地の3,田中町9-2,田中町二丁目,6,51,kyuusinpdf.pdf,大字奥田-51,high,
679,大字奥田568番地の3,,田中町二丁目,6,51,kyuusinpdf.pdf,大字奥田-51,high,
680,大字奥田570番地の3,田中町9組の1,田中町二丁目,6,1,kyuusinpdf.pdf,大字奥田-51,high,
681,大字奥田570番地の3,田中町9組の2 太陽田中ﾋﾞﾙ301,田中町二丁目,6,1,kyuusinpdf.pdf,大字奥田-51,high,
682,大字奥田570番地の3,田中町9-2 太陽田中ﾋﾞﾙ301,田中町二丁目,6,1,kyuusinpdf.pdf,大字奥田-52,high,
683,大字奥田576番地,田中町13組の2,田中町三丁目,9,93,kyuusinpdf.pdf,大字奥田-52,high,
684,大字奥田577番地の1,田中町13組の2,田中町三丁目,9,92,kyuusinpdf.pdf,大字奥田-52,high,
685,大字奥田578番地の1,田中町13組の5,田中町三丁目,9,91,kyuusinpdf.pdf,大字奥田-52,high,資料上2回出現
686,大字奥田578番地の6,田中町13組の5,田中町三丁目,9,88,kyuusinpdf.pdf,大字奥田-52,high,
687,大字奥田578番地の7,田中町13組の5,田中町三丁目,9,87,kyuusinpdf.pdf,大字奥田-52,high,
688,大字奥田578番地の8,田中町13組の5,田中町三丁目,9,86,kyuusinpdf.pdf,大字奥田-52,high,
689,大字奥田580番地の3,田中町17組の1,田中町三丁目,6,15,kyuusinpdf.pdf,大字奥田-52,high,
690,大字奥田580番地の4,田中町17組の1,田中町三丁目,6,17,kyuusinpdf.pdf,大字奥田-52,high,資料上2回出現
691,大字奥田580番地の5,田中町17組の1,田中町三丁目,6,19,kyuusinpdf.pdf,大字奥田-52,high,
692,大字奥田580番地の5,田中町17-1,田中町三丁目,6,19,kyuusinpdf.pdf,大字奥田-52,high,
693,大字奥田580番地の6,田中町17組の1,田中町三丁目,6,22,kyuusinpdf.pdf,大字奥田-53,high,
694,大字奥田580番地の7,田中町17組の1,田中町三丁目,6,18,kyuusinpdf.pdf,大字奥田-53,high,資料上2回出現
695,大字奥田581番地の1,田中町16組の1,田中町三丁目,4,29,kyuusinpdf.pdf,大字奥田-53,high,
696,大字奥田581番地の2,田中町17組の1,田中町三丁目,6,4,kyuusinpdf.pdf,大字奥田-53,high,
697,大字奥田581番地の3,田中町16組の1,田中町三丁目,4,15,kyuusinpdf.pdf,大字奥田-53,high,
698,大字奥田581番地の4,田中町16組の1,田中町三丁目,4,28,kyuusinpdf.pdf,大字奥田-53,high,
699,大字奥田581番地の5,田中町16組の1,田中町三丁目,4,26,kyuusinpdf.pdf,大字奥田-53,high,資料上2回出現
700,大字奥田581番地の6,田中町16組の1,田中町三丁目,4,25,kyuusinpdf.pdf,大字奥田-53,high,
701,大字奥田581番地の7,田中町16組の1,田中町三丁目,4,24,kyuusinpdf.pdf,大字奥田-53,high,
702,大字奥田581番地の8,田中町16組の1 小野ｱﾊﾟｰﾄ101,田中町三丁目,4,23,kyuusinpdf.pdf,大字奥田-53,high,
703,大字奥田581番地の8,田中町16組の1 小野ｱﾊﾟｰﾄ201,田中町三丁目,4,23,kyuusinpdf.pdf,大字奥田-53,high,
704,大字奥田581番地の8,田中町16組の1 小野ｱﾊﾟｰﾄ202,田中町三丁目,4,23,kyuusinpdf.pdf,大字奥田-54,high,
705,大字奥田581番地の8,田中町16組の1,田中町三丁目,6,1,kyuusinpdf.pdf,大字奥田-54,high,
706,大字奥田581番地の10,田中町16組の1,田中町三丁目,4,21,kyuusinpdf.pdf,大字奥田-54,high,
707,大字奥田581番地の11,田中町16組の1,田中町三丁目,4,22,kyuusinpdf.pdf,大字奥田-54,high,
708,大字奥田581番地の12,田中町16組の1,田中町三丁目,4,17,kyuusinpdf.pdf,大字奥田-54,high,
709,大字奥田581番地の13,田中町16組の1,田中町三丁目,4,18,kyuusinpdf.pdf,大字奥田-54,high,
710,大字奥田581番地の15,田中町17組の1,田中町三丁目,6,11,kyuusinpdf.pdf,大字奥田-54,high,
711,大字奥田581番地の17,田中町17組の1,田中町三丁目,6,7,kyuusinpdf.pdf,大字奥田-54,high,
712,大字奥田581番地の18,田中町17組の1,田中町三丁目,6,6,kyuusinpdf.pdf,大字奥田-54,high,
713,大字奥田581番地の19,田中町17組の1,田中町三丁目,6,5,kyuusinpdf.pdf,大字奥田-54,high,
714,大字奥田581番地の20,田中町17組の1,田中町三丁目,6,2,kyuusinpdf.pdf,大字奥田-54,high,
715,大字奥田581番地の21,田中町17組の1,田中町三丁目,6,3,kyuusinpdf.pdf,大字奥田-54,high,
716,大字奥田582番地の1,田中町13組の3,田中町三丁目,5,7,kyuusinpdf.pdf,大字奥田-54,high,
717,大字奥田582番地の5,田中町13組の3,田中町三丁目,5,3,kyuusinpdf.pdf,大字奥田-55,high,
718,大字奥田582番地の6,田中町13組の3,田中町三丁目,5,8,kyuusinpdf.pdf,大字奥田-55,high,資料上3回出現
719,大字奥田583番地の1,田中町13組の3,田中町三丁目,5,14,kyuusinpdf.pdf,大字奥田-55,high,
720,大字奥田583番地の3,田中町13組の3,田中町三丁目,5,1,kyuusinpdf.pdf,大字奥田-55,high,資料上3回出現
721,大字奥田584番地の1,田中町13組の3,田中町三丁目,5,11,kyuusinpdf.pdf,大字奥田-55,high,
722,大字奥田585番地の1,田中町13組の1 豊栄荘101,田中町三丁目,1,42,kyuusinpdf.pdf,大字奥田-55,high,
723,大字奥田585番地の1,田中町13組の1 豊栄荘102,田中町三丁目,1,42,kyuusinpdf.pdf,大字奥田-55,high,
724,大字奥田585番地の1,田中町13組の1 豊栄荘103,田中町三丁目,1,42,kyuusinpdf.pdf,大字奥田-55,high,
725,大字奥田585番地の1,田中町13組の1 豊栄荘205,田中町三丁目,1,42,kyuusinpdf.pdf,大字奥田-55,high,
726,大字奥田585番地の1,田中町13組の1 豊栄荘206,田中町三丁目,1,42,kyuusinpdf.pdf,大字奥田-56,high,
727,大字奥田585番地の1,田中町13組の1 豊栄荘207,田中町三丁目,1,42,kyuusinpdf.pdf,大字奥田-56,high,
728,大字奥田585番地の1,田中町13組の1,田中町三丁目,1,43,kyuusinpdf.pdf,大字奥田-56,high,資料上2回出現
729,大字奥田587番地の1,田中町13組の1,田中町三丁目,1,20,kyuusinpdf.pdf,大字奥田-56,high,資料上3回出現
730,大字奥田588番地1,,田中町三丁目,1,23,kyuusinpdf.pdf,大字奥田-56,high,
731,大字奥田590番地の3,田中町13組の1,田中町三丁目,1,37,kyuusinpdf.pdf,大字奥田-56,high,資料上2回出現
732,大字奥田590番地の3,,田中町三丁目,1,37,kyuusinpdf.pdf,大字奥田-56,high,
733,大字奥田600番地の1,田中町11組の1,田中町二丁目,2,5,kyuusinpdf.pdf,大字奥田-56,high,資料上2回出現
734,大字奥田601番地の2,田中町11組の1,田中町二丁目,2,5,kyuusinpdf.pdf,大字奥田-57,high,
735,大字奥田602番地の2,田中町11組の1,田中町二丁目,2,10,kyuusinpdf.pdf,大字奥田-57,high,
736,大字奥田602番地の3,田中町11組の1,田中町二丁目,2,12,kyuusinpdf.pdf,大字奥田-57,high,
737,大字奥田602番地の5,田中町11組の1,田中町二丁目,2,8,kyuusinpdf.pdf,大字奥田-57,high,
738,大字奥田603番地の1,田中町11組の1A,田中町二丁目,3,61,kyuusinpdf.pdf,大字奥田-57,high,
739,大字奥田603番地の3,田中町11組の1A 桜ﾋﾞﾙ101,田中町二丁目,3,54,kyuusinpdf.pdf,大字奥田-57,high,
740,大字奥田603番地の3,田中町11組の1A EXCEL田中町201,田中町二丁目,3,54-201,kyuusinpdf.pdf,大字奥田-57,high,
741,大字奥田603番地の3,田中町11組の1A EXCEL田中町203,田中町二丁目,3,54-203,kyuusinpdf.pdf,大字奥田-57,high,
742,大字奥田603番地の3,田中町11組の1A EXCEL田中町205,田中町二丁目,3,54-205,kyuusinpdf.pdf,大字奥田-57,high,
743,大字奥田603番地の3,田中町11組1A EXCEL田中町301,田中町二丁目,3,54-301,kyuusinpdf.pdf,大字奥田-57,high,
744,大字奥田603番地の3,田中町11組の1A EXCEL田中町302,田中町二丁目,3,54-302,kyuusinpdf.pdf,大字奥田-57,high,
745,大字奥田603番地の3,田中町11組の1A EXCEL田中町303,田中町二丁目,3,54-303,kyuusinpdf.pdf,大字奥田-57,high,
746,大字奥田603番地の3,田中町11組の1A EXCEL田中町305,田中町二丁目,3,54-305,kyuusinpdf.pdf,大字奥田-57,high,
747,大字奥田603番地の3,田中町11組の1A EXCEL田中町401,田中町二丁目,3,54-401,kyuusinpdf.pdf,大字奥田-58,high,
748,大字奥田603番地の3,田中町11組の1A EXCEL田中町402,田中町二丁目,3,54-402,kyuusinpdf.pdf,大字奥田-58,high,
749,大字奥田603番地の3,田中町11組の1A EXCEL田中町403,田中町二丁目,3,54-403,kyuusinpdf.pdf,大字奥田-58,high,
750,大字奥田603番地の3,田中町11組の1A EXCEL田中町405,田中町二丁目,3,54-405,kyuusinpdf.pdf,大字奥田-58,high,
751,大字奥田604番地の1,田中町11組の1 山崎ｱﾊﾟｰﾄ1F,田中町二丁目,3,50,kyuusinpdf.pdf,大字奥田-58,high,
752,大字奥田604番地の1,田中町11組の1 山崎ｱﾊﾟｰﾄ102,田中町二丁目,3,50,kyuusinpdf.pdf,大字奥田-58,high,
753,大字奥田604番地の1,田中町11組の1 山崎ｱﾊﾟｰﾄ201,田中町二丁目,3,50,kyuusinpdf.pdf,大字奥田-58,high,
754,大字奥田604番地の1,田中町11組の1 山崎ｱﾊﾟｰﾄ202,田中町二丁目,3,50,kyuusinpdf.pdf,大字奥田-58,high,資料上2回出現
755,大字奥田604番地の2,田中町11組の1,田中町二丁目,3,53,kyuusinpdf.pdf,大字奥田-58,high,
756,大字奥田604番地の6,田中町11組の1,田中町二丁目,3,48,kyuusinpdf.pdf,大字奥田-58,high,
757,大字奥田604番地の8,田中町11組の1,田中町二丁目,3,51,kyuusinpdf.pdf,大字奥田-58,high,
758,大字奥田604番地の10,田中町11組の1,田中町二丁目,3,52,kyuusinpdf.pdf,大字奥田-58,high,
759,大字奥田606番地の2,田中町11組の1,田中町二丁目,3,63,kyuusinpdf.pdf,大字奥田-59,high,資料上2回出現
760,大字奥田611番地の1,田中町9-1,田中町二丁目,3,6,kyuusinpdf.pdf,大字奥田-59,high,
761,大字奥田611番地の1,田中町9組の1,田中町二丁目,3,7,kyuusinpdf.pdf,大字奥田-59,high,
762,大字奥田612番地の3,田中町9組の1,田中町二丁目,3,8,kyuusinpdf.pdf,大字奥田-59,high,
763,大字奥田614番地,田中町9組の2C ﾚｵﾊﾟﾚｽH&F101,田中町二丁目,3,23,kyuusinpdf.pdf,大字奥田-59,high,
764,大字奥田614番地,田中町9組の2C ﾚｵﾊﾟﾚｽH&F102,田中町二丁目,3,23,kyuusinpdf.pdf,大字奥田-59,high,
765,大字奥田614番地,田中町9組の2C ﾚｵﾊﾟﾚｽH&F103,田中町二丁目,3,23,kyuusinpdf.pdf,大字奥田-59,high,資料上2回出現
766,大字奥田614番地,田中町9組の2C ﾚｵﾊﾟﾚｽH&F104,田中町二丁目,3,23,kyuusinpdf.pdf,大字奥田-59,high,
767,大字奥田614番地,田中町9組の2C ﾚｵﾊﾟﾚｽH&F105,田中町二丁目,3,23,kyuusinpdf.pdf,大字奥田-59,high,
768,大字奥田614番地,田中町9組の2C ﾚｵﾊﾟﾚｽH&F106,田中町二丁目,3,23,kyuusinpdf.pdf,大字奥田-59,high,
769,大字奥田614番地,田中町9組の2C ﾚｵﾊﾟﾚｽH&F107,田中町二丁目,3,23,kyuusinpdf.pdf,大字奥田-59,high,
770,大字奥田614番地,田中町9組の2C ﾚｵﾊﾟﾚｽH&F201,田中町二丁目,3,23,kyuusinpdf.pdf,大字奥田-60,high,
771,大字奥田614番地,田中町9組の2C ﾚｵﾊﾟﾚｽH&F202,田中町二丁目,3,23,kyuusinpdf.pdf,大字奥田-60,high,
772,大字奥田614番地,田中町9組の2C ﾚｵﾊﾟﾚｽH&F203,田中町二丁目,3,23,kyuusinpdf.pdf,大字奥田-60,high,
773,大字奥田614番地,田中町9組の2C ﾚｵﾊﾟﾚｽH&F204,田中町二丁目,3,23,kyuusinpdf.pdf,大字奥田-60,high,
774,大字奥田614番地,田中町9組の2C ﾚｵﾊﾟﾚｽH&F205,田中町二丁目,3,23,kyuusinpdf.pdf,大字奥田-60,high,
775,大字奥田614番地,田中町9組の2C ﾚｵﾊﾟﾚｽH&F206,田中町二丁目,3,23,kyuusinpdf.pdf,大字奥田-60,high,
776,大字奥田614番地,田中町9組の2C ﾚｵﾊﾟﾚｽH&F207,田中町二丁目,3,23,kyuusinpdf.pdf,大字奥田-60,high,
777,大字奥田616番地,田中町9組の1 ﾗ･ﾌﾞﾗﾝﾘｭｳ伯楽Ⅱ-101,田中町二丁目,3,25,kyuusinpdf.pdf,大字奥田-60,high,
778,大字奥田616番地,田中町9組の1 ﾗ･ﾌﾞﾗﾝﾘｭｳ伯楽Ⅱ-102,田中町二丁目,3,25,kyuusinpdf.pdf,大字奥田-60,high,
779,大字奥田616番地,田中町9組の1 ﾗ･ﾌﾞﾗﾝﾘｭｳ伯楽Ⅱ-103,田中町二丁目,3,25,kyuusinpdf.pdf,大字奥田-60,high,
780,大字奥田616番地,田中町9組の1 ﾗ･ﾌﾞﾗﾝﾘｭｳ伯楽Ⅱ-201,田中町二丁目,3,25,kyuusinpdf.pdf,大字奥田-60,high,
781,大字奥田616番地,田中町9組の1 ﾗ･ﾌﾞﾗﾝﾘｭｳ伯楽Ⅱ-202,田中町二丁目,3,25,kyuusinpdf.pdf,大字奥田-60,high,
782,大字奥田616番地,田中町9組の1 ﾗ･ﾌﾞﾗﾝﾘｭｳ伯楽Ⅱ-203,田中町二丁目,3,25,kyuusinpdf.pdf,大字奥田-60,high,
783,大字奥田616番地,田中町9組の1 ﾗ･ﾌﾞﾗﾝﾘｭｳ伯楽Ⅰ-101,田中町二丁目,3,26,kyuusinpdf.pdf,大字奥田-61,high,
784,大字奥田616番地,田中町9組の1 ﾗ･ﾌﾞﾗﾝﾘｭｳ伯楽Ⅰ-102,田中町二丁目,3,26,kyuusinpdf.pdf,大字奥田-61,high,
785,大字奥田616番地,田中町9組の1 ﾗ･ﾌﾞﾗﾝﾘｭｳ伯楽Ⅰ-103,田中町二丁目,3,26,kyuusinpdf.pdf,大字奥田-61,high,
786,大字奥田616番地,田中町9組の1 ﾗ･ﾌﾞﾗﾝﾘｭｳ伯楽Ⅰ-201,田中町二丁目,3,26,kyuusinpdf.pdf,大字奥田-61,high,
787,大字奥田616番地,田中町9組の1 ﾗ･ﾌﾞﾗﾝﾘｭｳ伯楽Ⅰ-202,田中町二丁目,3,26,kyuusinpdf.pdf,大字奥田-61,high,
788,大字奥田616番地,田中町9組の1 ﾗ･ﾌﾞﾗﾝﾘｭｳ伯楽Ⅰ-203,田中町二丁目,3,26,kyuusinpdf.pdf,大字奥田-61,high,資料上2回出現
789,大字奥田616番地,田中町9組の1 ﾗ･ﾌﾞﾗﾝﾘｭｳ伯楽Ⅰ-301,田中町二丁目,3,26,kyuusinpdf.pdf,大字奥田-61,high,
790,大字奥田616番地,田中町9組の1 ﾗ･ﾌﾞﾗﾝﾘｭｳ伯楽Ⅰ-302,田中町二丁目,3,26,kyuusinpdf.pdf,大字奥田-61,high,
791,大字奥田616番地,田中町9組の1 ﾗ･ﾌﾞﾗﾝﾘｭｳ伯楽Ⅰ-303,田中町二丁目,3,26,kyuusinpdf.pdf,大字奥田-61,high,
792,大字奥田617番地の1,田中町9組の1,田中町二丁目,3,33,kyuusinpdf.pdf,大字奥田-61,high,
793,大字奥田617番地の5,田中町9組の1,田中町二丁目,3,29,kyuusinpdf.pdf,大字奥田-61,high,
794,大字奥田617番地の6,植木ｺｰﾎﾟ102,田中町二丁目,3,32,kyuusinpdf.pdf,大字奥田-61,high,
795,大字奥田617番地の6,田中町9組の1 植木ｺｰﾎﾟ202,田中町二丁目,3,32,kyuusinpdf.pdf,大字奥田-62,high,資料上2回出現
796,大字奥田617番地の6,植木ｺｰﾎﾟ田中2F,田中町二丁目,3,32,kyuusinpdf.pdf,大字奥田-62,high,
797,大字奥田617番地の6,田中町9組の1 植木ｺｰﾎﾟ301,田中町二丁目,3,32,kyuusinpdf.pdf,大字奥田-62,high,
798,大字奥田622番地の1,田中町9組の1,田中町二丁目,3,11,kyuusinpdf.pdf,大字奥田-62,high,
799,大字奥田622番地の1,田中町9組の1 第2桜井ﾋﾞﾙ101,田中町二丁目,3,16,kyuusinpdf.pdf,大字奥田-62,high,
800,大字奥田622番地の1,田中町9組の1 第2桜井ﾋﾞﾙ102,田中町二丁目,3,16,kyuusinpdf.pdf,大字奥田-62,high,
801,大字奥田622番地の1,田中町9組の1 第2桜井ﾋﾞﾙ201,田中町二丁目,3,16,kyuusinpdf.pdf,大字奥田-62,high,
802,大字奥田622番地の1,田中町9組の1 第2桜井ﾋﾞﾙ202,田中町二丁目,3,16,kyuusinpdf.pdf,大字奥田-62,high,
803,大字奥田622番地の1,田中町9組の1 第2桜井ﾋﾞﾙ301,田中町二丁目,3,16,kyuusinpdf.pdf,大字奥田-62,high,
804,大字奥田622番地の1,田中町9組の1 第2桜井ﾋﾞﾙ302,田中町二丁目,3,16,kyuusinpdf.pdf,大字奥田-62,high,
805,大字奥田622番地の2,田中町9組の1,田中町二丁目,3,19,kyuusinpdf.pdf,大字奥田-62,high,
806,大字奥田622番地の3,田中町9組の1,田中町二丁目,3,18,kyuusinpdf.pdf,大字奥田-62,high,
807,大字奥田622番3,田中町9組の1,田中町二丁目,3,18,kyuusinpdf.pdf,大字奥田-63,high,
808,大字奥田623番地,田中町9-1,田中町二丁目,3,10,kyuusinpdf.pdf,大字奥田-63,high,
809,大字奥田628番地の5,田中町9組の1,田中町二丁目,4,32,kyuusinpdf.pdf,大字奥田-63,high,資料上2回出現
810,大字奥田629番地,田中町11組の2,田中町二丁目,4,35,kyuusinpdf.pdf,大字奥田-63,high,
811,大字奥田629番地の1,田中町11組の2 (空家),田中町二丁目,4,34,kyuusinpdf.pdf,大字奥田-63,high,
812,大字奥田629番地の3,田中町11組の2,田中町一丁目,6,14,kyuusinpdf.pdf,大字奥田-63,high,
813,大字奥田629番地の8,田中町11組の2,田中町一丁目,6,1,kyuusinpdf.pdf,大字奥田-63,high,
814,大字奥田630番地の3,田中町11-2A 大栄ﾋﾞﾙ1F,田中町二丁目,4,6,kyuusinpdf.pdf,大字奥田-63,high,
815,大字奥田630番地3,田中町11組の2 大栄ﾋﾞﾙ102号,田中町二丁目,4,6,kyuusinpdf.pdf,大字奥田-63,high,
816,大字奥田630番地の3,田中町11組の2A 大栄ﾋﾞﾙ103,田中町二丁目,4,6,kyuusinpdf.pdf,大字奥田-63,high,
817,大字奥田630番地の3,田中町11組の2A 大栄ﾋﾞﾙ201,田中町二丁目,4,6,kyuusinpdf.pdf,大字奥田-63,high,
818,大字奥田630番地3,,田中町二丁目,4,6,kyuusinpdf.pdf,大字奥田-63,high,
819,大字奥田630番地の3,田中町11組の2A 大栄ﾋﾞﾙ301,田中町二丁目,4,6,kyuusinpdf.pdf,大字奥田-64,high,
820,大字奥田630番地の3,田中町11組の2A 大栄ﾋﾞﾙ302,田中町二丁目,4,6,kyuusinpdf.pdf,大字奥田-64,high,
821,大字奥田630番地の3,田中町11組の2A 大栄ﾋﾞﾙ303,田中町二丁目,4,6,kyuusinpdf.pdf,大字奥田-64,high,
822,大字奥田630番地の3,田中町11組の2A 大栄ﾋﾞﾙ401,田中町二丁目,4,6,kyuusinpdf.pdf,大字奥田-64,high,
823,大字奥田630番地の3,田中町11組の2A 大栄ﾋﾞﾙ402,田中町二丁目,4,6,kyuusinpdf.pdf,大字奥田-64,high,
824,大字奥田630番地の5,田中町11組の2,田中町一丁目,5,16,kyuusinpdf.pdf,大字奥田-64,high,資料上2回出現
825,大字奥田630番地の7,田中町11組の2,田中町一丁目,5,13,kyuusinpdf.pdf,大字奥田-64,high,
826,大字奥田藪添631番地2,,田中町二丁目,4,3,kyuusinpdf.pdf,大字奥田-64,high,
827,大字奥田632番地の2,田中町11組の2,田中町一丁目,5,6,kyuusinpdf.pdf,大字奥田-64,high,
828,大字奥田632番地の11,田中町11組の2,田中町一丁目,5,21,kyuusinpdf.pdf,大字奥田-64,high,
829,大字奥田633番地の1,田中町11組の2,田中町一丁目,5,32,kyuusinpdf.pdf,大字奥田-64,high,
830,大字奥田字相家田634番地の1,田中町11組の1,田中町二丁目,2,18,kyuusinpdf.pdf,大字奥田-64,high,
831,大字奥田634番地の3,田中町11組の1B 大分ｴﾘｵﾋﾞﾙ201,田中町二丁目,2,13,kyuusinpdf.pdf,大字奥田-65,high,資料上2回出現
832,大字奥田634番地の3,田中町11組の1B 大分ｴﾘｵﾋﾞﾙ202,田中町二丁目,2,13,kyuusinpdf.pdf,大字奥田-65,high,
833,大字奥田634番地の3,田中町11組の1B 大分ｴﾘｵﾋﾞﾙ203,田中町二丁目,2,13,kyuusinpdf.pdf,大字奥田-65,high,
834,大字奥田634番地の3,田中町11組の1B 大分ｴﾘｵﾋﾞﾙ205,田中町二丁目,2,13,kyuusinpdf.pdf,大字奥田-65,high,
835,大字奥田634番地の3,田中町11組の1B 大分ｴﾘｵﾋﾞﾙ301,田中町二丁目,2,13,kyuusinpdf.pdf,大字奥田-65,high,
836,大字奥田634番地の3,田中町11組の1B 大分ｴﾘｵﾋﾞﾙ302,田中町二丁目,2,13,kyuusinpdf.pdf,大字奥田-65,high,
837,大字奥田634番地の3,田中町11組の1B 大分ｴﾘｵﾋﾞﾙ303,田中町二丁目,2,13,kyuusinpdf.pdf,大字奥田-65,high,
838,大字奥田634番地の3,田中町11組の1 金城ﾋﾞﾙ305,田中町二丁目,2,13,kyuusinpdf.pdf,大字奥田-65,high,資料上2回出現
839,大字奥田638-5,田中町12-2 ﾊﾞｯｶｽ館1F,田中町一丁目,4,8,kyuusinpdf.pdf,大字奥田-65,high,
840,大字奥田字相家田638番地7,田中町12-2 産商ﾋﾞﾙ1F,田中町一丁目,4,10,kyuusinpdf.pdf,大字奥田-65,high,
841,大字奥田638-8,田中町12組の1 なにわﾋﾞﾙ1F,田中町一丁目,4,12,kyuusinpdf.pdf,大字奥田-65,high,
842,大字奥田638-8,田中町12-2 なにわﾋﾞﾙ2階,田中町一丁目,4,12,kyuusinpdf.pdf,大字奥田-66,high,
843,大字奥田638-8,田中町12-2 なにわﾋﾞﾙ2F202号,田中町一丁目,4,12,kyuusinpdf.pdf,大字奥田-66,high,
844,大字奥田638番地の8,田中町12組の2 なにわびる103,田中町一丁目,4,12,kyuusinpdf.pdf,大字奥田-66,high,
845,大字奥田639番地,田中町12組の2,田中町一丁目,4,24,kyuusinpdf.pdf,大字奥田-66,high,
846,大字奥田639番地の6,田中町12組の2,田中町一丁目,3,18,kyuusinpdf.pdf,大字奥田-66,high,
847,大字奥田639番地の6,田中町12組の2,田中町一丁目,3,21,kyuusinpdf.pdf,大字奥田-66,high,
848,大字奥田639番地の7,田中町12組の2,田中町一丁目,3,17,kyuusinpdf.pdf,大字奥田-66,high,
849,大字奥田639番地の8,田中町12組の2,田中町一丁目,3,15,kyuusinpdf.pdf,大字奥田-66,high,
850,大字奥田639番地の9,田中町12組の2,田中町一丁目,3,11,kyuusinpdf.pdf,大字奥田-66,high,資料上2回出現
851,大字奥田639番地の10,田中町12組の2,田中町一丁目,3,10,kyuusinpdf.pdf,大字奥田-66,high,
852,大字奥田639番地の11,田中町12組の2,田中町一丁目,4,15,kyuusinpdf.pdf,大字奥田-66,high,
853,大字奥田639番地の12,田中町12組の2B ﾒｿﾞﾝ･ﾄﾞ･ｴﾝ101,田中町一丁目,4,19,kyuusinpdf.pdf,大字奥田-66,high,
854,大字奥田639番地の12,田中町12組の2B ﾒｿﾞﾝ･ﾄﾞ･ｴﾝ102,田中町一丁目,4,19,kyuusinpdf.pdf,大字奥田-67,high,
855,大字奥田639番地の12,田中町12組の2B ﾒｿﾞﾝ･ﾄﾞ･ｴﾝ103,田中町一丁目,4,19,kyuusinpdf.pdf,大字奥田-67,high,
856,大字奥田639番地の12,田中町12組の2B ﾒｿﾞﾝ･ﾄﾞ･ｴﾝ104,田中町一丁目,4,19,kyuusinpdf.pdf,大字奥田-67,high,
857,大字奥田639番地の12,田中町12組の2B ﾒｿﾞﾝ･ﾄﾞ･ｴﾝ105,田中町一丁目,4,19,kyuusinpdf.pdf,大字奥田-67,high,
858,大字奥田639番地の12,田中町12組の2B ﾒｿﾞﾝ･ﾄﾞ･ｴﾝ106,田中町一丁目,4,19,kyuusinpdf.pdf,大字奥田-67,high,
859,大字奥田639番地の13,田中町12組の2,田中町一丁目,4,20,kyuusinpdf.pdf,大字奥田-67,high,
860,大字奥田640番地の4,田中町12組の1,田中町一丁目,3,41,kyuusinpdf.pdf,大字奥田-67,high,資料上4回出現
861,大字奥田640番地の6,田中町12組の1,田中町一丁目,3,39,kyuusinpdf.pdf,大字奥田-67,high,資料上2回出現
862,大字奥田640番地の7,田中町12組の1,田中町一丁目,3,24,kyuusinpdf.pdf,大字奥田-67,high,
863,大字奥田640番地の8,田中町12組の1,田中町一丁目,3,38,kyuusinpdf.pdf,大字奥田-68,high,資料上2回出現
864,大字奥田640番地の9,田中町12組の1,田中町一丁目,3,26,kyuusinpdf.pdf,大字奥田-68,high,
865,大字奥田640番地の12,田中町12組の1,田中町一丁目,3,36,kyuusinpdf.pdf,大字奥田-68,high,
866,大字奥田640番地の13,田中町12組の1,田中町一丁目,3,30,kyuusinpdf.pdf,大字奥田-68,high,
867,大字奥田640番地の14,田中町12組の1,田中町一丁目,3,35,kyuusinpdf.pdf,大字奥田-68,high,
868,大字奥田640番地の15,田中町12組の1,田中町一丁目,3,31,kyuusinpdf.pdf,大字奥田-68,high,
869,大字奥田640番地の26,田中町12組の1,田中町一丁目,3,27,kyuusinpdf.pdf,大字奥田-68,high,
870,大字奥田641番地の4,田中町16組の3B,田中町三丁目,2,30,kyuusinpdf.pdf,大字奥田-68,high,資料上2回出現
871,大字奥田644番地の1,田中町12組の3,田中町一丁目,1,14,kyuusinpdf.pdf,大字奥田-68,high,
872,大字奥田645番地の1,田中町12組の3,田中町一丁目,1,10,kyuusinpdf.pdf,大字奥田-68,high,
873,大字奥田646番地の1,田中町12組の3,田中町一丁目,1,8,kyuusinpdf.pdf,大字奥田-68,high,
874,大字奥田650番地の1,二又町7組E,田中町三丁目,1,72,kyuusinpdf.pdf,大字奥田-69,high,
875,大字奥田650番地の1,二又町7組のE 第3みのりﾏﾝｼｮﾝ101,田中町三丁目,1,72-101,kyuusinpdf.pdf,大字奥田-69,high,
876,大字奥田650番地の1,二又町7組のE 第3みのりﾏﾝｼｮﾝ102,田中町三丁目,1,72-102,kyuusinpdf.pdf,大字奥田-69,high,
877,大字奥田650番地の1,二又町7組のE 第3みのりﾏﾝｼｮﾝ103,田中町三丁目,1,72-103,kyuusinpdf.pdf,大字奥田-69,high,
878,大字奥田650番地の1,二又町7組のE 第3みのりﾏﾝｼｮﾝ104,田中町三丁目,1,72-104,kyuusinpdf.pdf,大字奥田-69,high,
879,大字奥田650番地の1,二又町7組のE 第3みのりﾏﾝｼｮﾝ105,田中町三丁目,1,72-105,kyuusinpdf.pdf,大字奥田-69,high,
880,大字奥田650番地の1,二又町7組のE 第3みのりﾏﾝｼｮﾝ201,田中町三丁目,1,72-201,kyuusinpdf.pdf,大字奥田-69,high,
881,大字奥田650番地の1,二又町7組のE 第3みのりﾏﾝｼｮﾝ202,田中町三丁目,1,72-202,kyuusinpdf.pdf,大字奥田-69,high,
882,大字奥田650番地の1,二又町7組のE 第3みのりﾏﾝｼｮﾝ203,田中町三丁目,1,72-203,kyuusinpdf.pdf,大字奥田-69,high,資料上2回出現
883,大字奥田650番地の1,二又町7組のE 第3みのりﾏﾝｼｮﾝ204,田中町三丁目,1,72-204,kyuusinpdf.pdf,大字奥田-69,high,
884,大字奥田650番地の1,二又町7組のE 第3みのりﾏﾝｼｮﾝ205,田中町三丁目,1,72-205,kyuusinpdf.pdf,大字奥田-69,high,
885,大字奥田650番地の1,二又町7組のE 第3みのりﾏﾝｼｮﾝ301,田中町三丁目,1,72-301,kyuusinpdf.pdf,大字奥田-69,high,
886,大字奥田650番地の1,二又町7組のE 第3みのりﾏﾝｼｮﾝ302,田中町三丁目,1,72-302,kyuusinpdf.pdf,大字奥田-70,high,資料上2回出現
887,大字奥田650番地の1,二又町7組のE 第3みのりﾏﾝｼｮﾝ303,田中町三丁目,1,72-303,kyuusinpdf.pdf,大字奥田-70,high,
888,大字奥田650番地の1,二又町7組のE 第3みのりﾏﾝｼｮﾝ304,田中町三丁目,1,72-304,kyuusinpdf.pdf,大字奥田-70,high,
889,大字奥田650番地の1,二又町7組のE 第3みのりﾏﾝｼｮﾝ305,田中町三丁目,1,72-305,kyuusinpdf.pdf,大字奥田-70,high,
890,大字奥田650番地の1,二又町7組のE 第3みのりﾏﾝｼｮﾝ401,田中町三丁目,1,72-401,kyuusinpdf.pdf,大字奥田-70,high,資料上2回出現
891,大字奥田650番地の1,二又町7組のE 第3みのりﾏﾝｼｮﾝ402,田中町三丁目,1,72-402,kyuusinpdf.pdf,大字奥田-70,high,
892,大字奥田650番地の1,二又町7組のE 第3みのりﾏﾝｼｮﾝ403,田中町三丁目,1,72-403,kyuusinpdf.pdf,大字奥田-70,high,
893,大字奥田650番地の1,二又町7組のE 第3みのりﾏﾝｼｮﾝ404,田中町三丁目,1,72-404,kyuusinpdf.pdf,大字奥田-70,high,
894,大字奥田650番地の1,二又町7組のE 第3みのりﾏﾝｼｮﾝ405,田中町三丁目,1,72-405,kyuusinpdf.pdf,大字奥田-70,high,
895,大字奥田650番地の1,二又町7組のE 第3みのりﾏﾝｼｮﾝ501,田中町三丁目,1,72-501,kyuusinpdf.pdf,大字奥田-70,high,
896,大字奥田650番地の1,二又町7組のE 第3みのりﾏﾝｼｮﾝ502,田中町三丁目,1,72-502,kyuusinpdf.pdf,大字奥田-70,high,
897,大字奥田650番地の1,二又町7組のE 第3みのりﾏﾝｼｮﾝ503,田中町三丁目,1,72-503,kyuusinpdf.pdf,大字奥田-71,high,
898,大字奥田650番地の1,二又町7組のE 第3みのりﾏﾝｼｮﾝ504,田中町三丁目,1,72-504,kyuusinpdf.pdf,大字奥田-71,high,
899,大字奥田650番地の1,二又町7組のE 第3みのりﾏﾝｼｮﾝ505,田中町三丁目,1,72-505,kyuusinpdf.pdf,大字奥田-71,high,資料上2回出現
900,大字奥田650番地の4,,田中町三丁目,1,68,kyuusinpdf.pdf,大字奥田-71,high,
901,大字奥田650番地の4,田中町19組 ﾗｸﾞｼﾞﾝ南大分101,田中町三丁目,1,68-101,kyuusinpdf.pdf,大字奥田-71,high,
902,大字奥田650番地の4,田中町19組 ﾗｸﾞｼﾞﾝ南大分102,田中町三丁目,1,68-102,kyuusinpdf.pdf,大字奥田-71,high,
903,大字奥田650番地の4,田中町19組 ﾗｸﾞｼﾞﾝ南大分201,田中町三丁目,1,68-201,kyuusinpdf.pdf,大字奥田-71,high,
904,大字奥田650番地の4,田中町19組 ﾗｸﾞｼﾞﾝ南大分202,田中町三丁目,1,68-202,kyuusinpdf.pdf,大字奥田-71,high,
905,大字奥田650番地の4,田中町19組 ﾗｸﾞｼﾞﾝ南大分203,田中町三丁目,1,68-203,kyuusinpdf.pdf,大字奥田-71,high,
906,大字奥田650番地の4,田中町19組 ﾗｸﾞｼﾞﾝ南大分301,田中町三丁目,1,68-301,kyuusinpdf.pdf,大字奥田-71,high,
907,大字奥田650番地の4,田中町19組 ﾗｸﾞｼﾞﾝ南大分302,田中町三丁目,1,68-302,kyuusinpdf.pdf,大字奥田-71,high,
908,大字奥田650番地の4,田中町19組 ﾗｸﾞｼﾞﾝ南大分303,田中町三丁目,1,68-303,kyuusinpdf.pdf,大字奥田-71,high,資料上2回出現
909,大字奥田650番地の4,田中町19組 ﾗｸﾞｼﾞﾝ南大分401,田中町三丁目,1,68-401,kyuusinpdf.pdf,大字奥田-72,high,
910,大字奥田650番地の4,田中町19組 ﾗｸﾞｼﾞﾝ南大分402,田中町三丁目,1,68-402,kyuusinpdf.pdf,大字奥田-72,high,
911,大字奥田650番地の4,田中町19組 ﾗｸﾞｼﾞﾝ南大分403,田中町三丁目,1,68-403,kyuusinpdf.pdf,大字奥田-72,high,
912,大字奥田650番地の4,田中町19組 ﾗｸﾞｼﾞﾝ南大分501,田中町三丁目,1,68-501,kyuusinpdf.pdf,大字奥田-72,high,資料上2回出現
913,大字奥田650番地の4,田中町19組 ﾗｸﾞｼﾞﾝ南大分502,田中町三丁目,1,68-502,kyuusinpdf.pdf,大字奥田-72,high,
914,大字奥田650番地の4,田中町19組 ﾗｸﾞｼﾞﾝ南大分503,田中町三丁目,1,68-503,kyuusinpdf.pdf,大字奥田-72,high,
915,大字奥田650番地の4,田中町19組 ﾗｸﾞｼﾞﾝ南大分601,田中町三丁目,1,68-601,kyuusinpdf.pdf,大字奥田-72,high,
916,大字奥田650番地の4,田中町19組 ﾗｸﾞｼﾞﾝ南大分602,田中町三丁目,1,68-602,kyuusinpdf.pdf,大字奥田-72,high,
917,大字奥田650番地の4,田中町19組 ﾗｸﾞｼﾞﾝ南大分603,田中町三丁目,1,68-603,kyuusinpdf.pdf,大字奥田-72,high,
918,大字奥田650番地の4,田中町19組 ﾗｸﾞｼﾞﾝ南大分701,田中町三丁目,1,68-701,kyuusinpdf.pdf,大字奥田-72,high,
919,大字奥田650番地の4,田中町19組 ﾗｸﾞｼﾞﾝ南大分702,田中町三丁目,1,68-702,kyuusinpdf.pdf,大字奥田-72,high,資料上2回出現
920,大字奥田650番地の4,田中町19組 ﾗｸﾞｼﾞﾝ南大分801,田中町三丁目,1,68-801,kyuusinpdf.pdf,大字奥田-73,high,
921,大字奥田650番地の4,田中町19組 ﾗｸﾞｼﾞﾝ南大分802,田中町三丁目,1,68-802,kyuusinpdf.pdf,大字奥田-73,high,
922,大字奥田651番地の1,田中町18組の1B,田中町三丁目,1,64,kyuusinpdf.pdf,大字奥田-73,high,資料上3回出現
923,大字奥田654番地2号,,田中町三丁目,1,6,kyuusinpdf.pdf,大字奥田-73,high,
924,大字奥田656番地,田中町13組の4 脇ﾋﾞﾙ101,田中町三丁目,1,12,kyuusinpdf.pdf,大字奥田-73,high,
925,大字奥田656番地,田中町13組の4 脇ﾋﾞﾙ102,田中町三丁目,1,12,kyuusinpdf.pdf,大字奥田-73,high,
926,大字奥田656番地,田中町13組の4 脇ﾋﾞﾙ105,田中町三丁目,1,12,kyuusinpdf.pdf,大字奥田-73,high,
927,大字奥田656番地,田中町13組の4 脇ﾋﾞﾙ201,田中町三丁目,1,12,kyuusinpdf.pdf,大字奥田-73,high,
928,大字奥田656番地,田中町13組の4 脇ﾋﾞﾙ202,田中町三丁目,1,12,kyuusinpdf.pdf,大字奥田-73,high,
929,大字奥田656番地,田中町13組の4 脇ﾋﾞﾙ203,田中町三丁目,1,12,kyuusinpdf.pdf,大字奥田-73,high,
930,大字奥田656番地,田中町13組の4 脇ﾋﾞﾙ301,田中町三丁目,1,12,kyuusinpdf.pdf,大字奥田-74,high,
931,大字奥田656番地,田中町13組の4 脇ﾋﾞﾙ302,田中町三丁目,1,12,kyuusinpdf.pdf,大字奥田-74,high,
932,大字奥田656番地,田中町13組の4 脇ﾋﾞﾙ303,田中町三丁目,1,12,kyuusinpdf.pdf,大字奥田-74,high,
933,大字奥田656番地,田中町13組の4 脇ﾋﾞﾙ305,田中町三丁目,1,12,kyuusinpdf.pdf,大字奥田-74,high,
934,大字奥田659番地1,,田中町三丁目,1,18,kyuusinpdf.pdf,大字奥田-74,high,資料上2回出現
935,大字奥田663番地,田中町13組の1,田中町三丁目,1,49,kyuusinpdf.pdf,大字奥田-74,high,
936,大字奥田665番地の1,田中町13組の1,田中町三丁目,1,46,kyuusinpdf.pdf,大字奥田-74,high,資料上3回出現
937,大字奥田665番地の3,田中町13組の1,田中町三丁目,1,44,kyuusinpdf.pdf,大字奥田-74,high,
938,大字奥田665番地の7,田中町13組の4,田中町三丁目,1,47,kyuusinpdf.pdf,大字奥田-74,high,
939,大字奥田666番地の1,田中町16組の2,田中町三丁目,4,10,kyuusinpdf.pdf,大字奥田-74,high,
940,大字奥田666番地の3,田中町16組の3B,田中町三丁目,2,26,kyuusinpdf.pdf,大字奥田-75,high,
941,大字奥田666番地の6,田中町16組の3A,田中町三丁目,3,11,kyuusinpdf.pdf,大字奥田-75,high,
942,大字奥田666番地の7,田中町16組の2,田中町三丁目,3,12,kyuusinpdf.pdf,大字奥田-75,high,資料上2回出現
943,大字奥田666番地の10,田中町16組の1,田中町三丁目,4,12,kyuusinpdf.pdf,大字奥田-75,high,資料上2回出現
944,大字奥田667番地の1,田中町16組の2,田中町三丁目,3,16,kyuusinpdf.pdf,大字奥田-75,high,資料上2回出現
945,大字奥田667番地の3,田中町16組の2,田中町三丁目,3,18,kyuusinpdf.pdf,大字奥田-75,high,
946,大字奥田667番地の4,田中町16組の2,田中町三丁目,3,19,kyuusinpdf.pdf,大字奥田-75,high,
947,大字奥田667番地の5,田中町16組の2,田中町三丁目,3,20,kyuusinpdf.pdf,大字奥田-75,high,
948,大字奥田667番地の7,田中町16組の2,田中町三丁目,4,1,kyuusinpdf.pdf,大字奥田-75,high,
949,大字奥田667番地の8,田中町16組の2,田中町三丁目,4,3,kyuusinpdf.pdf,大字奥田-75,high,資料上2回出現
950,大字奥田667番地の9,田中町16組の2,田中町三丁目,4,4,kyuusinpdf.pdf,大字奥田-76,high,
951,大字奥田667番地の10,田中町16組の2,田中町三丁目,4,5,kyuusinpdf.pdf,大字奥田-76,high,
952,大字奥田667番地の11,田中町16組の2,田中町三丁目,4,6,kyuusinpdf.pdf,大字奥田-76,high,
953,大字奥田667番地の12,田中町16組の2,田中町三丁目,4,8,kyuusinpdf.pdf,大字奥田-76,high,
954,大字奥田669番地の1,田中町16組の3A,田中町三丁目,3,1,kyuusinpdf.pdf,大字奥田-76,high,
955,大字奥田669番地の2,田中町16組の3A ｺｰﾎﾟ池辺101,田中町三丁目,3,8,kyuusinpdf.pdf,大字奥田-76,high,
956,大字奥田669番地の2,田中町16組の3A ｺｰﾎﾟ池辺102,田中町三丁目,3,8,kyuusinpdf.pdf,大字奥田-76,high,
957,大字奥田669番地の2,田中町16組の3A ｺｰﾎﾟ池辺103,田中町三丁目,3,8,kyuusinpdf.pdf,大字奥田-76,high,
958,大字奥田669番地の2,田中町16組の3A ｺｰﾎﾟ池辺201,田中町三丁目,3,8,kyuusinpdf.pdf,大字奥田-76,high,資料上2回出現
959,大字奥田669番地の2,田中町16組の3A ｺｰﾎﾟ池辺202,田中町三丁目,3,8,kyuusinpdf.pdf,大字奥田-76,high,
960,大字奥田669番地の3,田中町16組の3A,田中町三丁目,3,6,kyuusinpdf.pdf,大字奥田-76,high,
961,大字奥田669番地の5,田中町16組の3A,田中町三丁目,3,5,kyuusinpdf.pdf,大字奥田-77,high,資料上2回出現
962,大字奥田669番地の6,田中町16組の3A,田中町三丁目,3,4,kyuusinpdf.pdf,大字奥田-77,high,
963,大字奥田669番地の6,,田中町三丁目,3,4,kyuusinpdf.pdf,大字奥田-77,high,
964,大字奥田669番地の7,田中町16組の3A,田中町三丁目,3,2,kyuusinpdf.pdf,大字奥田-77,high,
965,大字奥田669番地の8,田中町16組の3A,田中町三丁目,3,3,kyuusinpdf.pdf,大字奥田-77,high,資料上2回出現
966,大字奥田670番地,田中町16組の3A 宝ﾏﾝｼｮﾝ101,田中町三丁目,2,37,kyuusinpdf.pdf,大字奥田-77,high,
967,大字奥田670番地,田中町16組の3A 宝ﾏﾝｼｮﾝ102,田中町三丁目,2,37,kyuusinpdf.pdf,大字奥田-77,high,資料上2回出現
968,大字奥田670番地,田中町16組の3A 宝ﾏﾝｼｮﾝ103,田中町三丁目,2,37,kyuusinpdf.pdf,大字奥田-77,high,
969,大字奥田670番地,田中町16組の3A 宝ﾏﾝｼｮﾝ201,田中町三丁目,2,37,kyuusinpdf.pdf,大字奥田-77,high,
970,大字奥田670番地,田中町16組の3A 宝ﾏﾝｼｮﾝ202,田中町三丁目,2,37,kyuusinpdf.pdf,大字奥田-77,high,
971,大字奥田670番地,田中町16組の3A,田中町三丁目,2,50,kyuusinpdf.pdf,大字奥田-78,high,
972,大字奥田670番地の2,田中町16組の3A,田中町三丁目,2,47,kyuusinpdf.pdf,大字奥田-78,high,
973,大字奥田670番地の8,田中町16組の3A,田中町三丁目,2,54,kyuusinpdf.pdf,大字奥田-78,high,
974,大字奥田671番地の2,田中町18組の1B,田中町三丁目,2,8,kyuusinpdf.pdf,大字奥田-78,high,
975,大字奥田671番地の3,田中町16組の3B,田中町三丁目,2,28,kyuusinpdf.pdf,大字奥田-78,high,
976,大字奥田671番地の5,田中町16組の3B,田中町三丁目,2,32,kyuusinpdf.pdf,大字奥田-78,high,
977,大字奥田671番地の6,田中町16組の3B,田中町三丁目,2,33,kyuusinpdf.pdf,大字奥田-78,high,
978,大字奥田671番地の7,田中町16組の3B,田中町三丁目,2,34,kyuusinpdf.pdf,大字奥田-78,high,
979,大字奥田671番地の8,田中町16組の3B,田中町三丁目,2,35,kyuusinpdf.pdf,大字奥田-78,high,
980,大字奥田671番地の9,田中町18組の1B,田中町三丁目,2,7,kyuusinpdf.pdf,大字奥田-78,high,
981,大字奥田671番地の11,田中町18組の1B,田中町三丁目,2,10,kyuusinpdf.pdf,大字奥田-78,high,
982,大字奥田672番地の5,田中町18組の1B,田中町三丁目,2,23,kyuusinpdf.pdf,大字奥田-78,high,
983,大字奥田672番地の6,田中町18組の1B,田中町三丁目,2,21,kyuusinpdf.pdf,大字奥田-78,high,資料上3回出現
984,大字奥田673番地の1,田中町18組の1B,田中町三丁目,2,14,kyuusinpdf.pdf,大字奥田-79,high,
985,大字奥田673番地の1,,田中町三丁目,2,14,kyuusinpdf.pdf,大字奥田-79,high,
986,大字奥田674番地の1,田中町18組の1B,田中町三丁目,2,1,kyuusinpdf.pdf,大字奥田-79,high,
987,大字奥田674番地の9,田中町18組の1B,田中町三丁目,2,5,kyuusinpdf.pdf,大字奥田-79,high,
988,大字奥田674番地の9,田中町18組の1B,田中町三丁目,2,6,kyuusinpdf.pdf,大字奥田-79,high,
989,大字奥田676番地,田中町18組の1A,二又町三丁目,3,36,kyuusinpdf.pdf,大字奥田-79,high,
990,大字奥田676番地の1,田中町18組の1A,二又町三丁目,3,38,kyuusinpdf.pdf,大字奥田-79,high,
991,大字奥田677番地,田中町18組の1A,二又町三丁目,3,57,kyuusinpdf.pdf,大字奥田-79,high,資料上2回出現
992,大字奥田677番地の2,田中町18組の1A,二又町三丁目,3,47,kyuusinpdf.pdf,大字奥田-79,high,
993,大字奥田677番地の3,田中町18組の1A,二又町三丁目,3,50,kyuusinpdf.pdf,大字奥田-79,high,
994,大字奥田677番地の4,田中町18組の1A,二又町三丁目,3,51,kyuusinpdf.pdf,大字奥田-80,high,
995,大字奥田677番地の5,田中町18組の1A,二又町三丁目,3,54,kyuusinpdf.pdf,大字奥田-80,high,資料上2回出現
996,大字奥田677番地の8,田中町18組の1A,二又町三丁目,3,59,kyuusinpdf.pdf,大字奥田-80,high,資料上2回出現
997,大字奥田677番地の9,田中町18組の1A,二又町三丁目,3,60,kyuusinpdf.pdf,大字奥田-80,high,資料上2回出現
998,大字奥田677番地の10,田中町18組の1A,二又町三丁目,3,62,kyuusinpdf.pdf,大字奥田-80,high,
999,大字奥田677番地の11,田中町18組の1A,二又町三丁目,3,64,kyuusinpdf.pdf,大字奥田-80,high,資料上3回出現
1000,大字奥田677番地の12,田中町18組の1A,二又町三丁目,3,68,kyuusinpdf.pdf,大字奥田-80,high,資料上2回出現
1001,大字奥田677番地の14,田中町18組の1A,二又町三丁目,3,69,kyuusinpdf.pdf,大字奥田-81,high,
1002,大字奥田677番地の15,田中町18組の1A,二又町三丁目,3,71,kyuusinpdf.pdf,大字奥田-81,high,
1003,大字奥田680番地の1,田中町18組の1B,二又町三丁目,3,74,kyuusinpdf.pdf,大字奥田-81,high,
1004,大字奥田680番地の2,田中町18組の1C ﾚｵﾊﾟﾚｽpita101,二又町三丁目,3,85,kyuusinpdf.pdf,大字奥田-81,high,
1005,大字奥田680番地の2,田中町18組の1C ﾚｵﾊﾟﾚｽpita102,二又町三丁目,3,85,kyuusinpdf.pdf,大字奥田-81,high,
1006,大字奥田680番地の2,田中町18組の1C ﾚｵﾊﾟﾚｽpita103,二又町三丁目,3,85,kyuusinpdf.pdf,大字奥田-81,high,
1007,大字奥田680番地の2,田中町18組の1C ﾚｵﾊﾟﾚｽpita104,二又町三丁目,3,85,kyuusinpdf.pdf,大字奥田-81,high,
1008,大字奥田680番地の2,田中町18組の1C ﾚｵﾊﾟﾚｽpita105,二又町三丁目,3,85,kyuusinpdf.pdf,大字奥田-81,high,
1009,大字奥田680番地の2,田中町18組の1C ﾚｵﾊﾟﾚｽpita106,二又町三丁目,3,85,kyuusinpdf.pdf,大字奥田-81,high,
1010,大字奥田680番地の2,田中町18組の1C ﾚｵﾊﾟﾚｽpita107,二又町三丁目,3,85,kyuusinpdf.pdf,大字奥田-81,high,
1011,大字奥田680番地の2,田中町18組の1C ﾚｵﾊﾟﾚｽpita108,二又町三丁目,3,85,kyuusinpdf.pdf,大字奥田-81,high,
1012,大字奥田680番地の2,田中町18組の1C ﾚｵﾊﾟﾚｽpita109,二又町三丁目,3,85,kyuusinpdf.pdf,大字奥田-81,high,資料上2回出現
1013,大字奥田680番地の2,田中町18組の1C ﾚｵﾊﾟﾚｽpita201,二又町三丁目,3,85,kyuusinpdf.pdf,大字奥田-82,high,
1014,大字奥田680番地の2,田中町18組の1C ﾚｵﾊﾟﾚｽpita202,二又町三丁目,3,85,kyuusinpdf.pdf,大字奥田-82,high,
1015,大字奥田680番地の2,田中町18組の1C ﾚｵﾊﾟﾚｽpita203,二又町三丁目,3,85,kyuusinpdf.pdf,大字奥田-82,high,
1016,大字奥田680番地の2,田中町18組の1C ﾚｵﾊﾟﾚｽpita204,二又町三丁目,3,85,kyuusinpdf.pdf,大字奥田-82,high,
1017,大字奥田680番地の2,田中町18組の1C ﾚｵﾊﾟﾚｽpita205,二又町三丁目,3,85,kyuusinpdf.pdf,大字奥田-82,high,資料上2回出現
1018,大字奥田680番地の2,田中町18組の1C ﾚｵﾊﾟﾚｽpita206,二又町三丁目,3,85,kyuusinpdf.pdf,大字奥田-82,high,
1019,大字奥田680番地の2,田中町18組の1C ﾚｵﾊﾟﾚｽpita207,二又町三丁目,3,85,kyuusinpdf.pdf,大字奥田-82,high,
1020,大字奥田680番地の2,田中町18組の1C ﾚｵﾊﾟﾚｽpita208,二又町三丁目,3,85,kyuusinpdf.pdf,大字奥田-82,high,
1021,大字奥田680番地の2,田中町18組の1C ﾚｵﾊﾟﾚｽpita209,二又町三丁目,3,85,kyuusinpdf.pdf,大字奥田-82,high,
1022,大字奥田680番地の3,田中町18組の1B,二又町三丁目,3,76,kyuusinpdf.pdf,大字奥田-82,high,
1023,大字奥田680番地の4,田中町18組の1B,二又町三丁目,3,75,kyuusinpdf.pdf,大字奥田-82,high,
1024,大字奥田680番地の10,田中町18組の1B,二又町三丁目,3,84,kyuusinpdf.pdf,大字奥田-82,high,
1025,大字奥田681番地の4,田中町18組の1B,二又町三丁目,3,77,kyuusinpdf.pdf,大字奥田-83,high,
1026,大字奥田681番地の5,田中町18組の1B,二又町三丁目,3,81,kyuusinpdf.pdf,大字奥田-83,high,
1027,大字奥田682番地,二又町7組のB,二又町三丁目,2,24,kyuusinpdf.pdf,大字奥田-83,high,
1028,大字奥田682番地の1,二又町7組のB,二又町三丁目,2,21,kyuusinpdf.pdf,大字奥田-83,high,
1029,大字奥田682-1,,二又町三丁目,2,29,kyuusinpdf.pdf,大字奥田-83,high,
1030,大字奥田682番地の2,二又町7組のB なんえいﾋﾞﾙ102,二又町三丁目,2,30-102,kyuusinpdf.pdf,大字奥田-83,high,
1031,大字奥田682番地の2,二又町7組のB なんえいﾋﾞﾙ103,二又町三丁目,2,30-103,kyuusinpdf.pdf,大字奥田-83,high,
1032,大字奥田682番地の2,二又町7組のB なんえいﾋﾞﾙ105,二又町三丁目,2,30-105,kyuusinpdf.pdf,大字奥田-83,high,
1033,大字奥田682番地の2,二又町7組のB なんえいﾋﾞﾙ106,二又町三丁目,2,30-106,kyuusinpdf.pdf,大字奥田-83,high,
1034,大字奥田682番地の2,二又町7組のB なんえいﾋﾞﾙ107,二又町三丁目,2,30-107,kyuusinpdf.pdf,大字奥田-83,high,
1035,大字奥田682番地の2,二又町7組のB なんえいﾋﾞﾙ108,二又町三丁目,2,30-108,kyuusinpdf.pdf,大字奥田-83,high,資料上3回出現
1036,大字奥田682番地の2,二又町7組のB なんえいﾋﾞﾙ110,二又町三丁目,2,30-110,kyuusinpdf.pdf,大字奥田-84,high,
1037,大字奥田682番地の2,二又町7組のB なんえいﾋﾞﾙ201,二又町三丁目,2,30-201,kyuusinpdf.pdf,大字奥田-84,high,
1038,大字奥田682番地の2,二又町7組のB なんえいﾋﾞﾙ202,二又町三丁目,2,30-202,kyuusinpdf.pdf,大字奥田-84,high,
1039,大字奥田682番地の2,二又町7組のB なんえいﾋﾞﾙ203,二又町三丁目,2,30-203,kyuusinpdf.pdf,大字奥田-84,high,
1040,大字奥田682番地の2,二又町7組のB なんえいﾋﾞﾙ205,二又町三丁目,2,30-205,kyuusinpdf.pdf,大字奥田-84,high,
1041,大字奥田682番地の2,二又町7組のB なんえいﾋﾞﾙ206,二又町三丁目,2,30-206,kyuusinpdf.pdf,大字奥田-84,high,
1042,大字奥田682番地の2,二又町7組のB なんえいﾋﾞﾙ207,二又町三丁目,2,30-207,kyuusinpdf.pdf,大字奥田-84,high,
1043,大字奥田682番地の2,二又町7組のB なんえいﾋﾞﾙ208,二又町三丁目,2,30-208,kyuusinpdf.pdf,大字奥田-84,high,資料上2回出現
1044,大字奥田682番地の2,二又町7組のB なんえいﾋﾞﾙ210,二又町三丁目,2,30-210,kyuusinpdf.pdf,大字奥田-84,high,
1045,大字奥田682番地の2,二又町7組のB なんえいﾋﾞﾙ301,二又町三丁目,2,30-301,kyuusinpdf.pdf,大字奥田-84,high,
1046,大字奥田682番地の2,二又町7-B なんえいﾋﾞﾙ301,二又町三丁目,2,30-301,kyuusinpdf.pdf,大字奥田-84,high,
1047,大字奥田682番地の2,二又町7組のB なんえいﾋﾞﾙ302,二又町三丁目,2,30-302,kyuusinpdf.pdf,大字奥田-84,high,
1048,大字奥田682番地の2,二又町7組のB なんえいﾋﾞﾙ303,二又町三丁目,2,30-303,kyuusinpdf.pdf,大字奥田-85,high,
1049,大字奥田682番地の2,二又町7組のB なんえいﾋﾞﾙ305,二又町三丁目,2,30-305,kyuusinpdf.pdf,大字奥田-85,high,資料上4回出現
1050,大字奥田682番地の2,二又町7組のB なんえいﾋﾞﾙ306,二又町三丁目,2,30-306,kyuusinpdf.pdf,大字奥田-85,high,
1051,大字奥田682番地の2,二又町7組のB なんえいﾋﾞﾙ307,二又町三丁目,2,30-307,kyuusinpdf.pdf,大字奥田-85,high,
1052,大字奥田682番地の2,二又町7組のB なんえいﾋﾞﾙ308,二又町三丁目,2,30-308,kyuusinpdf.pdf,大字奥田-85,high,
1053,大字奥田682番地の2,二又町7組のB なんえいﾋﾞﾙ310,二又町三丁目,2,30-310,kyuusinpdf.pdf,大字奥田-85,high,
1054,大字奥田682番地の2,二又町7組のB なんえいﾋﾞﾙ401,二又町三丁目,2,30-401,kyuusinpdf.pdf,大字奥田-85,high,
1055,大字奥田682番地の2,二又町7組のB なんえいﾋﾞﾙ402,二又町三丁目,2,30-402,kyuusinpdf.pdf,大字奥田-85,high,
1056,大字奥田682番地の2,二又町7組のB なんえいﾋﾞﾙ403,二又町三丁目,2,30-403,kyuusinpdf.pdf,大字奥田-85,high,
1057,大字奥田682番地の2,二又町7組のB なんえいﾋﾞﾙ405,二又町三丁目,2,30-405,kyuusinpdf.pdf,大字奥田-85,high,
1058,大字奥田682番地の2,二又町7組のB なんえいﾋﾞﾙ406,二又町三丁目,2,30-406,kyuusinpdf.pdf,大字奥田-86,high,
1059,大字奥田682番地の2,二又町7組のB なんえいﾋﾞﾙ407,二又町三丁目,2,30-407,kyuusinpdf.pdf,大字奥田-86,high,
1060,大字奥田682番地の2,二又町7組のB なんえいﾋﾞﾙ408,二又町三丁目,2,30-408,kyuusinpdf.pdf,大字奥田-86,high,
1061,大字奥田682番地の2,二又町7組のB なんえいﾋﾞﾙ410,二又町三丁目,2,30-410,kyuusinpdf.pdf,大字奥田-86,high,
1062,大字奥田682番地の5,二又町7組のF TONEﾋﾞﾙ201,二又町三丁目,2,63-201,kyuusinpdf.pdf,大字奥田-86,high,
1063,大字奥田682番地の5,二又町7組のF TONEﾋﾞﾙ202,二又町三丁目,2,63-202,kyuusinpdf.pdf,大字奥田-86,high,
1064,大字奥田682番地の5,二又町7組のF TONEﾋﾞﾙ203,二又町三丁目,2,63-203,kyuusinpdf.pdf,大字奥田-86,high,
1065,大字奥田682番地の5,二又町7組のF TONEﾋﾞﾙ205,二又町三丁目,2,63-205,kyuusinpdf.pdf,大字奥田-86,high,
1066,大字奥田682番地の5,二又町7組のF TONEﾋﾞﾙ206,二又町三丁目,2,63-206,kyuusinpdf.pdf,大字奥田-86,high,
1067,大字奥田682番地の5,二又町7組のF TONEﾋﾞﾙ301,二又町三丁目,2,63-301,kyuusinpdf.pdf,大字奥田-86,high,
1068,大字奥田682番地の5,二又町7組のF TONEﾋﾞﾙ302,二又町三丁目,2,63-302,kyuusinpdf.pdf,大字奥田-86,high,
1069,大字奥田682番地の5,二又町7組のF TONEﾋﾞﾙ303,二又町三丁目,2,63-303,kyuusinpdf.pdf,大字奥田-86,high,
1070,大字奥田682番地の5,二又町7組のF TONEﾋﾞﾙ305,二又町三丁目,2,63-305,kyuusinpdf.pdf,大字奥田-86,high,
1071,大字奥田682番地の5,二又町7組のF TONEﾋﾞﾙ307,二又町三丁目,2,63-307,kyuusinpdf.pdf,大字奥田-87,high,
1072,大字奥田682番地の5,二又町7組のF TONEﾋﾞﾙ401,二又町三丁目,2,63-401,kyuusinpdf.pdf,大字奥田-87,high,
1073,大字奥田682番地の5,二又町7組のF TONEﾋﾞﾙ402,二又町三丁目,2,63-402,kyuusinpdf.pdf,大字奥田-87,high,
1074,大字奥田682番地の5,二又町7組のF TONEﾋﾞﾙ403,二又町三丁目,2,63-403,kyuusinpdf.pdf,大字奥田-87,high,
1075,大字奥田682番地の5,二又町7組のF TONEﾋﾞﾙ405,二又町三丁目,2,63-405,kyuusinpdf.pdf,大字奥田-87,high,
1076,大字奥田682番地の5,二又町7組のF TONEﾋﾞﾙ406,二又町三丁目,2,63-406,kyuusinpdf.pdf,大字奥田-87,high,
1077,大字奥田682番地の5,二又町7組のF TONEﾋﾞﾙ407,二又町三丁目,2,63-407,kyuusinpdf.pdf,大字奥田-87,high,
1078,大字奥田682番地の5,二又町7組のF TONEﾋﾞﾙ501,二又町三丁目,2,63-501,kyuusinpdf.pdf,大字奥田-87,high,
1079,大字奥田682番地の5,二又町7組のF TONEﾋﾞﾙ502,二又町三丁目,2,63-502,kyuusinpdf.pdf,大字奥田-87,high,
1080,大字奥田682番地の5,二又町7組のF TONEﾋﾞﾙ503,二又町三丁目,2,63-503,kyuusinpdf.pdf,大字奥田-87,high,
1081,大字奥田682番地の5,二又町7組のF TONEﾋﾞﾙ505,二又町三丁目,2,63-505,kyuusinpdf.pdf,大字奥田-87,high,
1082,大字奥田682番地の5,二又町7組のF TONEﾋﾞﾙ506,二又町三丁目,2,63-506,kyuusinpdf.pdf,大字奥田-87,high,資料上2回出現
1083,大字奥田682番地の5,二又町7組のF TONEﾋﾞﾙ507,二又町三丁目,2,63-507,kyuusinpdf.pdf,大字奥田-88,high,
1084,大字奥田682番地の5,二又町7組のF TONEﾋﾞﾙ601,二又町三丁目,2,63-601,kyuusinpdf.pdf,大字奥田-88,high,
1085,大字奥田682番地の5,二又町7組のF TONEﾋﾞﾙ602,二又町三丁目,2,63-602,kyuusinpdf.pdf,大字奥田-88,high,資料上3回出現
1086,大字奥田682番地の5,二又町7組のF TONEﾋﾞﾙ605,二又町三丁目,2,63-605,kyuusinpdf.pdf,大字奥田-88,high,
1087,大字奥田682番地の5,二又町7組のF TONEﾋﾞﾙ606,二又町三丁目,2,63-606,kyuusinpdf.pdf,大字奥田-88,high,資料上2回出現
1088,大字奥田682番地の5,二又町7組のF TONEﾋﾞﾙ607,二又町三丁目,2,63-607,kyuusinpdf.pdf,大字奥田-88,high,
1089,大字奥田682番地の7,二又町7組のA ﾌｨｯﾄﾈｽﾋﾞﾙ201,二又町三丁目,2,58,kyuusinpdf.pdf,大字奥田-88,high,
1090,大字奥田682番地の8,二又町7組のA,二又町三丁目,2,34,kyuusinpdf.pdf,大字奥田-88,high,
1091,大字奥田682番地の11,二又町7組のA,二又町三丁目,2,36,kyuusinpdf.pdf,大字奥田-88,high,
1092,大字奥田683番地の2,二又町7組のB,二又町三丁目,2,30-101,kyuusinpdf.pdf,大字奥田-88,high,
1093,大字奥田684番地の1,二又町7組のA,二又町三丁目,2,55,kyuusinpdf.pdf,大字奥田-89,high,
1094,大字奥田684番地の2,二又町7組のA,二又町三丁目,2,53,kyuusinpdf.pdf,大字奥田-89,high,資料上2回出現
1095,大字奥田684番地の2,二又町7組のA,二又町三丁目,2,54,kyuusinpdf.pdf,大字奥田-89,high,
1096,大字奥田684番地の3,二又町7組のA,二又町三丁目,2,52,kyuusinpdf.pdf,大字奥田-89,high,
1097,大字奥田684番地の4,二又町7組のA,二又町三丁目,2,50,kyuusinpdf.pdf,大字奥田-89,high,
1098,大字奥田684番地の6,二又町7組のA,二又町三丁目,2,48,kyuusinpdf.pdf,大字奥田-89,high,
1099,大字奥田684番地の7,二又町7組のA,二又町三丁目,2,46,kyuusinpdf.pdf,大字奥田-89,high,
1100,大字奥田684番地の8,二又町7組のA,二又町三丁目,2,44,kyuusinpdf.pdf,大字奥田-89,high,
1101,大字奥田684番地の9,二又町7組のA,二又町三丁目,2,42,kyuusinpdf.pdf,大字奥田-89,high,
1102,大字奥田684番地の11,二又町7組のA,二又町三丁目,2,40,kyuusinpdf.pdf,大字奥田-89,high,
1103,大字奥田684番地の12,二又町7組のA,二又町三丁目,2,39,kyuusinpdf.pdf,大字奥田-89,high,
1104,大字奥田684番地の14,二又町7組のA,二又町三丁目,2,51,kyuusinpdf.pdf,大字奥田-89,high,
1105,大字奥田685番地の4,二又町7組のA,二又町三丁目,2,37,kyuusinpdf.pdf,大字奥田-90,high,
1106,大字奥田685番地の5,二又町7組のA,二又町三丁目,2,38,kyuusinpdf.pdf,大字奥田-90,high,資料上2回出現
1107,大字奥田686番地の1,二又町7組のF TONEﾋﾞﾙ207,二又町三丁目,2,63-207,kyuusinpdf.pdf,大字奥田-90,high,
1108,大字奥田686番地の5,二又町7組のA,二又町三丁目,2,59,kyuusinpdf.pdf,大字奥田-90,high,資料上2回出現
1109,大字奥田687番地の1,二又町7組のH1 ﾌｪﾘｰﾁｪ101,二又町三丁目,2,70,kyuusinpdf.pdf,大字奥田-90,high,
1110,大字奥田687番地の1,二又町7組のH1 ﾌｪﾘｰﾁｪ102,二又町三丁目,2,70,kyuusinpdf.pdf,大字奥田-90,high,
1111,大字奥田687番地の1,二又町7組のH1 ﾌｪﾘｰﾁｪ103,二又町三丁目,2,70,kyuusinpdf.pdf,大字奥田-90,high,
1112,大字奥田687番地の1,二又町7組のH1 ﾌｪﾘｰﾁｪ201,二又町三丁目,2,70,kyuusinpdf.pdf,大字奥田-90,high,
1113,大字奥田687番地の1,二又町7組のH1 ﾌｪﾘｰﾁｪ202,二又町三丁目,2,70,kyuusinpdf.pdf,大字奥田-90,high,資料上2回出現
1114,大字奥田687番地の1,二又町7組のH1 ﾌｪﾘｰﾁｪ203,二又町三丁目,2,70,kyuusinpdf.pdf,大字奥田-90,high,
1115,大字奥田687番地の3,二又町7組のH OITA38ﾋﾞﾙ201,二又町三丁目,2,67-201,kyuusinpdf.pdf,大字奥田-91,high,
1116,大字奥田687番地の3,二又町7組のH OITA38ﾋﾞﾙ202,二又町三丁目,2,67-202,kyuusinpdf.pdf,大字奥田-91,high,
1117,大字奥田687番地の3,二又町7組のH OITA38ﾋﾞﾙ203,二又町三丁目,2,67-203,kyuusinpdf.pdf,大字奥田-91,high,
1118,大字奥田687番地の3,二又町7組のH OITA38ﾋﾞﾙⅢ204,二又町三丁目,2,67-204,kyuusinpdf.pdf,大字奥田-91,high,
1119,大字奥田687番地の3,二又町7組のH OITA38ﾋﾞﾙ205,二又町三丁目,2,67-205,kyuusinpdf.pdf,大字奥田-91,high,
1120,大字奥田687番地の3,二又町7組のH OITA38ﾋﾞﾙ206,二又町三丁目,2,67-206,kyuusinpdf.pdf,大字奥田-91,high,
1121,大字奥田687番地の3,二又町7組のH OITA38ﾋﾞﾙ207,二又町三丁目,2,67-207,kyuusinpdf.pdf,大字奥田-91,high,
1122,大字奥田687番地の3,二又町7組のH OITA38ﾋﾞﾙ208,二又町三丁目,2,67-208,kyuusinpdf.pdf,大字奥田-91,high,
1123,大字奥田687番地の3,二又町7組のH OITA38ﾋﾞﾙ301,二又町三丁目,2,67-301,kyuusinpdf.pdf,大字奥田-91,high,
1124,大字奥田687番地の3,二又町7組のH OITA38ﾋﾞﾙⅢ302,二又町三丁目,2,67-302,kyuusinpdf.pdf,大字奥田-91,high,
1125,大字奥田687番地の3,二又町7組のH OITA38ﾋﾞﾙⅢ303,二又町三丁目,2,67-303,kyuusinpdf.pdf,大字奥田-91,high,
1126,大字奥田687番地の3,二又町7組のH OITA38ﾋﾞﾙ304,二又町三丁目,2,67-304,kyuusinpdf.pdf,大字奥田-91,high,
1127,大字奥田687番地の3,OITA38ﾋﾞﾙ306,二又町三丁目,2,67-306,kyuusinpdf.pdf,大字奥田-91,high,
1128,大字奥田687番地の3,二又町7組のH OITA38ﾋﾞﾙ307,二又町三丁目,2,67-307,kyuusinpdf.pdf,大字奥田-92,high,
1129,大字奥田687番地の3,二又町7組のH OITA38ﾋﾞﾙ308,二又町三丁目,2,67-308,kyuusinpdf.pdf,大字奥田-92,high,
1130,大字奥田687番地の3,二又町7組のH OITA38ﾋﾞﾙ401,二又町三丁目,2,67-401,kyuusinpdf.pdf,大字奥田-92,high,
1131,大字奥田687番地の3,二又町7組のH OITA38ﾋﾞﾙ402,二又町三丁目,2,67-402,kyuusinpdf.pdf,大字奥田-92,high,
1132,大字奥田687番地の3,二又町7組のH OITA38ﾋﾞﾙ403,二又町三丁目,2,67-403,kyuusinpdf.pdf,大字奥田-92,high,
1133,大字奥田687番地の3,二又町7組のH OITA38ﾋﾞﾙ404,二又町三丁目,2,67-404,kyuusinpdf.pdf,大字奥田-92,high,
1134,大字奥田687番地の3,二又町7組のH OITA38ﾋﾞﾙ405,二又町三丁目,2,67-405,kyuusinpdf.pdf,大字奥田-92,high,
1135,大字奥田687番地の3,二又町7組のH OITA38ﾋﾞﾙ406,二又町三丁目,2,67-406,kyuusinpdf.pdf,大字奥田-92,high,
1136,大字奥田687番地の3,二又町7組のH OITA38ﾋﾞﾙ407,二又町三丁目,2,67-407,kyuusinpdf.pdf,大字奥田-92,high,
1137,大字奥田687番地の3,二又町7組のH OITA38ﾋﾞﾙ408,二又町三丁目,2,67-408,kyuusinpdf.pdf,大字奥田-92,high,
1138,大字奥田687番地の3,二又町7組のH OITA38ﾋﾞﾙ501,二又町三丁目,2,67-501,kyuusinpdf.pdf,大字奥田-92,high,
1139,大字奥田689番地の1,二又町7組-G,二又町三丁目,1,14,kyuusinpdf.pdf,大字奥田-92,high,
1140,大字奥田689番地の1,二又町7組のG kyoeiﾋﾞﾙ1F,二又町三丁目,1,14,kyuusinpdf.pdf,大字奥田-92,high,
1141,大字奥田689番地の1,kyoeiﾋﾞﾙ1F,二又町三丁目,1,14,kyuusinpdf.pdf,大字奥田-93,high,
1142,大字奥田689番地の1,二又町7組のG kyoeiﾋﾞﾙ2F,二又町三丁目,1,14,kyuusinpdf.pdf,大字奥田-93,high,
1143,大字奥田689番地の1,kyoeiﾋﾞﾙ2F,二又町三丁目,1,14,kyuusinpdf.pdf,大字奥田-93,high,資料上2回出現
1144,大字奥田689番地の1,kyoeiﾋﾞﾙ内,二又町三丁目,1,14,kyuusinpdf.pdf,大字奥田-93,high,
1145,大字奥田689番地の1,,二又町三丁目,1,14,kyuusinpdf.pdf,大字奥田-93,high,
1146,大字奥田689番地の1,二又町7組のG Kyoeiﾋﾞﾙ201,二又町三丁目,1,14-201,kyuusinpdf.pdf,大字奥田-93,high,
1147,大字奥田689番地の1,二又町7組のG Kyoeiﾋﾞﾙ202,二又町三丁目,1,14-202,kyuusinpdf.pdf,大字奥田-93,high,
1148,大字奥田689番地の1,二又町7組のG Kyoeiﾋﾞﾙ301,二又町三丁目,1,14-301,kyuusinpdf.pdf,大字奥田-93,high,資料上5回出現
1149,大字奥田689番地の1,二又町7組のG Kyoeiﾋﾞﾙ302,二又町三丁目,1,14-302,kyuusinpdf.pdf,大字奥田-94,high,資料上5回出現
1150,大字奥田689番地の1,二又町7組のG Kyoeiﾋﾞﾙ401,二又町三丁目,1,14-401,kyuusinpdf.pdf,大字奥田-94,high,
1151,大字奥田689番地の1,二又町7組のG Kyoeiﾋﾞﾙ402,二又町三丁目,1,14-402,kyuusinpdf.pdf,大字奥田-94,high,資料上2回出現
1152,大字奥田689番地の1,二又町7組のG Kyoeiﾋﾞﾙ403,二又町三丁目,1,14-403,kyuusinpdf.pdf,大字奥田-94,high,資料上6回出現
1153,大字奥田689番地の1,二又町7組のG Kyoeiﾋﾞﾙ405,二又町三丁目,1,14-405,kyuusinpdf.pdf,大字奥田-95,high,資料上4回出現
1154,大字奥田689番地の1,二又町7組のG Kyoeiﾋﾞﾙ406,二又町三丁目,1,14-406,kyuusinpdf.pdf,大字奥田-95,high,資料上4回出現
1155,大字奥田689番地の1,二又町7組のG Kyoeiﾋﾞﾙ501,二又町三丁目,1,14-501,kyuusinpdf.pdf,大字奥田-95,high,資料上4回出現
1156,大字奥田689番地の1,二又町7組のG Kyoeiﾋﾞﾙ502,二又町三丁目,1,14-502,kyuusinpdf.pdf,大字奥田-96,high,資料上8回出現
1157,大字奥田689番地の1,二又町7組のG Kyoeiﾋﾞﾙ503,二又町三丁目,1,14-503,kyuusinpdf.pdf,大字奥田-96,high,
1158,大字奥田689番地の1,二又町7組のG Kyoeiﾋﾞﾙ505,二又町三丁目,1,14-505,kyuusinpdf.pdf,大字奥田-96,high,
1159,大字奥田689番地の1,二又町7組のG Kyoeiﾋﾞﾙ506,二又町三丁目,1,14-506,kyuusinpdf.pdf,大字奥田-96,high,
1160,大字奥田690番地,田中町16組の3A 宝ﾏﾝｼｮﾝ203,田中町三丁目,2,37,kyuusinpdf.pdf,大字奥田-96,high,資料上2回出現
1161,大字奥田690番地の2,二又町3組の2,二又町一丁目,4,20,kyuusinpdf.pdf,大字奥田-97,high,
1162,大字奥田692番地の1,二又町7組のC ﾚｼﾞﾃﾞﾝｽ南大分202,二又町三丁目,1,23-202,kyuusinpdf.pdf,大字奥田-97,high,
1163,大字奥田692番地の1,二又町7組のC 後藤ﾋﾞﾙ203,二又町三丁目,1,23-203,kyuusinpdf.pdf,大字奥田-97,high,
1164,大字奥田692番地の1,二又町7組のC ﾚｼﾞﾃﾞﾝｽ南大分203,二又町三丁目,1,23-203,kyuusinpdf.pdf,大字奥田-97,high,
1165,大字奥田692番地の1,二又町7組のC 後藤ﾋﾞﾙ301,二又町三丁目,1,23-301,kyuusinpdf.pdf,大字奥田-97,high,
1166,大字奥田692番地の1,二又町7組の2C 後藤ﾋﾞﾙ302,二又町三丁目,1,23-302,kyuusinpdf.pdf,大字奥田-97,high,
1167,大字奥田692番地の1,二又町7組のC ﾚｼﾞﾃﾞﾝｽ南大分303,二又町三丁目,1,23-303,kyuusinpdf.pdf,大字奥田-97,high,
1168,大字奥田692番地の1,二又町7組のC ｵｵｲﾀ38ﾋﾞﾙ南401,二又町三丁目,1,23-401,kyuusinpdf.pdf,大字奥田-97,high,
1169,大字奥田692番地の1,二又町7組のC ﾚｼﾞﾃﾞﾝｽ南大分402,二又町三丁目,1,23-402,kyuusinpdf.pdf,大字奥田-97,high,
1170,大字奥田692番地の1,二又町7組のC ﾚｼﾞﾃﾞﾝｽ南大分403,二又町三丁目,1,23-403,kyuusinpdf.pdf,大字奥田-97,high,
1171,大字奥田692番地の1,二又町7組のC ﾚｼﾞﾃﾞﾝｽ南大分501,二又町三丁目,1,23-501,kyuusinpdf.pdf,大字奥田-97,high,
1172,大字奥田692番地の1,二又町7組のC ﾚｼﾞﾃﾞﾝｽ南大分502,二又町三丁目,1,23-502,kyuusinpdf.pdf,大字奥田-97,high,
1173,大字奥田692番地の1,二又町7組のC ﾚｼﾞﾃﾞﾝｽ南大分503,二又町三丁目,1,23-503,kyuusinpdf.pdf,大字奥田-97,high,
1174,大字奥田字太田692番地4,二又町3組の3,二又町一丁目,4,22,kyuusinpdf.pdf,大字奥田-98,high,
1175,大字奥田694番地の1,二又町7組のC,二又町三丁目,1,19,kyuusinpdf.pdf,大字奥田-98,high,
1176,大字奥田694-1,二又町7組のC,二又町三丁目,1,19,kyuusinpdf.pdf,大字奥田-98,high,
1177,大字奥田694番地の1,,二又町三丁目,1,19,kyuusinpdf.pdf,大字奥田-98,high,
1178,大字奥田694番地の3,二又町3組のC,二又町一丁目,4,26,kyuusinpdf.pdf,大字奥田-98,high,
1179,大字奥田694番地の5,二又町3組のC,二又町一丁目,4,25,kyuusinpdf.pdf,大字奥田-98,high,
1180,大字奥田696-1,田中町15組の2,田中町一丁目,1,1,kyuusinpdf.pdf,大字奥田-98,high,資料上4回出現
1181,大字奥田696番地の1,田中町15組の2 ｹｱいまじん南大分,田中町一丁目,1,1,kyuusinpdf.pdf,大字奥田-98,high,資料上7回出現
1182,大字奥田697番地の6,二又町3組のC,田中町一丁目,1,66,kyuusinpdf.pdf,大字奥田-99,high,資料上2回出現
1183,大字奥田697番地の5,田中町15組の2,田中町一丁目,1,72,kyuusinpdf.pdf,大字奥田-99,high,
1184,大字奥田698番地5,田中町15組の3,田中町一丁目,1,64,kyuusinpdf.pdf,大字奥田-99,high,
1185,大字奥田698番地の5,田中町15組の3 ｻﾝﾊｲﾂ南小みなみ101,田中町一丁目,1,64-101,kyuusinpdf.pdf,大字奥田-99,high,
1186,大字奥田698番地の5,田中町15組の3 ｻﾝﾊｲﾂ南小みなみ102,田中町一丁目,1,64-102,kyuusinpdf.pdf,大字奥田-99,high,
1187,大字奥田698番地の5,田中町15組の3 ｻﾝﾊｲﾂ南小みなみ103,田中町一丁目,1,64-103,kyuusinpdf.pdf,大字奥田-99,high,
1188,大字奥田698番地の5,田中町15組の3 ｻﾝﾊｲﾂ南小みなみ201,田中町一丁目,1,64-201,kyuusinpdf.pdf,大字奥田-99,high,
1189,大字奥田698番地の5,田中町15組の3 ｻﾝﾊｲﾂ南小みなみ202,田中町一丁目,1,64-202,kyuusinpdf.pdf,大字奥田-99,high,
1190,大字奥田698番地の5,田中町15組の3 ｻﾝﾊｲﾂ南小みなみ203,田中町一丁目,1,64-203,kyuusinpdf.pdf,大字奥田-100,high,
1191,大字奥田698番地の5,田中町15組の3 ｻﾝﾊｲﾂ南小みなみ301,田中町一丁目,1,64-301,kyuusinpdf.pdf,大字奥田-100,high,
1192,大字奥田698番地の5,田中町15組の3 ｻﾝﾊｲﾂ南小みなみ302,田中町一丁目,1,64-302,kyuusinpdf.pdf,大字奥田-100,high,
1193,大字奥田698番地の5,田中町15組の3 ｻﾝﾊｲﾂ南小みなみ303,田中町一丁目,1,64-303,kyuusinpdf.pdf,大字奥田-100,high,
1194,大字奥田698番地の5,田中町15組の3 ｻﾝﾊｲﾂ南小みなみ401,田中町一丁目,1,64-401,kyuusinpdf.pdf,大字奥田-100,high,
1195,大字奥田698番地の5,田中町15組の3 ｻﾝﾊｲﾂ南小みなみ402,田中町一丁目,1,64-402,kyuusinpdf.pdf,大字奥田-100,high,
1196,大字奥田698番地の5,田中町15組の3 ｻﾝﾊｲﾂ南小みなみ403,田中町一丁目,1,64-403,kyuusinpdf.pdf,大字奥田-100,high,
1197,大字奥田698番地の5,田中町15組の3 ｻﾝﾊｲﾂ南小みなみ501,田中町一丁目,1,64-501,kyuusinpdf.pdf,大字奥田-100,high,
1198,大字奥田698番地の5,田中町15組の3 ｻﾝﾊｲﾂ南小みなみ502,田中町一丁目,1,64-502,kyuusinpdf.pdf,大字奥田-100,high,
1199,大字奥田698番地の5,田中町15組の3 ｻﾝﾊｲﾂ南小みなみ503,田中町一丁目,1,64-503,kyuusinpdf.pdf,大字奥田-100,high,
1200,大字奥田698番地の5,田中町15組の3 ｻﾝﾊｲﾂ南小みなみ601,田中町一丁目,1,64-601,kyuusinpdf.pdf,大字奥田-100,high,
1201,大字奥田698番地の5,田中町15組の3 ｻﾝﾊｲﾂ南小みなみ602,田中町一丁目,1,64-602,kyuusinpdf.pdf,大字奥田-100,high,
1202,大字奥田698番地の5,田中町15組の3 ｻﾝﾊｲﾂ南小みなみ603,田中町一丁目,1,64-603,kyuusinpdf.pdf,大字奥田-100,high,
1203,大字奥田698番地の5,田中町15組の3 ｻﾝﾊｲﾂ南小みなみ701,田中町一丁目,1,64-701,kyuusinpdf.pdf,大字奥田-101,high,資料上2回出現
1204,大字奥田698番地の5,田中町15組の3 ｻﾝﾊｲﾂ南小みなみ702,田中町一丁目,1,64-702,kyuusinpdf.pdf,大字奥田-101,high,
1205,大字奥田698番地の5,田中町15組の3 ｻﾝﾊｲﾂ南小みなみ703,田中町一丁目,1,64-703,kyuusinpdf.pdf,大字奥田-101,high,
1206,大字奥田698番地の5,田中町15組の3 ｻﾝﾊｲﾂ南小みなみ801,田中町一丁目,1,64-801,kyuusinpdf.pdf,大字奥田-101,high,資料上2回出現
1207,大字奥田698番地の5,田中町15組の3 ｻﾝﾊｲﾂ南小みなみ802,田中町一丁目,1,64-802,kyuusinpdf.pdf,大字奥田-101,high,
1208,大字奥田699番地の2,田中町15組の1,田中町一丁目,1,39,kyuusinpdf.pdf,大字奥田-101,high,
1209,大字奥田699番地の8,田中町15組の1,田中町一丁目,1,46,kyuusinpdf.pdf,大字奥田-101,high,資料上2回出現
1210,大字奥田699番地の9,田中町15組の1,田中町一丁目,1,44,kyuusinpdf.pdf,大字奥田-101,high,
1211,大字奥田699番地の11,田中町15組の1,田中町一丁目,1,43,kyuusinpdf.pdf,大字奥田-101,high,
1212,大字奥田699番地の12,田中町15組の1,田中町一丁目,1,42,kyuusinpdf.pdf,大字奥田-101,high,
1213,大字奥田699番地の13,田中町15組の1,田中町一丁目,1,41,kyuusinpdf.pdf,大字奥田-102,high,
1214,大字奥田699番地の15,田中町15組の1,田中町一丁目,1,45,kyuusinpdf.pdf,大字奥田-102,high,
1215,大字奥田699番地の16,田中町12組の3,田中町一丁目,1,9,kyuusinpdf.pdf,大字奥田-102,high,
1216,大字奥田699番地の18,田中町15組の4 ﾒｿﾞﾝﾊﾆｰ101,田中町一丁目,1,60,kyuusinpdf.pdf,大字奥田-102,high,
1217,大字奥田699番地の18,田中町15組の4 ﾒｿﾞﾝﾊﾆｰ102,田中町一丁目,1,60,kyuusinpdf.pdf,大字奥田-102,high,
1218,大字奥田699番地の18,田中町15組の4 ﾒｿﾞﾝﾊﾆｰ103,田中町一丁目,1,60,kyuusinpdf.pdf,大字奥田-102,high,
1219,大字奥田699番地の18,田中町15組の4 ﾒｿﾞﾝﾊﾆｰ201,田中町一丁目,1,60,kyuusinpdf.pdf,大字奥田-102,high,
1220,大字奥田699番地の18,田中町15組の4 ﾒｿﾞﾝﾊﾆｰﾋﾙ202,田中町一丁目,1,60,kyuusinpdf.pdf,大字奥田-102,high,
1221,大字奥田699番地の18,田中町15組の4 ﾒｿﾞﾝﾊﾆｰ203,田中町一丁目,1,60,kyuusinpdf.pdf,大字奥田-102,high,
1222,大字奥田699番地の18,田中町15組の4 ﾒｿﾞﾝﾊﾆｰ301,田中町一丁目,1,60,kyuusinpdf.pdf,大字奥田-102,high,
1223,大字奥田699番地の18,田中町15組の4 ﾒｿﾞﾝﾊﾆｰ302,田中町一丁目,1,60,kyuusinpdf.pdf,大字奥田-102,high,資料上2回出現
1224,大字奥田699番地の18,田中町15組の4 ﾒｿﾞﾝﾊﾆｰ303,田中町一丁目,1,60,kyuusinpdf.pdf,大字奥田-102,high,資料上2回出現
1225,大字奥田699番地の20,田中町15組の2,田中町一丁目,1,58,kyuusinpdf.pdf,大字奥田-103,high,
1226,大字奥田699番地の21,田中町15組の2,田中町一丁目,1,57,kyuusinpdf.pdf,大字奥田-103,high,
1227,大字奥田699番地の22,田中町15組の2,田中町一丁目,1,56,kyuusinpdf.pdf,大字奥田-103,high,
1228,大字奥田700番地の1,田中町15組の1,田中町一丁目,1,38,kyuusinpdf.pdf,大字奥田-103,high,
1229,大字奥田700番地の5,田中町15組の1,田中町一丁目,1,31,kyuusinpdf.pdf,大字奥田-103,high,資料上2回出現
1230,大字奥田700番地の6,田中町15組の1,田中町一丁目,1,33,kyuusinpdf.pdf,大字奥田-103,high,
1231,大字奥田700番地の7,田中町15組の1,田中町一丁目,1,34,kyuusinpdf.pdf,大字奥田-103,high,
1232,大字奥田700番地の8,田中町15組の1,田中町一丁目,1,36,kyuusinpdf.pdf,大字奥田-103,high,
1233,大字奥田700番地の10,田中町15組の1,田中町一丁目,1,37,kyuusinpdf.pdf,大字奥田-103,high,
1234,大字奥田700番地の11,田中町15組の1,田中町一丁目,1,32,kyuusinpdf.pdf,大字奥田-103,high,資料上2回出現
1235,大字奥田701番地,田中町12組の3,田中町一丁目,1,17,kyuusinpdf.pdf,大字奥田-104,high,
1236,大字奥田701番地の3,田中町12組の3,田中町一丁目,1,18,kyuusinpdf.pdf,大字奥田-104,high,
1237,大字奥田701番地の3,田中町12組の3,田中町一丁目,1,19,kyuusinpdf.pdf,大字奥田-104,high,
1238,大字奥田701番地の10,田中町12組の3,田中町一丁目,2,72,kyuusinpdf.pdf,大字奥田-104,high,資料上2回出現
1239,大字奥田701番地の11,田中町12組の3,田中町一丁目,2,70,kyuusinpdf.pdf,大字奥田-104,high,
1240,大字奥田701番地の12,田中町12組の3,田中町一丁目,2,69,kyuusinpdf.pdf,大字奥田-104,high,
1241,大字奥田701番地の13,田中町12組の3,田中町一丁目,2,68,kyuusinpdf.pdf,大字奥田-104,high,
1242,大字奥田701番地の15,田中町12組の3,田中町一丁目,2,67,kyuusinpdf.pdf,大字奥田-104,high,
1243,大字奥田701番地の16,田中町12組の3,田中町一丁目,1,22,kyuusinpdf.pdf,大字奥田-104,high,資料上2回出現
1244,大字奥田701番地の17,田中町12組の3,田中町一丁目,1,21,kyuusinpdf.pdf,大字奥田-104,high,
1245,大字奥田701番地の18,田中町12組の3,田中町一丁目,1,20,kyuusinpdf.pdf,大字奥田-104,high,
1246,大字奥田702番地の5,田中町14組の5,田中町一丁目,1,26,kyuusinpdf.pdf,大字奥田-105,high,
1247,大字奥田702番地の6,田中町14組の5,田中町一丁目,1,25,kyuusinpdf.pdf,大字奥田-105,high,
1248,大字奥田702番地の7,田中町14組の5,田中町一丁目,1,24,kyuusinpdf.pdf,大字奥田-105,high,
1249,大字奥田702番地の8,田中町14組の5,田中町一丁目,2,63,kyuusinpdf.pdf,大字奥田-105,high,
1250,大字奥田702番地の9,田中町14組の5,田中町一丁目,2,64,kyuusinpdf.pdf,大字奥田-105,high,
1251,大字奥田702番地の10,田中町14組の5,田中町一丁目,2,65,kyuusinpdf.pdf,大字奥田-105,high,
1252,大字奥田703番地,田中町14組の4,田中町一丁目,2,58,kyuusinpdf.pdf,大字奥田-105,high,
1253,大字奥田703番地の1,田中町14組の4,田中町一丁目,2,57,kyuusinpdf.pdf,大字奥田-105,high,
1254,大字奥田703番地の5,田中町14組の4,田中町一丁目,2,55,kyuusinpdf.pdf,大字奥田-105,high,
1255,大字奥田703番地の6,田中町14組の4,田中町一丁目,2,54,kyuusinpdf.pdf,大字奥田-105,high,
1256,大字奥田703番地の7,田中町14組の4,田中町一丁目,2,53,kyuusinpdf.pdf,大字奥田-105,high,
1257,大字奥田703番地の8,田中町14組の4,田中町一丁目,2,52,kyuusinpdf.pdf,大字奥田-105,high,
1258,大字奥田703番地の9,田中町14組の4,田中町一丁目,2,50,kyuusinpdf.pdf,大字奥田-105,high,
1259,大字奥田703番地の10,田中町14組の4,田中町一丁目,2,49,kyuusinpdf.pdf,大字奥田-106,high,資料上2回出現
1260,大字奥田703番地の11,田中町14組の4,田中町一丁目,2,48,kyuusinpdf.pdf,大字奥田-106,high,
1261,大字奥田703番地の12,田中町14組の4,田中町一丁目,2,47,kyuusinpdf.pdf,大字奥田-106,high,
1262,大字奥田703番地の13,田中町14組の4,田中町一丁目,2,45,kyuusinpdf.pdf,大字奥田-106,high,資料上2回出現
1263,大字奥田703番地の14,田中町14組の4,田中町一丁目,2,44,kyuusinpdf.pdf,大字奥田-106,high,
1264,大字奥田703番地の16,田中町14組の4,田中町一丁目,2,40,kyuusinpdf.pdf,大字奥田-106,high,資料上2回出現
1265,大字奥田703番地の17,田中町14組の4,田中町一丁目,2,39,kyuusinpdf.pdf,大字奥田-106,high,
1266,大字奥田703番地の18,田中町14組の1,田中町一丁目,2,27,kyuusinpdf.pdf,大字奥田-106,high,
1267,大字奥田703番地の18,田中町14組の4,田中町一丁目,2,37,kyuusinpdf.pdf,大字奥田-106,high,
1268,大字奥田704番地の1,田中町14組の1,田中町一丁目,2,42,kyuusinpdf.pdf,大字奥田-106,high,
1269,大字奥田704番地の1,田中町14組の1,田中町一丁目,2,43,kyuusinpdf.pdf,大字奥田-107,high,
1270,大字奥田704番地の5,田中町14組の1,田中町一丁目,2,31,kyuusinpdf.pdf,大字奥田-107,high,
1271,大字奥田705番地の1,田中町12組の4 秦永ﾋﾞﾙ101,田中町一丁目,2,1-101,kyuusinpdf.pdf,大字奥田-107,high,
1272,大字奥田705番地の1,田中町12組の4 秦永ﾋﾞﾙ102,田中町一丁目,2,1-102,kyuusinpdf.pdf,大字奥田-107,high,
1273,大字奥田705番地の1,田中町12組の4 秦永ﾋﾞﾙ103,田中町一丁目,2,1-103,kyuusinpdf.pdf,大字奥田-107,high,
1274,大字奥田705番地の1,田中町12組の4 秦永ﾋﾞﾙ105,田中町一丁目,2,1-105,kyuusinpdf.pdf,大字奥田-107,high,
1275,大字奥田705番地の1,田中町12組の4 秦永ﾋﾞﾙ201,田中町一丁目,2,1-201,kyuusinpdf.pdf,大字奥田-107,high,
1276,大字奥田705番地の1,田中町12組の4 秦永ﾋﾞﾙ202,田中町一丁目,2,1-202,kyuusinpdf.pdf,大字奥田-107,high,
1277,大字奥田705番地の1,田中町12組の4 秦永ﾋﾞﾙ203,田中町一丁目,2,1-203,kyuusinpdf.pdf,大字奥田-107,high,資料上2回出現
1278,大字奥田705番地の1,田中町12組の4 秦永ﾋﾞﾙ205,田中町一丁目,2,1-205,kyuusinpdf.pdf,大字奥田-107,high,
1279,大字奥田705番地の1,田中町12組の4 秦永ﾋﾞﾙ301,田中町一丁目,2,1-301,kyuusinpdf.pdf,大字奥田-107,high,
1280,大字奥田705番地の1,田中町12組の4 秦永ﾋﾞﾙ302,田中町一丁目,2,1-302,kyuusinpdf.pdf,大字奥田-107,high,
1281,大字奥田705番地の1,田中町12組の4 秦永ﾋﾞﾙ303,田中町一丁目,2,1-303,kyuusinpdf.pdf,大字奥田-108,high,
1282,大字奥田705番地の1,田中町12組の4 秦永ﾋﾞﾙ305,田中町一丁目,2,1-305,kyuusinpdf.pdf,大字奥田-108,high,
1283,大字奥田705番地の1,田中町12組の4 秦永ﾋﾞﾙ401,田中町一丁目,2,1-401,kyuusinpdf.pdf,大字奥田-108,high,
1284,大字奥田705番地の1,田中町12組の4 秦永ﾋﾞﾙ402,田中町一丁目,2,1-402,kyuusinpdf.pdf,大字奥田-108,high,
1285,大字奥田705番地の1,田中町12組の4 秦永ﾋﾞﾙ403,田中町一丁目,2,1-403,kyuusinpdf.pdf,大字奥田-108,high,
1286,大字奥田705番地の1,田中町12組の4 秦永ﾋﾞﾙ405,田中町一丁目,2,1-405,kyuusinpdf.pdf,大字奥田-108,high,
1287,大字奥田705番地の6,田中町14組の1,田中町一丁目,2,26,kyuusinpdf.pdf,大字奥田-108,high,
1288,大字奥田705番地の8,田中町12組の5,田中町一丁目,2,21,kyuusinpdf.pdf,大字奥田-108,high,
1289,大字奥田705番地の11,,田中町一丁目,2,19,kyuusinpdf.pdf,大字奥田-108,high,
1290,大字奥田705番地の11,田中町12組の5 秦永ﾋﾞﾙ2-101,田中町一丁目,2,19-101,kyuusinpdf.pdf,大字奥田-108,high,
1291,大字奥田705番地の11,田中町12組の5 秦永ﾋﾞﾙ2-102,田中町一丁目,2,19-102,kyuusinpdf.pdf,大字奥田-108,high,
1292,大字奥田705番地の11,田中町12組の5 秦永ﾋﾞﾙ103号,田中町一丁目,2,19-103,kyuusinpdf.pdf,大字奥田-108,high,
1293,大字奥田705番地の11,田中町12組の5 秦永ﾋﾞﾙ2-105,田中町一丁目,2,19-105,kyuusinpdf.pdf,大字奥田-108,high,資料上2回出現
1294,大字奥田705番地の11,田中町12組の5 秦永ﾋﾞﾙ2-201,田中町一丁目,2,19-201,kyuusinpdf.pdf,大字奥田-109,high,資料上2回出現
1295,大字奥田705番地の11,田中町12組の5 秦永ﾋﾞﾙ2-202,田中町一丁目,2,19-202,kyuusinpdf.pdf,大字奥田-109,high,
1296,大字奥田705番地の11,田中町12組の5 秦永ﾋﾞﾙ2-203,田中町一丁目,2,19-203,kyuusinpdf.pdf,大字奥田-109,high,資料上2回出現
1297,大字奥田705番地の11,田中町12組の5 秦永ﾋﾞﾙ2-205,田中町一丁目,2,19-205,kyuusinpdf.pdf,大字奥田-109,high,
1298,大字奥田705番地の11,田中町12組の5 秦永ﾋﾞﾙ2-301,田中町一丁目,2,19-301,kyuusinpdf.pdf,大字奥田-109,high,
1299,大字奥田705番地の11,田中町12組の5 秦永ﾋﾞﾙ2-302,田中町一丁目,2,19-302,kyuusinpdf.pdf,大字奥田-109,high,
1300,大字奥田705番地の11,田中町12組の5 秦永ﾋﾞﾙ2-303,田中町一丁目,2,19-303,kyuusinpdf.pdf,大字奥田-109,high,
1301,大字奥田705番地の11,田中町12組の5 秦永ﾋﾞﾙ2-305,田中町一丁目,2,19-305,kyuusinpdf.pdf,大字奥田-109,high,
1302,大字奥田706番地の1,田中町11組の3,田中町一丁目,7,73,kyuusinpdf.pdf,大字奥田-109,high,
1303,大字奥田706番地の5,田中町11組の3,田中町一丁目,7,75,kyuusinpdf.pdf,大字奥田-109,high,
1304,大字奥田706番地の8,田中町11組の3,田中町一丁目,7,71,kyuusinpdf.pdf,大字奥田-110,high,
1305,大字奥田707番地の2,田中町10組の2,田中町一丁目,7,14,kyuusinpdf.pdf,大字奥田-110,high,
1306,大字奥田707番地の3,田中町10組の2,田中町一丁目,7,27,kyuusinpdf.pdf,大字奥田-110,high,資料上5回出現
1307,大字奥田707番地の4,田中町10組の2,田中町一丁目,7,30,kyuusinpdf.pdf,大字奥田-110,high,
1308,大字奥田707番地の5,田中町10組の2,田中町一丁目,7,31,kyuusinpdf.pdf,大字奥田-110,high,資料上2回出現
1309,大字奥田707番地の7,田中町10組の2,田中町一丁目,7,33,kyuusinpdf.pdf,大字奥田-110,high,
1310,大字奥田707番地の12,田中町11組の5 竹光ﾋﾞﾙ№2-101,田中町一丁目,7,7,kyuusinpdf.pdf,大字奥田-110,high,
1311,大字奥田707番地の12,田中町11組の5 竹光ﾋﾞﾙ№2-102,田中町一丁目,7,7,kyuusinpdf.pdf,大字奥田-110,high,
1312,大字奥田707番地の12,田中町11組の5 竹光ﾋﾞﾙ№2-103,田中町一丁目,7,7,kyuusinpdf.pdf,大字奥田-111,high,
1313,大字奥田707-12,田中町11組の5 竹光ﾋﾞﾙ№2-105,田中町一丁目,7,7,kyuusinpdf.pdf,大字奥田-111,high,
1314,大字奥田707番地の12,田中町11組の5 竹光ﾋﾞﾙ№2-106,田中町一丁目,7,7,kyuusinpdf.pdf,大字奥田-111,high,
1315,大字奥田707番地の12,田中町11組の5 竹光ﾋﾞﾙ№2-201,田中町一丁目,7,7,kyuusinpdf.pdf,大字奥田-111,high,
1316,大字奥田707番地の12,田中町11組の5 竹光ﾋﾞﾙ№2-202,田中町一丁目,7,7,kyuusinpdf.pdf,大字奥田-111,high,
1317,大字奥田707番地の12,田中町11組の5 竹光ﾋﾞﾙ№2-203,田中町一丁目,7,7,kyuusinpdf.pdf,大字奥田-111,high,
1318,大字奥田707番地の12,田中町11組の5 竹光ﾋﾞﾙ№2-205,田中町一丁目,7,7,kyuusinpdf.pdf,大字奥田-111,high,
1319,大字奥田707番地の12,田中町11組の5 竹光ﾋﾞﾙ№2-206,田中町一丁目,7,7,kyuusinpdf.pdf,大字奥田-111,high,
1320,大字奥田707番地の13,田中町11組の4 竹光ﾋﾞﾙ№1-101,田中町一丁目,7,8-101,kyuusinpdf.pdf,大字奥田-111,high,
1321,大字奥田707番地の13,田中町11組の4 竹光ﾋﾞﾙ№1-102,田中町一丁目,7,8-102,kyuusinpdf.pdf,大字奥田-111,high,
1322,大字奥田707番地の13,田中町11組の4 竹光ﾋﾞﾙ№1-103,田中町一丁目,7,8-103,kyuusinpdf.pdf,大字奥田-111,high,
1323,大字奥田707番地の13,田中町11組の4 竹光ﾋﾞﾙ№1-105,田中町一丁目,7,8-105,kyuusinpdf.pdf,大字奥田-111,high,
1324,大字奥田707番地の13,田中町11組の4 竹光ﾋﾞﾙ№1-106,田中町一丁目,7,8-106,kyuusinpdf.pdf,大字奥田-111,high,資料上2回出現
1325,大字奥田707番地の13,田中町11組の4 竹光ﾋﾞﾙ№1-201,田中町一丁目,7,8-201,kyuusinpdf.pdf,大字奥田-112,high,
1326,大字奥田707番地の13,田中町11組の4 竹光ﾋﾞﾙ№1-202,田中町一丁目,7,8-202,kyuusinpdf.pdf,大字奥田-112,high,
1327,大字奥田707番地の13,田中町11組の4 竹光ﾋﾞﾙ№1-203,田中町一丁目,7,8-203,kyuusinpdf.pdf,大字奥田-112,high,
1328,大字奥田707番地の13,田中町11組の4 竹光ﾋﾞﾙ№1-205,田中町一丁目,7,8-205,kyuusinpdf.pdf,大字奥田-112,high,
1329,大字奥田707番地の13,田中町11組の4 竹光ﾋﾞﾙ№1-206,田中町一丁目,7,8-206,kyuusinpdf.pdf,大字奥田-112,high,
1330,大字奥田707番地の13,田中町11組の4 竹光ﾋﾞﾙ№1-301,田中町一丁目,7,8-301,kyuusinpdf.pdf,大字奥田-112,high,
1331,大字奥田707番地の13,田中町11組の4 竹光ﾋﾞﾙ№1-302,田中町一丁目,7,8-302,kyuusinpdf.pdf,大字奥田-112,high,
1332,大字奥田707番地の13,田中町11組の4 竹光ﾋﾞﾙ№1-303,田中町一丁目,7,8-303,kyuusinpdf.pdf,大字奥田-112,high,
1333,大字奥田707番地の13,田中町11組の4 竹光ﾋﾞﾙ№1-305,田中町一丁目,7,8-305,kyuusinpdf.pdf,大字奥田-112,high,
1334,大字奥田707番地の13,田中町11組の4 竹光ﾋﾞﾙ№1-306,田中町一丁目,7,8-306,kyuusinpdf.pdf,大字奥田-112,high,
1335,大字奥田707番地の16,田中町10組の2,田中町一丁目,7,17,kyuusinpdf.pdf,大字奥田-112,high,
1336,大字奥田707番地の18,田中町10組の2,田中町一丁目,7,23,kyuusinpdf.pdf,大字奥田-112,high,
1337,大字奥田707番地の20,田中町10組の2,田中町一丁目,7,22,kyuusinpdf.pdf,大字奥田-113,high,
1338,大字奥田708番地の1,田中町10組の2,田中町一丁目,7,46,kyuusinpdf.pdf,大字奥田-113,high,
1339,大字奥田708番地の2,田中町14組の1,田中町一丁目,2,8,kyuusinpdf.pdf,大字奥田-113,high,
1340,大字奥田708番地の6,田中町11組の3,田中町一丁目,7,68,kyuusinpdf.pdf,大字奥田-113,high,
1341,大字奥田708番地の7,田中町11組の3,田中町一丁目,7,61,kyuusinpdf.pdf,大字奥田-113,high,資料上2回出現
1342,大字奥田708番地の10,田中町10組の2,田中町一丁目,7,41,kyuusinpdf.pdf,大字奥田-113,high,
1343,大字奥田708番地の12,田中町14組の1,田中町一丁目,2,9,kyuusinpdf.pdf,大字奥田-113,high,
1344,大字奥田708番地の14,田中町10組の2,田中町一丁目,7,42,kyuusinpdf.pdf,大字奥田-113,high,
1345,大字奥田708番地の15,田中町11組の3,田中町一丁目,7,65,kyuusinpdf.pdf,大字奥田-113,high,
1346,大字奥田708番地の16,田中町11組の3,田中町一丁目,7,63,kyuusinpdf.pdf,大字奥田-113,high,資料上2回出現
1347,大字奥田708番地の17,田中町11組の3,田中町一丁目,7,64,kyuusinpdf.pdf,大字奥田-113,high,
1348,大字奥田709番地の1,田中町10組の3A,田中町一丁目,7,54,kyuusinpdf.pdf,大字奥田-114,high,
1349,大字奥田709番地の1,田中町10組の3A,田中町一丁目,7,55,kyuusinpdf.pdf,大字奥田-114,high,
1350,大字奥田709番地の1,田中町10組の3A,田中町一丁目,7,56,kyuusinpdf.pdf,大字奥田-114,high,
1351,大字奥田709番地の1,田中町10組の3A,田中町一丁目,7,57,kyuusinpdf.pdf,大字奥田-114,high,資料上2回出現
1352,大字奥田709番地の1,田中町10組の3A,田中町一丁目,7,58,kyuusinpdf.pdf,大字奥田-114,high,
1353,大字奥田709番地の7,田中町10組の2,田中町一丁目,7,52,kyuusinpdf.pdf,大字奥田-114,high,
1354,大字奥田709番地の8,田中町10組の2,田中町一丁目,7,53,kyuusinpdf.pdf,大字奥田-114,high,資料上2回出現
1355,大字奥田709番地の9,田中町10組の2,田中町一丁目,7,51-2,kyuusinpdf.pdf,大字奥田-114,high,
1356,大字奥田709番地の10,田中町10組の2,田中町一丁目,7,51-1,kyuusinpdf.pdf,大字奥田-114,high,
1357,大字奥田709番地の11,田中町10組の2,田中町一丁目,7,49-2,kyuusinpdf.pdf,大字奥田-114,high,
1358,大字奥田709番地の12,田中町10組の2,田中町一丁目,7,49-1,kyuusinpdf.pdf,大字奥田-114,high,資料上2回出現
1359,大字奥田710番地,田中町10組の5,田中町一丁目,12,36-1,kyuusinpdf.pdf,大字奥田-115,high,
1360,大字奥田710番地の3,田中町10組の5,田中町一丁目,12,48,kyuusinpdf.pdf,大字奥田-115,high,
1361,大字奥田710番地の5,田中町10組の5,田中町一丁目,12,51,kyuusinpdf.pdf,大字奥田-115,high,
1362,大字奥田710番地の4,田中町10組の5,田中町一丁目,12,57,kyuusinpdf.pdf,大字奥田-115,high,
1363,大字奥田710番地の15,田中町10組の5,田中町一丁目,12,45,kyuusinpdf.pdf,大字奥田-115,high,
1364,大字奥田710番地の16,田中町10組の5,田中町一丁目,12,43,kyuusinpdf.pdf,大字奥田-115,high,
1365,大字奥田710番地の17,田中町10組の5,田中町一丁目,12,46,kyuusinpdf.pdf,大字奥田-115,high,資料上2回出現
1366,大字奥田710番地の18,田中町10組の5,田中町一丁目,12,47,kyuusinpdf.pdf,大字奥田-115,high,
1367,大字奥田711番地の2,田中町10組の1,田中町一丁目,12,9,kyuusinpdf.pdf,大字奥田-115,high,
1368,大字奥田711番地の3,田中町10組の1,田中町一丁目,12,11,kyuusinpdf.pdf,大字奥田-115,high,資料上2回出現
1369,大字奥田711番地の4,田中町10組の1,田中町一丁目,12,4,kyuusinpdf.pdf,大字奥田-116,high,
1370,大字奥田711番地の5,田中町10組の1,田中町一丁目,12,8,kyuusinpdf.pdf,大字奥田-116,high,
1371,大字奥田711番地の6,田中町10組の1,田中町一丁目,12,7,kyuusinpdf.pdf,大字奥田-116,high,
1372,大字奥田711番地の9,田中町10組の1,田中町一丁目,12,60,kyuusinpdf.pdf,大字奥田-116,high,
1373,大字奥田711番地の10,田中町10組の1,田中町一丁目,12,61,kyuusinpdf.pdf,大字奥田-116,high,資料上2回出現
1374,大字奥田711番地の11,田中町10組の1,田中町一丁目,12,5,kyuusinpdf.pdf,大字奥田-116,high,
1375,大字奥田712番地の1,田中町10組の5,田中町一丁目,12,40,kyuusinpdf.pdf,大字奥田-116,high,資料上2回出現
1376,大字奥田712番地の4,田中町10組の5,田中町一丁目,12,38,kyuusinpdf.pdf,大字奥田-116,high,
1377,大字奥田712番地の5,田中町10組の5,田中町一丁目,12,39,kyuusinpdf.pdf,大字奥田-116,high,
1378,大字奥田713番地の6,田中町10組の5,田中町一丁目,12,34-1,kyuusinpdf.pdf,大字奥田-116,high,
1379,大字奥田713番地の8,田中町10組の5,田中町一丁目,12,36-2,kyuusinpdf.pdf,大字奥田-116,high,
1380,大字奥田714番地の4,田中町2組の3,田中町一丁目,12,28,kyuusinpdf.pdf,大字奥田-117,high,
1381,大字奥田714番地の5,田中町2組の3,田中町一丁目,12,27,kyuusinpdf.pdf,大字奥田-117,high,
1382,大字奥田714番地の8,田中町2組の3,田中町一丁目,12,25,kyuusinpdf.pdf,大字奥田-117,high,資料上2回出現
1383,大字奥田714番地の11,田中町2組の3,田中町一丁目,12,17,kyuusinpdf.pdf,大字奥田-117,high,資料上2回出現
1384,大字奥田714番地の14,田中町2組の3A,田中町一丁目,12,21,kyuusinpdf.pdf,大字奥田-117,high,
1385,大字奥田715番地,田中町4組の4,田中町二丁目,12,1,kyuusinpdf.pdf,大字奥田-117,high,
1386,大字奥田715番地の1,田中町4組の4 RePro田中町201,田中町二丁目,12,5,kyuusinpdf.pdf,大字奥田-117,high,
1387,大字奥田715番地の1,田中町4組の4 RePro田中町202,田中町二丁目,12,5,kyuusinpdf.pdf,大字奥田-117,high,
1388,大字奥田715番地の1,田中町4組の4 RePro田中町203,田中町二丁目,12,5,kyuusinpdf.pdf,大字奥田-117,high,
1389,大字奥田715番地の1,田中町4組の4 RePro田中町301,田中町二丁目,12,5,kyuusinpdf.pdf,大字奥田-117,high,
1390,大字奥田715番地の1,田中町4組の4 RePro田中町302,田中町二丁目,12,5,kyuusinpdf.pdf,大字奥田-117,high,
1391,大字奥田715番地の1,田中町4組の4 RePro田中町303,田中町二丁目,12,5,kyuusinpdf.pdf,大字奥田-118,high,
1392,大字奥田715番地の2,田中町4組の1,田中町二丁目,12,18,kyuusinpdf.pdf,大字奥田-118,high,
1393,大字奥田715-5,田中町4-1,田中町二丁目,12,6,kyuusinpdf.pdf,大字奥田-118,high,
1394,大字奥田716番地,田中町4組の1,田中町二丁目,12,15,kyuusinpdf.pdf,大字奥田-118,high,
1395,大字奥田717番地,田中町4組の1A,田中町一丁目,13,6,kyuusinpdf.pdf,大字奥田-118,high,
1396,大字奥田717-2,田中町4-1,田中町二丁目,12,12,kyuusinpdf.pdf,大字奥田-118,high,
1397,大字奥田717番地の2,田中町4組の1,田中町二丁目,12,12,kyuusinpdf.pdf,大字奥田-118,high,資料上2回出現
1398,大字奥田717番地の3,田中町3組の2,田中町一丁目,13,43,kyuusinpdf.pdf,大字奥田-118,high,
1399,大字奥田717番地の6,田中町4組の1A ｿﾚｼﾞｵﾀﾅｶ101,田中町一丁目,13,7,kyuusinpdf.pdf,大字奥田-118,high,
1400,大字奥田717番地の6,田中町4組の1A ｿﾚｼﾞｵﾀﾅｶ102,田中町一丁目,13,7,kyuusinpdf.pdf,大字奥田-118,high,
1401,大字奥田717番地の6,田中町4組の1A ｿﾚｼﾞｵﾀﾅｶ103,田中町一丁目,13,7,kyuusinpdf.pdf,大字奥田-118,high,
1402,大字奥田717番地の6,田中町4組の1A ｿﾚｼﾞｵﾀﾅｶ201,田中町一丁目,13,7,kyuusinpdf.pdf,大字奥田-118,high,
1403,大字奥田717番地の6,田中町4組の1A ｿﾚｼﾞｵﾀﾅｶ202,田中町一丁目,13,7,kyuusinpdf.pdf,大字奥田-119,high,
1404,大字奥田717番地の6,田中町4組の1A ｿﾚｼﾞｵﾀﾅｶ203,田中町一丁目,13,7,kyuusinpdf.pdf,大字奥田-119,high,
1405,大字奥田717番地の25,田中町3組の2,田中町一丁目,13,45,kyuusinpdf.pdf,大字奥田-119,high,資料上2回出現
1406,大字奥田718番地の1,田中町3組の2 ｴﾚｶﾞﾝｽ相野1F,田中町一丁目,13,39,kyuusinpdf.pdf,大字奥田-119,high,
1407,大字奥田718番地の1,田中町3組の2 ｴﾚｶﾞﾝｽ相野102,田中町一丁目,13,39,kyuusinpdf.pdf,大字奥田-119,high,
1408,大字奥田718番地の1,田中町3組の2 ｴﾚｶﾞﾝｽ相野201,田中町一丁目,13,39,kyuusinpdf.pdf,大字奥田-119,high,
1409,大字奥田718番地の1,田中町3組の2 ｴﾚｶﾞﾝｽ相野202,田中町一丁目,13,39,kyuusinpdf.pdf,大字奥田-119,high,
1410,大字奥田718番3,田中町3組,田中町一丁目,13,36,kyuusinpdf.pdf,大字奥田-119,high,
1411,大字奥田718番地の4,田中町3組,田中町一丁目,13,13,kyuusinpdf.pdf,大字奥田-119,high,
1412,大字奥田720番地の3,田中町3組,田中町一丁目,13,34,kyuusinpdf.pdf,大字奥田-119,high,
1413,大字奥田720番地の4,田中町3組,田中町一丁目,13,17,kyuusinpdf.pdf,大字奥田-119,high,
1414,大字奥田721番地,田中町2組の2,田中町一丁目,13,32,kyuusinpdf.pdf,大字奥田-119,high,資料上4回出現
1415,大字奥田721番地,田中町2組の2 ｴﾌｫｰﾂ50-408,田中町一丁目,13,32,kyuusinpdf.pdf,大字奥田-120,high,
1416,大字奥田724番地,田中町1組の2西,田中町一丁目,13,24,kyuusinpdf.pdf,大字奥田-120,high,
1417,大字奥田725番地の1,田中町1組の2東,田中町一丁目,11,21,kyuusinpdf.pdf,大字奥田-120,high,
1418,大字奥田725番地の9,田中町1組の2東,田中町一丁目,11,19,kyuusinpdf.pdf,大字奥田-120,high,
1419,大字奥田725番地の12,田中町1組の2東,田中町一丁目,11,20,kyuusinpdf.pdf,大字奥田-120,high,
1420,大字奥田725番地の15,田中町1組の2西,田中町一丁目,11,38,kyuusinpdf.pdf,大字奥田-120,high,資料上3回出現
1421,大字奥田725番地の16,田中町1組の2西,田中町一丁目,11,32,kyuusinpdf.pdf,大字奥田-120,high,
1422,大字奥田725番地の16,田中町1組の2西,田中町一丁目,11,33,kyuusinpdf.pdf,大字奥田-120,high,
1423,大字奥田726番地の2,田中町1組の2西,田中町一丁目,11,41,kyuusinpdf.pdf,大字奥田-121,high,
1424,大字奥田726番地の5,田中町1組の2東,田中町一丁目,11,9,kyuusinpdf.pdf,大字奥田-121,high,
1425,大字奥田726番地の7,田中町1組の2東,田中町一丁目,11,14,kyuusinpdf.pdf,大字奥田-121,high,
1426,大字奥田726番地の7,田中町1組の2東,田中町一丁目,11,15,kyuusinpdf.pdf,大字奥田-121,high,
1427,大字奥田726番地の8,田中町1組の2東,田中町一丁目,11,16,kyuusinpdf.pdf,大字奥田-121,high,
1428,大字奥田726の9番地,田中町1組の2東,田中町一丁目,11,17,kyuusinpdf.pdf,大字奥田-121,high,
1429,大字奥田727番地の1,田中町1組の2東,田中町一丁目,11,4,kyuusinpdf.pdf,大字奥田-121,high,
1430,大字奥田727番地の2,田中町1組の2西 ｺｰﾎﾟ奥田A101,田中町一丁目,11,45,kyuusinpdf.pdf,大字奥田-121,high,
1431,大字奥田727番地の2,田中町1組の2西 ｺｰﾎﾟ奥田A102,田中町一丁目,11,45,kyuusinpdf.pdf,大字奥田-121,high,
1432,大字奥田727番地の2,田中町1組の2西 ｺｰﾎﾟ奥田A201,田中町一丁目,11,45,kyuusinpdf.pdf,大字奥田-121,high,
1433,大字奥田727番地の2,田中町1組の2西 ｺｰﾎﾟ奥田A202,田中町一丁目,11,45,kyuusinpdf.pdf,大字奥田-121,high,
1434,大字奥田727番地の2,田中町1組の2西 ｺｰﾎﾟ奥田B101,田中町一丁目,11,47,kyuusinpdf.pdf,大字奥田-121,high,
1435,大字奥田727番地の2,田中町1組の2西 ｺｰﾎﾟ奥田B102,田中町一丁目,11,47,kyuusinpdf.pdf,大字奥田-121,high,
1436,大字奥田727番地の2,田中町1組の2西 ｺｰﾎﾟ奥田B202,田中町一丁目,11,47,kyuusinpdf.pdf,大字奥田-122,high,
1437,大字奥田727番地の4,田中町1組の2東,田中町一丁目,11,6,kyuusinpdf.pdf,大字奥田-122,high,資料上2回出現
1438,大字奥田727番地の5,田中町1組の2東,田中町一丁目,11,5,kyuusinpdf.pdf,大字奥田-122,high,
1439,大字奥田728番地の1,田中町1組の5,田中町一丁目,11,55,kyuusinpdf.pdf,大字奥田-122,high,
1440,大字奥田728番地の3,田中町1組の5,田中町一丁目,11,53,kyuusinpdf.pdf,大字奥田-122,high,
1441,大字奥田728番地の4,田中町1組の5,田中町一丁目,11,52,kyuusinpdf.pdf,大字奥田-122,high,資料上2回出現
1442,大字奥田728番地の9,田中町1組の5,田中町一丁目,11,1,kyuusinpdf.pdf,大字奥田-122,high,
1443,大字奥田728番地の10,田中町1組の5,田中町一丁目,11,60,kyuusinpdf.pdf,大字奥田-122,high,
1444,大字奥田728番地の11,田中町1組の5,田中町一丁目,11,59,kyuusinpdf.pdf,大字奥田-122,high,
1445,大字奥田728番地の12,田中町1組の5,田中町一丁目,11,57,kyuusinpdf.pdf,大字奥田-122,high,
1446,大字奥田729番地の2,田中町1組の5,田中町一丁目,9,14,kyuusinpdf.pdf,大字奥田-122,high,
1447,大字奥田729番地の3,田中町1組の5,田中町一丁目,9,13,kyuusinpdf.pdf,大字奥田-123,high,
1448,大字奥田729番地の4,田中町1組の5,田中町一丁目,9,11,kyuusinpdf.pdf,大字奥田-123,high,
1449,大字奥田729番地の7,田中町1組の5,田中町一丁目,9,10,kyuusinpdf.pdf,大字奥田-123,high,
1450,大字奥田729番地の8,田中町1組の5,田中町一丁目,9,8,kyuusinpdf.pdf,大字奥田-123,high,
1451,大字奥田729番地の9,田中町1組の5,田中町一丁目,9,7,kyuusinpdf.pdf,大字奥田-123,high,
1452,大字奥田729番地の10,田中町10組の3,田中町一丁目,9,5,kyuusinpdf.pdf,大字奥田-123,high,
1453,大字奥田730番地,田中町1組の1,田中町一丁目,9,24,kyuusinpdf.pdf,大字奥田-123,high,
1454,大字奥田730番地の2,田中町1組の1,田中町一丁目,9,16,kyuusinpdf.pdf,大字奥田-123,high,
1455,大字奥田730番地の3,田中町10組の3,田中町一丁目,9,2,kyuusinpdf.pdf,大字奥田-123,high,
1456,大字奥田730番地の7,田中町1組の1,田中町一丁目,9,15,kyuusinpdf.pdf,大字奥田-123,high,
1457,大字奥田730番地の10,田中町1組の1,田中町一丁目,9,25,kyuusinpdf.pdf,大字奥田-123,high,
1458,大字奥田731番地の1,田中町1組の1,田中町一丁目,9,20,kyuusinpdf.pdf,大字奥田-123,high,
1459,大字奥田731番地の2,田中町10組の3A,田中町一丁目,9,28,kyuusinpdf.pdf,大字奥田-123,high,
1460,大字奥田731番地の3,田中町1組の1,田中町一丁目,9,18,kyuusinpdf.pdf,大字奥田-124,high,
1461,大字奥田731番地の5,田中町1組の1,田中町一丁目,9,23,kyuusinpdf.pdf,大字奥田-124,high,
1462,大字奥田731番地の6,田中町10組の3A,田中町一丁目,9,26,kyuusinpdf.pdf,大字奥田-124,high,
1463,大字奥田731番地の9,田中町1組の1,田中町一丁目,9,21,kyuusinpdf.pdf,大字奥田-124,high,
1464,大字奥田732番地の5,田中町1組の1,田中町一丁目,8,22,kyuusinpdf.pdf,大字奥田-124,high,
1465,大字奥田732番地の6,田中町1組の1,田中町一丁目,8,21,kyuusinpdf.pdf,大字奥田-124,high,
1466,大字奥田732番地の8,田中町1組の1,田中町一丁目,8,18,kyuusinpdf.pdf,大字奥田-124,high,
1467,大字奥田732番地の9,田中町1組の1,田中町一丁目,8,16,kyuusinpdf.pdf,大字奥田-124,high,
1468,大字奥田732番地の10,田中町1組の1,田中町一丁目,8,15,kyuusinpdf.pdf,大字奥田-124,high,
1469,大字奥田733番地,田中町10組の3A,田中町一丁目,8,27,kyuusinpdf.pdf,大字奥田-124,high,
1470,大字奥田733番地,田中町10組の3A,田中町一丁目,8,28,kyuusinpdf.pdf,大字奥田-124,high,
1471,大字奥田733番地,田中町10組の3A,田中町一丁目,8,31,kyuusinpdf.pdf,大字奥田-124,high,
1472,大字奥田733番地,田中町10組の3A,田中町一丁目,8,32,kyuusinpdf.pdf,大字奥田-124,high,
1473,大字奥田734番地の1,田中町10組の4,田中町一丁目,8,37,kyuusinpdf.pdf,大字奥田-125,high,
1474,大字奥田734番地の2,田中町10組3,田中町一丁目,8,6,kyuusinpdf.pdf,大字奥田-125,high,
1475,大字奥田734番地の2,田中町10組の3B 南大分ﾊｲﾂ101,田中町一丁目,8,6-101,kyuusinpdf.pdf,大字奥田-125,high,
1476,大字奥田734番地の2,田中町10組の3B 南大分ﾊｲﾂ102,田中町一丁目,8,6-102,kyuusinpdf.pdf,大字奥田-125,high,
1477,大字奥田734番地の2,田中町10組の3B 南大分ﾊｲﾂ103,田中町一丁目,8,6-103,kyuusinpdf.pdf,大字奥田-125,high,
1478,大字奥田734番地の2,田中町10組の3B 南大分ﾊｲﾂ104,田中町一丁目,8,6-104,kyuusinpdf.pdf,大字奥田-125,high,
1479,大字奥田734番地の2,田中町10組の3B 南大分ﾊｲﾂ105,田中町一丁目,8,6-105,kyuusinpdf.pdf,大字奥田-125,high,
1480,大字奥田734番地の2,田中町10組の3B 南大分ﾊｲﾂ106,田中町一丁目,8,6-106,kyuusinpdf.pdf,大字奥田-125,high,
1481,大字奥田734番地の2,田中町10組の3B 南大分ﾊｲﾂ107,田中町一丁目,8,6-107,kyuusinpdf.pdf,大字奥田-125,high,
1482,大字奥田734番地の2,田中町10組の3B 南大分ﾊｲﾂ108,田中町一丁目,8,6-108,kyuusinpdf.pdf,大字奥田-125,high,
1483,大字奥田734番地の2,田中町10組の3B 南大分ﾊｲﾂ109,田中町一丁目,8,6-109,kyuusinpdf.pdf,大字奥田-125,high,
1484,大字奥田734番地の2,田中町10組の3B 南大分ﾊｲﾂ110,田中町一丁目,8,6-110,kyuusinpdf.pdf,大字奥田-125,high,
1485,大字奥田734番地の2,田中町10組の3B 南大分ﾊｲﾂ201,田中町一丁目,8,6-201,kyuusinpdf.pdf,大字奥田-125,high,
1486,大字奥田734番地の2,田中町10組の3B 南大分ﾊｲﾂ202,田中町一丁目,8,6-202,kyuusinpdf.pdf,大字奥田-126,high,
1487,大字奥田734番地の2,田中町10組の3B 南大分ﾊｲﾂ203,田中町一丁目,8,6-203,kyuusinpdf.pdf,大字奥田-126,high,
1488,大字奥田734番地の2,田中町10組の3B 南大分ﾊｲﾂ204,田中町一丁目,8,6-204,kyuusinpdf.pdf,大字奥田-126,high,
1489,大字奥田734番地の2,田中町10組の3B 南大分ﾊｲﾂ205,田中町一丁目,8,6-205,kyuusinpdf.pdf,大字奥田-126,high,
1490,大字奥田734番地の2,田中町10組の3B 南大分ﾊｲﾂ206,田中町一丁目,8,6-206,kyuusinpdf.pdf,大字奥田-126,high,
1491,大字奥田734番地の2,田中町10組の3B 南大分ﾊｲﾂ207,田中町一丁目,8,6-207,kyuusinpdf.pdf,大字奥田-126,high,資料上2回出現
1492,大字奥田734番地の2,田中町10組の3B 南大分ﾊｲﾂ208,田中町一丁目,8,6-208,kyuusinpdf.pdf,大字奥田-126,high,
1493,大字奥田734番地の2,田中町10組の3B 南大分ﾊｲﾂ209,田中町一丁目,8,6-209,kyuusinpdf.pdf,大字奥田-126,high,
1494,大字奥田734番地の2,田中町10組の3 南大分ﾊｲﾂ210,田中町一丁目,8,6-210,kyuusinpdf.pdf,大字奥田-126,high,
1495,大字奥田734番地の2,田中町10組の3B 南大分ﾊｲﾂ301,田中町一丁目,8,6-301,kyuusinpdf.pdf,大字奥田-126,high,
1496,大字奥田734番地の2,田中町10組の3B 南大分ﾊｲﾂ302,田中町一丁目,8,6-302,kyuusinpdf.pdf,大字奥田-126,high,
1497,大字奥田734番地の2,田中町10組の3B 南大分ﾊｲﾂ303,田中町一丁目,8,6-303,kyuusinpdf.pdf,大字奥田-126,high,
1498,大字奥田734番地の2,田中町10組の3B 南大分ﾊｲﾂ304,田中町一丁目,8,6-304,kyuusinpdf.pdf,大字奥田-127,high,
1499,大字奥田734番地の2,田中町10組の3B 南大分ﾊｲﾂ305,田中町一丁目,8,6-305,kyuusinpdf.pdf,大字奥田-127,high,
1500,大字奥田734番地の2,田中町10組の3B 南大分ﾊｲﾂ306,田中町一丁目,8,6-306,kyuusinpdf.pdf,大字奥田-127,high,
1501,大字奥田734番地の2,田中町10組の3B 南大分ﾊｲﾂ307,田中町一丁目,8,6-307,kyuusinpdf.pdf,大字奥田-127,high,
1502,大字奥田734番地の2,田中町10組の3B 南大分ﾊｲﾂ308,田中町一丁目,8,6-308,kyuusinpdf.pdf,大字奥田-127,high,
1503,大字奥田734番地の2,田中町10組の3B 南大分ﾊｲﾂ309,田中町一丁目,8,6-309,kyuusinpdf.pdf,大字奥田-127,high,
1504,大字奥田734番地の2,田中町10組の3B 南大分ﾊｲﾂ310,田中町一丁目,8,6-310,kyuusinpdf.pdf,大字奥田-127,high,
1505,大字奥田734番地の4,田中町10組の4,田中町一丁目,8,39,kyuusinpdf.pdf,大字奥田-127,high,資料上2回出現
1506,大字奥田734番地の4,田中町1組の2西 ｺｰﾎﾟ奥田201,田中町一丁目,11,47,kyuusinpdf.pdf,大字奥田-127,high,
1507,大字奥田735番地の1,田中町10組の4,田中町一丁目,8,47,kyuusinpdf.pdf,大字奥田-127,high,
1508,大字奥田735番地の7,田中町10組の4,田中町一丁目,8,48,kyuusinpdf.pdf,大字奥田-127,high,
1509,大字奥田735番地の8,田中町10組の4,田中町一丁目,8,45,kyuusinpdf.pdf,大字奥田-127,high,
1510,大字奥田735番地の9,田中町10組の4,田中町一丁目,8,46,kyuusinpdf.pdf,大字奥田-128,high,資料上2回出現
1511,大字奥田736番地の5,,田中町一丁目,8,62,kyuusinpdf.pdf,大字奥田-128,high,
1512,大字奥田736番地の6,二又町4組のB,田中町一丁目,8,56,kyuusinpdf.pdf,大字奥田-128,high,
1513,大字奥田737番地の1,田中町14組の2,二又町二丁目,6,38,kyuusinpdf.pdf,大字奥田-128,high,
1514,大字奥田737番地の6,田中町14組の2,二又町二丁目,6,36,kyuusinpdf.pdf,大字奥田-128,high,
1515,大字奥田738番地,二又町4組のB,二又町二丁目,6,44,kyuusinpdf.pdf,大字奥田-128,high,
1516,大字奥田738番地の1,二又町4組のB,二又町二丁目,6,44,kyuusinpdf.pdf,大字奥田-128,high,資料上2回出現
1517,大字奥田738番地の4,二又町4組のB,二又町二丁目,6,40,kyuusinpdf.pdf,大字奥田-128,high,
1518,大字奥田738番地の5,二又町4組のB,二又町二丁目,6,41,kyuusinpdf.pdf,大字奥田-128,high,
1519,大字奥田739番地の4,田中町14組の2B WINDOM首藤101,二又町二丁目,6,32-101,kyuusinpdf.pdf,大字奥田-128,high,
1520,大字奥田739番地の4,田中町14組の2B WINDOM首藤102,二又町二丁目,6,32-102,kyuusinpdf.pdf,大字奥田-128,high,
1521,大字奥田739番地の4,田中町14組の2B WINDOM首藤103,二又町二丁目,6,32-103,kyuusinpdf.pdf,大字奥田-129,high,
1522,大字奥田739番地の4,田中町14組の2B WINDOM首藤105,二又町二丁目,6,32-105,kyuusinpdf.pdf,大字奥田-129,high,
1523,大字奥田739番地の4,田中町14組の2B WINDOM首藤201,二又町二丁目,6,32-201,kyuusinpdf.pdf,大字奥田-129,high,
1524,大字奥田739番地の4,田中町14組の2B WINDOM首藤202,二又町二丁目,6,32-202,kyuusinpdf.pdf,大字奥田-129,high,
1525,大字奥田739番地の4,田中町14組の2B WINDOM首藤203,二又町二丁目,6,32-203,kyuusinpdf.pdf,大字奥田-129,high,
1526,大字奥田739番地の4,田中町14組の2B WINDOM首藤205,二又町二丁目,6,32-205,kyuusinpdf.pdf,大字奥田-129,high,
1527,大字奥田739番地の4,田中町14組の2B WINDOM首藤301,二又町二丁目,6,32-301,kyuusinpdf.pdf,大字奥田-129,high,
1528,大字奥田739番地の4,田中町14組の2B WINDOM首藤302,二又町二丁目,6,32-302,kyuusinpdf.pdf,大字奥田-129,high,
1529,大字奥田739番地の4,田中町14組の2B WINDOM首藤303,二又町二丁目,6,32-303,kyuusinpdf.pdf,大字奥田-129,high,
1530,大字奥田739番地の4,田中町14組の2B WINDOM首藤305,二又町二丁目,6,32-305,kyuusinpdf.pdf,大字奥田-129,high,
1531,大字奥田739番地の4,田中町14組の2B WINDOM首藤401,二又町二丁目,6,32-401,kyuusinpdf.pdf,大字奥田-129,high,
1532,大字奥田739番地の4,田中町14組の2B WINDOM首藤402,二又町二丁目,6,32-402,kyuusinpdf.pdf,大字奥田-129,high,
1533,大字奥田739番地の4,田中町14組の2B WINDOM首藤403,二又町二丁目,6,32-403,kyuusinpdf.pdf,大字奥田-129,high,
1534,大字奥田739番地の4,田中町14組の2B WINDOM首藤405,二又町二丁目,6,32-405,kyuusinpdf.pdf,大字奥田-130,high,
1535,大字奥田739番地の8,田中町14組の2,二又町二丁目,6,53,kyuusinpdf.pdf,大字奥田-130,high,
1536,大字奥田739番地の10,田中町14組の2,二又町二丁目,6,48,kyuusinpdf.pdf,大字奥田-130,high,資料上2回出現
1537,大字奥田739番地の11,田中町14組の2,二又町二丁目,6,50,kyuusinpdf.pdf,大字奥田-130,high,
1538,大字奥田739番地の12,田中町14組の2,二又町二丁目,6,52,kyuusinpdf.pdf,大字奥田-130,high,
1539,大字奥田740番地の1,田中町14組の2,二又町二丁目,6,30,kyuusinpdf.pdf,大字奥田-130,high,資料上2回出現
1540,大字奥田740番地の5,田中町14組の3,二又町二丁目,6,66,kyuusinpdf.pdf,大字奥田-130,high,
1541,大字奥田740番地の8,田中町14組の3,二又町二丁目,6,65,kyuusinpdf.pdf,大字奥田-130,high,
1542,大字奥田740番地の9,田中町14組の3,二又町二丁目,6,58,kyuusinpdf.pdf,大字奥田-130,high,
1543,大字奥田740番地の14,田中町14組の3,二又町二丁目,6,62,kyuusinpdf.pdf,大字奥田-130,high,
1544,大字奥田740番地の15,田中町14組の3,二又町二丁目,6,63,kyuusinpdf.pdf,大字奥田-130,high,
1545,大字奥田741番地の1,二又町4組Aの6,二又町二丁目,6,25,kyuusinpdf.pdf,大字奥田-131,high,
1546,大字奥田741番地の1,二又町4組Aの6,二又町二丁目,6,27,kyuusinpdf.pdf,大字奥田-131,high,
1547,大字奥田741番地の1,田中町14組の2,二又町二丁目,6,28,kyuusinpdf.pdf,大字奥田-131,high,
1548,大字奥田741番地の3,二又町4組Aの6 ｻﾝ･ｺｽﾓA棟1号,二又町二丁目,6,21,kyuusinpdf.pdf,大字奥田-131,high,
1549,大字奥田741番地の3,二又町4組Aの6 ｻﾝ･ｺｽﾓA棟2号,二又町二丁目,6,21,kyuusinpdf.pdf,大字奥田-131,high,
1550,大字奥田741番地の3,二又町4組Aの6 ｻﾝ･ｺｽﾓA棟3号,二又町二丁目,6,21,kyuusinpdf.pdf,大字奥田-131,high,
1551,大字奥田741番地の3,二又町4組Aの6 ｻﾝｺｽﾓB棟1号,二又町二丁目,6,23,kyuusinpdf.pdf,大字奥田-131,high,
1552,大字奥田741番地の3,二又町4組Aの6 ｻﾝ･ｺｽﾓB棟2号,二又町二丁目,6,23,kyuusinpdf.pdf,大字奥田-131,high,資料上2回出現
1553,大字奥田741番地の3,二又町4組Aの6 ｻﾝ･ｺｽﾓB棟3号,二又町二丁目,6,23,kyuusinpdf.pdf,大字奥田-131,high,
1554,大字奥田741番地の6,二又町4組のA4,二又町二丁目,6,72,kyuusinpdf.pdf,大字奥田-131,high,
1555,大字奥田741番地の7,二又町4組のA4,二又町二丁目,6,77,kyuusinpdf.pdf,大字奥田-131,high,
1556,大字奥田741番地の9,二又町4組のA4,二又町二丁目,6,70,kyuusinpdf.pdf,大字奥田-131,high,資料上2回出現
1557,大字奥田741番地の12,二又町4組Aの6 ｻﾝ･ｺｽﾓC棟1号,二又町二丁目,6,24,kyuusinpdf.pdf,大字奥田-132,high,
1558,大字奥田741番地の12,二又町4組Aの6 ｻﾝ･ｺｽﾓC棟2号,二又町二丁目,6,24,kyuusinpdf.pdf,大字奥田-132,high,資料上3回出現
1559,大字奥田741番地の12,二又町4組Aの6 ｻﾝ･ｺｽﾓC棟3号,二又町二丁目,6,24,kyuusinpdf.pdf,大字奥田-132,high,
1560,大字奥田742番地の6,田中町14組の1,二又町二丁目,6,14,kyuusinpdf.pdf,大字奥田-132,high,
1561,大字奥田742番地の8,二又町4組のA4,二又町二丁目,6,83,kyuusinpdf.pdf,大字奥田-132,high,
1562,大字奥田742番地の9,二又町4組のA4,二又町二丁目,6,80,kyuusinpdf.pdf,大字奥田-132,high,
1563,大字奥田742番地の12,二又町4組のA,二又町二丁目,6,7,kyuusinpdf.pdf,大字奥田-132,high,
1564,大字奥田742番地の13,二又町4組のA,二又町二丁目,6,6,kyuusinpdf.pdf,大字奥田-132,high,
1565,大字奥田742番地の14,二又町4組のA4,二又町二丁目,6,4,kyuusinpdf.pdf,大字奥田-132,high,
1566,大字奥田742番地の14,二又町4組のA,二又町二丁目,6,8,kyuusinpdf.pdf,大字奥田-132,high,
1567,大字奥田742番地の15,二又町4組のA4 ﾘ･ｳﾞｪｰﾙ奥田,二又町二丁目,6,89,kyuusinpdf.pdf,大字奥田-133,high,
1568,大字奥田742番地の15,二又町4組のA4 ﾘ･ｳﾞｪｰﾙ奥田201,二又町二丁目,6,89,kyuusinpdf.pdf,大字奥田-133,high,
1569,大字奥田742番地の16,二又町4組のA,二又町二丁目,6,86,kyuusinpdf.pdf,大字奥田-133,high,資料上2回出現
1570,大字奥田743番地の1,二又町4組のA ﾗ･ｾｰﾇ南大分101,二又町二丁目,6,2,kyuusinpdf.pdf,大字奥田-133,high,
1571,大字奥田743番地の1,二又町4組のA ﾗ･ｾｰﾇ南大分201,二又町二丁目,6,2,kyuusinpdf.pdf,大字奥田-133,high,
1572,大字奥田743番地の1,二又町4組のA ﾗ･ｾｰﾇ南大分202,二又町二丁目,6,2,kyuusinpdf.pdf,大字奥田-133,high,
1573,大字奥田743番地の1,二又町4組のA ﾗ･ｾｰﾇ南大分301,二又町二丁目,6,2,kyuusinpdf.pdf,大字奥田-133,high,
1574,大字奥田743番地の1,二又町4組のA ﾗ･ｾｰﾇ南大分302,二又町二丁目,6,2,kyuusinpdf.pdf,大字奥田-133,high,
1575,大字奥田743番地の1,二又町4組のA ﾗ･ｾｰﾇ南大分401,二又町二丁目,6,2,kyuusinpdf.pdf,大字奥田-133,high,
1576,大字奥田743番地の1,二又町4組のA ﾗ･ｾｰﾇ南大分402,二又町二丁目,6,2,kyuusinpdf.pdf,大字奥田-133,high,
1577,大字奥田743番地の1,,二又町二丁目,6,2,kyuusinpdf.pdf,大字奥田-133,high,
1578,大字奥田743番地の8,田中町14組の1,二又町二丁目,6,1,kyuusinpdf.pdf,大字奥田-133,high,
1579,大字奥田744番地の1,二又町4組のA4,二又町二丁目,5,33,kyuusinpdf.pdf,大字奥田-134,high,
1580,大字奥田744番地の1,二又町4組のA4,二又町二丁目,5,34,kyuusinpdf.pdf,大字奥田-134,high,
1581,大字奥田744番地の1,二又町4組のA4,二又町二丁目,5,35,kyuusinpdf.pdf,大字奥田-134,high,
1582,大字奥田744番地の4,田中町14組の1,二又町二丁目,5,39,kyuusinpdf.pdf,大字奥田-134,high,
1583,大字奥田745番地の7,二又町3組のB,二又町二丁目,5,21,kyuusinpdf.pdf,大字奥田-134,high,
1584,大字奥田745番地の8,二又町3組のB,二又町二丁目,5,20,kyuusinpdf.pdf,大字奥田-134,high,
1585,大字奥田745番地の9,二又町3組のB2 ｽｶｲﾗｲﾝ南大分101,二又町二丁目,5,22,kyuusinpdf.pdf,大字奥田-134,high,
1586,大字奥田745番地の9,二又町3組のB2 ｽｶｲﾗｲﾝ南大分102,二又町二丁目,5,22,kyuusinpdf.pdf,大字奥田-134,high,
1587,大字奥田745番地の9,二又町3組のB2 ｽｶｲﾗｲﾝ南大分103,二又町二丁目,5,22,kyuusinpdf.pdf,大字奥田-134,high,
1588,大字奥田745番地の9,二又町3組のB2 ｽｶｲﾗｲﾝ南大分201,二又町二丁目,5,22,kyuusinpdf.pdf,大字奥田-134,high,
1589,大字奥田745番地の9,二又町3組のB2 ｽｶｲﾗｲﾝ南大分202,二又町二丁目,5,22,kyuusinpdf.pdf,大字奥田-134,high,
1590,大字奥田745番地の9,二又町3組のB2 ｽｶｲﾗｲﾝ南大分203,二又町二丁目,5,22,kyuusinpdf.pdf,大字奥田-134,high,
1591,大字奥田745番地の9,二又町3組のB2 ｽｶｲﾗｲﾝ南大分301,二又町二丁目,5,22,kyuusinpdf.pdf,大字奥田-134,high,
1592,大字奥田745番地の9,二又町3組のB2 ｽｶｲﾗｲﾝ南大分302,二又町二丁目,5,22,kyuusinpdf.pdf,大字奥田-135,high,
1593,大字奥田745番地の9,二又町3組のB2 ｽｶｲﾗｲﾝ南大分303,二又町二丁目,5,22,kyuusinpdf.pdf,大字奥田-135,high,
1594,大字奥田750番地の1,二又町3組のB2 ﾘﾍﾞﾗﾙ奥田A101,二又町二丁目,5,12,kyuusinpdf.pdf,大字奥田-135,high,
1595,大字奥田750番地の1,二又町3組のB2 ﾘﾍﾞﾗﾙ奥田A102,二又町二丁目,5,12,kyuusinpdf.pdf,大字奥田-135,high,
1596,大字奥田750番地の1,二又町3組のB2 ﾘﾍﾞﾗﾙ奥田A201,二又町二丁目,5,12,kyuusinpdf.pdf,大字奥田-135,high,
1597,大字奥田750番地の1,二又町3組のB2 ﾘﾍﾞﾗﾙ奥田A202,二又町二丁目,5,12,kyuusinpdf.pdf,大字奥田-135,high,
1598,大字奥田750番地の1,二又町3組のB2 ﾘﾍﾞﾗﾙ奥田B101,二又町二丁目,5,13,kyuusinpdf.pdf,大字奥田-135,high,
1599,大字奥田750番地の1,二又町3組のB2 ﾘﾍﾞﾗﾙ奥田B102,二又町二丁目,5,13,kyuusinpdf.pdf,大字奥田-135,high,
1600,大字奥田750番地の1,二又町3組のB2 ﾘﾍﾞﾗﾙ奥田B201,二又町二丁目,5,13,kyuusinpdf.pdf,大字奥田-135,high,
1601,大字奥田750番地の1,二又町3組のB2 ﾘﾍﾞﾗﾙ奥田B202,二又町二丁目,5,13,kyuusinpdf.pdf,大字奥田-135,high,
1602,大字奥田750番地の5,田中町15組の1,二又町二丁目,5,18,kyuusinpdf.pdf,大字奥田-135,high,
1603,大字奥田750番地の6,二又町3組のB2,二又町二丁目,5,19,kyuusinpdf.pdf,大字奥田-135,high,
1604,大字奥田751番地の1,二又町3組,二又町二丁目,5,11,kyuusinpdf.pdf,大字奥田-135,high,
1605,大字奥田751番地の6,二又町3組のB,二又町二丁目,5,5,kyuusinpdf.pdf,大字奥田-136,high,
1606,大字奥田751番地の8,二又町3組のB,二又町二丁目,5,9,kyuusinpdf.pdf,大字奥田-136,high,
1607,大字奥田752番地の1,二又町3組のB,二又町二丁目,5,2,kyuusinpdf.pdf,大字奥田-136,high,
1608,大字奥田752番地の4,二又町3組のB,二又町二丁目,5,4,kyuusinpdf.pdf,大字奥田-136,high,
1609,大字奥田752番地の6,二又町3組のB,二又町二丁目,5,1,kyuusinpdf.pdf,大字奥田-136,high,
1610,大字奥田752番地の6,二又町3組のB1 ｺｰﾎﾟｱﾍﾞ102,二又町二丁目,5,1,kyuusinpdf.pdf,大字奥田-136,high,
1611,大字奥田752番地の6,二又町3組のB1 ｺｰﾎﾟｱﾍﾞ103,二又町二丁目,5,1,kyuusinpdf.pdf,大字奥田-136,high,
1612,大字奥田752番地の6,二又町3組のB1 ｺｰﾎﾟｱﾍﾞ201,二又町二丁目,5,1,kyuusinpdf.pdf,大字奥田-136,high,
1613,大字奥田752番地の6,二又町3組のB1 ｺｰﾎﾟｱﾍﾞ202,二又町二丁目,5,1,kyuusinpdf.pdf,大字奥田-136,high,
1614,大字奥田752番地の6,二又町3組のB1 ｺｰﾎﾟｱﾍﾞ203,二又町二丁目,5,1,kyuusinpdf.pdf,大字奥田-136,high,
1615,大字奥田754番地の1,二又町3組のA,二又町一丁目,4,53,kyuusinpdf.pdf,大字奥田-136,high,
1616,大字奥田766番地,二又町5組,二又町一丁目,3,27,kyuusinpdf.pdf,大字奥田-136,high,資料上2回出現
1617,大字奥田766番地の1,二又町5組,二又町一丁目,3,27,kyuusinpdf.pdf,大字奥田-137,high,資料上2回出現
1618,大字奥田767番地の4,二又町3組のA,二又町一丁目,3,20,kyuusinpdf.pdf,大字奥田-137,high,資料上2回出現
1619,大字奥田768番地の1,二又町1組,二又町二丁目,1,10,kyuusinpdf.pdf,大字奥田-137,high,
1620,大字奥田769番地の1,二又町3組のA,二又町二丁目,3,5,kyuusinpdf.pdf,大字奥田-137,high,資料上2回出現
1621,大字奥田769番地の11,二又町3組のA,二又町二丁目,3,1,kyuusinpdf.pdf,大字奥田-137,high,
1622,大字奥田771番地,田中町10組の1,田中町一丁目,12,1,kyuusinpdf.pdf,大字奥田-137,high,
1623,大字奥田772番地の1,二又町4組のA4,二又町二丁目,4,1,kyuusinpdf.pdf,大字奥田-137,high,資料上2回出現
1624,大字奥田774番地の1,二又町2組のA,二又町二丁目,1,40,kyuusinpdf.pdf,大字奥田-137,high,
1625,大字奥田774-1,二又町2組A,二又町二丁目,1,40,kyuusinpdf.pdf,大字奥田-137,high,
1626,大字奥田776番地,二又町5組,二又町一丁目,3,30,kyuusinpdf.pdf,大字奥田-138,high,
1627,大字奥田776番地の4,,二又町二丁目,3,12,kyuusinpdf.pdf,大字奥田-138,high,
1628,大字奥田776番地の4,二又町2組のA,二又町二丁目,3,13,kyuusinpdf.pdf,大字奥田-138,high,
1629,大字奥田777番地の1,二又町4組のD 三和ｺｰﾎﾟ105,二又町二丁目,7,1-105,kyuusinpdf.pdf,大字奥田-138,high,
1630,大字奥田777番地の1,二又町4組のD 三和ｺｰﾎﾟ302,二又町二丁目,7,1-302,kyuusinpdf.pdf,大字奥田-138,high,
1631,大字奥田777番地の1,二又町4組のD 三和ｺｰﾎﾟ401,二又町二丁目,7,1-401,kyuusinpdf.pdf,大字奥田-138,high,
1632,大字奥田777番地の1,二又町4組のD 三和ｺｰﾎﾟ407,二又町二丁目,7,1-407,kyuusinpdf.pdf,大字奥田-138,high,
1633,大字奥田777番地の3,二又町4組のD 三和ｺｰﾎﾟ101,二又町二丁目,7,1-101,kyuusinpdf.pdf,大字奥田-138,high,
1634,大字奥田777番地の3,二又町4組のD 三和ｺｰﾎﾟ102,二又町二丁目,7,1-102,kyuusinpdf.pdf,大字奥田-138,high,
1635,大字奥田777番地の3,二又町4組のD 三和ｺｰﾎﾟ103,二又町二丁目,7,1-103,kyuusinpdf.pdf,大字奥田-138,high,
1636,大字奥田777番地の3,二又町4組のD 三和ｺｰﾎﾟ106,二又町二丁目,7,1-106,kyuusinpdf.pdf,大字奥田-138,high,
1637,大字奥田777番地の3,二又町4組のD 三和ｺｰﾎﾟ107,二又町二丁目,7,1-107,kyuusinpdf.pdf,大字奥田-138,high,資料上3回出現
1638,大字奥田777番地の3,二又町4組のD 三和ｺｰﾎﾟ201,二又町二丁目,7,1-201,kyuusinpdf.pdf,大字奥田-139,high,
1639,大字奥田777番地の3,二又町4組のD 三和ｺｰﾎﾟ202,二又町二丁目,7,1-202,kyuusinpdf.pdf,大字奥田-139,high,
1640,大字奥田777番地の3,二又町4組のD 三和ｺｰﾎﾟ203,二又町二丁目,7,1-203,kyuusinpdf.pdf,大字奥田-139,high,
1641,大字奥田777番地の3,二又町4組のD 三和ｺｰﾎﾟ205,二又町二丁目,7,1-205,kyuusinpdf.pdf,大字奥田-139,high,
1642,大字奥田777番地の3,二又町4組のD 三和ｺｰﾎﾟ206,二又町二丁目,7,1-206,kyuusinpdf.pdf,大字奥田-139,high,
1643,大字奥田777番地の3,二又町4組のD 三和ｺｰﾎﾟ207,二又町二丁目,7,1-207,kyuusinpdf.pdf,大字奥田-139,high,
1644,大字奥田777番地の3,二又町4組のD 三和ｺｰﾎﾟ301,二又町二丁目,7,1-301,kyuusinpdf.pdf,大字奥田-139,high,
1645,大字奥田777番地の3,二又町4組のD 三和ｺｰﾎﾟ303,二又町二丁目,7,1-303,kyuusinpdf.pdf,大字奥田-139,high,
1646,大字奥田777番地の3,二又町4組のD 三和ｺｰﾎﾟ305,二又町二丁目,7,1-305,kyuusinpdf.pdf,大字奥田-139,high,
1647,大字奥田777番地の3,二又町4組のD 三和ｺｰﾎﾟ306,二又町二丁目,7,1-306,kyuusinpdf.pdf,大字奥田-139,high,
1648,大字奥田777番地の3,二又町4組のD 三和ｺｰﾎﾟ307,二又町二丁目,7,1-307,kyuusinpdf.pdf,大字奥田-139,high,
1649,大字奥田777番地の3,二又町4組のD 三和ｺｰﾎﾟ402,二又町二丁目,7,1-402,kyuusinpdf.pdf,大字奥田-139,high,
1650,大字奥田777番地の3,二又町4組のD 三和ｺｰﾎﾟ403,二又町二丁目,7,1-403,kyuusinpdf.pdf,大字奥田-140,high,
1651,大字奥田777番地の3,二又町4組のD 三和ｺｰﾎﾟ405,二又町二丁目,7,1-405,kyuusinpdf.pdf,大字奥田-140,high,
1652,大字奥田777番地の3,二又町4組のD 三和ｺｰﾎﾟ406,二又町二丁目,7,1-406,kyuusinpdf.pdf,大字奥田-140,high,資料上2回出現
1653,大字奥田778番地の1,二又町4組のA3,二又町二丁目,7,55,kyuusinpdf.pdf,大字奥田-140,high,
1654,大字奥田778番地の2,二又町4組のA3,二又町二丁目,7,50,kyuusinpdf.pdf,大字奥田-140,high,資料上2回出現
1655,大字奥田778番地の3,二又町4組のA3 ｻﾝﾊｲﾑW101,二又町二丁目,7,51,kyuusinpdf.pdf,大字奥田-140,high,
1656,大字奥田778番地の3,二又町4組のA3 ｻﾝﾊｲﾑW201,二又町二丁目,7,51,kyuusinpdf.pdf,大字奥田-140,high,
1657,大字奥田778番地の3,二又町4組のA3 ｻﾝﾊｲﾑW202,二又町二丁目,7,51,kyuusinpdf.pdf,大字奥田-140,high,
1658,大字奥田778番地の5,二又町4組のA3,二又町二丁目,7,52,kyuusinpdf.pdf,大字奥田-140,high,
1659,大字奥田778番地の7,二又町4組のA,二又町二丁目,7,54,kyuusinpdf.pdf,大字奥田-140,high,資料上3回出現
1660,大字奥田779番地,二又町4組のA,二又町二丁目,7,5,kyuusinpdf.pdf,大字奥田-141,high,
1661,大字奥田779番地,二又町4組のA,二又町二丁目,7,6,kyuusinpdf.pdf,大字奥田-141,high,
1662,大字奥田779番地,二又町4組のA,二又町二丁目,7,7,kyuusinpdf.pdf,大字奥田-141,high,
1663,大字奥田779番地,二又町4組のA,二又町二丁目,7,9,kyuusinpdf.pdf,大字奥田-141,high,
1664,大字奥田779番地,二又町4組のA,二又町二丁目,7,10,kyuusinpdf.pdf,大字奥田-141,high,
1665,大字奥田779番地の1,二又町4組のA1,二又町二丁目,7,8,kyuusinpdf.pdf,大字奥田-141,high,
1666,大字奥田780番地,二又町4組のA,二又町二丁目,7,44,kyuusinpdf.pdf,大字奥田-141,high,
1667,大字奥田780番地の1,二又町4組のA3,二又町二丁目,7,42,kyuusinpdf.pdf,大字奥田-141,high,
1668,大字奥田780番地の1,二又町4組のA3,二又町二丁目,7,46,kyuusinpdf.pdf,大字奥田-141,high,
1669,大字奥田780番地の4,二又町4組のA3,二又町二丁目,7,39,kyuusinpdf.pdf,大字奥田-141,high,
1670,大字奥田780番地の5,二又町4組のA3,二又町二丁目,7,41,kyuusinpdf.pdf,大字奥田-141,high,
1671,大字奥田781番地の1,二又町4組のA1,二又町二丁目,7,13,kyuusinpdf.pdf,大字奥田-141,high,資料上2回出現
1672,大字奥田781番地の6,二又町4組のA2,二又町二丁目,7,35,kyuusinpdf.pdf,大字奥田-142,high,資料上2回出現
1673,大字奥田781番地の10,二又町4組のA2,二又町二丁目,7,31,kyuusinpdf.pdf,大字奥田-142,high,
1674,大字奥田782番地の1,二又町4組のA2 HANAｵｸﾀﾞA,二又町二丁目,7,28,kyuusinpdf.pdf,大字奥田-142,high,
1675,大字奥田782番地の1,二又町4組のA2,二又町二丁目,7,29,kyuusinpdf.pdf,大字奥田-142,high,
1676,大字奥田782番地の5,二又町4組のA1,二又町二丁目,7,15,kyuusinpdf.pdf,大字奥田-142,high,資料上2回出現
1677,大字奥田782番地の6,二又町4組のA2,二又町二丁目,7,30,kyuusinpdf.pdf,大字奥田-142,high,資料上2回出現
1678,大字奥田783番地の1,二又町4組のB ﾌﾛｰﾗﾙ奥田A101,二又町二丁目,7,24,kyuusinpdf.pdf,大字奥田-142,high,
1679,大字奥田783番地の1,二又町4組のB ﾌﾛｰﾗﾙ奥田A102,二又町二丁目,7,24,kyuusinpdf.pdf,大字奥田-142,high,
1680,大字奥田783番地の1,二又町4組のB ﾌﾛｰﾗﾙ奥田A201,二又町二丁目,7,24,kyuusinpdf.pdf,大字奥田-142,high,
1681,大字奥田783番地の1,二又町4組のB ﾌﾛｰﾗﾙ奥田A202,二又町二丁目,7,24,kyuusinpdf.pdf,大字奥田-143,high,
1682,大字奥田783番地の1,二又町4組のB ﾌﾛｰﾗﾙ奥田B101,二又町二丁目,7,25,kyuusinpdf.pdf,大字奥田-143,high,
1683,大字奥田783番地の1,二又町4組のB ﾌﾛｰﾗﾙ奥田B102,二又町二丁目,7,25,kyuusinpdf.pdf,大字奥田-143,high,
1684,大字奥田783番地の1,二又町4組のB ﾌﾛｰﾗﾙ奥田B201,二又町二丁目,7,25,kyuusinpdf.pdf,大字奥田-143,high,
1685,大字奥田783番地の1,二又町4組のB ﾌﾛｰﾗﾙ奥田B202,二又町二丁目,7,25,kyuusinpdf.pdf,大字奥田-143,high,
1686,大字奥田784番地の1,二又町4組のB,二又町二丁目,7,19,kyuusinpdf.pdf,大字奥田-143,high,
1687,大字奥田784番地の8,二又町4組のB,二又町二丁目,7,17,kyuusinpdf.pdf,大字奥田-143,high,資料上2回出現
1688,大字奥田784番地の9,二又町4組のB,二又町二丁目,7,22,kyuusinpdf.pdf,大字奥田-143,high,
1689,大字奥田784番地の11,二又町4組のB,二又町二丁目,7,20,kyuusinpdf.pdf,大字奥田-143,high,
1690,大字奥田787番地の3,二又町4組のB,二又町二丁目,8,3,kyuusinpdf.pdf,大字奥田-143,high,
1691,大字奥田787番地の3,二又町4組のB,二又町二丁目,8,4,kyuusinpdf.pdf,大字奥田-143,high,
1692,大字奥田788番地の1,二又町4組のC,二又町二丁目,8,13,kyuusinpdf.pdf,大字奥田-143,high,
1693,大字奥田789番地の1,二又町4組のC,二又町二丁目,8,12,kyuusinpdf.pdf,大字奥田-144,high,
1694,大字奥田789番地の1,二又町4組のC,二又町二丁目,8,15,kyuusinpdf.pdf,大字奥田-144,high,
1695,大字奥田789番地の1,二又町4組のC,二又町二丁目,8,16,kyuusinpdf.pdf,大字奥田-144,high,資料上2回出現
1696,大字奥田789番地の4,二又町4組のC,二又町二丁目,8,10-1,kyuusinpdf.pdf,大字奥田-144,high,資料上2回出現
1697,大字奥田788番地の3,二又町4組のA3 ｻﾝﾊｲﾑ102,二又町二丁目,7,51,kyuusinpdf.pdf,大字奥田-144,high,
1698,大字奥田788番地の8,二又町4組のC 工藤ﾋﾞﾙ101,二又町二丁目,8,5-101,kyuusinpdf.pdf,大字奥田-144,high,
1699,大字奥田788番地の8,二又町4組のC 工藤ﾋﾞﾙ102,二又町二丁目,8,5-102,kyuusinpdf.pdf,大字奥田-144,high,
1700,大字奥田788番地の8,二又町4組のC 工藤ﾋﾞﾙ103,二又町二丁目,8,5-103,kyuusinpdf.pdf,大字奥田-144,high,
1701,大字奥田788番地の8,二又町4組のC 工藤ﾋﾞﾙ105,二又町二丁目,8,5-105,kyuusinpdf.pdf,大字奥田-144,high,資料上2回出現
1702,大字奥田788番地の8,二又町4組のC 工藤ﾋﾞﾙ201,二又町二丁目,8,5-201,kyuusinpdf.pdf,大字奥田-144,high,
1703,大字奥田788番地の8,二又町4組のC 工藤ﾋﾞﾙ202,二又町二丁目,8,5-202,kyuusinpdf.pdf,大字奥田-145,high,
1704,大字奥田788番地の8,二又町4組のC 工藤ﾋﾞﾙ203,二又町二丁目,8,5-203,kyuusinpdf.pdf,大字奥田-145,high,
1705,大字奥田788番地の8,二又町4組のC 工藤ﾋﾞﾙ205,二又町二丁目,8,5-205,kyuusinpdf.pdf,大字奥田-145,high,
1706,大字奥田788番地の8,二又町4組のC 工藤ﾋﾞﾙ301,二又町二丁目,8,5-301,kyuusinpdf.pdf,大字奥田-145,high,
1707,大字奥田788番地の8,二又町4組のC 工藤ﾋﾞﾙ302,二又町二丁目,8,5-302,kyuusinpdf.pdf,大字奥田-145,high,
1708,大字奥田788番地の8,二又町4組のC 工藤ﾋﾞﾙ303,二又町二丁目,8,5-303,kyuusinpdf.pdf,大字奥田-145,high,
1709,大字奥田788番地の8,二又町4組のC 工藤ﾋﾞﾙ305,二又町二丁目,8,5-305,kyuusinpdf.pdf,大字奥田-145,high,
1710,大字奥田790番地の1,二又町4組のC,二又町二丁目,8,17,kyuusinpdf.pdf,大字奥田-145,high,
1711,大字奥田790番地の1,二又町4組のC,二又町二丁目,8,18,kyuusinpdf.pdf,大字奥田-145,high,資料上2回出現
1712,大字奥田791番地の2,田中町1組の1,二又町二丁目,8,19,kyuusinpdf.pdf,大字奥田-145,high,資料上2回出現
1713,大字奥田792番地の3,田中町1組の1,田中町一丁目,10,1,kyuusinpdf.pdf,大字奥田-145,high,
1714,大字奥田792番地の10,田中町1組の1,田中町一丁目,10,2,kyuusinpdf.pdf,大字奥田-146,high,
1715,大字奥田793番地の1,田中町1組の1,田中町一丁目,10,6,kyuusinpdf.pdf,大字奥田-146,high,
1716,大字奥田808番地の3,田中町1組の4A,田中町一丁目,16,85,kyuusinpdf.pdf,大字奥田-146,high,資料上2回出現
1717,大字奥田809番地の1,田中町1組の4A,田中町一丁目,16,84,kyuusinpdf.pdf,大字奥田-146,high,資料上2回出現
1718,大字奥田809番地の11,田中町1組の4A,田中町一丁目,16,76,kyuusinpdf.pdf,大字奥田-146,high,資料上2回出現
1719,大字奥田809番地の12,田中町1組の4A,田中町一丁目,16,73,kyuusinpdf.pdf,大字奥田-146,high,資料上2回出現
1720,大字奥田809番地の15,田中町1組の4A ｺｰﾎﾟ和田103,田中町一丁目,16,78,kyuusinpdf.pdf,大字奥田-146,high,
1721,大字奥田809番地の15,田中町1組の4A ｺｰﾎﾟ和田201,田中町一丁目,16,78,kyuusinpdf.pdf,大字奥田-146,high,
1722,大字奥田809番地の15,田中町1組の4A ｺｰﾎﾟ和田202,田中町一丁目,16,78,kyuusinpdf.pdf,大字奥田-146,high,
1723,大字奥田809番地の15,田中町1組の4A ｺｰﾎﾟ和田203,田中町一丁目,16,78,kyuusinpdf.pdf,大字奥田-147,high,
1724,大字奥田809番地の15,田中町1組の4A ｺｰﾎﾟ和田302,田中町一丁目,16,78,kyuusinpdf.pdf,大字奥田-147,high,
1725,大字奥田809番地の15,田中町1組の4A ｺｰﾎﾟ和田303,田中町一丁目,16,78,kyuusinpdf.pdf,大字奥田-147,high,
1726,大字奥田809番地の17,田中町1組の4A,田中町一丁目,16,80,kyuusinpdf.pdf,大字奥田-147,high,
1727,大字奥田809番地の18,田中町1組の4A,田中町一丁目,16,81,kyuusinpdf.pdf,大字奥田-147,high,資料上3回出現
1728,大字奥田809番地の19,田中町1組の4A,田中町一丁目,16,82,kyuusinpdf.pdf,大字奥田-147,high,
1729,大字奥田809番地の20,田中町1組の4A,田中町一丁目,16,83,kyuusinpdf.pdf,大字奥田-147,high,
1730,大字奥田809番地の21,田中町1組の4A,田中町一丁目,16,74,kyuusinpdf.pdf,大字奥田-147,high,
1731,大字奥田811番地の1,田中町1組の4,田中町一丁目,16,64,kyuusinpdf.pdf,大字奥田-147,high,
1732,大字奥田811番地の5,田中町1組の4A,田中町一丁目,16,71,kyuusinpdf.pdf,大字奥田-147,high,
1733,大字奥田811番地の13,田中町1組の4A,田中町一丁目,16,66,kyuusinpdf.pdf,大字奥田-147,high,
1734,大字奥田811番地の15,田中町1組の4A,田中町一丁目,16,68,kyuusinpdf.pdf,大字奥田-148,high,
1735,大字奥田819番地の1,田中町1組の2西B ﾌﾟﾘﾑｰﾙ101,田中町一丁目,14,4-101,kyuusinpdf.pdf,大字奥田-148,high,
1736,大字奥田819番地の1,田中町1組の2西B ﾌﾟﾘﾑｰﾙ102,田中町一丁目,14,4-102,kyuusinpdf.pdf,大字奥田-148,high,
1737,大字奥田819番地の1,田中町1組の2西B ﾌﾟﾘﾑｰﾙ103,田中町一丁目,14,4-103,kyuusinpdf.pdf,大字奥田-148,high,
1738,大字奥田819番地の1,田中町1組の2西B ﾌﾟﾘﾑｰﾙ104,田中町一丁目,14,4-104,kyuusinpdf.pdf,大字奥田-148,high,資料上2回出現
1739,大字奥田819番地の1,田中町1組の2西B ﾌﾟﾘﾑｰﾙ105,田中町一丁目,14,4-105,kyuusinpdf.pdf,大字奥田-148,high,
1740,大字奥田819番地の1,田中町1組の2西B ﾌﾟﾘﾑｰﾙ201,田中町一丁目,14,4-201,kyuusinpdf.pdf,大字奥田-148,high,
1741,大字奥田819番地の1,田中町1組の2西B ﾌﾟﾘﾑｰﾙ202,田中町一丁目,14,4-202,kyuusinpdf.pdf,大字奥田-148,high,資料上2回出現
1742,大字奥田819番地の1,田中町1組の2西B ﾌﾟﾘﾑｰﾙ203,田中町一丁目,14,4-203,kyuusinpdf.pdf,大字奥田-148,high,
1743,大字奥田819番地の1,田中町1組の2西B ﾌﾟﾘﾑｰﾙ204,田中町一丁目,14,4-204,kyuusinpdf.pdf,大字奥田-148,high,
1744,大字奥田819番地の1,田中町1組の2西B ﾌﾟﾘﾑｰﾙ205,田中町一丁目,14,4-205,kyuusinpdf.pdf,大字奥田-148,high,
1745,大字奥田819番地の1,田中町1組の2の西B ﾌﾟﾘﾑｰﾙ206,田中町一丁目,14,4-206,kyuusinpdf.pdf,大字奥田-149,high,
1746,大字奥田819番地の1,田中町1組の2西B ﾌﾟﾘﾑｰﾙ301,田中町一丁目,14,4-301,kyuusinpdf.pdf,大字奥田-149,high,
1747,大字奥田819番地の1,田中町1組の2西B ﾌｪﾘｶﾊｲﾂ南大分302,田中町一丁目,14,4-302,kyuusinpdf.pdf,大字奥田-149,high,
1748,大字奥田819番地の1,田中町1組の2の西B ﾌﾟﾘﾑｰﾙ303,田中町一丁目,14,4-303,kyuusinpdf.pdf,大字奥田-149,high,
1749,大字奥田819番地の1,田中町1組の2西B ﾌﾟﾘﾑｰﾙ304,田中町一丁目,14,4-304,kyuusinpdf.pdf,大字奥田-149,high,
1750,大字奥田819番地の1,田中町1組の2西B ﾌﾟﾘﾑｰﾙ305,田中町一丁目,14,4-305,kyuusinpdf.pdf,大字奥田-149,high,
1751,大字奥田819番地の1,田中町1組の2西B ﾌﾟﾘﾑｰﾙ306,田中町一丁目,14,4-306,kyuusinpdf.pdf,大字奥田-149,high,
1752,大字奥田819番地の1,田中町1組の2西B ﾌﾟﾘﾑｰﾙ401,田中町一丁目,14,4-401,kyuusinpdf.pdf,大字奥田-149,high,
1753,大字奥田819番地の1,田中町1組の2西B ﾌﾟﾘﾑｰﾙ402,田中町一丁目,14,4-402,kyuusinpdf.pdf,大字奥田-149,high,
1754,大字奥田819番地の1,田中町1組の2西B ﾌﾟﾘﾑｰﾙ403,田中町一丁目,14,4-403,kyuusinpdf.pdf,大字奥田-149,high,
1755,大字奥田819番地の1,田中町1組の2西B ﾌﾟﾘﾑｰﾙ404,田中町一丁目,14,4-404,kyuusinpdf.pdf,大字奥田-149,high,
1756,大字奥田819番地の1,田中町1組の2西B ﾌﾟﾘﾑｰﾙ405,田中町一丁目,14,4-405,kyuusinpdf.pdf,大字奥田-149,high,
1757,大字奥田819番地の1,田中町1組の2西B ﾌﾟﾘﾑｰﾙ406,田中町一丁目,14,4-406,kyuusinpdf.pdf,大字奥田-149,high,
1758,大字奥田819番地の1,田中町1組の2西B ﾌﾟﾘﾑｰﾙ501,田中町一丁目,14,4-501,kyuusinpdf.pdf,大字奥田-150,high,資料上2回出現
1759,大字奥田819番地の1,田中町1組の2西B ﾌﾟﾘﾑｰﾙ502,田中町一丁目,14,4-502,kyuusinpdf.pdf,大字奥田-150,high,
1760,大字奥田819番地の1,田中町1組の2西B ﾌｪﾘｶﾊｲﾂ南大分503,田中町一丁目,14,4-503,kyuusinpdf.pdf,大字奥田-150,high,
1761,大字奥田819番地の1,田中町1組の2西B ﾌﾟﾘﾑｰﾙ504,田中町一丁目,14,4-504,kyuusinpdf.pdf,大字奥田-150,high,
1762,大字奥田819番地の1,田中町1組の2西B ﾌﾟﾘﾑｰﾙ505,田中町一丁目,14,4-505,kyuusinpdf.pdf,大字奥田-150,high,
1763,大字奥田819番地の1,田中町1組の2西B ﾌｪﾘｶﾊｲﾂ南大分506,田中町一丁目,14,4-506,kyuusinpdf.pdf,大字奥田-150,high,
1764,大字奥田819番地の1,田中町1組の2西B ﾌﾟﾘﾑｰﾙ601,田中町一丁目,14,4-601,kyuusinpdf.pdf,大字奥田-150,high,
1765,大字奥田819番地の1,田中町1組の2西B ﾌﾟﾘﾑｰﾙ602,田中町一丁目,14,4-602,kyuusinpdf.pdf,大字奥田-150,high,
1766,大字奥田819番地の1,田中町1組の2西B ﾌｪﾘｶﾊｲﾂ南大分603,田中町一丁目,14,4-603,kyuusinpdf.pdf,大字奥田-150,high,
1767,大字奥田819番地の1,田中町1組の2西B ﾌﾟﾘﾑｰﾙ604,田中町一丁目,14,4-604,kyuusinpdf.pdf,大字奥田-150,high,
1768,大字奥田819番地の1,田中町1組の2西B ﾌﾟﾘﾑｰﾙ605,田中町一丁目,14,4-605,kyuusinpdf.pdf,大字奥田-150,high,
1769,大字奥田819番地の1,田中町1組の2西B ﾌﾟﾘﾑｰﾙ606,田中町一丁目,14,4-606,kyuusinpdf.pdf,大字奥田-150,high,
1770,大字奥田819番地の4,田中町1組2,田中町一丁目,14,3,kyuusinpdf.pdf,大字奥田-151,high,
1771,大字奥田819番地の4,田中町1組の2西C 三和ｺ-ﾎﾟ南大分201,田中町一丁目,14,3-201,kyuusinpdf.pdf,大字奥田-151,high,
1772,大字奥田819番地の4,田中町1組の2西C 三和ｺ-ﾎﾟ南大分202,田中町一丁目,14,3-202,kyuusinpdf.pdf,大字奥田-151,high,
1773,大字奥田819番地の4,田中町1組の2西C 三和ｺｰﾎﾟ南大分301,田中町一丁目,14,3-301,kyuusinpdf.pdf,大字奥田-151,high,
1774,大字奥田819番地の4,田中町1組の2西C 三和ｺｰﾎﾟ南大分302,田中町一丁目,14,3-302,kyuusinpdf.pdf,大字奥田-151,high,資料上2回出現
1775,大字奥田819番地の4,田中町1組の2西C 三和ｺｰﾎﾟ南大分401,田中町一丁目,14,3-401,kyuusinpdf.pdf,大字奥田-151,high,資料上2回出現
1776,大字奥田819番地の4,田中町1組の2西C 三和ｺｰﾎﾟ南大分402,田中町一丁目,14,3-402,kyuusinpdf.pdf,大字奥田-151,high,
1777,大字奥田819番地の4,田中町1組の2西C 三和ｺｰﾎﾟ南大分501,田中町一丁目,14,3-501,kyuusinpdf.pdf,大字奥田-151,high,
1778,大字奥田819番地の4,田中町1組の2 三和ｺｰﾎﾟ南大分502,田中町一丁目,14,3-502,kyuusinpdf.pdf,大字奥田-151,high,
1779,大字奥田819番地の4,田中町1組の2西C 三和ｺｰﾎﾟ南大分601,田中町一丁目,14,3-601,kyuusinpdf.pdf,大字奥田-151,high,
1780,大字奥田819番地の4,田中町1組の2西C 三和ｺｰﾎﾟ南大分602,田中町一丁目,14,3-602,kyuusinpdf.pdf,大字奥田-151,high,
1781,大字奥田819番地の4,田中町1組の2西C 三和ｺｰﾎﾟ南大分701,田中町一丁目,14,3-701,kyuusinpdf.pdf,大字奥田-152,high,
1782,大字奥田819番地の4,田中町1組の2西C 三和ｺｰﾎﾟ南大分702,田中町一丁目,14,3-702,kyuusinpdf.pdf,大字奥田-152,high,
1783,大字奥田819番地の4,田中町1組の2西C 三和ｺｰﾎﾟ南大分801,田中町一丁目,14,3-801,kyuusinpdf.pdf,大字奥田-152,high,
1784,大字奥田819番地の4,田中町1組の2西C 三和ｺｰﾎﾟ南大分802,田中町一丁目,14,3-802,kyuusinpdf.pdf,大字奥田-152,high,
1785,大字奥田819番地の4,田中町2-1組,田中町一丁目,14,24,kyuusinpdf.pdf,大字奥田-152,high,
1786,大字奥田819番地の7,田中町2組の1,田中町一丁目,14,25,kyuusinpdf.pdf,大字奥田-152,high,
1787,大字奥田819番地の8,田中町2組の1,田中町一丁目,14,27,kyuusinpdf.pdf,大字奥田-152,high,
1788,大字奥田819番地の12,田中町2組の1 ｺｰﾎﾟ庄201,田中町一丁目,14,22,kyuusinpdf.pdf,大字奥田-152,high,
1789,大字奥田819番地の12,田中町2組の1 ｺｰﾎﾟ庄202,田中町一丁目,14,22,kyuusinpdf.pdf,大字奥田-152,high,
1790,大字奥田819番地の12,田中町2組の1,田中町一丁目,14,23,kyuusinpdf.pdf,大字奥田-152,high,
1791,大字奥田819番地の15,田中町2組の1,田中町一丁目,14,21,kyuusinpdf.pdf,大字奥田-152,high,
1792,大字奥田820番地の4,田中町1組の4B,田中町一丁目,16,55,kyuusinpdf.pdf,大字奥田-152,high,
1793,大字奥田820番地の5,田中町1組の4B,田中町一丁目,16,54,kyuusinpdf.pdf,大字奥田-152,high,
1794,大字奥田820番地の6,田中町1組の4B,田中町一丁目,16,53,kyuusinpdf.pdf,大字奥田-153,high,
1795,大字奥田820番地の7,田中町1組の4B,田中町一丁目,16,52,kyuusinpdf.pdf,大字奥田-153,high,
1796,大字奥田820番地の8,田中町1組の4B,田中町一丁目,16,51,kyuusinpdf.pdf,大字奥田-153,high,
1797,大字奥田820番地の9,田中町1組の4B,田中町一丁目,16,50,kyuusinpdf.pdf,大字奥田-153,high,
1798,大字奥田820番地の10,田中町1組の4B,田中町一丁目,16,49,kyuusinpdf.pdf,大字奥田-153,high,
1799,大字奥田820番地の11,田中町1組の4B,田中町一丁目,16,48,kyuusinpdf.pdf,大字奥田-153,high,
1800,大字奥田820番地の12,田中町1組の4B,田中町一丁目,16,47,kyuusinpdf.pdf,大字奥田-153,high,
1801,大字奥田820番地の13,田中町1組の4B,田中町一丁目,16,46,kyuusinpdf.pdf,大字奥田-153,high,
1802,大字奥田821番地,田中町1組の3,田中町一丁目,16,33,kyuusinpdf.pdf,大字奥田-153,high,
1803,大字奥田821番地の6,田中町1組の3,田中町一丁目,16,24,kyuusinpdf.pdf,大字奥田-153,high,資料上2回出現
1804,大字奥田字中津町822番地の3,田中町1組の3,田中町一丁目,16,8,kyuusinpdf.pdf,大字奥田-153,high,
1805,大字奥田822番地の3,田中町1組の3 首藤ビル101,田中町一丁目,16,14,kyuusinpdf.pdf,大字奥田-153,high,
1806,大字奥田822番地の6,田中町1組の3,田中町一丁目,16,10,kyuusinpdf.pdf,大字奥田-154,high,資料上2回出現
1807,大字奥田822番地の7,田中町1組の3,田中町一丁目,16,1,kyuusinpdf.pdf,大字奥田-154,high,資料上2回出現
1808,大字奥田822番地の8,田中町1組の3,田中町一丁目,16,11,kyuusinpdf.pdf,大字奥田-154,high,
1809,大字奥田822番地の9,田中町1組の3,田中町一丁目,16,4,kyuusinpdf.pdf,大字奥田-154,high,
1810,大字奥田822番地の10,田中町1組の3,田中町一丁目,16,6,kyuusinpdf.pdf,大字奥田-154,high,
1811,大字奥田822番地の11,田中町1組の3,田中町一丁目,16,14,kyuusinpdf.pdf,大字奥田-154,high,
1812,大字奥田824番地,田中町1組の2,田中町一丁目,14,12,kyuusinpdf.pdf,大字奥田-154,high,
1813,大字奥田824番地の4,田中町2組の1,田中町一丁目,14,29,kyuusinpdf.pdf,大字奥田-154,high,
1814,大字奥田824番地の5,田中町2組の1,田中町一丁目,14,30,kyuusinpdf.pdf,大字奥田-154,high,
1815,大字奥田824番地の6,田中町2組の1,田中町一丁目,14,17,kyuusinpdf.pdf,大字奥田-154,high,
1816,大字奥田824番地の6,田中町2組の1,田中町一丁目,14,18,kyuusinpdf.pdf,大字奥田-154,high,
1817,大字奥田824番地の10,田中町2組の1,田中町一丁目,14,19,kyuusinpdf.pdf,大字奥田-155,high,
1818,大字奥田824番地の11,田中町2組の1,田中町一丁目,14,20,kyuusinpdf.pdf,大字奥田-155,high,資料上2回出現
1819,大字奥田824番地の13,田中町1組の2西A ﾊﾟｰﾌﾟﾙﾊｲﾂ安部101,田中町一丁目,14,6-101,kyuusinpdf.pdf,大字奥田-155,high,
1820,大字奥田824番地の13,田中町1組の2西A ﾊﾟｰﾌﾟﾙﾊｲﾂ安部102,田中町一丁目,14,6-102,kyuusinpdf.pdf,大字奥田-155,high,
1821,大字奥田824番地の13,田中町1組の2西A ﾊﾟｰﾌﾟﾙﾊｲﾂ安部103,田中町一丁目,14,6-103,kyuusinpdf.pdf,大字奥田-155,high,
1822,大字奥田824番地の13,田中町1組の2西A ﾊﾟｰﾌﾟﾙﾊｲﾂ安部105,田中町一丁目,14,6-105,kyuusinpdf.pdf,大字奥田-155,high,
1823,大字奥田824番地の13,田中町1組の2西A ﾊﾟｰﾌﾟﾙﾊｲﾂ安部106,田中町一丁目,14,6-106,kyuusinpdf.pdf,大字奥田-155,high,
1824,大字奥田824番地の13,田中町1組の2西A ﾊﾟｰﾌﾟﾙﾊｲﾂ安部201,田中町一丁目,14,6-201,kyuusinpdf.pdf,大字奥田-155,high,資料上2回出現
1825,大字奥田824番地の13,田中町1組の2西A ﾊﾟｰﾌﾟﾙﾊｲﾂ安部202,田中町一丁目,14,6-202,kyuusinpdf.pdf,大字奥田-155,high,
1826,大字奥田824番地の13,田中町1組の2西A ﾊﾟｰﾌﾟﾙﾊｲﾂ安部203,田中町一丁目,14,6-203,kyuusinpdf.pdf,大字奥田-155,high,
1827,大字奥田824番地の13,田中町1組の2西A ﾊﾟｰﾌﾟﾙﾊｲﾂ安部205,田中町一丁目,14,6-205,kyuusinpdf.pdf,大字奥田-155,high,
1828,大字奥田824番地の13,田中町1組の2西A ﾊﾟｰﾌﾟﾙﾊｲﾂ安部206,田中町一丁目,14,6-206,kyuusinpdf.pdf,大字奥田-156,high,資料上2回出現
1829,大字奥田824番地の13,田中町1組の2西A ﾊﾟｰﾌﾟﾙﾊｲﾂ安部301,田中町一丁目,14,6-301,kyuusinpdf.pdf,大字奥田-156,high,
1830,大字奥田824番地の13,田中町1組の2西A ﾊﾟｰﾌﾟﾙﾊｲﾂ安部302,田中町一丁目,14,6-302,kyuusinpdf.pdf,大字奥田-156,high,
1831,大字奥田824番地の13,田中町1組の2西A ﾊﾟｰﾌﾟﾙﾊｲﾂ安部303,田中町一丁目,14,6-303,kyuusinpdf.pdf,大字奥田-156,high,
1832,大字奥田824番地の13,田中町1組の2西A ﾊﾟｰﾌﾟﾙﾊｲﾂ安部305,田中町一丁目,14,6-305,kyuusinpdf.pdf,大字奥田-156,high,
1833,大字奥田824番地の13,田中町1組の2西A ﾊﾟｰﾌﾟﾙﾊｲﾂ安部306,田中町一丁目,14,6-306,kyuusinpdf.pdf,大字奥田-156,high,
1834,大字奥田824番地の13,田中町1組の2西A ﾊﾟｰﾌﾟﾙﾊｲﾂ安部501,田中町一丁目,14,6-501,kyuusinpdf.pdf,大字奥田-156,high,
1835,大字奥田824番地の13,田中町1組の2西A ﾊﾟｰﾌﾟﾙﾊｲﾂ安部502,田中町一丁目,14,6-502,kyuusinpdf.pdf,大字奥田-156,high,
1836,大字奥田824番地の13,田中町1組の2西A ﾊﾟｰﾌﾟﾙﾊｲﾂ安部503,田中町一丁目,14,6-503,kyuusinpdf.pdf,大字奥田-156,high,
1837,大字奥田824番地の13,田中町1組の2西A ﾊﾟｰﾌﾟﾙﾊｲﾂ安部505,田中町一丁目,14,6-505,kyuusinpdf.pdf,大字奥田-156,high,
1838,大字奥田824番地の13,田中町1組の2西A ﾊﾟｰﾌﾟﾙﾊｲﾂ安部506,田中町一丁目,14,6-506,kyuusinpdf.pdf,大字奥田-156,high,
1839,大字奥田824番地の17,田中町2組の1,田中町一丁目,14,28,kyuusinpdf.pdf,大字奥田-156,high,
1840,大字奥田825番地の6,田中町2組の1 ｼｰｸﾊｲﾑ渡辺101,田中町一丁目,14,16,kyuusinpdf.pdf,大字奥田-157,high,
1841,大字奥田825番地の6,田中町2組の1 ｼｰｸﾊｲﾑ渡辺102,田中町一丁目,14,16,kyuusinpdf.pdf,大字奥田-157,high,
1842,大字奥田825番地の6,田中町2組の1 ｼｰｸﾊｲﾑ渡辺201,田中町一丁目,14,16,kyuusinpdf.pdf,大字奥田-157,high,
1843,大字奥田825番地の6,田中町2組の1 ｼｰｸﾊｲﾑ渡辺202,田中町一丁目,14,16,kyuusinpdf.pdf,大字奥田-157,high,
1844,大字奥田825番地の6,田中町2組の1 ｼｰｸﾊｲﾑ渡辺301,田中町一丁目,14,16,kyuusinpdf.pdf,大字奥田-157,high,
1845,大字奥田825番地の6,田中町2組の1 ｼｰｸﾊｲﾑ渡辺302,田中町一丁目,14,16,kyuusinpdf.pdf,大字奥田-157,high,
1846,大字奥田825番地の11,田中町2組の1,田中町一丁目,14,31,kyuusinpdf.pdf,大字奥田-157,high,資料上2回出現
1847,大字奥田字中津町827番地5,田中町1-3,田中町一丁目,15,8,kyuusinpdf.pdf,大字奥田-157,high,
1848,大字奥田828番地,田中町2組の2,田中町一丁目,14,40,kyuusinpdf.pdf,大字奥田-157,high,資料上2回出現
1849,大字奥田828番地の1,田中町2組の2,田中町一丁目,14,37,kyuusinpdf.pdf,大字奥田-157,high,
1850,大字奥田828番地の3,田中町2組の1 むつみﾊｳｽ101,田中町一丁目,14,33,kyuusinpdf.pdf,大字奥田-157,high,
1851,大字奥田828番地の3,田中町2組の1 むつみﾊｳｽ102,田中町一丁目,14,33,kyuusinpdf.pdf,大字奥田-158,high,
1852,大字奥田828番地の3,田中町2組の1 むつみﾊｳｽ103,田中町一丁目,14,33,kyuusinpdf.pdf,大字奥田-158,high,資料上2回出現
1853,大字奥田828番地の3,田中町2組の1 むつみﾊｳｽ201,田中町一丁目,14,33,kyuusinpdf.pdf,大字奥田-158,high,
1854,大字奥田828番地の3,田中町2組の1 むつみﾊｳｽ202,田中町一丁目,14,33,kyuusinpdf.pdf,大字奥田-158,high,
1855,大字奥田828番地の3,田中町2組の1 むつみﾊｳｽ203,田中町一丁目,14,33,kyuusinpdf.pdf,大字奥田-158,high,
1856,大字奥田828番地の4,田中町2組の1,田中町一丁目,14,34,kyuusinpdf.pdf,大字奥田-158,high,
1857,大字奥田828番地の5,田中町2組の2,田中町一丁目,14,35,kyuusinpdf.pdf,大字奥田-158,high,
1858,大字奥田829番地,田中町2組の3,田中町一丁目,13,2,kyuusinpdf.pdf,大字奥田-158,high,
1859,大字奥田829番地の1,田中町3組,田中町一丁目,14,43,kyuusinpdf.pdf,大字奥田-158,high,
1860,大字奥田829番地の1,田中町3組,田中町一丁目,14,44,kyuusinpdf.pdf,大字奥田-158,high,
1861,大字奥田829番地の2,田中町3組,田中町一丁目,14,42,kyuusinpdf.pdf,大字奥田-158,high,
1862,大字奥田832番地の1,田中町3組の1 ﾌﾚｸﾞﾗﾝｽ三浦102,田中町一丁目,14,44,kyuusinpdf.pdf,大字奥田-158,high,
1863,大字奥田832番地の1,田中町3組の1 ﾌﾚｸﾞﾗﾝｽ三浦103,田中町一丁目,14,44,kyuusinpdf.pdf,大字奥田-159,high,
1864,大字奥田832番地の1,田中町3組の1 ﾌﾚｸﾞﾗﾝｽ三浦105,田中町一丁目,14,44,kyuusinpdf.pdf,大字奥田-159,high,
1865,大字奥田832番地の1,田中町3組の1 ﾌﾚｸﾞﾗﾝｽ三浦201,田中町一丁目,14,44,kyuusinpdf.pdf,大字奥田-159,high,
1866,大字奥田832番地の1,田中町3組の1 ﾌﾚｸﾞﾗﾝｽ三浦202,田中町一丁目,14,44,kyuusinpdf.pdf,大字奥田-159,high,
1867,大字奥田832番地の1,田中町3組の1 ﾌﾚｸﾞﾗﾝｽ三浦203,田中町一丁目,14,44,kyuusinpdf.pdf,大字奥田-159,high,
1868,大字奥田832番地の1,田中町3組の1 ﾌﾚｸﾞﾗﾝｽ三浦205,田中町一丁目,14,44,kyuusinpdf.pdf,大字奥田-159,high,
1869,大字奥田833番地の3,田中町3組,田中町一丁目,14,45,kyuusinpdf.pdf,大字奥田-159,high,資料上2回出現
1870,大字奥田835番地の1,田中町4組の5 ｻﾝﾛｲﾔﾙ奥田101,田中町二丁目,13,7,kyuusinpdf.pdf,大字奥田-159,high,
1871,大字奥田835番地の1,田中町4組の5,田中町二丁目,13,7,kyuusinpdf.pdf,大字奥田-159,high,
1872,大字奥田835番地の1,田中町4-5 ｻﾝﾛｲﾔﾙ奥田203,田中町二丁目,13,7,kyuusinpdf.pdf,大字奥田-159,high,
1873,大字奥田835番地の1,田中町4組の5 ｻﾝﾛｲﾔﾙ奥田301,田中町二丁目,13,7-301,kyuusinpdf.pdf,大字奥田-159,high,
1874,大字奥田835番地の1,田中町4組の5 ｻﾝﾛｲﾔﾙ奥田302,田中町二丁目,13,7-302,kyuusinpdf.pdf,大字奥田-159,high,
1875,大字奥田835番地の1,田中町4組の5 ｻﾝﾛｲﾔﾙ奥田303,田中町二丁目,13,7-303,kyuusinpdf.pdf,大字奥田-160,high,
1876,大字奥田835番地の1,田中町4組の5 ｻﾝﾛｲﾔﾙ奥田305,田中町二丁目,13,7-305,kyuusinpdf.pdf,大字奥田-160,high,資料上2回出現
1877,大字奥田835番地の1,田中町4組の5 ｻﾝﾛｲﾔﾙ奥田306,田中町二丁目,13,7-306,kyuusinpdf.pdf,大字奥田-160,high,
1878,大字奥田835番地の1,田中町4組の5 ｻﾝﾛｲﾔﾙ奥田401,田中町二丁目,13,7-401,kyuusinpdf.pdf,大字奥田-160,high,
1879,大字奥田835番地の1,田中町4組の5 ｻﾝﾛｲﾔﾙ奥田402,田中町二丁目,13,7-402,kyuusinpdf.pdf,大字奥田-160,high,
1880,大字奥田835番地の1,田中町4組の5 ｻﾝﾛｲﾔﾙ奥田403,田中町二丁目,13,7-403,kyuusinpdf.pdf,大字奥田-160,high,
1881,大字奥田835番地の1,田中町4組の5 ｻﾝﾛｲﾔﾙ奥田405,田中町二丁目,13,7-405,kyuusinpdf.pdf,大字奥田-160,high,
1882,大字奥田835番地の1,田中町4組の5 ｻﾝﾛｲﾔﾙ奥田406,田中町二丁目,13,7-406,kyuusinpdf.pdf,大字奥田-160,high,
1883,大字奥田835番地の1,田中町4組の5 ｻﾝﾛｲﾔﾙ奥田501,田中町二丁目,13,7-501,kyuusinpdf.pdf,大字奥田-160,high,
1884,大字奥田835番地の1,田中町4組の5 ﾌﾟﾗｻﾞﾋﾞﾙ奥田502,田中町二丁目,13,7-502,kyuusinpdf.pdf,大字奥田-160,high,
1885,大字奥田835番地の1,田中町4組の5 ｻﾝﾛｲﾔﾙ奥田503,田中町二丁目,13,7-503,kyuusinpdf.pdf,大字奥田-160,high,
1886,大字奥田835番地の1,田中町4組の5 ｻﾝﾛｲﾔﾙ奥田505,田中町二丁目,13,7-505,kyuusinpdf.pdf,大字奥田-160,high,
1887,大字奥田835番地の1,田中町4組の5 ｻﾝﾛｲﾔﾙ奥田506,田中町二丁目,13,7-506,kyuusinpdf.pdf,大字奥田-161,high,
1888,大字奥田835番地の3,田中町4組の3,田中町二丁目,13,17,kyuusinpdf.pdf,大字奥田-161,high,資料上2回出現
1889,大字奥田835番地の8,田中町4組の2,田中町二丁目,13,4,kyuusinpdf.pdf,大字奥田-161,high,
1890,大字奥田835番地の9,田中町4-2,田中町二丁目,13,5,kyuusinpdf.pdf,大字奥田-161,high,
1891,大字奥田835番地の9,田中町4組の2,田中町二丁目,13,5,kyuusinpdf.pdf,大字奥田-161,high,
1892,大字奥田835番10,田中町4-5,田中町二丁目,13,6,kyuusinpdf.pdf,大字奥田-161,high,
1893,大字奥田835番地の10,,田中町二丁目,13,6,kyuusinpdf.pdf,大字奥田-161,high,
1894,大字奥田835番地の10,田中町4組の5,田中町二丁目,13,6,kyuusinpdf.pdf,大字奥田-161,high,
1895,大字奥田836番地,田中町3組,田中町一丁目,14,47,kyuusinpdf.pdf,大字奥田-161,high,
1896,大字奥田836番地3,田中町3組 大津留ﾋﾞﾙ301号,田中町一丁目,14,48,kyuusinpdf.pdf,大字奥田-161,high,
1897,大字奥田836番地の3,,田中町一丁目,14,48,kyuusinpdf.pdf,大字奥田-161,high,
1898,大字奥田838番地の2,田中町4組の1,田中町二丁目,13,1,kyuusinpdf.pdf,大字奥田-164,high,資料上2回出現
1899,大字奥田839番地の1,田中町4組の3 ﾄﾞﾘｰﾑﾊｲﾂⅡ101,田中町二丁目,13,19,kyuusinpdf.pdf,大字奥田-164,high,
1900,大字奥田839番地の1,田中町4組の3 ﾄﾞﾘｰﾑﾊｲﾂⅡ102,田中町二丁目,13,19,kyuusinpdf.pdf,大字奥田-164,high,
1901,大字奥田839番地の1,田中町4組の3 ﾄﾞﾘｰﾑﾊｲﾂⅡ103,田中町二丁目,13,19,kyuusinpdf.pdf,大字奥田-164,high,
1902,大字奥田839番地の1,田中町4組の3 ﾄﾞﾘｰﾑﾊｲﾂⅡ105,田中町二丁目,13,19,kyuusinpdf.pdf,大字奥田-164,high,
1903,大字奥田839番地の1,田中町4組の3 ﾄﾞﾘｰﾑﾊｲﾂⅡ201,田中町二丁目,13,19,kyuusinpdf.pdf,大字奥田-164,high,
1904,大字奥田839番地の1,田中町4組の3 ﾄﾞﾘｰﾑﾊｲﾂⅡ202,田中町二丁目,13,19,kyuusinpdf.pdf,大字奥田-164,high,
1905,大字奥田839番地の1,田中町4組の3 ﾄﾞﾘｰﾑﾊｲﾂⅡ203,田中町二丁目,13,19,kyuusinpdf.pdf,大字奥田-164,high,資料上2回出現
1906,大字奥田839番地の1,田中町4組の3 ﾄﾞﾘｰﾑﾊｲﾂⅡ205,田中町二丁目,13,19,kyuusinpdf.pdf,大字奥田-165,high,
1907,大字奥田839番地の3,田中町4組の3,田中町二丁目,13,22,kyuusinpdf.pdf,大字奥田-165,high,
1908,大字奥田839番地の6,田中町4組の3,田中町二丁目,13,21,kyuusinpdf.pdf,大字奥田-165,high,
1909,大字奥田840番地の6,田中町4組の1,田中町二丁目,13,31,kyuusinpdf.pdf,大字奥田-165,high,
1910,大字奥田840番地の10,田中町4組の1,田中町二丁目,13,30,kyuusinpdf.pdf,大字奥田-165,high,資料上2回出現
1911,大字奥田840番地の11,田中町4組の1,田中町二丁目,13,29,kyuusinpdf.pdf,大字奥田-165,high,資料上2回出現
1912,大字奥田840番地の14,田中町4組の1,田中町二丁目,13,25,kyuusinpdf.pdf,大字奥田-165,high,
1913,大字奥田840番地の15,田中町4組の1,田中町二丁目,13,23,kyuusinpdf.pdf,大字奥田-165,high,
1914,大字奥田840番地の18,田中町4組の1,田中町二丁目,13,25,kyuusinpdf.pdf,大字奥田-165,high,
1915,大字奥田840番地の20,田中町4組の3 後藤ﾋﾞﾙ2F,田中町二丁目,13,24,kyuusinpdf.pdf,大字奥田-165,high,資料上2回出現
1916,大字奥田840番地の21,田中町4組の1,田中町二丁目,13,24,kyuusinpdf.pdf,大字奥田-166,high,
1917,大字奥田840番地の22,田中町4組の1,田中町二丁目,13,37,kyuusinpdf.pdf,大字奥田-166,high,
1918,大字奥田840番地の23,田中町4組の1,田中町二丁目,13,36,kyuusinpdf.pdf,大字奥田-166,high,
1919,大字奥田841番地の1,田中町4組の1,田中町二丁目,13,41,kyuusinpdf.pdf,大字奥田-166,high,
1920,大字奥田841番地の9,田中町4組の1,田中町二丁目,13,35,kyuusinpdf.pdf,大字奥田-166,high,
1921,大字奥田842番地の1,田中町4組の1,田中町二丁目,13,45,kyuusinpdf.pdf,大字奥田-166,high,資料上2回出現
1922,大字奥田842番地の2,田中町4組の1,田中町二丁目,13,47,kyuusinpdf.pdf,大字奥田-166,high,
1923,大字奥田843番地,田中町5組の1,田中町二丁目,14,1,kyuusinpdf.pdf,大字奥田-166,high,
1924,大字奥田843番地の2,田中町5組の1,田中町二丁目,14,44,kyuusinpdf.pdf,大字奥田-166,high,
1925,大字奥田844番地の1,田中町5組の1,田中町二丁目,14,4,kyuusinpdf.pdf,大字奥田-166,high,
1926,大字奥田844番地の2,田中町5組の1,田中町二丁目,14,41,kyuusinpdf.pdf,大字奥田-166,high,資料上2回出現
1927,大字奥田844番地の3,田中町5組の1 ﾋﾞｭｰﾈ101,田中町二丁目,14,42,kyuusinpdf.pdf,大字奥田-167,high,
1928,大字奥田844番地の3,田中町5組の1 ﾋﾞｭｰﾈ102,田中町二丁目,14,42,kyuusinpdf.pdf,大字奥田-167,high,資料上2回出現
1929,大字奥田844番地の3,田中町5組の1 ﾋﾞｭｰﾈ201,田中町二丁目,14,42,kyuusinpdf.pdf,大字奥田-167,high,
1930,大字奥田844番地の3,田中町5組の1 ﾋﾞｭｰﾈ202,田中町二丁目,14,42,kyuusinpdf.pdf,大字奥田-167,high,
1931,大字奥田844番地の7,田中町5組の1,田中町二丁目,14,37,kyuusinpdf.pdf,大字奥田-167,high,
1932,大字奥田845番地の1,田中町5組の2,田中町二丁目,14,7,kyuusinpdf.pdf,大字奥田-167,high,
1933,大字奥田845番地の1,田中町5組の2,田中町二丁目,14,10,kyuusinpdf.pdf,大字奥田-167,high,
1934,大字奥田845番地の1,田中町5組の2,田中町二丁目,14,11,kyuusinpdf.pdf,大字奥田-167,high,
1935,大字奥田846番地の3,明磧町10組の3,田中町二丁目,14,32,kyuusinpdf.pdf,大字奥田-171,high,
1936,大字奥田846番地の7,明磧町10組の3,田中町二丁目,14,22,kyuusinpdf.pdf,大字奥田-171,high,
1937,大字奥田846番地の8,明磧町10組の3,田中町二丁目,14,35,kyuusinpdf.pdf,大字奥田-171,high,
1938,大字奥田846番地の9,田中町5組の2,田中町二丁目,14,16,kyuusinpdf.pdf,大字奥田-171,high,
1939,大字奥田846番地の10,田中町5組,田中町二丁目,14,17,kyuusinpdf.pdf,大字奥田-171,high,
1940,大字奥田847番地の6,明磧町10組の3,田中町二丁目,14,26,kyuusinpdf.pdf,大字奥田-171,high,
1941,大字奥田959番地,田中町2組の2,田中町一丁目,13,20,kyuusinpdf.pdf,大字奥田-172,high,
1942,大字奥田959番地,田中町11組の1,田中町二丁目,2,1,kyuusinpdf.pdf,大字奥田-172,high,
1943,大字奥田959番地,田中町11組の1,田中町二丁目,2,20,kyuusinpdf.pdf,大字奥田-172,high,
1944,,二又町4組のD 三和ｺｰﾎﾟ401,二又町二丁目,7,1-401,kyuusinpdf.pdf,大字奥田-172,low,資料上、旧住所欄(大字・番地)が空欄で通称欄に相当する記載のみ存在したため、old_addressを空欄としaliasに格納
1945,,二又町5組,二又町一丁目,3,30,kyuusinpdf.pdf,大字奥田-172,low,資料上、旧住所欄(大字・番地)が空欄で通称欄に相当する記載のみ存在したため、old_addressを空欄としaliasに格納
1946,,二又町7組,二又町三丁目,1,15,kyuusinpdf.pdf,大字奥田-172,low,資料上、旧住所欄(大字・番地)が空欄で通称欄に相当する記載のみ存在したため、old_addressを空欄としaliasに格納
1947,,二又町7組 ﾚｼﾞﾃﾞﾝｽ南大分2F,二又町三丁目,1,23,kyuusinpdf.pdf,大字奥田-172,low,資料上、旧住所欄(大字・番地)が空欄で通称欄に相当する記載のみ存在したため、old_addressを空欄としaliasに格納
1948,,二又町7組 OITA38ﾋﾞﾙⅢ,二又町三丁目,2,67,kyuusinpdf.pdf,大字奥田-172,low,資料上、旧住所欄(大字・番地)が空欄で通称欄に相当する記載のみ存在したため、old_addressを空欄としaliasに格納
1949,,二又町七組 ﾚｼﾞﾃﾞﾝｽ南大分1F,二又町三丁目,1,23,kyuusinpdf.pdf,大字奥田-172,low,資料上、旧住所欄(大字・番地)が空欄で通称欄に相当する記載のみ存在したため、old_addressを空欄としaliasに格納
1950,,二又町7-B,二又町三丁目,2,32,kyuusinpdf.pdf,大字奥田-172,low,資料上、旧住所欄(大字・番地)が空欄で通称欄に相当する記載のみ存在したため、old_addressを空欄としaliasに格納
1951,,二又町七組-C ﾚｼﾞﾃﾞﾝｽ南大分1F,二又町三丁目,1,23,kyuusinpdf.pdf,大字奥田-172,low,資料上、旧住所欄(大字・番地)が空欄で通称欄に相当する記載のみ存在したため、old_addressを空欄としaliasに格納
1952,,二又町7組F TONEﾋﾞﾙ1F,二又町三丁目,2,63,kyuusinpdf.pdf,大字奥田-172,low,資料上、旧住所欄(大字・番地)が空欄で通称欄に相当する記載のみ存在したため、old_addressを空欄としaliasに格納
1953,,二又町7組のF TONEﾋﾞﾙ101,二又町三丁目,2,63,kyuusinpdf.pdf,大字奥田-172,low,資料上、旧住所欄(大字・番地)が空欄で通称欄に相当する記載のみ存在したため、old_addressを空欄としaliasに格納
1954,,二又町7組のF TONEﾋﾞﾙ106号,二又町三丁目,2,63,kyuusinpdf.pdf,大字奥田-173,low,資料上、旧住所欄(大字・番地)が空欄で通称欄に相当する記載のみ存在したため、old_addressを空欄としaliasに格納
1955,,二又町7組のF TONEﾋﾞﾙ306,二又町三丁目,2,63-306,kyuusinpdf.pdf,大字奥田-173,low,資料上、旧住所欄(大字・番地)が空欄で通称欄に相当する記載のみ存在したため、old_addressを空欄としaliasに格納
1956,,二又町7組のF TONEﾋﾞﾙ603,二又町三丁目,2,63-603,kyuusinpdf.pdf,大字奥田-173,low,資料上、旧住所欄(大字・番地)が空欄で通称欄に相当する記載のみ存在したため、old_addressを空欄としaliasに格納
1957,,二又町7-F ﾄﾈﾋﾞﾙ1F,二又町三丁目,2,63,kyuusinpdf.pdf,大字奥田-173,low,資料上、旧住所欄(大字・番地)が空欄で通称欄に相当する記載のみ存在したため、old_addressを空欄としaliasに格納
1958,,二又町7組のH ｵｵｲﾀ38ﾋﾞﾙ305号,二又町三丁目,2,67-305,kyuusinpdf.pdf,大字奥田-173,low,資料上、旧住所欄(大字・番地)が空欄で通称欄に相当する記載のみ存在したため、old_addressを空欄としaliasに格納
1959,,田中町1組の3,田中町一丁目,15,1,kyuusinpdf.pdf,大字奥田-173,low,資料上、旧住所欄(大字・番地)が空欄で通称欄に相当する記載のみ存在したため、old_addressを空欄としaliasに格納。資料上3回出現
1960,,田中町1-3,田中町一丁目,15,1,kyuusinpdf.pdf,大字奥田-173,low,資料上、旧住所欄(大字・番地)が空欄で通称欄に相当する記載のみ存在したため、old_addressを空欄としaliasに格納
1961,,田中町1-3 南大分ﾋﾞﾙ1階,田中町一丁目,15,1,kyuusinpdf.pdf,大字奥田-173,low,資料上、旧住所欄(大字・番地)が空欄で通称欄に相当する記載のみ存在したため、old_addressを空欄としaliasに格納
1962,,田中町1番3号 ﾔﾏﾋｺ水産南大分ﾋﾞﾙ2階,田中町一丁目,15,1,kyuusinpdf.pdf,大字奥田-173,low,資料上、旧住所欄(大字・番地)が空欄で通称欄に相当する記載のみ存在したため、old_addressを空欄としaliasに格納
1963,,田中町2組の3,田中町一丁目,13,1,kyuusinpdf.pdf,大字奥田-173,low,資料上、旧住所欄(大字・番地)が空欄で通称欄に相当する記載のみ存在したため、old_addressを空欄としaliasに格納
1964,,田中町3-2 ｴﾚｶﾞﾝｽ相野1F,田中町一丁目,13,39,kyuusinpdf.pdf,大字奥田-173,low,資料上、旧住所欄(大字・番地)が空欄で通称欄に相当する記載のみ存在したため、old_addressを空欄としaliasに格納
1965,,田中町4組,田中町一丁目,6,5,kyuusinpdf.pdf,大字奥田-174,low,資料上、旧住所欄(大字・番地)が空欄で通称欄に相当する記載のみ存在したため、old_addressを空欄としaliasに格納
1966,,田中町4組の1,田中町二丁目,12,14,kyuusinpdf.pdf,大字奥田-174,low,資料上、旧住所欄(大字・番地)が空欄で通称欄に相当する記載のみ存在したため、old_addressを空欄としaliasに格納
1967,,田中町4組の1,田中町二丁目,13,25,kyuusinpdf.pdf,大字奥田-174,low,資料上、旧住所欄(大字・番地)が空欄で通称欄に相当する記載のみ存在したため、old_addressを空欄としaliasに格納
1968,,田中町4組の1,田中町二丁目,13,39,kyuusinpdf.pdf,大字奥田-174,low,資料上、旧住所欄(大字・番地)が空欄で通称欄に相当する記載のみ存在したため、old_addressを空欄としaliasに格納
1969,,田中町4-1,田中町二丁目,13,24,kyuusinpdf.pdf,大字奥田-174,low,資料上、旧住所欄(大字・番地)が空欄で通称欄に相当する記載のみ存在したため、old_addressを空欄としaliasに格納
1970,,田中町4-3 ｻﾝﾛｲﾔﾙ奥田103,田中町二丁目,13,7,kyuusinpdf.pdf,大字奥田-174,low,資料上、旧住所欄(大字・番地)が空欄で通称欄に相当する記載のみ存在したため、old_addressを空欄としaliasに格納
1971,,田中町4組-4,田中町二丁目,12,1,kyuusinpdf.pdf,大字奥田-174,low,資料上、旧住所欄(大字・番地)が空欄で通称欄に相当する記載のみ存在したため、old_addressを空欄としaliasに格納
1972,,田中町4-5,田中町二丁目,13,7,kyuusinpdf.pdf,大字奥田-174,low,資料上、旧住所欄(大字・番地)が空欄で通称欄に相当する記載のみ存在したため、old_addressを空欄としaliasに格納
1973,,田中町4-5 ｻﾝﾛｲﾔﾙ奥田107号,田中町二丁目,13,7,kyuusinpdf.pdf,大字奥田-174,low,資料上、旧住所欄(大字・番地)が空欄で通称欄に相当する記載のみ存在したため、old_addressを空欄としaliasに格納
1974,,田中町4-5 ｻﾝﾛｲﾔﾙ奥田ﾋﾞﾙ205,田中町二丁目,13,7,kyuusinpdf.pdf,大字奥田-174,low,資料上、旧住所欄(大字・番地)が空欄で通称欄に相当する記載のみ存在したため、old_addressを空欄としaliasに格納
1975,,田中町5組の1,田中町二丁目,14,1,kyuusinpdf.pdf,大字奥田-174,low,資料上、旧住所欄(大字・番地)が空欄で通称欄に相当する記載のみ存在したため、old_addressを空欄としaliasに格納
1976,,田中町五組の1,田中町二丁目,14,44,kyuusinpdf.pdf,大字奥田-174,low,資料上、旧住所欄(大字・番地)が空欄で通称欄に相当する記載のみ存在したため、old_addressを空欄としaliasに格納
1977,,田中町7の2,田中町二丁目,11,1,kyuusinpdf.pdf,大字奥田-174,low,資料上、旧住所欄(大字・番地)が空欄で通称欄に相当する記載のみ存在したため、old_addressを空欄としaliasに格納
1978,,田中町7組-4 桜ｺｰﾎﾟ1F,田中町二丁目,5,1,kyuusinpdf.pdf,大字奥田-175,low,資料上、旧住所欄(大字・番地)が空欄で通称欄に相当する記載のみ存在したため、old_addressを空欄としaliasに格納。資料上2回出現
1979,,田中町7-4 桜ｺｰﾎﾟ1F,田中町二丁目,5,1,kyuusinpdf.pdf,大字奥田-175,low,資料上、旧住所欄(大字・番地)が空欄で通称欄に相当する記載のみ存在したため、old_addressを空欄としaliasに格納
1980,,田中町8組の1,田中町二丁目,16,71,kyuusinpdf.pdf,大字奥田-175,low,資料上、旧住所欄(大字・番地)が空欄で通称欄に相当する記載のみ存在したため、old_addressを空欄としaliasに格納
1981,,田中町8組の2,田中町三丁目,9,18,kyuusinpdf.pdf,大字奥田-175,low,資料上、旧住所欄(大字・番地)が空欄で通称欄に相当する記載のみ存在したため、old_addressを空欄としaliasに格納。資料上2回出現
1982,,田中町8組2 大栄ﾋﾞﾙ1階,田中町三丁目,12,94,kyuusinpdf.pdf,大字奥田-175,low,資料上、旧住所欄(大字・番地)が空欄で通称欄に相当する記載のみ存在したため、old_addressを空欄としaliasに格納
1983,,田中町8-2,田中町三丁目,12,82,kyuusinpdf.pdf,大字奥田-175,low,資料上、旧住所欄(大字・番地)が空欄で通称欄に相当する記載のみ存在したため、old_addressを空欄としaliasに格納
1984,,田中町8-2 大栄ﾋﾞﾙ10号室,田中町三丁目,12,94,kyuusinpdf.pdf,大字奥田-175,low,資料上、旧住所欄(大字・番地)が空欄で通称欄に相当する記載のみ存在したため、old_addressを空欄としaliasに格納
1985,,田中町8-2 大栄ﾋﾞﾙ1階,田中町三丁目,12,94,kyuusinpdf.pdf,大字奥田-175,low,資料上、旧住所欄(大字・番地)が空欄で通称欄に相当する記載のみ存在したため、old_addressを空欄としaliasに格納
1986,,田中町8-4,田中町二丁目,7,1,kyuusinpdf.pdf,大字奥田-175,low,資料上、旧住所欄(大字・番地)が空欄で通称欄に相当する記載のみ存在したため、old_addressを空欄としaliasに格納
1987,,田中町8-4 内野ﾋﾞﾙ1F,田中町二丁目,7,3,kyuusinpdf.pdf,大字奥田-175,low,資料上、旧住所欄(大字・番地)が空欄で通称欄に相当する記載のみ存在したため、old_addressを空欄としaliasに格納
1988,,田中町8-4,田中町三丁目,11,3,kyuusinpdf.pdf,大字奥田-175,low,資料上、旧住所欄(大字・番地)が空欄で通称欄に相当する記載のみ存在したため、old_addressを空欄としaliasに格納
1989,,田中町8-8 ｶｰｻSHIN1F,田中町二丁目,7,53,kyuusinpdf.pdf,大字奥田-176,low,資料上、旧住所欄(大字・番地)が空欄で通称欄に相当する記載のみ存在したため、old_addressを空欄としaliasに格納。資料上2回出現
1990,,田中町9組,田中町二丁目,4,18,kyuusinpdf.pdf,大字奥田-176,low,資料上、旧住所欄(大字・番地)が空欄で通称欄に相当する記載のみ存在したため、old_addressを空欄としaliasに格納。資料上2回出現
1991,,田中町9組の1,田中町二丁目,3,8,kyuusinpdf.pdf,大字奥田-176,low,資料上、旧住所欄(大字・番地)が空欄で通称欄に相当する記載のみ存在したため、old_addressを空欄としaliasに格納
1992,,田中町9組の1 ｺﾞﾄｳｺｰﾎﾟ102,田中町二丁目,5,18,kyuusinpdf.pdf,大字奥田-176,low,資料上、旧住所欄(大字・番地)が空欄で通称欄に相当する記載のみ存在したため、old_addressを空欄としaliasに格納
1993,,田中町9-1組,田中町二丁目,3,12,kyuusinpdf.pdf,大字奥田-176,low,資料上、旧住所欄(大字・番地)が空欄で通称欄に相当する記載のみ存在したため、old_addressを空欄としaliasに格納
1994,,田中町9-1,田中町二丁目,3,8,kyuusinpdf.pdf,大字奥田-176,low,資料上、旧住所欄(大字・番地)が空欄で通称欄に相当する記載のみ存在したため、old_addressを空欄としaliasに格納
1995,,田中町9-1 植木ｺｰﾎﾟ101,田中町二丁目,3,32,kyuusinpdf.pdf,大字奥田-176,low,資料上、旧住所欄(大字・番地)が空欄で通称欄に相当する記載のみ存在したため、old_addressを空欄としaliasに格納
1996,,田中町9-1 ｺﾞﾄｳｺｰﾎﾟ101号,田中町二丁目,5,18,kyuusinpdf.pdf,大字奥田-176,low,資料上、旧住所欄(大字・番地)が空欄で通称欄に相当する記載のみ存在したため、old_addressを空欄としaliasに格納
1997,,田中町9-2,田中町二丁目,6,16,kyuusinpdf.pdf,大字奥田-176,low,資料上、旧住所欄(大字・番地)が空欄で通称欄に相当する記載のみ存在したため、old_addressを空欄としaliasに格納
1998,,田中町10組の1,田中町一丁目,12,20,kyuusinpdf.pdf,大字奥田-176,low,資料上、旧住所欄(大字・番地)が空欄で通称欄に相当する記載のみ存在したため、old_addressを空欄としaliasに格納。資料上2回出現
1999,,田中町10-1組,田中町一丁目,12,20,kyuusinpdf.pdf,大字奥田-177,low,資料上、旧住所欄(大字・番地)が空欄で通称欄に相当する記載のみ存在したため、old_addressを空欄としaliasに格納
2000,,田中町11組,田中町三丁目,1,8,kyuusinpdf.pdf,大字奥田-177,low,資料上、旧住所欄(大字・番地)が空欄で通称欄に相当する記載のみ存在したため、old_addressを空欄としaliasに格納。資料上2回出現
2001,,田中町11組の1 大分ｴﾘｵﾋﾞﾙ1F,田中町二丁目,2,13,kyuusinpdf.pdf,大字奥田-177,low,資料上、旧住所欄(大字・番地)が空欄で通称欄に相当する記載のみ存在したため、old_addressを空欄としaliasに格納
2002,,田中町11組の1,田中町二丁目,3,5,kyuusinpdf.pdf,大字奥田-177,low,資料上、旧住所欄(大字・番地)が空欄で通称欄に相当する記載のみ存在したため、old_addressを空欄としaliasに格納
2003,,田中町11の1 EXCEL田中町105,田中町二丁目,3,54,kyuusinpdf.pdf,大字奥田-177,low,資料上、旧住所欄(大字・番地)が空欄で通称欄に相当する記載のみ存在したため、old_addressを空欄としaliasに格納
2004,,田中町11-1,田中町二丁目,1,11,kyuusinpdf.pdf,大字奥田-177,low,資料上、旧住所欄(大字・番地)が空欄で通称欄に相当する記載のみ存在したため、old_addressを空欄としaliasに格納
2005,,田中町11-1,田中町二丁目,2,1,kyuusinpdf.pdf,大字奥田-177,low,資料上、旧住所欄(大字・番地)が空欄で通称欄に相当する記載のみ存在したため、old_addressを空欄としaliasに格納
2006,,田中町11-1,田中町二丁目,2,17,kyuusinpdf.pdf,大字奥田-177,low,資料上、旧住所欄(大字・番地)が空欄で通称欄に相当する記載のみ存在したため、old_addressを空欄としaliasに格納
2007,,田中町11-1 EXCEL田中町,田中町二丁目,3,54,kyuusinpdf.pdf,大字奥田-177,low,資料上、旧住所欄(大字・番地)が空欄で通称欄に相当する記載のみ存在したため、old_addressを空欄としaliasに格納
2008,,田中町11-1 EXCEL田中町101,田中町二丁目,3,54,kyuusinpdf.pdf,大字奥田-177,low,資料上、旧住所欄(大字・番地)が空欄で通称欄に相当する記載のみ存在したため、old_addressを空欄としaliasに格納
2009,,田中町11組の1A,田中町二丁目,1,1,kyuusinpdf.pdf,大字奥田-177,low,資料上、旧住所欄(大字・番地)が空欄で通称欄に相当する記載のみ存在したため、old_addressを空欄としaliasに格納
2010,,田中町11組1A EXCEL田中町202,田中町二丁目,3,54-202,kyuusinpdf.pdf,大字奥田-177,low,資料上、旧住所欄(大字・番地)が空欄で通称欄に相当する記載のみ存在したため、old_addressを空欄としaliasに格納
2011,,田中町11組の2 ﾀｳﾝ南大分1F,田中町二丁目,4,1,kyuusinpdf.pdf,大字奥田-178,low,資料上、旧住所欄(大字・番地)が空欄で通称欄に相当する記載のみ存在したため、old_addressを空欄としaliasに格納
2012,,田中町11-2,田中町一丁目,6,5,kyuusinpdf.pdf,大字奥田-178,low,資料上、旧住所欄(大字・番地)が空欄で通称欄に相当する記載のみ存在したため、old_addressを空欄としaliasに格納
2013,,田中町11-2 大栄ﾋﾞﾙ202,田中町二丁目,4,6,kyuusinpdf.pdf,大字奥田-178,low,資料上、旧住所欄(大字・番地)が空欄で通称欄に相当する記載のみ存在したため、old_addressを空欄としaliasに格納
2014,,田中町11-2 大栄ﾋﾞﾙ203,田中町二丁目,4,6,kyuusinpdf.pdf,大字奥田-178,low,資料上、旧住所欄(大字・番地)が空欄で通称欄に相当する記載のみ存在したため、old_addressを空欄としaliasに格納
2015,,田中町11-2 ｻﾗﾅｲﾄｼﾃｨﾋﾞﾙ1F,田中町二丁目,4,7,kyuusinpdf.pdf,大字奥田-178,low,資料上、旧住所欄(大字・番地)が空欄で通称欄に相当する記載のみ存在したため、old_addressを空欄としaliasに格納
2016,,田中町11組の3,田中町一丁目,7,66,kyuusinpdf.pdf,大字奥田-178,low,資料上、旧住所欄(大字・番地)が空欄で通称欄に相当する記載のみ存在したため、old_addressを空欄としaliasに格納
2017,,田中町11組の12 ｻｳｻｲﾄﾞｼﾃｨ3F,田中町二丁目,4,7,kyuusinpdf.pdf,大字奥田-178,low,資料上、旧住所欄(大字・番地)が空欄で通称欄に相当する記載のみ存在したため、old_addressを空欄としaliasに格納
2018,,田中町11-12 ｻｳｻｲﾄﾞｼﾃｨ2F,田中町二丁目,4,7,kyuusinpdf.pdf,大字奥田-178,low,資料上、旧住所欄(大字・番地)が空欄で通称欄に相当する記載のみ存在したため、old_addressを空欄としaliasに格納。資料上2回出現
2019,,田中11-12 ｻｳｻｲﾄﾞｼﾃｨ2F,田中町二丁目,4,7,kyuusinpdf.pdf,大字奥田-178,low,資料上、旧住所欄(大字・番地)が空欄で通称欄に相当する記載のみ存在したため、old_addressを空欄としaliasに格納
2020,,田中町12組の2 産商ﾋﾞﾙ,田中町一丁目,4,10,kyuusinpdf.pdf,大字奥田-178,low,資料上、旧住所欄(大字・番地)が空欄で通称欄に相当する記載のみ存在したため、old_addressを空欄としaliasに格納
2021,,田中町12組-2,田中町一丁目,4,24,kyuusinpdf.pdf,大字奥田-178,low,資料上、旧住所欄(大字・番地)が空欄で通称欄に相当する記載のみ存在したため、old_addressを空欄としaliasに格納
2022,,田中町12の2 ﾊﾞｯｶｽ館3F,田中町一丁目,4,8,kyuusinpdf.pdf,大字奥田-178,low,資料上、旧住所欄(大字・番地)が空欄で通称欄に相当する記載のみ存在したため、old_addressを空欄としaliasに格納
2023,,田中町12-2 ﾊﾞｯｶｽ館2F,田中町一丁目,4,8,kyuusinpdf.pdf,大字奥田-179,low,資料上、旧住所欄(大字・番地)が空欄で通称欄に相当する記載のみ存在したため、old_addressを空欄としaliasに格納
2024,,田中町12-2 ﾊﾞｯｶｽ館202,田中町一丁目,4,8,kyuusinpdf.pdf,大字奥田-179,low,資料上、旧住所欄(大字・番地)が空欄で通称欄に相当する記載のみ存在したため、old_addressを空欄としaliasに格納
2025,,田中町12-2 ﾊﾞｯｶｽ館2F203,田中町一丁目,4,8,kyuusinpdf.pdf,大字奥田-179,low,資料上、旧住所欄(大字・番地)が空欄で通称欄に相当する記載のみ存在したため、old_addressを空欄としaliasに格納
2026,,田中町12-2 ﾊﾞｯｶｽ館3F,田中町一丁目,4,8,kyuusinpdf.pdf,大字奥田-179,low,資料上、旧住所欄(大字・番地)が空欄で通称欄に相当する記載のみ存在したため、old_addressを空欄としaliasに格納。資料上2回出現
2027,,田中町12-2 南ｽﾃｰｼｮﾝﾋﾞﾙ1F,田中町一丁目,4,9,kyuusinpdf.pdf,大字奥田-179,low,資料上、旧住所欄(大字・番地)が空欄で通称欄に相当する記載のみ存在したため、old_addressを空欄としaliasに格納
2028,,田中町12-2 南ｽﾃｰｼｮﾝﾋﾞﾙ1-B,田中町一丁目,4,9,kyuusinpdf.pdf,大字奥田-179,low,資料上、旧住所欄(大字・番地)が空欄で通称欄に相当する記載のみ存在したため、old_addressを空欄としaliasに格納
2029,,田中町12-2 南ｽﾃｰｼｮﾝﾋﾞﾙ2F,田中町一丁目,4,9,kyuusinpdf.pdf,大字奥田-179,low,資料上、旧住所欄(大字・番地)が空欄で通称欄に相当する記載のみ存在したため、old_addressを空欄としaliasに格納
2030,,田中町12-2 南ｽﾃｰｼｮﾝﾋﾞﾙ3-B,田中町一丁目,4,9,kyuusinpdf.pdf,大字奥田-179,low,資料上、旧住所欄(大字・番地)が空欄で通称欄に相当する記載のみ存在したため、old_addressを空欄としaliasに格納
2031,,田中町12-2 南ｽﾃｰｼｮﾝﾋﾞﾙ3F,田中町一丁目,4,9,kyuusinpdf.pdf,大字奥田-179,low,資料上、旧住所欄(大字・番地)が空欄で通称欄に相当する記載のみ存在したため、old_addressを空欄としaliasに格納
2032,,田中町12-2 なにわﾋﾞﾙ102号,田中町一丁目,4,12,kyuusinpdf.pdf,大字奥田-179,low,資料上、旧住所欄(大字・番地)が空欄で通称欄に相当する記載のみ存在したため、old_addressを空欄としaliasに格納
2033,,田中町12-2 なにわﾋﾞﾙ103,田中町一丁目,4,12,kyuusinpdf.pdf,大字奥田-179,low,資料上、旧住所欄(大字・番地)が空欄で通称欄に相当する記載のみ存在したため、old_addressを空欄としaliasに格納
2034,,田中町12組の3,田中町一丁目,3,1,kyuusinpdf.pdf,大字奥田-179,low,資料上、旧住所欄(大字・番地)が空欄で通称欄に相当する記載のみ存在したため、old_addressを空欄としaliasに格納
2035,,田中町12組5,田中町一丁目,2,12,kyuusinpdf.pdf,大字奥田-180,low,資料上、旧住所欄(大字・番地)が空欄で通称欄に相当する記載のみ存在したため、old_addressを空欄としaliasに格納
2036,,田中町13-1,田中町三丁目,1,25,kyuusinpdf.pdf,大字奥田-180,low,資料上、旧住所欄(大字・番地)が空欄で通称欄に相当する記載のみ存在したため、old_addressを空欄としaliasに格納
2037,,田中町13-1,田中町三丁目,1,33,kyuusinpdf.pdf,大字奥田-180,low,資料上、旧住所欄(大字・番地)が空欄で通称欄に相当する記載のみ存在したため、old_addressを空欄としaliasに格納
2038,,田中町13-4 脇ﾋﾞﾙ103,田中町三丁目,1,12,kyuusinpdf.pdf,大字奥田-180,low,資料上、旧住所欄(大字・番地)が空欄で通称欄に相当する記載のみ存在したため、old_addressを空欄としaliasに格納
2039,,田中町16組,田中町三丁目,4,30,kyuusinpdf.pdf,大字奥田-180,low,資料上、旧住所欄(大字・番地)が空欄で通称欄に相当する記載のみ存在したため、old_addressを空欄としaliasに格納
2040,,田中町16-3A ｺｰﾎﾟ池辺201,田中町三丁目,3,8,kyuusinpdf.pdf,大字奥田-180,low,資料上、旧住所欄(大字・番地)が空欄で通称欄に相当する記載のみ存在したため、old_addressを空欄としaliasに格納
2041,,田中町18組-1B,田中町三丁目,2,1,kyuusinpdf.pdf,大字奥田-180,low,資料上、旧住所欄(大字・番地)が空欄で通称欄に相当する記載のみ存在したため、old_addressを空欄としaliasに格納
2042,,田中町18-1B,田中町三丁目,2,9,kyuusinpdf.pdf,大字奥田-180,low,資料上、旧住所欄(大字・番地)が空欄で通称欄に相当する記載のみ存在したため、old_addressを空欄としaliasに格納
2043,,田中町南ｽﾃｰｼｮﾝﾋﾞﾙ1FC号室,田中町一丁目,4,9,kyuusinpdf.pdf,大字奥田-180,low,資料上、旧住所欄(大字・番地)が空欄で通称欄に相当する記載のみ存在したため、old_addressを空欄としaliasに格納
2044,奥田田中町7-4,桜ｺｰﾎﾟ1F,田中町二丁目,5,1,kyuusinpdf.pdf,大字奥田-180,high,
2045,奥田田中9,第2甲斐ｺｰﾎﾟ,田中町二丁目,6,10,kyuusinpdf.pdf,大字奥田-180,high,
2046,大字奥田明磧9-4,,田中町三丁目,12,4,kyuusinpdf.pdf,大字奥田-180,high,
2047,,明磧町9-4,田中町三丁目,12,6,kyuusinpdf.pdf,大字奥田-180,low,資料上、旧住所欄(大字・番地)が空欄で通称欄に相当する記載のみ存在したため、old_addressを空欄としaliasに格納
