seq,old_address,alias,new_town,block,house,source_doc,source_page,confidence,note
1,大字永興2番地の2,南太平寺6組,南太平寺四丁目,1,2,minamitaiheijiuedamachikyushinpdf.pdf,3,high,資料上2回出現
2,大字永興3番地の1,南太平寺6組の2 ﾌﾟﾘﾏｳﾞｪｰﾗETO-Ⅰ101,南太平寺四丁目,1,29,minamitaiheijiuedamachikyushinpdf.pdf,3,high,
3,大字永興3番地の1,南太平寺6組の2 ﾌﾟﾘﾏｳﾞｪｰﾗETO-Ⅰ102,南太平寺四丁目,1,29,minamitaiheijiuedamachikyushinpdf.pdf,3,high,
4,大字永興3番地の1,南太平寺6組の2 ﾌﾟﾘﾏｳﾞｪｰﾗETO-Ⅰ201,南太平寺四丁目,1,29,minamitaiheijiuedamachikyushinpdf.pdf,3,high,資料上2回出現
5,大字永興3番地の1,南太平寺6組の2 ﾌﾟﾘﾏｳﾞｪｰﾗETO-Ⅰ202,南太平寺四丁目,1,29,minamitaiheijiuedamachikyushinpdf.pdf,3,high,
6,大字永興3番地の1,南太平寺6組の2 ﾌﾟﾘﾏｳﾞｪｰﾗETO-Ⅴ101,南太平寺四丁目,1,30-101,minamitaiheijiuedamachikyushinpdf.pdf,3,high,
7,大字永興3番地の1,南太平寺6組の2 ﾌﾟﾘﾏｳﾞｪｰﾗETO-Ⅴ102,南太平寺四丁目,1,30-102,minamitaiheijiuedamachikyushinpdf.pdf,3,high,
8,大字永興3番地の1,南太平寺6組の2 ﾌﾟﾘﾏｳﾞｪｰﾗETO-Ⅴ201,南太平寺四丁目,1,30-201,minamitaiheijiuedamachikyushinpdf.pdf,3,high,
9,大字永興3番地の1,南太平寺6組の2 ﾌﾟﾘﾏｳﾞｪｰﾗETO-Ⅴ202,南太平寺四丁目,1,30-202,minamitaiheijiuedamachikyushinpdf.pdf,3,high,
10,大字永興3番地の1,南太平寺6組の2 ﾌﾟﾘﾏｳﾞｪｰﾗETO-Ⅴ301,南太平寺四丁目,1,30-301,minamitaiheijiuedamachikyushinpdf.pdf,3,high,
11,大字永興3番地の1,南太平寺6組の2 ﾌﾟﾘﾏｳﾞｪｰﾗETO-Ⅴ302,南太平寺四丁目,1,30-302,minamitaiheijiuedamachikyushinpdf.pdf,3,high,
12,大字永興3番地の1,南太平寺6組の2 ﾌﾟﾘﾏｳﾞｪｰﾗETO-Ⅳ101,南太平寺四丁目,1,31,minamitaiheijiuedamachikyushinpdf.pdf,4,high,
13,大字永興3番地の1,南太平寺6組の2 ﾌﾟﾘﾏｳﾞｪｰﾗETO-Ⅳ102,南太平寺四丁目,1,31,minamitaiheijiuedamachikyushinpdf.pdf,4,high,
14,大字永興3番地の1,南太平寺6組の2 ﾌﾟﾘﾏｳﾞｪｰﾗETO-Ⅳ201,南太平寺四丁目,1,31,minamitaiheijiuedamachikyushinpdf.pdf,4,high,
15,大字永興3番地の1,南太平寺6組の2 ﾌﾟﾘﾏｳﾞｪｰﾗETO-Ⅳ202,南太平寺四丁目,1,31,minamitaiheijiuedamachikyushinpdf.pdf,4,high,
16,大字永興3番地の1,南太平寺6組の2 ﾌﾟﾘﾏｳﾞｪｰﾗETO-Ⅲ101,南太平寺四丁目,1,32,minamitaiheijiuedamachikyushinpdf.pdf,4,high,
17,大字永興3番地の1,南太平寺6組の2 ﾌﾟﾘﾏｳﾞｪｰﾗETO-Ⅲ102,南太平寺四丁目,1,32,minamitaiheijiuedamachikyushinpdf.pdf,4,high,
18,大字永興3番地の1,南太平寺6組の2 ﾌﾟﾘﾏｳﾞｪｰﾗETO-Ⅲ201,南太平寺四丁目,1,32,minamitaiheijiuedamachikyushinpdf.pdf,4,high,
19,大字永興3番地の1,南太平寺6組の2 ﾌﾟﾘﾏｳﾞｪｰﾗETO-Ⅲ202,南太平寺四丁目,1,32,minamitaiheijiuedamachikyushinpdf.pdf,4,high,
20,大字永興3番地の1,南太平寺6組の2 ﾌﾟﾘﾏｳﾞｪｰﾗETO-Ⅱ101,南太平寺四丁目,1,33,minamitaiheijiuedamachikyushinpdf.pdf,4,high,
21,大字永興3番地の1,南太平寺6組の2 ﾌﾟﾘﾏｳﾞｪｰﾗETO-Ⅱ102,南太平寺四丁目,1,33,minamitaiheijiuedamachikyushinpdf.pdf,4,high,
22,大字永興3番地の1,南太平寺6組の2 ﾌﾟﾘﾏｳﾞｪｰﾗETO-Ⅱ103,南太平寺四丁目,1,33,minamitaiheijiuedamachikyushinpdf.pdf,4,high,
23,大字永興3番地の1,南太平寺6組の2 ﾌﾟﾘﾏｳﾞｪｰﾗETO-Ⅱ201,南太平寺四丁目,1,33,minamitaiheijiuedamachikyushinpdf.pdf,4,high,
24,大字永興3番地の1,南太平寺6組の2 ﾌﾟﾘﾏｳﾞｪｰﾗETO-Ⅱ202,南太平寺四丁目,1,33,minamitaiheijiuedamachikyushinpdf.pdf,4,high,
25,大字永興3番地の1,南太平寺6組の2 ﾌﾟﾘﾏｳﾞｪｰﾗETO-Ⅱ203,南太平寺四丁目,1,33,minamitaiheijiuedamachikyushinpdf.pdf,5,high,
26,大字永興6番地の2,南太平寺6組の1 豊府ｽｸｴｱ101,南太平寺四丁目,1,27,minamitaiheijiuedamachikyushinpdf.pdf,5,high,
27,大字永興6番地の2,南太平寺6組の1 豊府ｽｸｴｱ102,南太平寺四丁目,1,27,minamitaiheijiuedamachikyushinpdf.pdf,5,high,
28,大字永興6番地の2,南太平寺6組の1 豊府ｽｸｴｱ103,南太平寺四丁目,1,27,minamitaiheijiuedamachikyushinpdf.pdf,5,high,
29,大字永興6番地の2,南太平寺6組の1 豊府ｽｸｴｱ105,南太平寺四丁目,1,27,minamitaiheijiuedamachikyushinpdf.pdf,5,high,
30,大字永興6番地の2,南太平寺6組の1 豊府ｽｸｴｱ201,南太平寺四丁目,1,27,minamitaiheijiuedamachikyushinpdf.pdf,5,high,
31,大字永興6番地の2,南太平寺6組の1 豊府ｽｸｴｱ202,南太平寺四丁目,1,27,minamitaiheijiuedamachikyushinpdf.pdf,5,high,
32,大字永興6番地の2,南太平寺6組の1 豊府ｽｸｴｱ203,南太平寺四丁目,1,27,minamitaiheijiuedamachikyushinpdf.pdf,5,high,
33,大字永興6番地の2,南太平寺6組の1 豊府ｽｸｴｱ205,南太平寺四丁目,1,27,minamitaiheijiuedamachikyushinpdf.pdf,5,high,
34,大字永興6番地の2,,南太平寺四丁目,1,27,minamitaiheijiuedamachikyushinpdf.pdf,5,high,
35,大字永興7番地,南太平寺6組,南太平寺四丁目,1,5,minamitaiheijiuedamachikyushinpdf.pdf,5,high,
36,大字永興7番地,南太平寺6組,南太平寺四丁目,1,8,minamitaiheijiuedamachikyushinpdf.pdf,5,high,
37,大字永興7番地の1,南太平寺6組,南太平寺四丁目,1,6,minamitaiheijiuedamachikyushinpdf.pdf,5,high,
38,大字永興7番地の1,南太平寺6組,南太平寺四丁目,1,7,minamitaiheijiuedamachikyushinpdf.pdf,6,high,
39,大字永興字牛踏7番の2,南太平寺6組,南太平寺四丁目,1,4,minamitaiheijiuedamachikyushinpdf.pdf,6,high,
40,大字永興9番地の1,南太平寺6組,南太平寺三丁目,1,10,minamitaiheijiuedamachikyushinpdf.pdf,6,high,
41,大字永興9番地の3,南太平寺6組,南太平寺三丁目,1,15,minamitaiheijiuedamachikyushinpdf.pdf,6,high,
42,大字永興9番地の4,南太平寺6組,南太平寺三丁目,1,11,minamitaiheijiuedamachikyushinpdf.pdf,6,high,
43,大字永興10番地の1,南太平寺6組,南太平寺三丁目,1,16,minamitaiheijiuedamachikyushinpdf.pdf,6,high,
44,大字永興12番地の5,南太平寺6組,南太平寺三丁目,1,8,minamitaiheijiuedamachikyushinpdf.pdf,6,high,
45,大字永興12番地の7,南太平寺6組,南太平寺三丁目,1,5,minamitaiheijiuedamachikyushinpdf.pdf,6,high,
46,大字永興12番地の8,南太平寺6組,南太平寺三丁目,1,4,minamitaiheijiuedamachikyushinpdf.pdf,6,high,
47,大字永興12番地の9,南太平寺6組,南太平寺三丁目,1,3,minamitaiheijiuedamachikyushinpdf.pdf,6,high,資料上2回出現
48,大字永興12番地の10,南太平寺6組,南太平寺三丁目,1,1,minamitaiheijiuedamachikyushinpdf.pdf,6,high,
49,大字永興15番地の1,南太平寺4組の3 ｾｼﾞｭｰﾙ古国府A101,南太平寺二丁目,12,57,minamitaiheijiuedamachikyushinpdf.pdf,6,high,
50,大字永興15番地の1,南太平寺4組の3 ｾｼﾞｭｰﾙ古国府A102,南太平寺二丁目,12,57,minamitaiheijiuedamachikyushinpdf.pdf,7,high,
51,大字永興15番地の1,南太平寺4組の3 ｾｼﾞｭｰﾙ古国府B101,南太平寺二丁目,12,58,minamitaiheijiuedamachikyushinpdf.pdf,7,high,資料上2回出現
52,大字永興15番地の1,南太平寺4組の3 ｾｼﾞｭｰﾙ古国府B102,南太平寺二丁目,12,58,minamitaiheijiuedamachikyushinpdf.pdf,7,high,
53,大字永興15番地の1,南太平寺4組の3 ｾｼﾞｭｰﾙ古国府B103,南太平寺二丁目,12,58,minamitaiheijiuedamachikyushinpdf.pdf,7,high,
54,大字永興15番地の1,南太平寺4組の3 ｾｼﾞｭｰﾙ古国府B201,南太平寺二丁目,12,58,minamitaiheijiuedamachikyushinpdf.pdf,7,high,
55,大字永興15番地の1,南太平寺4組の3 ｾｼﾞｭｰﾙ古国府B202,南太平寺二丁目,12,58,minamitaiheijiuedamachikyushinpdf.pdf,7,high,
56,大字永興15番地の1,南太平寺4組の3 ｾｼﾞｭｰﾙ古国府B203,南太平寺二丁目,12,58,minamitaiheijiuedamachikyushinpdf.pdf,7,high,
57,大字永興18番地の3,南太平寺21組の2 ﾚｵﾊﾟﾚｽK&K101,南太平寺三丁目,1,21,minamitaiheijiuedamachikyushinpdf.pdf,7,high,
58,大字永興18番地の3,南太平寺21組の2 ﾚｵﾊﾟﾚｽK&K102,南太平寺三丁目,1,21,minamitaiheijiuedamachikyushinpdf.pdf,7,high,
59,大字永興18番地の3,南太平寺21組の2 ﾚｵﾊﾟﾚｽK&K103,南太平寺三丁目,1,21,minamitaiheijiuedamachikyushinpdf.pdf,7,high,
60,大字永興18番地の3,南太平寺21組の2 ﾚｵﾊﾟﾚｽK&K104,南太平寺三丁目,1,21,minamitaiheijiuedamachikyushinpdf.pdf,7,high,
61,大字永興18番地の3,南太平寺21組の2 ﾚｵﾊﾟﾚｽK&K105,南太平寺三丁目,1,21,minamitaiheijiuedamachikyushinpdf.pdf,7,high,
62,大字永興18番地の3,南太平寺21組の2 ﾚｵﾊﾟﾚｽK&K106,南太平寺三丁目,1,21,minamitaiheijiuedamachikyushinpdf.pdf,8,high,
63,大字永興18番地の3,南太平寺21組の2 ﾚｵﾊﾟﾚｽK&K107,南太平寺三丁目,1,21,minamitaiheijiuedamachikyushinpdf.pdf,8,high,
64,大字永興18番地の3,南太平寺21組の2 ﾚｵﾊﾟﾚｽK&K108,南太平寺三丁目,1,21,minamitaiheijiuedamachikyushinpdf.pdf,8,high,
65,大字永興18番地の3,南太平寺21組の2 ﾚｵﾊﾟﾚｽK&K109,南太平寺三丁目,1,21,minamitaiheijiuedamachikyushinpdf.pdf,8,high,
66,大字永興18番地の3,南太平寺21組の2 ﾚｵﾊﾟﾚｽK&K110,南太平寺三丁目,1,21,minamitaiheijiuedamachikyushinpdf.pdf,8,high,
67,大字永興18番地の3,南太平寺21組の2 ﾚｵﾊﾟﾚｽK&K201,南太平寺三丁目,1,21,minamitaiheijiuedamachikyushinpdf.pdf,8,high,
68,大字永興18番地の3,南太平寺21組の2 ﾚｵﾊﾟﾚｽK&K202,南太平寺三丁目,1,21,minamitaiheijiuedamachikyushinpdf.pdf,8,high,
69,大字永興18番地の3,南太平寺21組の2 ﾚｵﾊﾟﾚｽK&K203,南太平寺三丁目,1,21,minamitaiheijiuedamachikyushinpdf.pdf,8,high,
70,大字永興18番地の3,南太平寺21組の2 ﾚｵﾊﾟﾚｽK&K204,南太平寺三丁目,1,21,minamitaiheijiuedamachikyushinpdf.pdf,8,high,
71,大字永興18番地の3,南太平寺21組の2 ﾚｵﾊﾟﾚｽK&K205,南太平寺三丁目,1,21,minamitaiheijiuedamachikyushinpdf.pdf,8,high,
72,大字永興18番地の3,南太平寺21組の2 ﾚｵﾊﾟﾚｽK&K206,南太平寺三丁目,1,21,minamitaiheijiuedamachikyushinpdf.pdf,8,high,
73,大字永興18番地の3,南太平寺21組の2 ﾚｵﾊﾟﾚｽK&K207,南太平寺三丁目,1,21,minamitaiheijiuedamachikyushinpdf.pdf,8,high,
74,大字永興18番地の3,南太平寺21組の2 ﾚｵﾊﾟﾚｽK&K208,南太平寺三丁目,1,21,minamitaiheijiuedamachikyushinpdf.pdf,8,high,
75,大字永興18番地の3,南太平寺21組の2 ﾚｵﾊﾟﾚｽK&K209,南太平寺三丁目,1,21,minamitaiheijiuedamachikyushinpdf.pdf,9,high,
76,大字永興18番地の3,南太平寺21組の2 ﾚｵﾊﾟﾚｽK&K210,南太平寺三丁目,1,21,minamitaiheijiuedamachikyushinpdf.pdf,9,high,
77,大字永興18番地の10,南太平寺21組,南太平寺三丁目,1,22,minamitaiheijiuedamachikyushinpdf.pdf,9,high,資料上2回出現
78,大字永興20番地の1,南太平寺4組の3,南太平寺二丁目,12,55,minamitaiheijiuedamachikyushinpdf.pdf,9,high,
79,大字永興20番地の1,,南太平寺二丁目,12,55,minamitaiheijiuedamachikyushinpdf.pdf,9,high,
80,大字永興23番地の1,南太平寺21組,南太平寺三丁目,1,33,minamitaiheijiuedamachikyushinpdf.pdf,9,high,資料上2回出現
81,大字永興23番地の12,南太平寺21組,南太平寺三丁目,1,28,minamitaiheijiuedamachikyushinpdf.pdf,9,high,資料上2回出現
82,大字永興23番地の14,南太平寺21組,南太平寺三丁目,1,30,minamitaiheijiuedamachikyushinpdf.pdf,9,high,資料上2回出現
83,大字永興27番地の1,南太平寺21組 ｸﾞﾗﾝﾃﾞｨｰﾙ101,南太平寺三丁目,2,5,minamitaiheijiuedamachikyushinpdf.pdf,9,high,
84,大字永興27番地の1,南太平寺21組 ｸﾞﾗﾝﾃﾞｨｰﾙ102,南太平寺三丁目,2,5,minamitaiheijiuedamachikyushinpdf.pdf,10,high,
85,大字永興27番地の1,南太平寺21組 ｸﾞﾗﾝﾃﾞｨｰﾙ103,南太平寺三丁目,2,5,minamitaiheijiuedamachikyushinpdf.pdf,10,high,
86,大字永興27番地の1,南太平寺21組 ｸﾞﾗﾝﾃﾞｨｰﾙ104,南太平寺三丁目,2,5,minamitaiheijiuedamachikyushinpdf.pdf,10,high,
87,大字永興27番地の1,南太平寺21組 ｸﾞﾗﾝﾃﾞｨｰﾙ201,南太平寺三丁目,2,5,minamitaiheijiuedamachikyushinpdf.pdf,10,high,
88,大字永興27番地の1,南太平寺21組 ｸﾞﾗﾝﾃﾞｨｰﾙ202,南太平寺三丁目,2,5,minamitaiheijiuedamachikyushinpdf.pdf,10,high,
89,大字永興27番地の1,南太平寺21組 ｸﾞﾗﾝﾃﾞｨｰﾙ203,南太平寺三丁目,2,5,minamitaiheijiuedamachikyushinpdf.pdf,10,high,
90,大字永興27番地の1,南太平寺21組 ｸﾞﾗﾝﾃﾞｨｰﾙ204,南太平寺三丁目,2,5,minamitaiheijiuedamachikyushinpdf.pdf,10,high,
91,大字永興28番地の10,南太平寺21組,南太平寺三丁目,2,15,minamitaiheijiuedamachikyushinpdf.pdf,10,high,
92,大字永興28番地の11,南太平寺21組,南太平寺三丁目,2,11,minamitaiheijiuedamachikyushinpdf.pdf,10,high,
93,大字永興28番地の12,南太平寺21組,南太平寺三丁目,2,10,minamitaiheijiuedamachikyushinpdf.pdf,10,high,資料上2回出現
94,大字永興30番地の1,南太平寺4組の5,南太平寺二丁目,12,32,minamitaiheijiuedamachikyushinpdf.pdf,10,high,
95,大字永興30番地の5,南太平寺4組の5,南太平寺二丁目,12,34,minamitaiheijiuedamachikyushinpdf.pdf,10,high,
96,大字永興30番地の6,南太平寺4組の5,南太平寺二丁目,12,36,minamitaiheijiuedamachikyushinpdf.pdf,11,high,
97,大字永興30番地の7,南太平寺4組の5,南太平寺二丁目,12,45,minamitaiheijiuedamachikyushinpdf.pdf,11,high,
98,大字永興30番地の8,南太平寺4組の5,南太平寺二丁目,12,47,minamitaiheijiuedamachikyushinpdf.pdf,11,high,
99,大字永興30番地の9,南太平寺4組の5,南太平寺二丁目,12,43,minamitaiheijiuedamachikyushinpdf.pdf,11,high,
100,大字永興30番地の10,南太平寺4組の5,南太平寺二丁目,12,41,minamitaiheijiuedamachikyushinpdf.pdf,11,high,
101,大字永興30番地の11,南太平寺4組の5,南太平寺二丁目,12,39,minamitaiheijiuedamachikyushinpdf.pdf,11,high,
102,大字永興30番地の12,南太平寺4組の5,南太平寺二丁目,12,38,minamitaiheijiuedamachikyushinpdf.pdf,11,high,
103,大字永興31番地の9,南太平寺21組,南太平寺三丁目,2,17,minamitaiheijiuedamachikyushinpdf.pdf,11,high,
104,大字永興31番地の12,南太平寺21組,南太平寺三丁目,2,20,minamitaiheijiuedamachikyushinpdf.pdf,11,high,資料上2回出現
105,大字永興32-3,南太平寺23組 三和ｺｰﾎﾟ40-507,南太平寺三丁目,3,12-507,minamitaiheijiuedamachikyushinpdf.pdf,11,high,
106,大字永興33番地の1,南太平寺21組,南太平寺三丁目,2,25,minamitaiheijiuedamachikyushinpdf.pdf,11,high,
107,大字永興33番地の1,南太平寺21組,南太平寺三丁目,2,26,minamitaiheijiuedamachikyushinpdf.pdf,11,high,資料上2回出現
108,大字永興33番地の3,南太平寺4組の1,南太平寺二丁目,12,10,minamitaiheijiuedamachikyushinpdf.pdf,12,high,
109,大字永興34番地の3,南太平寺4組の1,南太平寺二丁目,12,8,minamitaiheijiuedamachikyushinpdf.pdf,12,high,
110,大字永興34番地の10,南太平寺21組,南太平寺三丁目,2,28,minamitaiheijiuedamachikyushinpdf.pdf,12,high,
111,大字永興34番地の11,南太平寺21組,南太平寺三丁目,2,32,minamitaiheijiuedamachikyushinpdf.pdf,12,high,
112,大字永興34番地の12,南太平寺21組,南太平寺三丁目,2,34,minamitaiheijiuedamachikyushinpdf.pdf,12,high,
113,大字永興34番地の13,南太平寺21組,南太平寺三丁目,2,35,minamitaiheijiuedamachikyushinpdf.pdf,12,high,
114,大字永興34番地13,南太平寺21組,南太平寺三丁目,2,35,minamitaiheijiuedamachikyushinpdf.pdf,12,high,
115,大字永興34番地の16,南太平寺4組の1,南太平寺二丁目,12,9,minamitaiheijiuedamachikyushinpdf.pdf,12,high,
116,大字永興36番地の1,南太平寺21組,南太平寺三丁目,2,41,minamitaiheijiuedamachikyushinpdf.pdf,12,high,資料上2回出現
117,大字永興36番地の11,南太平寺4組の1,南太平寺二丁目,12,3,minamitaiheijiuedamachikyushinpdf.pdf,12,high,
118,大字永興36番地の12,南太平寺4組の1,南太平寺二丁目,12,1,minamitaiheijiuedamachikyushinpdf.pdf,12,high,
119,大字永興36番地の14,南太平寺21組,南太平寺三丁目,2,44,minamitaiheijiuedamachikyushinpdf.pdf,13,high,
120,大字永興36番地の15,南太平寺21組,南太平寺三丁目,2,46,minamitaiheijiuedamachikyushinpdf.pdf,13,high,
121,大字永興36番地の16,南太平寺21組,南太平寺三丁目,2,47,minamitaiheijiuedamachikyushinpdf.pdf,13,high,
122,大字永興37番地の1,南太平寺4組の1 W棟,南太平寺二丁目,12,18,minamitaiheijiuedamachikyushinpdf.pdf,13,high,
123,大字永興37番地の1,南太平寺4組の1 G棟,南太平寺二丁目,12,19,minamitaiheijiuedamachikyushinpdf.pdf,13,high,
124,大字永興37番地の1,南太平寺4組の1 B棟,南太平寺二丁目,12,20,minamitaiheijiuedamachikyushinpdf.pdf,13,high,
125,大字永興37番地の1,南太平寺4組の1,南太平寺二丁目,12,21,minamitaiheijiuedamachikyushinpdf.pdf,13,high,
126,大字永興37番地の1,南太平寺4組の1 C棟,南太平寺二丁目,12,22,minamitaiheijiuedamachikyushinpdf.pdf,13,high,
127,大字永興37番地の4,南太平寺4組の1,南太平寺二丁目,12,25,minamitaiheijiuedamachikyushinpdf.pdf,13,high,資料上2回出現
128,大字永興37番地の6,南太平寺4組の1,南太平寺二丁目,12,37,minamitaiheijiuedamachikyushinpdf.pdf,13,high,
129,大字永興40番地の1,南太平寺4組の1,南太平寺二丁目,12,30,minamitaiheijiuedamachikyushinpdf.pdf,13,high,資料上3回出現
130,大字永興41番地の1,南太平寺4組の1,南太平寺二丁目,12,28,minamitaiheijiuedamachikyushinpdf.pdf,14,high,資料上3回出現
131,大字永興43番地の13,南太平寺3組,南太平寺二丁目,11,50,minamitaiheijiuedamachikyushinpdf.pdf,14,high,
132,大字永興43番地の14,南太平寺3組,南太平寺二丁目,11,48,minamitaiheijiuedamachikyushinpdf.pdf,14,high,
133,大字永興44番地の6,南太平寺3組,南太平寺二丁目,11,38,minamitaiheijiuedamachikyushinpdf.pdf,14,high,資料上2回出現
134,大字永興49番地の1,南太平寺3組,南太平寺二丁目,11,31,minamitaiheijiuedamachikyushinpdf.pdf,14,high,
135,大字永興49番地の8,南太平寺3組,南太平寺二丁目,11,35,minamitaiheijiuedamachikyushinpdf.pdf,14,high,資料上2回出現
136,大字永興49番地の9,南太平寺3組,南太平寺二丁目,11,30,minamitaiheijiuedamachikyushinpdf.pdf,14,high,資料上2回出現
137,大字永興50番地の1,南太平寺3組,南太平寺二丁目,11,32,minamitaiheijiuedamachikyushinpdf.pdf,15,high,資料上2回出現
138,大字永興51番地の3,南太平寺3組,南太平寺二丁目,11,28,minamitaiheijiuedamachikyushinpdf.pdf,15,high,資料上2回出現
139,大字永興51番地の4,南太平寺3組,南太平寺二丁目,11,29,minamitaiheijiuedamachikyushinpdf.pdf,15,high,
140,大字永興52番地の3,南太平寺23組 三和ｺｰﾎﾟ40南太平寺101,南太平寺三丁目,3,12-101,minamitaiheijiuedamachikyushinpdf.pdf,15,high,
141,大字永興52番地の3,南太平寺23組 三和ｺｰﾎﾟ40南太平寺102,南太平寺三丁目,3,12-102,minamitaiheijiuedamachikyushinpdf.pdf,15,high,
142,大字永興52番地の3,南太平寺23組 三和ｺｰﾎﾟ40南太平寺103,南太平寺三丁目,3,12-103,minamitaiheijiuedamachikyushinpdf.pdf,15,high,
143,大字永興52番地の3,南太平寺23組 三和ｺｰﾎﾟ40南太平寺105,南太平寺三丁目,3,12-105,minamitaiheijiuedamachikyushinpdf.pdf,15,high,
144,大字永興52番地の3,南太平寺23組 三和ｺｰﾎﾟ40南太平寺106,南太平寺三丁目,3,12-106,minamitaiheijiuedamachikyushinpdf.pdf,15,high,
145,大字永興52番地の3,南太平寺23組 三和ｺｰﾎﾟ40南太平寺107,南太平寺三丁目,3,12-107,minamitaiheijiuedamachikyushinpdf.pdf,15,high,
146,大字永興52番地の3,南太平寺23組 三和ｺｰﾎﾟ40南太平寺201,南太平寺三丁目,3,12-201,minamitaiheijiuedamachikyushinpdf.pdf,15,high,
147,大字永興52番地の3,南太平寺23組 三和ｺｰﾎﾟ40南太平寺202,南太平寺三丁目,3,12-202,minamitaiheijiuedamachikyushinpdf.pdf,15,high,
148,大字永興52番地の3,南太平寺23組 三和ｺｰﾎﾟ40南太平寺203,南太平寺三丁目,3,12-203,minamitaiheijiuedamachikyushinpdf.pdf,16,high,
149,大字永興52番地の3,南太平寺23組 三和ｺｰﾎﾟ40南太平寺205,南太平寺三丁目,3,12-205,minamitaiheijiuedamachikyushinpdf.pdf,16,high,
150,大字永興52番地の3,南太平寺23組 三和ｺｰﾎﾟ40南太平寺206,南太平寺三丁目,3,12-206,minamitaiheijiuedamachikyushinpdf.pdf,16,high,
151,大字永興52番地の3,南太平寺23組 三和ｺｰﾎﾟ40南太平寺207,南太平寺三丁目,3,12-207,minamitaiheijiuedamachikyushinpdf.pdf,16,high,資料上2回出現
152,大字永興52番地の3,南太平寺23組 三和ｺｰﾎﾟ40南太平寺301,南太平寺三丁目,3,12-301,minamitaiheijiuedamachikyushinpdf.pdf,16,high,
153,大字永興52番地の3,南太平寺23組 三和ｺｰﾎﾟ40南太平寺302,南太平寺三丁目,3,12-302,minamitaiheijiuedamachikyushinpdf.pdf,16,high,
154,大字永興52番地の3,南太平寺23組 三和ｺｰﾎﾟ40南太平寺303,南太平寺三丁目,3,12-303,minamitaiheijiuedamachikyushinpdf.pdf,16,high,
155,大字永興52番地の3,南太平寺23組 三和ｺｰﾎﾟ40南太平寺305,南太平寺三丁目,3,12-305,minamitaiheijiuedamachikyushinpdf.pdf,16,high,
156,大字永興52番地の3,南太平寺23組 三和ｺｰﾎﾟ40南太平寺306,南太平寺三丁目,3,12-306,minamitaiheijiuedamachikyushinpdf.pdf,16,high,
157,大字永興52番地の3,南太平寺23組 三和ｺｰﾎﾟ40南太平寺307,南太平寺三丁目,3,12-307,minamitaiheijiuedamachikyushinpdf.pdf,16,high,
158,大字永興52番地の3,南太平寺23組 三和ｺｰﾎﾟ40南太平寺401,南太平寺三丁目,3,12-401,minamitaiheijiuedamachikyushinpdf.pdf,16,high,
159,大字永興52番地の3,南太平寺23組 三和ｺｰﾎﾟ40南太平寺402,南太平寺三丁目,3,12-402,minamitaiheijiuedamachikyushinpdf.pdf,16,high,
160,大字永興52番地の3,南太平寺23組 三和ｺｰﾎﾟ40南太平寺403,南太平寺三丁目,3,12-403,minamitaiheijiuedamachikyushinpdf.pdf,17,high,
161,大字永興52番地の3,南太平寺23組 三和ｺｰﾎﾟ40南太平寺405,南太平寺三丁目,3,12-405,minamitaiheijiuedamachikyushinpdf.pdf,17,high,
162,大字永興52番地の3,南太平寺23組 三和ｺｰﾎﾟ40南太平寺406,南太平寺三丁目,3,12-406,minamitaiheijiuedamachikyushinpdf.pdf,17,high,
163,大字永興52番地の3,南太平寺23組 三和ｺｰﾎﾟ40南太平寺407,南太平寺三丁目,3,12-407,minamitaiheijiuedamachikyushinpdf.pdf,17,high,
164,大字永興52番地の3,南太平寺23組 三和ｺｰﾎﾟ40南太平寺501,南太平寺三丁目,3,12-501,minamitaiheijiuedamachikyushinpdf.pdf,17,high,
165,大字永興52番地の3,南太平寺23組 三和ｺｰﾎﾟ40南太平寺502,南太平寺三丁目,3,12-502,minamitaiheijiuedamachikyushinpdf.pdf,17,high,
166,大字永興52番地の3,南太平寺23組 三和ｺｰﾎﾟ40南太平寺503,南太平寺三丁目,3,12-503,minamitaiheijiuedamachikyushinpdf.pdf,17,high,
167,大字永興52番地の3,南太平寺23組 三和ｺｰﾎﾟ40南太平寺505,南太平寺三丁目,3,12-505,minamitaiheijiuedamachikyushinpdf.pdf,17,high,
168,大字永興52番地の3,南太平寺23組 三和ｺｰﾎﾟ40南太平寺506,南太平寺三丁目,3,12-506,minamitaiheijiuedamachikyushinpdf.pdf,17,high,
169,大字永興52番地の3,南太平寺23組 三和ｺｰﾎﾟ40南太平寺507,南太平寺三丁目,3,12-507,minamitaiheijiuedamachikyushinpdf.pdf,17,high,
170,大字永興52番地の3,南太平寺23組 三和ｺｰﾎﾟ40南太平寺601,南太平寺三丁目,3,12-601,minamitaiheijiuedamachikyushinpdf.pdf,17,high,
171,大字永興52番地の3,南太平寺23組 三和ｺｰﾎﾟ40南太平寺602,南太平寺三丁目,3,12-602,minamitaiheijiuedamachikyushinpdf.pdf,17,high,
172,大字永興52番地の3,南太平寺23組 三和ｺｰﾎﾟ40南太平寺603,南太平寺三丁目,3,12-603,minamitaiheijiuedamachikyushinpdf.pdf,17,high,
173,大字永興52番地の3,南太平寺23組 三和ｺｰﾎﾟ40南太平寺605,南太平寺三丁目,3,12-605,minamitaiheijiuedamachikyushinpdf.pdf,18,high,資料上2回出現
174,大字永興52番地の3,南太平寺23組 三和ｺｰﾎﾟ40南太平寺606,南太平寺三丁目,3,12-606,minamitaiheijiuedamachikyushinpdf.pdf,18,high,
175,大字永興52番地の3,南太平寺23組 三和ｺｰﾎﾟ40南太平寺607,南太平寺三丁目,3,12-607,minamitaiheijiuedamachikyushinpdf.pdf,18,high,
176,大字永興52番地の3,南太平寺23組 三和ｺｰﾎﾟ40南太平寺701,南太平寺三丁目,3,12-701,minamitaiheijiuedamachikyushinpdf.pdf,18,high,
177,大字永興52番地の3,南太平寺23組 三和ｺｰﾎﾟ40南太平寺702,南太平寺三丁目,3,12-702,minamitaiheijiuedamachikyushinpdf.pdf,18,high,
178,大字永興52番地の3,南太平寺23組 三和ｺｰﾎﾟ40南太平寺703,南太平寺三丁目,3,12-703,minamitaiheijiuedamachikyushinpdf.pdf,18,high,
179,大字永興52番地の9,南太平寺2組の4,南太平寺二丁目,11,26,minamitaiheijiuedamachikyushinpdf.pdf,18,high,
180,大字永興52番地の10,南太平寺2組の4,南太平寺二丁目,11,25,minamitaiheijiuedamachikyushinpdf.pdf,18,high,資料上2回出現
181,大字永興52番地の11,南太平寺2組の4,南太平寺二丁目,11,23,minamitaiheijiuedamachikyushinpdf.pdf,18,high,
182,大字永興52番地の12,南太平寺2組の4,南太平寺二丁目,11,3,minamitaiheijiuedamachikyushinpdf.pdf,18,high,
183,大字永興52番地の13,南太平寺2組の4,南太平寺二丁目,11,1,minamitaiheijiuedamachikyushinpdf.pdf,18,high,
184,大字永興53番地の2,南太平寺3組の2 ｴﾄﾜｰﾙ福101,南太平寺二丁目,11,21,minamitaiheijiuedamachikyushinpdf.pdf,19,high,
185,大字永興53番地の2,南太平寺3組の2 ｴﾄﾜｰﾙ福102,南太平寺二丁目,11,21,minamitaiheijiuedamachikyushinpdf.pdf,19,high,
186,大字永興53番地の2,南太平寺3組の2 ｴﾄﾜｰﾙ福103,南太平寺二丁目,11,21,minamitaiheijiuedamachikyushinpdf.pdf,19,high,
187,大字永興53番地の2,南太平寺3組の2 ｴﾄﾜｰﾙ福105,南太平寺二丁目,11,21,minamitaiheijiuedamachikyushinpdf.pdf,19,high,
188,大字永興53番地の2,南太平寺3組の2 ｴﾄﾜｰﾙ福201,南太平寺二丁目,11,21,minamitaiheijiuedamachikyushinpdf.pdf,19,high,
189,大字永興53番地の2,南太平寺3組の2 ｴﾄﾜｰﾙ福202,南太平寺二丁目,11,21,minamitaiheijiuedamachikyushinpdf.pdf,19,high,
190,大字永興53番地の2,南太平寺3組の2 ｴﾄﾜｰﾙ福203,南太平寺二丁目,11,21,minamitaiheijiuedamachikyushinpdf.pdf,19,high,
191,大字永興53番地の2,南太平寺3組の2 ｴﾄﾜｰﾙ福205,南太平寺二丁目,11,21,minamitaiheijiuedamachikyushinpdf.pdf,19,high,
192,大字永興57番地,南太平寺20組 ｴｽﾃｰﾄﾊｲﾂ201,南太平寺三丁目,3,10-201,minamitaiheijiuedamachikyushinpdf.pdf,19,high,
193,大字永興57番地,南太平寺20組 ｴｽﾃｰﾄﾊｲﾂ202,南太平寺三丁目,3,10-202,minamitaiheijiuedamachikyushinpdf.pdf,19,high,
194,大字永興57番地,南太平寺20組 ｴｽﾃｰﾄﾊｲﾂ203,南太平寺三丁目,3,10-203,minamitaiheijiuedamachikyushinpdf.pdf,19,high,
195,大字永興57番地,南太平寺20組 ｴｽﾃｰﾄﾊｲﾂ205,南太平寺三丁目,3,10-205,minamitaiheijiuedamachikyushinpdf.pdf,19,high,
196,大字永興57番地,南太平寺20組 ｴｽﾃｰﾄﾊｲﾂ206,南太平寺三丁目,3,10-206,minamitaiheijiuedamachikyushinpdf.pdf,19,high,
197,大字永興57番地,南太平寺20組 ｴｽﾃｰﾄﾊｲﾂ207,南太平寺三丁目,3,10-207,minamitaiheijiuedamachikyushinpdf.pdf,20,high,
198,大字永興57番地,南太平寺20組 ｴｽﾃｰﾄﾊｲﾂ208,南太平寺三丁目,3,10-208,minamitaiheijiuedamachikyushinpdf.pdf,20,high,
199,大字永興57番地,南太平寺20組 ｴｽﾃｰﾄﾊｲﾂ210,南太平寺三丁目,3,10-210,minamitaiheijiuedamachikyushinpdf.pdf,20,high,
200,大字永興57番地,南太平寺20組 ｴｽﾃｰﾄﾊｲﾂ211,南太平寺三丁目,3,10-211,minamitaiheijiuedamachikyushinpdf.pdf,20,high,
201,大字永興57番地,南太平寺20組 ｴｽﾃｰﾄﾊｲﾂ301,南太平寺三丁目,3,10-301,minamitaiheijiuedamachikyushinpdf.pdf,20,high,
202,大字永興57番地,南太平寺20組 ｴｽﾃｰﾄﾊｲﾂ302,南太平寺三丁目,3,10-302,minamitaiheijiuedamachikyushinpdf.pdf,20,high,
203,大字永興57番地,南太平寺20組 ｴｽﾃｰﾄﾊｲﾂ303,南太平寺三丁目,3,10-303,minamitaiheijiuedamachikyushinpdf.pdf,20,high,
204,大字永興57番地,南太平寺20組 ｴｽﾃｰﾄﾊｲﾂ305,南太平寺三丁目,3,10-305,minamitaiheijiuedamachikyushinpdf.pdf,20,high,
205,大字永興57番地,南太平寺20組 ｴｽﾃｰﾄﾊｲﾂ306,南太平寺三丁目,3,10-306,minamitaiheijiuedamachikyushinpdf.pdf,20,high,
206,大字永興57番地,南太平寺20組 ｴｽﾃｰﾄﾊｲﾂ307,南太平寺三丁目,3,10-307,minamitaiheijiuedamachikyushinpdf.pdf,20,high,
207,大字永興57番地,南太平寺20組 ｴｽﾃｰﾄﾊｲﾂ308,南太平寺三丁目,3,10-308,minamitaiheijiuedamachikyushinpdf.pdf,20,high,
208,大字永興57番地,南太平寺20組 ｴｽﾃｰﾄﾊｲﾂ310,南太平寺三丁目,3,10-310,minamitaiheijiuedamachikyushinpdf.pdf,20,high,
209,大字永興57番地,南太平寺20組 ｴｽﾃｰﾄﾊｲﾂ311,南太平寺三丁目,3,10-311,minamitaiheijiuedamachikyushinpdf.pdf,20,high,
210,大字永興57番地,南太平寺20組 ｴｽﾃｰﾄﾊｲﾂ401,南太平寺三丁目,3,10-401,minamitaiheijiuedamachikyushinpdf.pdf,21,high,
211,大字永興57番地,南太平寺20組 ｴｽﾃｰﾄﾊｲﾂ402,南太平寺三丁目,3,10-402,minamitaiheijiuedamachikyushinpdf.pdf,21,high,
212,大字永興57番地,南太平寺20組 ｴｽﾃｰﾄﾊｲﾂ403,南太平寺三丁目,3,10-403,minamitaiheijiuedamachikyushinpdf.pdf,21,high,
213,大字永興57番地,南太平寺20組 ｴｽﾃｰﾄﾊｲﾂ405,南太平寺三丁目,3,10-405,minamitaiheijiuedamachikyushinpdf.pdf,21,high,
214,大字永興57番地,南太平寺20組 ｴｽﾃｰﾄﾊｲﾂ406,南太平寺三丁目,3,10-406,minamitaiheijiuedamachikyushinpdf.pdf,21,high,
215,大字永興57番地,南太平寺20組 ｴｽﾃｰﾄﾊｲﾂ407,南太平寺三丁目,3,10-407,minamitaiheijiuedamachikyushinpdf.pdf,21,high,
216,大字永興57番地,南太平寺20組 ｴｽﾃｰﾄﾊｲﾂ408,南太平寺三丁目,3,10-408,minamitaiheijiuedamachikyushinpdf.pdf,21,high,
217,大字永興57番地,南太平寺20組 ｴｽﾃｰﾄﾊｲﾂ410,南太平寺三丁目,3,10-410,minamitaiheijiuedamachikyushinpdf.pdf,21,high,
218,大字永興57番地,南太平寺20組 ｴｽﾃｰﾄﾊｲﾂ411,南太平寺三丁目,3,10-411,minamitaiheijiuedamachikyushinpdf.pdf,21,high,
219,大字永興57番地,南太平寺20組 ｴｽﾃｰﾄﾊｲﾂ501,南太平寺三丁目,3,10-501,minamitaiheijiuedamachikyushinpdf.pdf,21,high,
220,大字永興57番地,南太平寺20組 ｴｽﾃｰﾄﾊｲﾂ502,南太平寺三丁目,3,10-502,minamitaiheijiuedamachikyushinpdf.pdf,21,high,
221,大字永興57番地,南太平寺20組 ｴｽﾃｰﾄﾊｲﾂ503,南太平寺三丁目,3,10-503,minamitaiheijiuedamachikyushinpdf.pdf,21,high,
222,大字永興57番地,南太平寺20組 ｴｽﾃｰﾄﾊｲﾂ505,南太平寺三丁目,3,10-505,minamitaiheijiuedamachikyushinpdf.pdf,21,high,
223,大字永興57番地,南太平寺20組 ｴｽﾃｰﾄﾊｲﾂ506,南太平寺三丁目,3,10-506,minamitaiheijiuedamachikyushinpdf.pdf,22,high,
224,大字永興57番地,南太平寺20組 ｴｽﾃｰﾄﾊｲﾂ507,南太平寺三丁目,3,10-507,minamitaiheijiuedamachikyushinpdf.pdf,22,high,資料上2回出現
225,大字永興57番地,南太平寺20組 ｴｽﾃｰﾄﾊｲﾂ508,南太平寺三丁目,3,10-508,minamitaiheijiuedamachikyushinpdf.pdf,22,high,
226,大字永興57番地,南太平寺20組 ｴｽﾃｰﾄﾊｲﾂ510,南太平寺三丁目,3,10-510,minamitaiheijiuedamachikyushinpdf.pdf,22,high,
227,大字永興57番地,南太平寺20組 ｴｽﾃｰﾄﾊｲﾂ511,南太平寺三丁目,3,10-511,minamitaiheijiuedamachikyushinpdf.pdf,22,high,
228,大字永興61番地の3,南太平寺3組の1,南太平寺二丁目,11,61,minamitaiheijiuedamachikyushinpdf.pdf,22,high,
229,大字永興61番地の3,南太平寺3組の1,南太平寺二丁目,11,62,minamitaiheijiuedamachikyushinpdf.pdf,22,high,
230,大字永興65番地の1,南太平寺22組 ｸﾞﾗﾝﾋﾞｭｰ豊府101,南太平寺三丁目,3,14-101,minamitaiheijiuedamachikyushinpdf.pdf,22,high,
231,大字永興65番地の1,南太平寺22組 ｸﾞﾗﾝﾋﾞｭｰ豊府102,南太平寺三丁目,3,14-102,minamitaiheijiuedamachikyushinpdf.pdf,22,high,
232,大字永興65番地の1,南太平寺22組 ｸﾞﾗﾝﾋﾞｭｰ豊府103,南太平寺三丁目,3,14-103,minamitaiheijiuedamachikyushinpdf.pdf,22,high,
233,大字永興65番地の1,南太平寺22組 ｸﾞﾗﾝﾋﾞｭｰ豊府105,南太平寺三丁目,3,14-105,minamitaiheijiuedamachikyushinpdf.pdf,22,high,
234,大字永興65番地の1,南太平寺22組 ｸﾞﾗﾝﾋﾞｭｰ豊府201,南太平寺三丁目,3,14-201,minamitaiheijiuedamachikyushinpdf.pdf,22,high,
235,大字永興65番地の1,南太平寺22組 ｸﾞﾗﾝﾋﾞｭｰ豊府202,南太平寺三丁目,3,14-202,minamitaiheijiuedamachikyushinpdf.pdf,23,high,
236,大字永興65番地の1,南太平寺22組 ｸﾞﾗﾝﾋﾞｭｰ豊府203,南太平寺三丁目,3,14-203,minamitaiheijiuedamachikyushinpdf.pdf,23,high,
237,大字永興65番地の1,南太平寺22組 ｸﾞﾗﾝﾋﾞｭｰ豊府205,南太平寺三丁目,3,14-205,minamitaiheijiuedamachikyushinpdf.pdf,23,high,
238,大字永興65番地の1,南太平寺22組 ｸﾞﾗﾝﾋﾞｭｰ豊府301,南太平寺三丁目,3,14-301,minamitaiheijiuedamachikyushinpdf.pdf,23,high,
239,大字永興65番地の1,南太平寺22組 ｸﾞﾗﾝﾋﾞｭｰ豊府302,南太平寺三丁目,3,14-302,minamitaiheijiuedamachikyushinpdf.pdf,23,high,
240,大字永興65番地の1,南太平寺22組 ｸﾞﾗﾝﾋﾞｭｰ豊府303,南太平寺三丁目,3,14-303,minamitaiheijiuedamachikyushinpdf.pdf,23,high,
241,大字永興65番地の1,南太平寺22組 ｸﾞﾗﾝﾋﾞｭｰ豊府305,南太平寺三丁目,3,14-305,minamitaiheijiuedamachikyushinpdf.pdf,23,high,
242,大字永興66番地の3,上田町3組,上田町一丁目,7,35,minamitaiheijiuedamachikyushinpdf.pdf,23,high,
243,大字永興66番地の5,上田町3組 ｼｬﾙﾏﾝﾊｲﾂ101,上田町一丁目,7,33-101,minamitaiheijiuedamachikyushinpdf.pdf,23,high,
244,大字永興66番地の5,上田町3組 ｼｬﾙﾏﾝﾊｲﾂ102,上田町一丁目,7,33-102,minamitaiheijiuedamachikyushinpdf.pdf,23,high,
245,大字永興66番地の5,上田町3組 ｼｬﾙﾏﾝﾊｲﾂ201,上田町一丁目,7,33-201,minamitaiheijiuedamachikyushinpdf.pdf,23,high,
246,大字永興66番地の5,上田町3組 ｼｬﾙﾏﾝﾊｲﾂ202,上田町一丁目,7,33-202,minamitaiheijiuedamachikyushinpdf.pdf,23,high,
247,大字永興66番地の5,上田町3組 ｼｬﾙﾏﾝﾊｲﾂ301,上田町一丁目,7,33-301,minamitaiheijiuedamachikyushinpdf.pdf,23,high,
248,大字永興66番地の5,上田町3組 ｼｬﾙﾏﾝﾊｲﾂ302,上田町一丁目,7,33-302,minamitaiheijiuedamachikyushinpdf.pdf,24,high,
249,大字永興66番地の8,上田町3組,上田町一丁目,7,24,minamitaiheijiuedamachikyushinpdf.pdf,24,high,
250,大字永興66番地の9,上田町3組,上田町一丁目,7,26,minamitaiheijiuedamachikyushinpdf.pdf,24,high,
251,大字永興66番地の10,上田町3組,上田町一丁目,7,27,minamitaiheijiuedamachikyushinpdf.pdf,24,high,
252,大字永興66番地の11,上田町3組,上田町一丁目,7,28,minamitaiheijiuedamachikyushinpdf.pdf,24,high,資料上2回出現
253,大字永興67番地の6,上田町6組,上田町一丁目,7,9,minamitaiheijiuedamachikyushinpdf.pdf,24,high,
254,大字永興67番地の7,上田町6組,上田町一丁目,7,11,minamitaiheijiuedamachikyushinpdf.pdf,24,high,
255,大字永興67番地の8,上田町6組,上田町一丁目,7,12,minamitaiheijiuedamachikyushinpdf.pdf,24,high,
256,大字永興67番地の9,上田町6組,上田町一丁目,7,13,minamitaiheijiuedamachikyushinpdf.pdf,24,high,
257,大字永興67番地の10,上田町6組,上田町一丁目,7,14,minamitaiheijiuedamachikyushinpdf.pdf,24,high,
258,大字永興67番地の11,上田町6組,上田町一丁目,7,15,minamitaiheijiuedamachikyushinpdf.pdf,24,high,
259,大字永興67番地の12,上田町6組,上田町一丁目,7,17,minamitaiheijiuedamachikyushinpdf.pdf,24,high,
260,大字永興67番地の13,上田町6組,上田町一丁目,7,18,minamitaiheijiuedamachikyushinpdf.pdf,25,high,
261,大字永興67番地の14,上田町6組,上田町一丁目,7,19,minamitaiheijiuedamachikyushinpdf.pdf,25,high,
262,大字永興67番地の15,上田町6組,上田町一丁目,7,22,minamitaiheijiuedamachikyushinpdf.pdf,25,high,
263,大字永興68番地の7,上田町6組,上田町一丁目,7,6,minamitaiheijiuedamachikyushinpdf.pdf,25,high,
264,大字永興68番地の14,上田町6組,上田町一丁目,7,4,minamitaiheijiuedamachikyushinpdf.pdf,25,high,
265,大字永興68番地の16,上田町6組,上田町一丁目,7,3,minamitaiheijiuedamachikyushinpdf.pdf,25,high,
266,大字永興68番地の18,上田町6組,上田町一丁目,7,1,minamitaiheijiuedamachikyushinpdf.pdf,25,high,
267,大字永興69番地の1,南太平寺2組の3,南太平寺二丁目,8,1,minamitaiheijiuedamachikyushinpdf.pdf,25,high,
268,大字永興69番地の6,南太平寺2組の3,南太平寺二丁目,9,1,minamitaiheijiuedamachikyushinpdf.pdf,25,high,
269,大字永興69の7番地,南太平寺2組の3,南太平寺二丁目,9,5,minamitaiheijiuedamachikyushinpdf.pdf,25,high,
270,大字永興69番地の8,南太平寺2組の3,南太平寺二丁目,9,3,minamitaiheijiuedamachikyushinpdf.pdf,25,high,
271,大字永興69番地の15,南太平寺2組の3,南太平寺二丁目,8,6,minamitaiheijiuedamachikyushinpdf.pdf,25,high,
272,大字永興69番地の17,南太平寺2組の3,南太平寺二丁目,8,4,minamitaiheijiuedamachikyushinpdf.pdf,25,high,
273,大字永興69番地の18,南太平寺2組の3,南太平寺二丁目,8,2,minamitaiheijiuedamachikyushinpdf.pdf,26,high,
274,大字永興69番地の22,南太平寺2組の4の1,南太平寺二丁目,8,19,minamitaiheijiuedamachikyushinpdf.pdf,26,high,
275,大字永興69番地の23,南太平寺2組の4の1,南太平寺二丁目,8,17,minamitaiheijiuedamachikyushinpdf.pdf,26,high,
276,大字永興69番地の24,南太平寺2組の4の1,南太平寺二丁目,8,16,minamitaiheijiuedamachikyushinpdf.pdf,26,high,
277,大字永興69番地の25,南太平寺2組の4の1,南太平寺二丁目,8,14,minamitaiheijiuedamachikyushinpdf.pdf,26,high,
278,大字永興69番地の26,南太平寺2組の4の1,南太平寺二丁目,8,13,minamitaiheijiuedamachikyushinpdf.pdf,26,high,
279,大字永興69番地の27,南太平寺2組の4の1,南太平寺二丁目,8,12,minamitaiheijiuedamachikyushinpdf.pdf,26,high,
280,大字永興69番地の28,南太平寺2組の4の1,南太平寺二丁目,8,10,minamitaiheijiuedamachikyushinpdf.pdf,26,high,
281,大字永興70番地の7,南太平寺2組の4,南太平寺二丁目,8,23,minamitaiheijiuedamachikyushinpdf.pdf,26,high,資料上2回出現
282,大字永興70番地の7,,南太平寺二丁目,8,23,minamitaiheijiuedamachikyushinpdf.pdf,26,high,
283,大字永興71番地の10,南太平寺2組の4,南太平寺二丁目,8,24,minamitaiheijiuedamachikyushinpdf.pdf,26,high,
284,大字永興71番地の11,南太平寺2組の4,南太平寺二丁目,8,26,minamitaiheijiuedamachikyushinpdf.pdf,26,high,
285,大字永興71番地の13,南太平寺2組の4,南太平寺二丁目,8,28,minamitaiheijiuedamachikyushinpdf.pdf,27,high,
286,大字永興71番地の15,南太平寺2組の4,南太平寺二丁目,8,30,minamitaiheijiuedamachikyushinpdf.pdf,27,high,
287,大字永興71番地の16,南太平寺2組の4,南太平寺二丁目,8,35,minamitaiheijiuedamachikyushinpdf.pdf,27,high,
288,大字永興71番地の17,南太平寺2組の4,南太平寺二丁目,8,34,minamitaiheijiuedamachikyushinpdf.pdf,27,high,
289,大字永興71番地の18,南太平寺2組の4,南太平寺二丁目,8,33,minamitaiheijiuedamachikyushinpdf.pdf,27,high,
290,大字永興71番地の19,南太平寺2組の4,南太平寺二丁目,8,32,minamitaiheijiuedamachikyushinpdf.pdf,27,high,
291,大字永興71番地の20,南太平寺2組の4,南太平寺二丁目,8,31,minamitaiheijiuedamachikyushinpdf.pdf,27,high,
292,大字永興72番地の1,南太平寺2組の4,南太平寺二丁目,8,37,minamitaiheijiuedamachikyushinpdf.pdf,27,high,
293,大字永興73番地の1,南太平寺2組の4,南太平寺二丁目,8,44,minamitaiheijiuedamachikyushinpdf.pdf,27,high,
294,大字永興73番地の3,南太平寺2組の4,南太平寺二丁目,9,17,minamitaiheijiuedamachikyushinpdf.pdf,27,high,資料上2回出現
295,大字永興73番地の4,南太平寺2組の4,南太平寺二丁目,9,18,minamitaiheijiuedamachikyushinpdf.pdf,27,high,
296,大字永興73番地の5,南太平寺2組の4,南太平寺二丁目,9,20,minamitaiheijiuedamachikyushinpdf.pdf,27,high,資料上2回出現
297,大字永興73番地の7,南太平寺2組の4,南太平寺二丁目,9,14,minamitaiheijiuedamachikyushinpdf.pdf,28,high,
298,大字永興73番地の8,南太平寺2組の4,南太平寺二丁目,8,39,minamitaiheijiuedamachikyushinpdf.pdf,28,high,
299,大字永興75番地の1,南太平寺2組の2,南太平寺二丁目,10,29,minamitaiheijiuedamachikyushinpdf.pdf,28,high,
300,大字永興75番地の1,,南太平寺二丁目,10,29,minamitaiheijiuedamachikyushinpdf.pdf,28,high,
301,大字永興75番地の2,南太平寺2組の2,南太平寺二丁目,10,24,minamitaiheijiuedamachikyushinpdf.pdf,28,high,
302,大字永興75番地の3,南太平寺2組の2,南太平寺二丁目,10,27,minamitaiheijiuedamachikyushinpdf.pdf,28,high,
303,大字永興76番地の1,南太平寺2組の6 ﾊﾟｰｸｻｲﾄﾞ101,南太平寺二丁目,10,23,minamitaiheijiuedamachikyushinpdf.pdf,28,high,
304,大字永興76番地の1,南太平寺2組の6 ﾊﾟｰｸｻｲﾄﾞ102,南太平寺二丁目,10,23,minamitaiheijiuedamachikyushinpdf.pdf,28,high,
305,大字永興76番地の1,南太平寺2組の6 ﾊﾟｰｸｻｲﾄﾞ103,南太平寺二丁目,10,23,minamitaiheijiuedamachikyushinpdf.pdf,28,high,
306,大字永興76番地の1,南太平寺2組の6 ﾊﾟｰｸｻｲﾄﾞ105,南太平寺二丁目,10,23,minamitaiheijiuedamachikyushinpdf.pdf,28,high,
307,大字永興76番地の1,南太平寺2組の6 ﾊﾟｰｸｻｲﾄﾞ201,南太平寺二丁目,10,23,minamitaiheijiuedamachikyushinpdf.pdf,28,high,
308,大字永興76番地の1,南太平寺2組の6 ﾊﾟｰｸｻｲﾄﾞ202,南太平寺二丁目,10,23,minamitaiheijiuedamachikyushinpdf.pdf,28,high,
309,大字永興76番地の1,南太平寺2組の6 ﾊﾟｰｸｻｲﾄﾞ203,南太平寺二丁目,10,23,minamitaiheijiuedamachikyushinpdf.pdf,29,high,
310,大字永興76番地の1,南太平寺2組の6 ﾊﾟｰｸｻｲﾄﾞ205,南太平寺二丁目,10,23,minamitaiheijiuedamachikyushinpdf.pdf,29,high,
311,大字永興76番地の2,,南太平寺二丁目,10,21,minamitaiheijiuedamachikyushinpdf.pdf,29,high,
312,大字永興76番地の2,南太平寺2組の2,南太平寺二丁目,10,22,minamitaiheijiuedamachikyushinpdf.pdf,29,high,資料上2回出現
313,大字永興77番地の4,南太平寺2組の2,南太平寺二丁目,10,10,minamitaiheijiuedamachikyushinpdf.pdf,29,high,
314,大字永興77番地の4,南太平寺2組の2,南太平寺二丁目,10,11,minamitaiheijiuedamachikyushinpdf.pdf,29,high,
315,大字永興77番地の4,南太平寺2組の2,南太平寺二丁目,10,14,minamitaiheijiuedamachikyushinpdf.pdf,29,high,
316,大字永興78番地,南太平寺2組の2,南太平寺二丁目,10,4,minamitaiheijiuedamachikyushinpdf.pdf,29,high,
317,大字永興78番地の1,南太平寺2組の2,南太平寺二丁目,10,6,minamitaiheijiuedamachikyushinpdf.pdf,29,high,
318,大字永興78番地の4,南太平寺2組の2,南太平寺二丁目,10,7,minamitaiheijiuedamachikyushinpdf.pdf,29,high,
319,大字永興79番地の2,南太平寺2組の2,南太平寺二丁目,10,46,minamitaiheijiuedamachikyushinpdf.pdf,29,high,
320,大字永興79番地の3,南太平寺2組の2,南太平寺二丁目,10,45,minamitaiheijiuedamachikyushinpdf.pdf,29,high,
321,大字永興79番地の4,南太平寺2組の2,南太平寺二丁目,10,44,minamitaiheijiuedamachikyushinpdf.pdf,30,high,
322,大字永興80番地の4,南太平寺2組の2,南太平寺二丁目,10,2,minamitaiheijiuedamachikyushinpdf.pdf,30,high,
323,大字永興80番地の4,南太平寺2組の2,南太平寺二丁目,10,3,minamitaiheijiuedamachikyushinpdf.pdf,30,high,
324,大字永興80番地の5,南太平寺2組の2,南太平寺二丁目,10,38,minamitaiheijiuedamachikyushinpdf.pdf,30,high,
325,大字永興80番地の6,南太平寺2組の2,南太平寺二丁目,10,40,minamitaiheijiuedamachikyushinpdf.pdf,30,high,
326,大字永興80番地の7,南太平寺2組の2,南太平寺二丁目,10,37,minamitaiheijiuedamachikyushinpdf.pdf,30,high,
327,大字永興82番地の1,南太平寺2組の2,南太平寺二丁目,6,87,minamitaiheijiuedamachikyushinpdf.pdf,30,high,
328,大字永興82番地の4,南太平寺2組の2,南太平寺二丁目,6,77,minamitaiheijiuedamachikyushinpdf.pdf,30,high,
329,大字永興82番地の4,南太平寺2組の2,南太平寺二丁目,10,48,minamitaiheijiuedamachikyushinpdf.pdf,30,high,
330,大字永興82番地の4,南太平寺2組の2,南太平寺二丁目,10,49,minamitaiheijiuedamachikyushinpdf.pdf,30,high,
331,大字永興82番地の5,南太平寺2組の2,南太平寺二丁目,6,76,minamitaiheijiuedamachikyushinpdf.pdf,30,high,資料上2回出現
332,大字永興82番地の12,南太平寺2組の2,南太平寺二丁目,6,83,minamitaiheijiuedamachikyushinpdf.pdf,30,high,
333,大字永興82番地の13,南太平寺2組の2,南太平寺二丁目,6,84,minamitaiheijiuedamachikyushinpdf.pdf,31,high,
334,大字永興82番地の15,南太平寺2組の2,南太平寺二丁目,6,85,minamitaiheijiuedamachikyushinpdf.pdf,31,high,資料上2回出現
335,大字永興82番地の16,南太平寺2組の2,南太平寺二丁目,6,88,minamitaiheijiuedamachikyushinpdf.pdf,31,high,
336,大字永興82番地の18,南太平寺2組の2,南太平寺二丁目,6,82,minamitaiheijiuedamachikyushinpdf.pdf,31,high,
337,大字永興83番地,南太平寺1組の1,南太平寺二丁目,6,75,minamitaiheijiuedamachikyushinpdf.pdf,31,high,
338,大字永興83番地,,南太平寺二丁目,6,75,minamitaiheijiuedamachikyushinpdf.pdf,31,high,
339,大字永興83番地の1,南太平寺1組の1 ｺｰﾎﾟｴﾊﾞﾝｽ1-101,南太平寺二丁目,6,73-101,minamitaiheijiuedamachikyushinpdf.pdf,31,high,
340,大字永興83番地の1,南太平寺1組の1 ｺｰﾎﾟｴﾊﾞﾝｽ1-201,南太平寺二丁目,6,73-201,minamitaiheijiuedamachikyushinpdf.pdf,31,high,
341,大字永興83番地の1,南太平寺1組の1 ｺｰﾎﾟｴﾊﾞﾝｽ1-202,南太平寺二丁目,6,73-202,minamitaiheijiuedamachikyushinpdf.pdf,31,high,
342,大字永興83番地の1,南太平寺1組の1 ｺｰﾎﾟｴﾊﾞﾝｽ1-301,南太平寺二丁目,6,73-301,minamitaiheijiuedamachikyushinpdf.pdf,31,high,
343,大字永興83番地の1,南太平寺1組の1 ｺｰﾎﾟｴﾊﾞﾝｽ1-302,南太平寺二丁目,6,73-302,minamitaiheijiuedamachikyushinpdf.pdf,31,high,
344,大字永興83番地の6,南太平寺1組の1,南太平寺二丁目,6,74,minamitaiheijiuedamachikyushinpdf.pdf,31,high,
345,大字永興83番地の11,南太平寺1組の1,南太平寺二丁目,6,72,minamitaiheijiuedamachikyushinpdf.pdf,32,high,
346,大字永興83番地の11,,南太平寺二丁目,6,72,minamitaiheijiuedamachikyushinpdf.pdf,32,high,
347,大字永興83番地の11,南太平寺1組の1,南太平寺二丁目,6,72-101,minamitaiheijiuedamachikyushinpdf.pdf,32,high,
348,大字永興83番地の11,南太平寺1組の1 ｺｰﾎﾟｴﾊﾞﾝｽ2-103,南太平寺二丁目,6,72-103,minamitaiheijiuedamachikyushinpdf.pdf,32,high,
349,大字永興83番地の11,南太平寺1組の1 ｺｰﾎﾟｴﾊﾞﾝｽ2-104,南太平寺二丁目,6,72-104,minamitaiheijiuedamachikyushinpdf.pdf,32,high,
350,大字永興83番地の11,南太平寺1組の1 ｺｰﾎﾟｴﾊﾞﾝｽ2-201,南太平寺二丁目,6,72-201,minamitaiheijiuedamachikyushinpdf.pdf,32,high,
351,大字永興83番地の11,南太平寺1組の1 ｺｰﾎﾟｴﾊﾞﾝｽ2-202,南太平寺二丁目,6,72-202,minamitaiheijiuedamachikyushinpdf.pdf,32,high,
352,大字永興83番地の11,南太平寺1組の1 ｴﾊﾞﾝｽⅡ203,南太平寺二丁目,6,72-203,minamitaiheijiuedamachikyushinpdf.pdf,32,high,
353,大字永興83番地の11,南太平寺1組の1 ｺｰﾎﾟｴﾊﾞﾝｽ2-204,南太平寺二丁目,6,72-204,minamitaiheijiuedamachikyushinpdf.pdf,32,high,
354,大字永興84番地の8,南太平寺1組の1,南太平寺二丁目,6,39,minamitaiheijiuedamachikyushinpdf.pdf,32,high,
355,大字永興84番地の14,南太平寺1組の1,南太平寺二丁目,6,62,minamitaiheijiuedamachikyushinpdf.pdf,32,high,
356,大字永興84番地の16,南太平寺1組の1,南太平寺二丁目,6,30,minamitaiheijiuedamachikyushinpdf.pdf,32,high,
357,大字永興84番地の16,南太平寺1組の1,南太平寺二丁目,6,48,minamitaiheijiuedamachikyushinpdf.pdf,32,high,
358,大字永興84番地の19,南太平寺1組の1,南太平寺二丁目,6,46,minamitaiheijiuedamachikyushinpdf.pdf,33,high,
359,大字永興84番地の22,南太平寺1組の1,南太平寺二丁目,6,42,minamitaiheijiuedamachikyushinpdf.pdf,33,high,
360,大字永興84番地の23,南太平寺1組の1,南太平寺二丁目,6,55,minamitaiheijiuedamachikyushinpdf.pdf,33,high,
361,大字永興84番地の24,南太平寺1組の1,南太平寺二丁目,6,58,minamitaiheijiuedamachikyushinpdf.pdf,33,high,
362,大字永興84番地の25,南太平寺1組の1,南太平寺二丁目,6,52,minamitaiheijiuedamachikyushinpdf.pdf,33,high,
363,大字永興84番地の26,南太平寺1組の1,南太平寺二丁目,6,49,minamitaiheijiuedamachikyushinpdf.pdf,33,high,
364,大字永興86番地の6,南太平寺2組の5 ﾚｵﾊﾟﾚｽWendysBell101,南太平寺二丁目,5,76,minamitaiheijiuedamachikyushinpdf.pdf,33,high,
365,大字永興86番地の6,南太平寺2組の5 ﾚｵﾊﾟﾚｽWendysBell102,南太平寺二丁目,5,76,minamitaiheijiuedamachikyushinpdf.pdf,33,high,
366,大字永興86番地の6,南太平寺2組の5 ﾚｵﾊﾟﾚｽWendysBell103,南太平寺二丁目,5,76,minamitaiheijiuedamachikyushinpdf.pdf,33,high,
367,大字永興86番地の6,南太平寺2組の5 ﾚｵﾊﾟﾚｽWendysBell104,南太平寺二丁目,5,76,minamitaiheijiuedamachikyushinpdf.pdf,33,high,
368,大字永興86番地の6,南太平寺2組の5 ﾚｵﾊﾟﾚｽWendysBell105,南太平寺二丁目,5,76,minamitaiheijiuedamachikyushinpdf.pdf,33,high,
369,大字永興86番地の6,南太平寺2組の5 ﾚｵﾊﾟﾚｽWendysBell106,南太平寺二丁目,5,76,minamitaiheijiuedamachikyushinpdf.pdf,33,high,
370,大字永興86番地の6,南太平寺2組の5 ﾚｵﾊﾟﾚｽWendysBell107,南太平寺二丁目,5,76,minamitaiheijiuedamachikyushinpdf.pdf,33,high,
371,大字永興86番地の6,南太平寺2組の5 ﾚｵﾊﾟﾚｽWendysBell108,南太平寺二丁目,5,76,minamitaiheijiuedamachikyushinpdf.pdf,34,high,
372,大字永興86番地の6,南太平寺2組の5 ﾚｵﾊﾟﾚｽWendysBell109,南太平寺二丁目,5,76,minamitaiheijiuedamachikyushinpdf.pdf,34,high,
373,大字永興86番地の6,南太平寺2組の5 ﾚｵﾊﾟﾚｽWendysBell110,南太平寺二丁目,5,76,minamitaiheijiuedamachikyushinpdf.pdf,34,high,
374,大字永興86番地の6,南太平寺2組の5 ﾚｵﾊﾟﾚｽWendysBell201,南太平寺二丁目,5,76,minamitaiheijiuedamachikyushinpdf.pdf,34,high,
375,大字永興86番地の6,南太平寺2組の5 ﾚｵﾊﾟﾚｽWendysBell202,南太平寺二丁目,5,76,minamitaiheijiuedamachikyushinpdf.pdf,34,high,
376,大字永興86番地の6,南太平寺2組の5 ﾚｵﾊﾟﾚｽWendysBell203,南太平寺二丁目,5,76,minamitaiheijiuedamachikyushinpdf.pdf,34,high,
377,大字永興86番地の6,南太平寺2組の5 ﾚｵﾊﾟﾚｽWendysBell204,南太平寺二丁目,5,76,minamitaiheijiuedamachikyushinpdf.pdf,34,high,
378,大字永興86番地の6,南太平寺2組の5 ﾚｵﾊﾟﾚｽWendysBell205,南太平寺二丁目,5,76,minamitaiheijiuedamachikyushinpdf.pdf,34,high,
379,大字永興86番地の6,南太平寺2組の5 ﾚｵﾊﾟﾚｽWendysBell206,南太平寺二丁目,5,76,minamitaiheijiuedamachikyushinpdf.pdf,34,high,
380,大字永興86番地の6,南太平寺2組の5 ﾚｵﾊﾟﾚｽWendysBell207,南太平寺二丁目,5,76,minamitaiheijiuedamachikyushinpdf.pdf,34,high,資料上2回出現
381,大字永興86番地の6,南太平寺2組の5 ﾚｵﾊﾟﾚｽWendysBell208,南太平寺二丁目,5,76,minamitaiheijiuedamachikyushinpdf.pdf,34,high,
382,大字永興86番地の6,南太平寺2組の5 ﾚｵﾊﾟﾚｽWendysBell209,南太平寺二丁目,5,76,minamitaiheijiuedamachikyushinpdf.pdf,34,high,
383,大字永興86番地の6,南太平寺2組の5 ﾚｵﾊﾟﾚｽWendysBell210,南太平寺二丁目,5,76,minamitaiheijiuedamachikyushinpdf.pdf,35,high,
384,大字永興86番地の9,南太平寺2組の5 ﾚｵﾈｸｽﾄｱﾋﾞｰｽﾞﾍﾞﾙ101,南太平寺二丁目,5,78,minamitaiheijiuedamachikyushinpdf.pdf,35,high,
385,大字永興86番地の9,南太平寺2組の5 ﾚｵﾈｸｽﾄｱﾋﾞｰｽﾞﾍﾞﾙ102,南太平寺二丁目,5,78,minamitaiheijiuedamachikyushinpdf.pdf,35,high,
386,大字永興86番地の9,南太平寺2組の5 ﾚｵﾈｸｽﾄｱﾋﾞｰｽﾞﾍﾞﾙ103,南太平寺二丁目,5,78,minamitaiheijiuedamachikyushinpdf.pdf,35,high,
387,大字永興86番地の9,南太平寺2組の5 ﾚｵﾈｸｽﾄｱﾋﾞｰｽﾞﾍﾞﾙ104,南太平寺二丁目,5,78,minamitaiheijiuedamachikyushinpdf.pdf,35,high,
388,大字永興86番地の9,南太平寺2組の5 ﾚｵﾈｸｽﾄｱﾋﾞｰｽﾞﾍﾞﾙ105,南太平寺二丁目,5,78,minamitaiheijiuedamachikyushinpdf.pdf,35,high,
389,大字永興86番地の9,南太平寺2組の5 ﾚｵﾈｸｽﾄｱﾋﾞｰｽﾞﾍﾞﾙ106,南太平寺二丁目,5,78,minamitaiheijiuedamachikyushinpdf.pdf,35,high,
390,大字永興86番地の9,南太平寺2組の5 ﾚｵﾈｸｽﾄｱﾋﾞｰｽﾞﾍﾞﾙ107,南太平寺二丁目,5,78,minamitaiheijiuedamachikyushinpdf.pdf,35,high,
391,大字永興86番地の9,南太平寺2組の5 ﾚｵﾈｸｽﾄｱﾋﾞｰｽﾞﾍﾞﾙ108,南太平寺二丁目,5,78,minamitaiheijiuedamachikyushinpdf.pdf,35,high,
392,大字永興86番地の9,南太平寺2組の5 ﾚｵﾈｸｽﾄｱﾋﾞｰｽﾞﾍﾞﾙ109,南太平寺二丁目,5,78,minamitaiheijiuedamachikyushinpdf.pdf,35,high,
393,大字永興86番地の9,南太平寺2組の5 ﾚｵﾈｸｽﾄｱﾋﾞｰｽﾞﾍﾞﾙ110,南太平寺二丁目,5,78,minamitaiheijiuedamachikyushinpdf.pdf,35,high,
394,大字永興86番地の9,南太平寺2組の5 ﾚｵﾈｸｽﾄｱﾋﾞｰｽﾞﾍﾞﾙ201,南太平寺二丁目,5,78,minamitaiheijiuedamachikyushinpdf.pdf,35,high,
395,大字永興86番地の9,南太平寺2組の5 ﾚｵﾈｸｽﾄｱﾋﾞｰｽﾞﾍﾞﾙ202,南太平寺二丁目,5,78,minamitaiheijiuedamachikyushinpdf.pdf,35,high,
396,大字永興86番地の9,南太平寺2組の5 ﾚｵﾈｸｽﾄｱﾋﾞｰｽﾞﾍﾞﾙ203,南太平寺二丁目,5,78,minamitaiheijiuedamachikyushinpdf.pdf,36,high,
397,大字永興86番地の9,南太平寺2組の5 ﾚｵﾈｸｽﾄｱﾋﾞｰｽﾞﾍﾞﾙ204,南太平寺二丁目,5,78,minamitaiheijiuedamachikyushinpdf.pdf,36,high,
398,大字永興86番地の9,南太平寺2組の5 ﾚｵﾈｸｽﾄｱﾋﾞｰｽﾞﾍﾞﾙ205,南太平寺二丁目,5,78,minamitaiheijiuedamachikyushinpdf.pdf,36,high,
399,大字永興86番地の9,南太平寺2組の5 ﾚｵﾈｸｽﾄｱﾋﾞｰｽﾞﾍﾞﾙ206,南太平寺二丁目,5,78,minamitaiheijiuedamachikyushinpdf.pdf,36,high,
400,大字永興86番地の9,南太平寺2組の5 ﾚｵﾈｸｽﾄｱﾋﾞｰｽﾞﾍﾞﾙ207,南太平寺二丁目,5,78,minamitaiheijiuedamachikyushinpdf.pdf,36,high,
401,大字永興86番地の9,南太平寺2組の5 ﾚｵﾈｸｽﾄｱﾋﾞｰｽﾞﾍﾞﾙ208,南太平寺二丁目,5,78,minamitaiheijiuedamachikyushinpdf.pdf,36,high,
402,大字永興86番地の9,南太平寺2組の5 ﾚｵﾈｸｽﾄｱﾋﾞｰｽﾞﾍﾞﾙ209,南太平寺二丁目,5,78,minamitaiheijiuedamachikyushinpdf.pdf,36,high,
403,大字永興86番地の9,南太平寺2組の5 ﾚｵﾈｸｽﾄｱﾋﾞｰｽﾞﾍﾞﾙ210,南太平寺二丁目,5,78,minamitaiheijiuedamachikyushinpdf.pdf,36,high,
404,大字永興87番地の3,南太平寺2組の7,南太平寺二丁目,7,1,minamitaiheijiuedamachikyushinpdf.pdf,36,high,
405,大字永興87番地の4,南太平寺2組の7,南太平寺二丁目,7,4,minamitaiheijiuedamachikyushinpdf.pdf,36,high,
406,大字永興87番地の5,南太平寺2組の7,南太平寺二丁目,7,6,minamitaiheijiuedamachikyushinpdf.pdf,36,high,
407,大字永興87番地の6,南太平寺2組の7,南太平寺二丁目,7,7,minamitaiheijiuedamachikyushinpdf.pdf,36,high,
408,大字永興87番地の7,南太平寺2組の7,南太平寺二丁目,7,9,minamitaiheijiuedamachikyushinpdf.pdf,36,high,
409,大字永興87番地の8,南太平寺2組の7,南太平寺二丁目,7,10,minamitaiheijiuedamachikyushinpdf.pdf,37,high,
410,大字永興87番地の9,南太平寺2組の7,南太平寺二丁目,7,11,minamitaiheijiuedamachikyushinpdf.pdf,37,high,
411,大字永興87番地の10,南太平寺2組の7,南太平寺二丁目,7,12,minamitaiheijiuedamachikyushinpdf.pdf,37,high,
412,大字永興87番地の11,南太平寺2組の7,南太平寺二丁目,7,14,minamitaiheijiuedamachikyushinpdf.pdf,37,high,
413,大字永興87番地の12,南太平寺2組の7,南太平寺二丁目,7,15,minamitaiheijiuedamachikyushinpdf.pdf,37,high,
414,大字永興87番地の13,南太平寺2組の7,南太平寺二丁目,7,17,minamitaiheijiuedamachikyushinpdf.pdf,37,high,
415,大字永興87番地の14,南太平寺2組の7,南太平寺二丁目,7,20,minamitaiheijiuedamachikyushinpdf.pdf,37,high,
416,大字永興89番地の3,南太平寺2組の3,南太平寺二丁目,7,22,minamitaiheijiuedamachikyushinpdf.pdf,37,high,
417,大字永興91番地の1,南太平寺2組の3,南太平寺二丁目,7,27,minamitaiheijiuedamachikyushinpdf.pdf,37,high,
418,大字永興91番地の4,南太平寺2組の3,南太平寺二丁目,7,55,minamitaiheijiuedamachikyushinpdf.pdf,37,high,資料上2回出現
419,大字永興91番地の5,南太平寺2組の3,南太平寺二丁目,7,53,minamitaiheijiuedamachikyushinpdf.pdf,37,high,
420,大字永興91番地の6,南太平寺2組の3,南太平寺二丁目,7,38,minamitaiheijiuedamachikyushinpdf.pdf,37,high,資料上2回出現
421,大字永興91番地の8,南太平寺2組の3,南太平寺二丁目,7,35,minamitaiheijiuedamachikyushinpdf.pdf,38,high,
422,大字永興91番地の8,,南太平寺二丁目,7,35,minamitaiheijiuedamachikyushinpdf.pdf,38,high,
423,大字永興91番地の10,南太平寺2組の3,南太平寺二丁目,7,34,minamitaiheijiuedamachikyushinpdf.pdf,38,high,
424,大字永興91番地の12,南太平寺2組の3,南太平寺二丁目,7,41,minamitaiheijiuedamachikyushinpdf.pdf,38,high,
425,大字永興91番地の15,南太平寺2組の3,南太平寺二丁目,7,50,minamitaiheijiuedamachikyushinpdf.pdf,38,high,資料上2回出現
426,大字永興91番地の16,南太平寺2組の3,南太平寺二丁目,7,32,minamitaiheijiuedamachikyushinpdf.pdf,38,high,
427,大字永興91番地の18,南太平寺2組の3,南太平寺二丁目,7,28,minamitaiheijiuedamachikyushinpdf.pdf,38,high,
428,大字永興91番地の19,南太平寺2組の3,南太平寺二丁目,7,29,minamitaiheijiuedamachikyushinpdf.pdf,38,high,
429,大字永興91番地の21,南太平寺2組の3,南太平寺二丁目,7,30,minamitaiheijiuedamachikyushinpdf.pdf,38,high,
430,大字永興91番地の22,南太平寺2組の3,南太平寺二丁目,7,44,minamitaiheijiuedamachikyushinpdf.pdf,38,high,
431,大字永興92番地の1,上田町6組,上田町一丁目,6,22,minamitaiheijiuedamachikyushinpdf.pdf,38,high,資料上2回出現
432,大字永興92番地の1,上田町6組,上田町一丁目,6,24,minamitaiheijiuedamachikyushinpdf.pdf,39,high,
433,大字永興92番地の3,南太平寺2組,南太平寺二丁目,4,25,minamitaiheijiuedamachikyushinpdf.pdf,39,high,
434,大字永興92番地の3,,南太平寺二丁目,4,25,minamitaiheijiuedamachikyushinpdf.pdf,39,high,
435,大字永興92番地の11,上田町6組,上田町一丁目,6,26,minamitaiheijiuedamachikyushinpdf.pdf,39,high,
436,大字永興93番地の3,南太平寺2組の3,南太平寺二丁目,4,23,minamitaiheijiuedamachikyushinpdf.pdf,39,high,
437,大字永興93番地の3,南太平寺2組の3,南太平寺二丁目,4,24,minamitaiheijiuedamachikyushinpdf.pdf,39,high,
438,大字永興93番地の4,上田町6組,上田町一丁目,6,4,minamitaiheijiuedamachikyushinpdf.pdf,39,high,
439,大字永興93番地の7,上田町6組,上田町一丁目,6,5,minamitaiheijiuedamachikyushinpdf.pdf,39,high,
440,大字永興93番地の10,上田町6組,上田町一丁目,6,9,minamitaiheijiuedamachikyushinpdf.pdf,39,high,
441,大字永興93番地の12,上田町6組,上田町一丁目,6,13,minamitaiheijiuedamachikyushinpdf.pdf,39,high,
442,大字永興93番地の13,上田町6組,上田町一丁目,6,14,minamitaiheijiuedamachikyushinpdf.pdf,39,high,
443,大字永興93番地の15,上田町6組,上田町一丁目,6,15,minamitaiheijiuedamachikyushinpdf.pdf,39,high,
444,大字永興93番地の16,上田町6組 信治荘1,上田町一丁目,6,11,minamitaiheijiuedamachikyushinpdf.pdf,40,high,
445,大字永興93番地の16,上田町6組 信治荘102,上田町一丁目,6,11,minamitaiheijiuedamachikyushinpdf.pdf,40,high,
446,大字永興93番地の16,上田町6組 信治荘3,上田町一丁目,6,11,minamitaiheijiuedamachikyushinpdf.pdf,40,high,
447,大字永興93番地の16,上田町6組 信治荘5,上田町一丁目,6,11,minamitaiheijiuedamachikyushinpdf.pdf,40,high,
448,大字永興93番地の16,上田町6組 信治荘6,上田町一丁目,6,11,minamitaiheijiuedamachikyushinpdf.pdf,40,high,
449,大字永興93番地の16,上田町6組 信治荘7,上田町一丁目,6,12,minamitaiheijiuedamachikyushinpdf.pdf,40,high,
450,大字永興93番地の16,上田町6組 信治荘8号,上田町一丁目,6,12,minamitaiheijiuedamachikyushinpdf.pdf,40,high,
451,大字永興93番地の16,上田町6組 信治荘10,上田町一丁目,6,12,minamitaiheijiuedamachikyushinpdf.pdf,40,high,
452,大字永興93番地の16,上田町6組 信治荘,上田町一丁目,6,12,minamitaiheijiuedamachikyushinpdf.pdf,40,high,
453,大字永興93番地の16,上田町6組 信治荘12,上田町一丁目,6,12,minamitaiheijiuedamachikyushinpdf.pdf,40,high,
454,大字永興93番地の16,上田町6組 信治荘13,上田町一丁目,6,12,minamitaiheijiuedamachikyushinpdf.pdf,40,high,
455,大字永興93番地の18,上田町6組,上田町一丁目,6,7,minamitaiheijiuedamachikyushinpdf.pdf,40,high,
456,大字永興93番地の19,上田町6組,上田町一丁目,6,8,minamitaiheijiuedamachikyushinpdf.pdf,40,high,
457,大字永興93番地の20,上田町6組,上田町一丁目,6,17,minamitaiheijiuedamachikyushinpdf.pdf,41,high,
458,大字永興93番地の21,上田町6組,上田町一丁目,6,19,minamitaiheijiuedamachikyushinpdf.pdf,41,high,資料上2回出現
459,大字永興94番地,南太平寺2組の3,南太平寺二丁目,4,22,minamitaiheijiuedamachikyushinpdf.pdf,41,high,
460,大字永興95番地の1,,上田町一丁目,6,1,minamitaiheijiuedamachikyushinpdf.pdf,41,high,
461,大字永興96番地の3,南太平寺2組の3 生活支援ﾊｳｽ太平の里,南太平寺二丁目,4,15,minamitaiheijiuedamachikyushinpdf.pdf,41,high,資料上16回出現
462,大字永興下芦原96番地3,南太平寺2組の3,南太平寺二丁目,4,15,minamitaiheijiuedamachikyushinpdf.pdf,42,high,
463,大字永興97番地の15,上田町7組の1,上田町一丁目,2,62,minamitaiheijiuedamachikyushinpdf.pdf,42,high,
464,大字永興97番地の16,上田町7組の1の1,上田町一丁目,2,64,minamitaiheijiuedamachikyushinpdf.pdf,42,high,
465,大字永興97番地の17,上田町7組の1の1,上田町一丁目,2,65,minamitaiheijiuedamachikyushinpdf.pdf,42,high,
466,大字永興97番地の18,上田町7組の1の1,上田町一丁目,2,67,minamitaiheijiuedamachikyushinpdf.pdf,42,high,
467,大字永興97番地の19,上田町7組の1の1,上田町一丁目,2,68,minamitaiheijiuedamachikyushinpdf.pdf,43,high,
468,大字永興97番地の20,上田町7組の1の1,上田町一丁目,2,69,minamitaiheijiuedamachikyushinpdf.pdf,43,high,
469,大字永興97番地の21,上田町7組の1の1,上田町一丁目,2,70,minamitaiheijiuedamachikyushinpdf.pdf,43,high,
470,大字永興97番地の22,上田町7組の1の1,上田町一丁目,2,71,minamitaiheijiuedamachikyushinpdf.pdf,43,high,
471,大字永興97番地の22,上田町7組1の1,上田町一丁目,2,71,minamitaiheijiuedamachikyushinpdf.pdf,43,high,
472,大字永興97番地の22,上田町7組の1の1,上田町一丁目,2,72,minamitaiheijiuedamachikyushinpdf.pdf,43,high,
473,大字永興97番地の24,上田町7組の1の1,上田町一丁目,2,73,minamitaiheijiuedamachikyushinpdf.pdf,43,high,
474,大字永興98番地の7,上田町7組の1の1,上田町一丁目,2,53,minamitaiheijiuedamachikyushinpdf.pdf,43,high,
475,大字永興98番地の12,上田町7組の1の1,上田町一丁目,2,56,minamitaiheijiuedamachikyushinpdf.pdf,43,high,
476,大字永興98番地の13,上田町7組の1の1,上田町一丁目,2,57,minamitaiheijiuedamachikyushinpdf.pdf,43,high,資料上2回出現
477,大字永興99番地の6,上田町7組の1の1,上田町一丁目,2,49,minamitaiheijiuedamachikyushinpdf.pdf,43,high,
478,大字永興100番地の1,上田町7組の1の1 ﾌｧﾙｺﾝｵｰﾊﾟｽ18-101,上田町一丁目,2,37,minamitaiheijiuedamachikyushinpdf.pdf,43,high,
479,大字永興100番地の1,上田町7組の1の1 ﾌｧﾙｺﾝｵｰﾊﾟｽ18-102,上田町一丁目,2,37,minamitaiheijiuedamachikyushinpdf.pdf,44,high,
480,大字永興100番地の1,上田町7組の1の1 ﾌｧﾙｺﾝｵｰﾊﾟｽ18-103,上田町一丁目,2,37,minamitaiheijiuedamachikyushinpdf.pdf,44,high,
481,大字永興100番地の1,上田町7組の1の1 ﾌｧﾙｺﾝｵｰﾊﾟｽ18-104,上田町一丁目,2,37,minamitaiheijiuedamachikyushinpdf.pdf,44,high,
482,大字永興100番地の1,上田町7組の1の1 ﾌｧﾙｺﾝｵｰﾊﾟｽ18-105,上田町一丁目,2,37,minamitaiheijiuedamachikyushinpdf.pdf,44,high,
483,大字永興100番地の1,上田町7組の1の1 椿ﾊｲﾂ106,上田町一丁目,2,37,minamitaiheijiuedamachikyushinpdf.pdf,44,high,
484,大字永興100番地の1,上田町7組の1の1 ﾌｧﾙｺﾝｵｰﾊﾟｽ18-201,上田町一丁目,2,37,minamitaiheijiuedamachikyushinpdf.pdf,44,high,
485,大字永興100番地の1,上田町7組の1の1 ﾌｧﾙｺﾝｵｰﾊﾟｽ18-202,上田町一丁目,2,37,minamitaiheijiuedamachikyushinpdf.pdf,44,high,
486,大字永興100番地の1,上田町7組の1の1 ﾌｧﾙｺﾝｵｰﾊﾟｽ18-203,上田町一丁目,2,37,minamitaiheijiuedamachikyushinpdf.pdf,44,high,
487,大字永興100番地の1,上田町7組の1の1 ﾌｧﾙｺﾝｵｰﾊﾟｽ18-204,上田町一丁目,2,37,minamitaiheijiuedamachikyushinpdf.pdf,44,high,
488,大字永興100番地の1,上田町7組の1の1 ﾌｧﾙｺﾝｵｰﾊﾟｽ18-205,上田町一丁目,2,37,minamitaiheijiuedamachikyushinpdf.pdf,44,high,
489,大字永興100番地の1,上田町7組の1の1 椿ﾊｲﾂ206,上田町一丁目,2,37,minamitaiheijiuedamachikyushinpdf.pdf,44,high,
490,大字永興100番地の1,上田町7組の1の1 ﾌｧﾙｺﾝｵｰﾊﾟｽ19-101,上田町一丁目,2,45,minamitaiheijiuedamachikyushinpdf.pdf,44,high,
491,大字永興100番地の1,上田町7組の1の1 ﾌｧﾙｺﾝｵｰﾊﾟｽ19-102,上田町一丁目,2,45,minamitaiheijiuedamachikyushinpdf.pdf,44,high,
492,大字永興100番地の1,上田町7組の1の1 ﾌｧﾙｺﾝｵｰﾊﾟｽ19-103,上田町一丁目,2,45,minamitaiheijiuedamachikyushinpdf.pdf,45,high,
493,大字永興100番地の1,上田町7組の1の1 ﾌｧﾙｺﾝｵｰﾊﾟｽ19-105,上田町一丁目,2,45,minamitaiheijiuedamachikyushinpdf.pdf,45,high,
494,大字永興100番地の1,上田町7組の1の1 ﾌｧﾙｺﾝｵｰﾊﾟｽ19-201,上田町一丁目,2,45,minamitaiheijiuedamachikyushinpdf.pdf,45,high,
495,大字永興100番地の1,上田町7組の1の1 ﾌｧﾙｺﾝｵｰﾊﾟｽ19-202,上田町一丁目,2,45,minamitaiheijiuedamachikyushinpdf.pdf,45,high,
496,大字永興100番地の1,上田町7組の1の1 ﾌｧﾙｺﾝｵｰﾊﾟｽ19-203,上田町一丁目,2,45,minamitaiheijiuedamachikyushinpdf.pdf,45,high,
497,大字永興100番地の1,上田町7組の1の1 ﾌｧﾙｺﾝｵｰﾊﾟｽ19-205,上田町一丁目,2,45,minamitaiheijiuedamachikyushinpdf.pdf,45,high,
498,大字永興100番地の10,上田町7組の1の1,上田町一丁目,2,42,minamitaiheijiuedamachikyushinpdf.pdf,45,high,
499,大字永興100番地の11,上田町7組の1の1,上田町一丁目,2,41,minamitaiheijiuedamachikyushinpdf.pdf,45,high,
500,大字永興100番地の12,上田町7組の1の1,上田町一丁目,2,39,minamitaiheijiuedamachikyushinpdf.pdf,45,high,
501,大字永興101番地の1,上田町7組の1,上田町一丁目,2,32,minamitaiheijiuedamachikyushinpdf.pdf,45,high,
502,大字永興101番地の5,上田町7組の1の2,上田町一丁目,2,31,minamitaiheijiuedamachikyushinpdf.pdf,45,high,
503,大字永興101番地の6,上田町7組の1の2,上田町一丁目,2,29,minamitaiheijiuedamachikyushinpdf.pdf,45,high,
504,大字永興101番地の7,上田町7組の1の2,上田町一丁目,2,28,minamitaiheijiuedamachikyushinpdf.pdf,45,high,
505,大字永興102番地の9,上田町7組の1の2,上田町一丁目,2,10,minamitaiheijiuedamachikyushinpdf.pdf,46,high,
506,大字永興102番地の10,上田町7組の1の2,上田町一丁目,2,9,minamitaiheijiuedamachikyushinpdf.pdf,46,high,資料上2回出現
507,大字永興102番地の11,上田町7組の1の2,上田町一丁目,2,8,minamitaiheijiuedamachikyushinpdf.pdf,46,high,
508,大字永興102番地の12,上田町7組の1の2,上田町一丁目,2,7,minamitaiheijiuedamachikyushinpdf.pdf,46,high,
509,大字永興102番地の14,上田町7組の1の2,上田町一丁目,2,12,minamitaiheijiuedamachikyushinpdf.pdf,46,high,
510,大字永興103番地の1,上田町7組の1の2,上田町一丁目,2,22,minamitaiheijiuedamachikyushinpdf.pdf,46,high,
511,大字永興103番地の1,上田町7組の1の2,上田町一丁目,2,24,minamitaiheijiuedamachikyushinpdf.pdf,46,high,
512,大字永興103番地の1,上田町7組の1の2,上田町一丁目,2,25,minamitaiheijiuedamachikyushinpdf.pdf,46,high,
513,大字永興103番地の1,,上田町一丁目,2,25,minamitaiheijiuedamachikyushinpdf.pdf,46,high,
514,大字永興104番地の3,南太平寺1組の9 ｽﾘｰｾﾞ南太平寺B101,南太平寺二丁目,4,1-101,minamitaiheijiuedamachikyushinpdf.pdf,46,high,
515,大字永興104番地の3,南太平寺1組の9 ｽﾘｰｾﾞ南太平寺B102,南太平寺二丁目,4,1-102,minamitaiheijiuedamachikyushinpdf.pdf,46,high,
516,大字永興104番地の3,南太平寺1組の9 ｽﾘｰｾﾞ南太平寺B103,南太平寺二丁目,4,1-103,minamitaiheijiuedamachikyushinpdf.pdf,46,high,
517,大字永興104番地の3,南太平寺1組の9 ｽﾘｰｾﾞ南太平寺B201,南太平寺二丁目,4,1-201,minamitaiheijiuedamachikyushinpdf.pdf,47,high,
518,大字永興104番地の3,南太平寺1組の9 ｽﾘｰｾﾞ南太平寺B202,南太平寺二丁目,4,1-202,minamitaiheijiuedamachikyushinpdf.pdf,47,high,
519,大字永興104番地の3,南太平寺1組の9 ｽﾘｰｾﾞ南太平寺B203,南太平寺二丁目,4,1-203,minamitaiheijiuedamachikyushinpdf.pdf,47,high,
520,大字永興104番地の3,南太平寺1組の9 ｽﾘｰｾﾞ南太平寺B301,南太平寺二丁目,4,1-301,minamitaiheijiuedamachikyushinpdf.pdf,47,high,
521,大字永興104番地の3,南太平寺1組の9 ｽﾘｰｾﾞ南太平寺B302,南太平寺二丁目,4,1-302,minamitaiheijiuedamachikyushinpdf.pdf,47,high,
522,大字永興104番地の3,南太平寺1組の9 ｽﾘｰｾﾞ南太平寺B303,南太平寺二丁目,4,1-303,minamitaiheijiuedamachikyushinpdf.pdf,47,high,
523,大字永興104番地の3,南太平寺1組の9 ｽﾘｰｾﾞ南太平寺A101,南太平寺二丁目,4,4-101,minamitaiheijiuedamachikyushinpdf.pdf,47,high,
524,大字永興104番地の3,南太平寺1組の9 ｽﾘｰｾﾞ南太平寺A102,南太平寺二丁目,4,4-102,minamitaiheijiuedamachikyushinpdf.pdf,47,high,
525,大字永興104番地の3,南太平寺1組の9 ｽﾘｰｾﾞ南太平寺A103,南太平寺二丁目,4,4-103,minamitaiheijiuedamachikyushinpdf.pdf,47,high,
526,大字永興104番地の3,南太平寺1組の9 ｽﾘｰｾﾞ南太平寺A201,南太平寺二丁目,4,4-201,minamitaiheijiuedamachikyushinpdf.pdf,47,high,
527,大字永興104番地の3,南太平寺1組の9 ｽﾘｰｾﾞ南太平寺A202,南太平寺二丁目,4,4-202,minamitaiheijiuedamachikyushinpdf.pdf,47,high,
528,大字永興104番地の3,南太平寺1組の9 ｽﾘｰｾﾞ南太平寺A203,南太平寺二丁目,4,4-203,minamitaiheijiuedamachikyushinpdf.pdf,47,high,
529,大字永興104番地の3,南太平寺1組の9 ｽﾘｰｾﾞ南太平寺A301,南太平寺二丁目,4,4-301,minamitaiheijiuedamachikyushinpdf.pdf,47,high,
530,大字永興104番地の3,南太平寺1組の9 ｽﾘｰｾﾞ南太平寺A302,南太平寺二丁目,4,4-302,minamitaiheijiuedamachikyushinpdf.pdf,48,high,
531,大字永興104番地の3,南太平寺1組の9 ｽﾘｰｾﾞ南太平寺A303,南太平寺二丁目,4,4-303,minamitaiheijiuedamachikyushinpdf.pdf,48,high,
532,大字永興104番地の8,上田町7組の1の2,上田町一丁目,2,1,minamitaiheijiuedamachikyushinpdf.pdf,48,high,資料上3回出現
533,大字永興104番地の9,南太平寺1組の3,南太平寺二丁目,4,5,minamitaiheijiuedamachikyushinpdf.pdf,48,high,
534,大字永興104番地の10,上田町7組の1の2 園田ｱﾊﾟｰﾄ1号,上田町一丁目,2,5,minamitaiheijiuedamachikyushinpdf.pdf,48,high,
535,大字永興104番地の10,上田町7組の1の2 園田ｱﾊﾟｰﾄ2号,上田町一丁目,2,5,minamitaiheijiuedamachikyushinpdf.pdf,48,high,
536,大字永興104番地の10,上田町7組の1の2 園田ｱﾊﾟｰﾄ3号,上田町一丁目,2,5,minamitaiheijiuedamachikyushinpdf.pdf,48,high,
537,大字永興104番地の10,上田町7組の1の2 園田ｱﾊﾟｰﾄ5号,上田町一丁目,2,5,minamitaiheijiuedamachikyushinpdf.pdf,48,high,
538,大字永興105番地,南太平寺1組の4,南太平寺二丁目,5,21,minamitaiheijiuedamachikyushinpdf.pdf,48,high,
539,大字永興105番地の3,南太平寺1組の4,南太平寺二丁目,5,17,minamitaiheijiuedamachikyushinpdf.pdf,48,high,
540,大字永興105番地の4,南太平寺1組の4,南太平寺二丁目,5,18,minamitaiheijiuedamachikyushinpdf.pdf,48,high,
541,大字永興105番地の5,南太平寺1組の4,南太平寺二丁目,5,24,minamitaiheijiuedamachikyushinpdf.pdf,49,high,
542,大字永興105番地の6,南太平寺1組の4,南太平寺二丁目,5,22,minamitaiheijiuedamachikyushinpdf.pdf,49,high,
543,大字永興105番地の8,南太平寺1組の4,南太平寺二丁目,5,27,minamitaiheijiuedamachikyushinpdf.pdf,49,high,
544,大字永興105番地の10,南太平寺1組の4,南太平寺二丁目,5,30,minamitaiheijiuedamachikyushinpdf.pdf,49,high,
545,大字永興105番地の11,南太平寺1組の4,南太平寺二丁目,5,41,minamitaiheijiuedamachikyushinpdf.pdf,49,high,
546,大字永興105番地の12,南太平寺1組の4,南太平寺二丁目,5,39,minamitaiheijiuedamachikyushinpdf.pdf,49,high,
547,大字永興105番地の13,南太平寺1組の4,南太平寺二丁目,5,38,minamitaiheijiuedamachikyushinpdf.pdf,49,high,
548,大字永興105番地の17,南太平寺1組の4,南太平寺二丁目,5,19,minamitaiheijiuedamachikyushinpdf.pdf,49,high,
549,大字永興106番地の6,南太平寺1組の3,南太平寺二丁目,5,12,minamitaiheijiuedamachikyushinpdf.pdf,49,high,
550,大字永興106番地の7,南太平寺1組の3,南太平寺二丁目,5,10,minamitaiheijiuedamachikyushinpdf.pdf,49,high,
551,大字永興106番地の7,,南太平寺二丁目,5,10,minamitaiheijiuedamachikyushinpdf.pdf,49,high,
552,大字永興106番地の11,南太平寺1組の3,南太平寺二丁目,5,9,minamitaiheijiuedamachikyushinpdf.pdf,49,high,
553,大字永興106番地の13,南太平寺1組の3,南太平寺二丁目,5,6,minamitaiheijiuedamachikyushinpdf.pdf,49,high,
554,大字永興107番地の5,南太平寺1組の4の1,南太平寺二丁目,5,49,minamitaiheijiuedamachikyushinpdf.pdf,50,high,
555,大字永興107番地の6,南太平寺1組の4の1,南太平寺二丁目,5,51,minamitaiheijiuedamachikyushinpdf.pdf,50,high,
556,大字永興107番地の7,南太平寺1組の4の1,南太平寺二丁目,5,52,minamitaiheijiuedamachikyushinpdf.pdf,50,high,
557,大字永興107番地の8,南太平寺1組の4の1,南太平寺二丁目,5,54,minamitaiheijiuedamachikyushinpdf.pdf,50,high,資料上2回出現
558,大字永興107番地の10,南太平寺1組の4の1,南太平寺二丁目,5,55,minamitaiheijiuedamachikyushinpdf.pdf,50,high,
559,大字永興107番地の10,,南太平寺二丁目,5,55,minamitaiheijiuedamachikyushinpdf.pdf,50,high,資料上2回出現
560,大字永興107番地の11,南太平寺1組の4の1,南太平寺二丁目,5,56,minamitaiheijiuedamachikyushinpdf.pdf,50,high,
561,大字永興107番地の12,南太平寺1組の4の1,南太平寺二丁目,5,57,minamitaiheijiuedamachikyushinpdf.pdf,50,high,
562,大字永興107番地の13,南太平寺1-7組,南太平寺二丁目,5,58,minamitaiheijiuedamachikyushinpdf.pdf,50,high,
563,大字永興108番地の1,南太平寺1組の5 ﾊﾟｰｸﾋﾙｽﾞ南太平寺Ⅱ101,南太平寺二丁目,5,63-101,minamitaiheijiuedamachikyushinpdf.pdf,50,high,
564,大字永興108番地の1,南太平寺1組の5 ﾊﾟｰｸﾋﾙｽﾞ南太平寺Ⅱ102,南太平寺二丁目,5,63-102,minamitaiheijiuedamachikyushinpdf.pdf,50,high,
565,大字永興108番地の1,南太平寺1組の5 ﾊﾟｰｸﾋﾙｽﾞ南太平寺Ⅱ103,南太平寺二丁目,5,63-103,minamitaiheijiuedamachikyushinpdf.pdf,51,high,
566,大字永興108番地の1,南太平寺1組の5 ﾊﾟｰｸﾋﾙｽﾞ南太平寺Ⅱ105,南太平寺二丁目,5,63-105,minamitaiheijiuedamachikyushinpdf.pdf,51,high,
567,大字永興108番地の1,南太平寺1組の5 ﾊﾟｰｸﾋﾙｽﾞ南太平寺Ⅱ106,南太平寺二丁目,5,63-106,minamitaiheijiuedamachikyushinpdf.pdf,51,high,
568,大字永興108番地の1,南太平寺1組の5 ﾊﾟｰｸﾋﾙｽﾞ南太平寺Ⅱ201,南太平寺二丁目,5,63-201,minamitaiheijiuedamachikyushinpdf.pdf,51,high,
569,大字永興108番地の1,南太平寺1組の5 ﾊﾟｰｸﾋﾙｽﾞ南太平寺Ⅱ202,南太平寺二丁目,5,63-202,minamitaiheijiuedamachikyushinpdf.pdf,51,high,
570,大字永興108番地の1,南太平寺1組の5 ﾊﾟｰｸﾋﾙｽﾞ南太平寺Ⅱ203,南太平寺二丁目,5,63-203,minamitaiheijiuedamachikyushinpdf.pdf,51,high,
571,大字永興108番地の1,南太平寺1組の5 ﾊﾟｰｸﾋﾙｽﾞ南太平寺Ⅱ205,南太平寺二丁目,5,63-205,minamitaiheijiuedamachikyushinpdf.pdf,51,high,
572,大字永興108番地の1,南太平寺1組の5 ﾊﾟｰｸﾋﾙｽﾞ南太平寺Ⅱ206,南太平寺二丁目,5,63-206,minamitaiheijiuedamachikyushinpdf.pdf,51,high,
573,大字永興108番地の1,南太平寺1組の5 ﾊﾟｰｸﾋﾙｽﾞ南太平寺Ⅱ301,南太平寺二丁目,5,63-301,minamitaiheijiuedamachikyushinpdf.pdf,51,high,
574,大字永興108番地の1,南太平寺1組の5 ﾊﾟｰｸﾋﾙｽﾞ南太平寺Ⅱ302,南太平寺二丁目,5,63-302,minamitaiheijiuedamachikyushinpdf.pdf,51,high,
575,大字永興108番地の1,南太平寺1組の5 ﾊﾟｰｸﾋﾙｽﾞ南太平寺Ⅱ303,南太平寺二丁目,5,63-303,minamitaiheijiuedamachikyushinpdf.pdf,51,high,
576,大字永興108番地の1,南太平寺1組の5 ﾊﾟｰｸﾋﾙｽﾞ南太平寺Ⅱ305,南太平寺二丁目,5,63-305,minamitaiheijiuedamachikyushinpdf.pdf,51,high,
577,大字永興108番地の1,南太平寺1組の5 ﾊﾟｰｸﾋﾙｽﾞ南太平寺Ⅱ306,南太平寺二丁目,5,63-306,minamitaiheijiuedamachikyushinpdf.pdf,51,high,
578,大字永興108番地の5,南太平寺1組の5 ﾊﾟｰｸﾋﾙｽﾞ南太平寺101,南太平寺二丁目,5,61-101,minamitaiheijiuedamachikyushinpdf.pdf,52,high,
579,大字永興108番地の5,南太平寺1組の5 ﾊﾟｰｸﾋﾙｽﾞ南太平寺102,南太平寺二丁目,5,61-102,minamitaiheijiuedamachikyushinpdf.pdf,52,high,
580,大字永興108番地の5,南太平寺1組の5 ﾊﾟｰｸﾋﾙｽﾞ南太平寺103,南太平寺二丁目,5,61-103,minamitaiheijiuedamachikyushinpdf.pdf,52,high,
581,大字永興108番地の5,南太平寺1組の5 ﾊﾟｰｸﾋﾙｽﾞ南太平寺105,南太平寺二丁目,5,61-105,minamitaiheijiuedamachikyushinpdf.pdf,52,high,
582,大字永興108番地の5,南太平寺1組の5 ﾊﾟｰｸﾋﾙｽﾞ南太平寺106,南太平寺二丁目,5,61-106,minamitaiheijiuedamachikyushinpdf.pdf,52,high,
583,大字永興108-5,南太平寺1組の5 ﾊﾟｰｸﾋﾙｽﾞ南太平寺Ⅰ106号室,南太平寺二丁目,5,61-106,minamitaiheijiuedamachikyushinpdf.pdf,52,high,
584,大字永興108番地の5,南太平寺1組の5 ﾊﾟｰｸﾋﾙｽﾞ南太平寺201,南太平寺二丁目,5,61-201,minamitaiheijiuedamachikyushinpdf.pdf,52,high,
585,大字永興108番地の5,南太平寺1組の5 ﾊﾟｰｸﾋﾙｽﾞ南太平寺202,南太平寺二丁目,5,61-202,minamitaiheijiuedamachikyushinpdf.pdf,52,high,
586,大字永興108番地の5,南太平寺1組の5 ﾊﾟｰｸﾋﾙｽﾞ南太平寺203,南太平寺二丁目,5,61-203,minamitaiheijiuedamachikyushinpdf.pdf,52,high,
587,大字永興108番地の5,南太平寺1組の5 ﾊﾟｰｸﾋﾙｽﾞ南太平寺205,南太平寺二丁目,5,61-205,minamitaiheijiuedamachikyushinpdf.pdf,52,high,
588,大字永興108番地の5,南太平寺1組の5 ﾊﾟｰｸﾋﾙｽﾞ南太平寺206,南太平寺二丁目,5,61-206,minamitaiheijiuedamachikyushinpdf.pdf,52,high,
589,大字永興108番地の5,南太平寺1組の5 ﾊﾟｰｸﾋﾙｽﾞ南太平寺207,南太平寺二丁目,5,61-207,minamitaiheijiuedamachikyushinpdf.pdf,52,high,
590,大字永興108番地の5,南太平寺1組の5 ﾊﾟｰｸﾋﾙｽﾞ南太平寺301,南太平寺二丁目,5,61-301,minamitaiheijiuedamachikyushinpdf.pdf,52,high,
591,大字永興108番地の5,南太平寺1組の5 ﾊﾟｰｸﾋﾙｽﾞ南太平寺302,南太平寺二丁目,5,61-302,minamitaiheijiuedamachikyushinpdf.pdf,53,high,
592,大字永興108番地の5,南太平寺1組の5 ﾊﾟｰｸﾋﾙｽﾞ南太平寺303,南太平寺二丁目,5,61-303,minamitaiheijiuedamachikyushinpdf.pdf,53,high,
593,大字永興108番地の5,南太平寺1組の5 ﾊﾟｰｸﾋﾙｽﾞ南太平寺305,南太平寺二丁目,5,61-305,minamitaiheijiuedamachikyushinpdf.pdf,53,high,
594,大字永興108番地の5,南太平寺1組の5 ﾊﾟｰｸﾋﾙｽﾞ南太平寺306,南太平寺二丁目,5,61-306,minamitaiheijiuedamachikyushinpdf.pdf,53,high,
595,大字永興108番地の5,南太平寺1組の5 ﾊﾟｰｸﾋﾙｽﾞ南太平寺307,南太平寺二丁目,5,61-307,minamitaiheijiuedamachikyushinpdf.pdf,53,high,
596,大字永興108番地の6,南太平寺1組の3,南太平寺二丁目,5,69,minamitaiheijiuedamachikyushinpdf.pdf,53,high,
597,大字永興108番地の11,南太平寺2組の3,南太平寺二丁目,5,67,minamitaiheijiuedamachikyushinpdf.pdf,53,high,
598,大字永興108番地の13,南太平寺2組の3,南太平寺二丁目,5,65,minamitaiheijiuedamachikyushinpdf.pdf,53,high,資料上4回出現
599,大字永興108番地の15,南太平寺2組の3,南太平寺二丁目,5,66,minamitaiheijiuedamachikyushinpdf.pdf,53,high,
600,大字永興109番地の5,南太平寺1組の3,南太平寺二丁目,6,21,minamitaiheijiuedamachikyushinpdf.pdf,53,high,資料上2回出現
601,大字永興109番地の6,南太平寺1組の3,南太平寺二丁目,6,19,minamitaiheijiuedamachikyushinpdf.pdf,54,high,
602,大字永興109番地の7,南太平寺1組の3,南太平寺二丁目,6,18,minamitaiheijiuedamachikyushinpdf.pdf,54,high,
603,大字永興109番地の8,南太平寺1組の3,南太平寺二丁目,6,17,minamitaiheijiuedamachikyushinpdf.pdf,54,high,
604,大字永興109番地の9,南太平寺1組の3,南太平寺二丁目,6,15,minamitaiheijiuedamachikyushinpdf.pdf,54,high,
605,大字永興109番地の10,南太平寺1組の3,南太平寺二丁目,6,14,minamitaiheijiuedamachikyushinpdf.pdf,54,high,
606,大字永興109番地の11,南太平寺1組の3,南太平寺二丁目,6,13,minamitaiheijiuedamachikyushinpdf.pdf,54,high,
607,大字永興109番地の13,南太平寺1組の8 ｴﾄﾜｰﾙ101,南太平寺二丁目,6,9-101,minamitaiheijiuedamachikyushinpdf.pdf,54,high,
608,大字永興109番地の13,南太平寺1組の8 ｴﾄﾜｰﾙ102,南太平寺二丁目,6,9-102,minamitaiheijiuedamachikyushinpdf.pdf,54,high,
609,大字永興109番地の13,南太平寺1組の8 ｴﾄﾜｰﾙ103,南太平寺二丁目,6,9-103,minamitaiheijiuedamachikyushinpdf.pdf,54,high,
610,大字永興109番地の13,南太平寺1組の8 ｴﾄﾜｰﾙ105,南太平寺二丁目,6,9-105,minamitaiheijiuedamachikyushinpdf.pdf,54,high,
611,大字永興109番地の13,南太平寺1組の8 ｴﾄﾜｰﾙ201,南太平寺二丁目,6,9-201,minamitaiheijiuedamachikyushinpdf.pdf,54,high,
612,大字永興109番地の13,南太平寺1組の8 ｴﾄﾜｰﾙ202,南太平寺二丁目,6,9-202,minamitaiheijiuedamachikyushinpdf.pdf,54,high,
613,大字永興109番地の13,南太平寺1組の8 ｴﾄﾜｰﾙ203,南太平寺二丁目,6,9-203,minamitaiheijiuedamachikyushinpdf.pdf,55,high,資料上2回出現
614,大字永興109番地の13,南太平寺1組の8 ｴﾄﾜｰﾙ205,南太平寺二丁目,6,9-205,minamitaiheijiuedamachikyushinpdf.pdf,55,high,
615,大字永興109番地の13,南太平寺1組の8 ｴﾄﾜｰﾙ301,南太平寺二丁目,6,9-301,minamitaiheijiuedamachikyushinpdf.pdf,55,high,
616,大字永興109番地の13,南太平寺1組の8 ｴﾄﾜｰﾙ302,南太平寺二丁目,6,9-302,minamitaiheijiuedamachikyushinpdf.pdf,55,high,
617,大字永興109番地の13,南太平寺1組の8 ｴﾄﾜｰﾙ303,南太平寺二丁目,6,9-303,minamitaiheijiuedamachikyushinpdf.pdf,55,high,
618,大字永興109番地の13,南太平寺1組の8 ｴﾄﾜｰﾙ305,南太平寺二丁目,6,9-305,minamitaiheijiuedamachikyushinpdf.pdf,55,high,
619,大字永興110番地の5,南太平寺1組の1,南太平寺二丁目,6,32,minamitaiheijiuedamachikyushinpdf.pdf,55,high,
620,大字永興110番地の6,南太平寺1組の1,南太平寺二丁目,6,31,minamitaiheijiuedamachikyushinpdf.pdf,55,high,資料上2回出現
621,大字永興111番地の1,南太平寺1組の1,南太平寺二丁目,6,26,minamitaiheijiuedamachikyushinpdf.pdf,55,high,
622,大字永興111番地の4,南太平寺1組の1,南太平寺二丁目,6,27,minamitaiheijiuedamachikyushinpdf.pdf,55,high,
623,大字永興112番地の3,南太平寺1組の3,南太平寺二丁目,6,1,minamitaiheijiuedamachikyushinpdf.pdf,55,high,資料上2回出現
624,大字永興112番地の4,南太平寺1組の3,南太平寺二丁目,6,3,minamitaiheijiuedamachikyushinpdf.pdf,56,high,
625,大字永興112番地の5,南太平寺1組の6 ﾊﾟｽﾄﾗﾙ101,南太平寺二丁目,6,4-101,minamitaiheijiuedamachikyushinpdf.pdf,56,high,
626,大字永興112番地の5,南太平寺1組の6 ﾊﾟｽﾄﾗﾙ102,南太平寺二丁目,6,4-102,minamitaiheijiuedamachikyushinpdf.pdf,56,high,資料上2回出現
627,大字永興112番地の5,南太平寺1組の6 ﾊﾟｽﾄﾗﾙ103,南太平寺二丁目,6,4-103,minamitaiheijiuedamachikyushinpdf.pdf,56,high,
628,大字永興112番地の5,南太平寺1組の6 ﾊﾟｽﾄﾗﾙ105,南太平寺二丁目,6,4-105,minamitaiheijiuedamachikyushinpdf.pdf,56,high,
629,大字永興112番地の5,南太平寺1組の6 ﾊﾟｽﾄﾗﾙ201,南太平寺二丁目,6,4-201,minamitaiheijiuedamachikyushinpdf.pdf,56,high,
630,大字永興112番地の5,南太平寺1組の6 ﾊﾟｽﾄﾗﾙ202,南太平寺二丁目,6,4-202,minamitaiheijiuedamachikyushinpdf.pdf,56,high,
631,大字永興112番地の5,南太平寺1組の6 ﾊﾟｽﾄﾗﾙ203,南太平寺二丁目,6,4-203,minamitaiheijiuedamachikyushinpdf.pdf,56,high,
632,大字永興112番地の5,南太平寺1組の6 ﾊﾟｽﾄﾗﾙ205,南太平寺二丁目,6,4-205,minamitaiheijiuedamachikyushinpdf.pdf,56,high,
633,大字永興112番地の5,南太平寺1組の6 ﾊﾟｽﾄﾗﾙ301,南太平寺二丁目,6,4-301,minamitaiheijiuedamachikyushinpdf.pdf,56,high,
634,大字永興112番地の5,南太平寺1組の6 ﾊﾟｽﾄﾗﾙ302,南太平寺二丁目,6,4-302,minamitaiheijiuedamachikyushinpdf.pdf,56,high,
635,大字永興112番地の5,南太平寺1組の6 ﾊﾟｽﾄﾗﾙ303,南太平寺二丁目,6,4-303,minamitaiheijiuedamachikyushinpdf.pdf,57,high,
636,大字永興112番地の5,南太平寺1組の6 ﾊﾟｽﾄﾗﾙ305,南太平寺二丁目,6,4-305,minamitaiheijiuedamachikyushinpdf.pdf,57,high,
637,大字永興114番地の1,南太平寺1組の3,南太平寺二丁目,1,10,minamitaiheijiuedamachikyushinpdf.pdf,57,high,
638,大字永興114番地の2,南太平寺1組の3,南太平寺二丁目,1,2,minamitaiheijiuedamachikyushinpdf.pdf,57,high,
639,大字永興114番地の6,南太平寺1組の3,南太平寺二丁目,1,5,minamitaiheijiuedamachikyushinpdf.pdf,57,high,
640,大字永興114番地の9,南太平寺1-3,南太平寺二丁目,1,13,minamitaiheijiuedamachikyushinpdf.pdf,57,high,
641,大字永興114番地の13,南太平寺1組の3,南太平寺二丁目,1,3,minamitaiheijiuedamachikyushinpdf.pdf,57,high,
642,大字永興116番地の1,南太平寺1組の3の1 Labrisedouce101,南太平寺二丁目,2,5-101,minamitaiheijiuedamachikyushinpdf.pdf,57,high,
643,大字永興116番地の1,南太平寺1組の3の1 Labrisedouce102,南太平寺二丁目,2,5-102,minamitaiheijiuedamachikyushinpdf.pdf,57,high,
644,大字永興116番地の1,南太平寺1組の3の1 Labrisedouce103,南太平寺二丁目,2,5-103,minamitaiheijiuedamachikyushinpdf.pdf,57,high,
645,大字永興116番地の1,南太平寺1組の3の1 Labrisedouce105,南太平寺二丁目,2,5-105,minamitaiheijiuedamachikyushinpdf.pdf,57,high,
646,大字永興116番地の1,南太平寺1組の3の1 Labrisedouce201,南太平寺二丁目,2,5-201,minamitaiheijiuedamachikyushinpdf.pdf,57,high,
647,大字永興116番地の1,南太平寺1組の3の1 Labrisedouce202,南太平寺二丁目,2,5-202,minamitaiheijiuedamachikyushinpdf.pdf,58,high,
648,大字永興116番地の1,南太平寺1組の3の1 Labrisedouce203,南太平寺二丁目,2,5-203,minamitaiheijiuedamachikyushinpdf.pdf,58,high,
649,大字永興116番地の1,南太平寺1組の3の1 Labrisedouce205,南太平寺二丁目,2,5-205,minamitaiheijiuedamachikyushinpdf.pdf,58,high,
650,大字永興116番地の1,南太平寺1組の3の1 Labrisedouce301,南太平寺二丁目,2,5-301,minamitaiheijiuedamachikyushinpdf.pdf,58,high,
651,大字永興116番地の1,南太平寺1組の3の1 Labrisedouce302,南太平寺二丁目,2,5-302,minamitaiheijiuedamachikyushinpdf.pdf,58,high,
652,大字永興116番地の1,南太平寺1組の3の1 Labrisedouce303,南太平寺二丁目,2,5-303,minamitaiheijiuedamachikyushinpdf.pdf,58,high,
653,大字永興116番地の1,南太平寺1組の3の1 Labrisedouce305,南太平寺二丁目,2,5-305,minamitaiheijiuedamachikyushinpdf.pdf,58,high,
654,大字永興116番地の1,南太平寺1組の3の1 Labrisedouce401,南太平寺二丁目,2,5-401,minamitaiheijiuedamachikyushinpdf.pdf,58,high,
655,大字永興116番地の1,南太平寺1組の3の1 Labrisedouce402,南太平寺二丁目,2,5-402,minamitaiheijiuedamachikyushinpdf.pdf,58,high,
656,大字永興116番地の1,南太平寺1組の3の1 Labrisedouce403,南太平寺二丁目,2,5-403,minamitaiheijiuedamachikyushinpdf.pdf,58,high,
657,大字永興116番地の1,南太平寺1組の3の1 Labrisedouce405,南太平寺二丁目,2,5-405,minamitaiheijiuedamachikyushinpdf.pdf,58,high,
658,大字永興116番地の1,南太平寺1組の3の1 Labrisedouce501,南太平寺二丁目,2,5-501,minamitaiheijiuedamachikyushinpdf.pdf,58,high,
659,大字永興116番地の1,南太平寺1組の3の1 Labrisedouce502,南太平寺二丁目,2,5-502,minamitaiheijiuedamachikyushinpdf.pdf,58,high,
660,大字永興116番地の1,南太平寺1組の3の1 Labrisedouce503,南太平寺二丁目,2,5-503,minamitaiheijiuedamachikyushinpdf.pdf,59,high,
661,大字永興116番地の1,南太平寺1組の3の1 Labrisedouce505,南太平寺二丁目,2,5-505,minamitaiheijiuedamachikyushinpdf.pdf,59,high,
662,大字永興116番地の1,南太平寺1組の3の1 Labrisedouce601,南太平寺二丁目,2,5-601,minamitaiheijiuedamachikyushinpdf.pdf,59,high,
663,大字永興116番地の1,南太平寺1組の3の1 Labrisedouce602,南太平寺二丁目,2,5-602,minamitaiheijiuedamachikyushinpdf.pdf,59,high,
664,大字永興116番地の1,南太平寺1組の3の1 Labrisedouce603,南太平寺二丁目,2,5-603,minamitaiheijiuedamachikyushinpdf.pdf,59,high,
665,大字永興116番地の1,南太平寺1組の3の1 Labrisedouce605,南太平寺二丁目,2,5-605,minamitaiheijiuedamachikyushinpdf.pdf,59,high,
666,大字永興116番地の1,南太平寺1組の3の1 Labrisedouce701,南太平寺二丁目,2,5-701,minamitaiheijiuedamachikyushinpdf.pdf,59,high,
667,大字永興116番地の1,南太平寺1組の3の1 Labrisedouce702,南太平寺二丁目,2,5-702,minamitaiheijiuedamachikyushinpdf.pdf,59,high,
668,大字永興116番地の1,南太平寺1組の3の1 Labrisedouce703,南太平寺二丁目,2,5-703,minamitaiheijiuedamachikyushinpdf.pdf,59,high,
669,大字永興116番地の1,南太平寺1組の3の1 Labrisedouce705,南太平寺二丁目,2,5-705,minamitaiheijiuedamachikyushinpdf.pdf,59,high,
670,大字永興116番地の1,南太平寺1組の3の1 Labrisedouce801,南太平寺二丁目,2,5-801,minamitaiheijiuedamachikyushinpdf.pdf,59,high,
671,大字永興116番地の1,南太平寺1組の3の1 Labrisedouce802,南太平寺二丁目,2,5-802,minamitaiheijiuedamachikyushinpdf.pdf,59,high,
672,大字永興116番地の1,南太平寺1組の3の1 Labrisedouce803,南太平寺二丁目,2,5-803,minamitaiheijiuedamachikyushinpdf.pdf,59,high,
673,大字永興116番地の1,南太平寺1組の3の1 Labrisedouce805,南太平寺二丁目,2,5-805,minamitaiheijiuedamachikyushinpdf.pdf,60,high,
674,大字永興116番地の8,南太平寺1組の3の2 Leventvert101,南太平寺二丁目,2,10-101,minamitaiheijiuedamachikyushinpdf.pdf,60,high,
675,大字永興116番地の8,南太平寺1組の3の2 Leventvert102,南太平寺二丁目,2,10-102,minamitaiheijiuedamachikyushinpdf.pdf,60,high,
676,大字永興116番地の8,南太平寺1組の3の2 Leventvert103,南太平寺二丁目,2,10-103,minamitaiheijiuedamachikyushinpdf.pdf,60,high,
677,大字永興116番地の8,南太平寺1組の3の2 Leventvert105,南太平寺二丁目,2,10-105,minamitaiheijiuedamachikyushinpdf.pdf,60,high,
678,大字永興116番地の8,南太平寺1組の3の2 Leventvert201,南太平寺二丁目,2,10-201,minamitaiheijiuedamachikyushinpdf.pdf,60,high,
679,大字永興116番地の8,南太平寺1組の3の2 Leventvert202,南太平寺二丁目,2,10-202,minamitaiheijiuedamachikyushinpdf.pdf,60,high,
680,大字永興116番地の8,南太平寺1組の3の2 Leventvert203,南太平寺二丁目,2,10-203,minamitaiheijiuedamachikyushinpdf.pdf,60,high,
681,大字永興116番地の8,南太平寺1組の3の2 Leventvert205,南太平寺二丁目,2,10-205,minamitaiheijiuedamachikyushinpdf.pdf,60,high,
682,大字永興116番地の8,南太平寺1組の3の2 Leventvert301,南太平寺二丁目,2,10-301,minamitaiheijiuedamachikyushinpdf.pdf,60,high,
683,大字永興116番地の8,南太平寺1組の3の2 Leventvert302,南太平寺二丁目,2,10-302,minamitaiheijiuedamachikyushinpdf.pdf,60,high,
684,大字永興116番地の8,南太平寺1組の3の2 Leventvert303,南太平寺二丁目,2,10-303,minamitaiheijiuedamachikyushinpdf.pdf,60,high,
685,大字永興116番地の8,南太平寺1組の3の2 Leventvert305,南太平寺二丁目,2,10-305,minamitaiheijiuedamachikyushinpdf.pdf,60,high,
686,大字永興116番地の8,南太平寺1組の3の2 Leventvert401,南太平寺二丁目,2,10-401,minamitaiheijiuedamachikyushinpdf.pdf,61,high,
687,大字永興116番地の8,南太平寺1組の3の2 Leventvert402,南太平寺二丁目,2,10-402,minamitaiheijiuedamachikyushinpdf.pdf,61,high,
688,大字永興116番地の8,南太平寺1組の3の2 Leventvert403,南太平寺二丁目,2,10-403,minamitaiheijiuedamachikyushinpdf.pdf,61,high,
689,大字永興116番地の8,南太平寺1組の3の2 Leventvert405,南太平寺二丁目,2,10-405,minamitaiheijiuedamachikyushinpdf.pdf,61,high,
690,大字永興116番地の8,南太平寺1組の3の2 Leventvert501,南太平寺二丁目,2,10-501,minamitaiheijiuedamachikyushinpdf.pdf,61,high,
691,大字永興116番地の8,南太平寺1組の3の2 Leventvert502,南太平寺二丁目,2,10-502,minamitaiheijiuedamachikyushinpdf.pdf,61,high,
692,大字永興116番地の8,南太平寺1組の3の2 Leventvert503,南太平寺二丁目,2,10-503,minamitaiheijiuedamachikyushinpdf.pdf,61,high,
693,大字永興116番地の8,南太平寺1組の3の2 Leventvert505,南太平寺二丁目,2,10-505,minamitaiheijiuedamachikyushinpdf.pdf,61,high,
694,大字永興116番地の8,南太平寺1組の3の2 Leventvert601,南太平寺二丁目,2,10-601,minamitaiheijiuedamachikyushinpdf.pdf,61,high,
695,大字永興116番地の8,南太平寺1組の3の2 Leventvert602,南太平寺二丁目,2,10-602,minamitaiheijiuedamachikyushinpdf.pdf,61,high,
696,大字永興116番地の8,南太平寺1組の3の2 Leventvert603,南太平寺二丁目,2,10-603,minamitaiheijiuedamachikyushinpdf.pdf,61,high,
697,大字永興116番地の8,南太平寺1組の3の2 Leventvert605,南太平寺二丁目,2,10-605,minamitaiheijiuedamachikyushinpdf.pdf,61,high,
698,大字永興116番地の8,南太平寺1組の3の2 Leventvert701,南太平寺二丁目,2,10-701,minamitaiheijiuedamachikyushinpdf.pdf,61,high,
699,大字永興116番地の8,南太平寺1組の3の2 Leventvert702,南太平寺二丁目,2,10-702,minamitaiheijiuedamachikyushinpdf.pdf,62,high,
700,大字永興116番地の8,南太平寺1組の3の2 Leventvert703,南太平寺二丁目,2,10-703,minamitaiheijiuedamachikyushinpdf.pdf,62,high,
701,大字永興116番地の8,南太平寺1組の3の2 Leventvert705,南太平寺二丁目,2,10-705,minamitaiheijiuedamachikyushinpdf.pdf,62,high,
702,大字永興116番地の8,南太平寺1組の3の2 Leventvert801,南太平寺二丁目,2,10-801,minamitaiheijiuedamachikyushinpdf.pdf,62,high,
703,大字永興116番地の8,南太平寺1組の3の2 Leventvert802,南太平寺二丁目,2,10-802,minamitaiheijiuedamachikyushinpdf.pdf,62,high,
704,大字永興116番地の8,南太平寺1組の3の2 Leventvert803,南太平寺二丁目,2,10-803,minamitaiheijiuedamachikyushinpdf.pdf,62,high,
705,大字永興116番地の8,南太平寺1組の3の2 Leventvert805,南太平寺二丁目,2,10-805,minamitaiheijiuedamachikyushinpdf.pdf,62,high,
706,大字永興139番地1,,南太平寺二丁目,3,5,minamitaiheijiuedamachikyushinpdf.pdf,62,high,
707,大字永興139番地の1,南太平寺1組の3,南太平寺二丁目,3,7,minamitaiheijiuedamachikyushinpdf.pdf,62,high,
708,大字永興139番地の3,上田町7組の1の3 ﾒｿﾞﾝﾗﾌｨｰﾈ101,上田町一丁目,1,33,minamitaiheijiuedamachikyushinpdf.pdf,62,high,
709,大字永興139番地の3,上田町7組の1の3 ﾒｿﾞﾝﾗﾌｨｰﾈ102,上田町一丁目,1,33,minamitaiheijiuedamachikyushinpdf.pdf,62,high,
710,大字永興139番地の3,上田町7組の1の3 ﾒｿﾞﾝﾗﾌｨｰﾈ103,上田町一丁目,1,33,minamitaiheijiuedamachikyushinpdf.pdf,62,high,
711,大字永興139番地の3,上田町7組の1の3 ﾒｿﾞﾝﾗﾌｨｰﾈ201,上田町一丁目,1,33,minamitaiheijiuedamachikyushinpdf.pdf,62,high,
712,大字永興139番地の3,上田町7組の1の3 ﾒｿﾞﾝﾗﾌｨｰﾈ202,上田町一丁目,1,33,minamitaiheijiuedamachikyushinpdf.pdf,63,high,
713,大字永興139番地の3,上田町7組の1の3 ﾒｿﾞﾝﾗﾌｨｰﾈ203,上田町一丁目,1,33,minamitaiheijiuedamachikyushinpdf.pdf,63,high,
714,大字永興139番地の9,上田町7組,上田町一丁目,1,31,minamitaiheijiuedamachikyushinpdf.pdf,63,high,資料上2回出現
715,大字永興139番地の9,,上田町一丁目,1,31,minamitaiheijiuedamachikyushinpdf.pdf,63,high,
716,大字永興139番地の10,上田町7組の1の3,上田町一丁目,1,29,minamitaiheijiuedamachikyushinpdf.pdf,63,high,
717,大字永興140番地の3,上田町7組の1の2,上田町一丁目,1,5,minamitaiheijiuedamachikyushinpdf.pdf,63,high,
718,大字永興140番地の3,上田町7組の1の2,上田町一丁目,1,27,minamitaiheijiuedamachikyushinpdf.pdf,63,high,資料上2回出現
719,大字永興438番地,南太平寺1組の1,南太平寺一丁目,3,11,minamitaiheijiuedamachikyushinpdf.pdf,63,high,資料上2回出現
720,大字永興438番地,,南太平寺一丁目,3,11,minamitaiheijiuedamachikyushinpdf.pdf,63,high,
721,大字永興1583番地の2,南太平寺1組の7 ｳｨﾝﾀﾞﾑﾋﾙｽﾞ101,南太平寺一丁目,1,32-101,minamitaiheijiuedamachikyushinpdf.pdf,63,high,
722,大字永興1583番地の2,南太平寺1組の7 ｳｨﾝﾀﾞﾑﾋﾙｽﾞ102,南太平寺一丁目,1,32-102,minamitaiheijiuedamachikyushinpdf.pdf,64,high,
723,大字永興1583番地の2,南太平寺1組の7 ｳｨﾝﾀﾞﾑﾋﾙｽﾞ103,南太平寺一丁目,1,32-103,minamitaiheijiuedamachikyushinpdf.pdf,64,high,
724,大字永興1583番地の2,南太平寺1組の7 ｳｨﾝﾀﾞﾑﾋﾙｽﾞ105,南太平寺一丁目,1,32-105,minamitaiheijiuedamachikyushinpdf.pdf,64,high,
725,大字永興1583番地の2,南太平寺1組の7 ｳｨﾝﾀﾞﾑﾋﾙｽﾞ201,南太平寺一丁目,1,32-201,minamitaiheijiuedamachikyushinpdf.pdf,64,high,
726,大字永興1583番地の2,南太平寺1組の7 ｳｨﾝﾀﾞﾑﾋﾙｽﾞ202,南太平寺一丁目,1,32-202,minamitaiheijiuedamachikyushinpdf.pdf,64,high,
727,大字永興1583番地の2,南太平寺1組の7 ｳｨﾝﾀﾞﾑﾋﾙｽﾞ203,南太平寺一丁目,1,32-203,minamitaiheijiuedamachikyushinpdf.pdf,64,high,
728,大字永興1583番地の2,南太平寺1組の7 ｳｨﾝﾀﾞﾑﾋﾙｽﾞ205,南太平寺一丁目,1,32-205,minamitaiheijiuedamachikyushinpdf.pdf,64,high,
729,大字永興1583番地の2,南太平寺1組の7 ｳｨﾝﾀﾞﾑﾋﾙｽﾞ301,南太平寺一丁目,1,32-301,minamitaiheijiuedamachikyushinpdf.pdf,64,high,
730,大字永興1583番地の2,南太平寺1組の7 ｳｨﾝﾀﾞﾑﾋﾙｽﾞ302,南太平寺一丁目,1,32-302,minamitaiheijiuedamachikyushinpdf.pdf,64,high,
731,大字永興1583番地の2,南太平寺1組の7 ｳｨﾝﾀﾞﾑﾋﾙｽﾞ303,南太平寺一丁目,1,32-303,minamitaiheijiuedamachikyushinpdf.pdf,64,high,
732,大字永興1583番地の2,南太平寺1組の7 ｳｨﾝﾀﾞﾑﾋﾙｽﾞ305,南太平寺一丁目,1,32-305,minamitaiheijiuedamachikyushinpdf.pdf,64,high,
733,大字永興1590番地,南太平寺1組の2,南太平寺一丁目,2,28,minamitaiheijiuedamachikyushinpdf.pdf,64,high,
734,大字永興1590番地,,南太平寺一丁目,2,28,minamitaiheijiuedamachikyushinpdf.pdf,64,high,
735,大字永興1592番地の3,南太平寺1組の2,南太平寺一丁目,1,26,minamitaiheijiuedamachikyushinpdf.pdf,65,high,
736,大字永興1592番地の5,南太平寺1組の2,南太平寺一丁目,1,30,minamitaiheijiuedamachikyushinpdf.pdf,65,high,
737,大字永興1592番地の6,南太平寺1組の2,南太平寺一丁目,1,27,minamitaiheijiuedamachikyushinpdf.pdf,65,high,
738,大字永興1595番地,南太平寺1組の2,南太平寺一丁目,1,2,minamitaiheijiuedamachikyushinpdf.pdf,65,high,
739,大字永興1596番地の1,南太平寺1組の2,南太平寺一丁目,1,21,minamitaiheijiuedamachikyushinpdf.pdf,65,high,
740,大字永興1596番地の3,南太平寺1組の2,南太平寺一丁目,1,19,minamitaiheijiuedamachikyushinpdf.pdf,65,high,資料上2回出現
741,大字永興1612番地の3,南太平寺1組の2,南太平寺一丁目,1,5,minamitaiheijiuedamachikyushinpdf.pdf,65,high,
742,大字永興1612番地の3,南太平寺1組の2,南太平寺一丁目,1,7,minamitaiheijiuedamachikyushinpdf.pdf,65,high,資料上2回出現
743,大字永興1613番地,南太平寺1組の2,南太平寺一丁目,1,12,minamitaiheijiuedamachikyushinpdf.pdf,65,high,
744,大字永興1613番地の1,南太平寺1組の2,南太平寺一丁目,1,9,minamitaiheijiuedamachikyushinpdf.pdf,65,high,資料上2回出現
745,大字永興1614番地の2,南太平寺1組の2,南太平寺一丁目,1,17,minamitaiheijiuedamachikyushinpdf.pdf,66,high,
746,大字永興1614番地の3,南太平寺1組の2,南太平寺一丁目,1,18,minamitaiheijiuedamachikyushinpdf.pdf,66,high,資料上2回出現
747,大字永興1616番地の1,南太平寺1組の2,南太平寺一丁目,2,7,minamitaiheijiuedamachikyushinpdf.pdf,66,high,
748,大字永興1616番地の3,南太平寺1組の2,南太平寺一丁目,2,4,minamitaiheijiuedamachikyushinpdf.pdf,66,high,
749,大字永興1617番地,南太平寺1組の2,南太平寺一丁目,2,1,minamitaiheijiuedamachikyushinpdf.pdf,66,high,
750,大字永興1623番地の2,南太平寺1組の1,南太平寺一丁目,3,3,minamitaiheijiuedamachikyushinpdf.pdf,66,high,
751,大字永興1624番地,南太平寺1組の1,南太平寺一丁目,3,8,minamitaiheijiuedamachikyushinpdf.pdf,66,high,
752,大字永興1634番地の1,南太平寺1組の2,南太平寺一丁目,2,20,minamitaiheijiuedamachikyushinpdf.pdf,66,high,
753,大字永興1636番地の2,南太平寺1組の2,南太平寺一丁目,2,15,minamitaiheijiuedamachikyushinpdf.pdf,66,high,
754,大字永興1637番地,南太平寺1組の2,南太平寺一丁目,2,8,minamitaiheijiuedamachikyushinpdf.pdf,66,high,
755,大字永興1640番地の4,南太平寺1組の2,南太平寺一丁目,2,37,minamitaiheijiuedamachikyushinpdf.pdf,66,high,
756,大字永興1654番地,南太平寺1組の1,南太平寺一丁目,3,22,minamitaiheijiuedamachikyushinpdf.pdf,66,high,
757,大字永興1655番地,南太平寺1組の1,南太平寺一丁目,3,17,minamitaiheijiuedamachikyushinpdf.pdf,67,high,
758,大字永興1658番地,南太平寺1組の1,南太平寺一丁目,3,32,minamitaiheijiuedamachikyushinpdf.pdf,67,high,資料上3回出現
759,大字永興1659番地,南太平寺1組の1,南太平寺一丁目,3,28,minamitaiheijiuedamachikyushinpdf.pdf,67,high,
760,大字永興1661番地,南太平寺1組の1,南太平寺一丁目,3,34,minamitaiheijiuedamachikyushinpdf.pdf,67,high,
761,大字永興1662番地の1,南太平寺1組の1 ﾓﾀﾞﾝﾚｼﾞﾃﾞﾝｽT101,南太平寺一丁目,3,37,minamitaiheijiuedamachikyushinpdf.pdf,67,high,
762,大字永興1662番地の1,南太平寺1組の1 ﾓﾀﾞﾝﾚｼﾞﾃﾞﾝｽT201,南太平寺一丁目,3,37,minamitaiheijiuedamachikyushinpdf.pdf,67,high,
763,大字永興1665番地,南太平寺2組の1,南太平寺一丁目,4,4,minamitaiheijiuedamachikyushinpdf.pdf,67,high,資料上2回出現
764,大字永興1665番地の1,南太平寺2組の1,南太平寺一丁目,4,7,minamitaiheijiuedamachikyushinpdf.pdf,67,high,
765,大字永興1667番地,南太平寺2組の1,南太平寺一丁目,4,1,minamitaiheijiuedamachikyushinpdf.pdf,67,high,
766,大字永興1670番地の1,南太平寺1組の1,南太平寺一丁目,3,24,minamitaiheijiuedamachikyushinpdf.pdf,67,high,
767,大字永興1670番地の1,南太平寺1組の1,南太平寺一丁目,3,27,minamitaiheijiuedamachikyushinpdf.pdf,68,high,
768,大字永興1670番地の4,南太平寺1組の1,南太平寺一丁目,3,25,minamitaiheijiuedamachikyushinpdf.pdf,68,high,資料上2回出現
769,大字永興1720番地,南太平寺2組の1,南太平寺一丁目,4,13,minamitaiheijiuedamachikyushinpdf.pdf,68,high,
770,大字永興1721番地,南太平寺2組の1,南太平寺一丁目,4,15,minamitaiheijiuedamachikyushinpdf.pdf,68,high,
771,大字永興1721番地,南太平寺2組の1,南太平寺一丁目,4,17,minamitaiheijiuedamachikyushinpdf.pdf,68,high,
772,大字永興1726番地,南太平寺2組の1,南太平寺一丁目,4,23,minamitaiheijiuedamachikyushinpdf.pdf,68,high,
773,大字永興1727番地,南太平寺2組の1A,南太平寺一丁目,4,19,minamitaiheijiuedamachikyushinpdf.pdf,68,high,
774,大字永興1729番地,南太平寺3組,南太平寺一丁目,5,3,minamitaiheijiuedamachikyushinpdf.pdf,68,high,
775,大字永興1729番地,南太平寺3組,南太平寺一丁目,5,4,minamitaiheijiuedamachikyushinpdf.pdf,68,high,
776,大字永興1730番地,南太平寺2組の1,南太平寺一丁目,6,4,minamitaiheijiuedamachikyushinpdf.pdf,68,high,
777,大字永興1730番1,,南太平寺一丁目,6,5,minamitaiheijiuedamachikyushinpdf.pdf,68,high,
778,大字永興1736番地,南太平寺2組の1,南太平寺一丁目,6,9,minamitaiheijiuedamachikyushinpdf.pdf,68,high,
779,大字永興1737番地の1,南太平寺3組,南太平寺一丁目,6,21,minamitaiheijiuedamachikyushinpdf.pdf,69,high,
780,大字永興1738番地,南太平寺3組,南太平寺一丁目,5,6,minamitaiheijiuedamachikyushinpdf.pdf,69,high,
781,大字永興1739番地,南太平寺3組,南太平寺一丁目,5,8,minamitaiheijiuedamachikyushinpdf.pdf,69,high,資料上2回出現
782,大字永興1740番地の1,南太平寺3組,南太平寺一丁目,6,23,minamitaiheijiuedamachikyushinpdf.pdf,69,high,
783,大字永興1741番地,南太平寺3組,南太平寺一丁目,5,11,minamitaiheijiuedamachikyushinpdf.pdf,69,high,
784,大字永興1741番地の1,南太平寺3組,南太平寺一丁目,5,10,minamitaiheijiuedamachikyushinpdf.pdf,69,high,
785,大字永興1742番地,南太平寺3組,南太平寺一丁目,5,12,minamitaiheijiuedamachikyushinpdf.pdf,69,high,
786,大字永興1742番地,南太平寺4組の2,南太平寺一丁目,7,31,minamitaiheijiuedamachikyushinpdf.pdf,69,high,
787,大字永興1743番地の1,南太平寺3組,南太平寺一丁目,6,28,minamitaiheijiuedamachikyushinpdf.pdf,69,high,
788,大字永興1744番地,南太平寺3組,南太平寺一丁目,6,30,minamitaiheijiuedamachikyushinpdf.pdf,69,high,
789,大字永興1755番地,,南太平寺一丁目,6,7,minamitaiheijiuedamachikyushinpdf.pdf,69,high,
790,大字永興1806番地,南太平寺3組,南太平寺一丁目,6,36,minamitaiheijiuedamachikyushinpdf.pdf,69,high,資料上2回出現
791,大字永興1832番地,南太平寺4組の4 ｱｰﾄｳﾞｨﾗK'sB11,南太平寺一丁目,7,44-11,minamitaiheijiuedamachikyushinpdf.pdf,70,high,
792,大字永興1832番地,南太平寺4組の4 ｱｰﾄｳﾞｨﾗ2号館B12,南太平寺一丁目,7,44-12,minamitaiheijiuedamachikyushinpdf.pdf,70,high,
793,大字永興1832番地,南太平寺4組の4 ｱｰﾄｳﾞｨﾗK'sB13,南太平寺一丁目,7,44-13,minamitaiheijiuedamachikyushinpdf.pdf,70,high,
794,大字永興1832番地,南太平寺4組の4 ｱｰﾄｳﾞｨﾗK'sB14,南太平寺一丁目,7,44-14,minamitaiheijiuedamachikyushinpdf.pdf,70,high,
795,大字永興1832番地,南太平寺4組の4 ｱｰﾄｳﾞｨﾗK'sB15,南太平寺一丁目,7,44-15,minamitaiheijiuedamachikyushinpdf.pdf,70,high,
796,大字永興1832番地,南太平寺4組の4 ｱｰﾄｳﾞｨﾗ2号館B16,南太平寺一丁目,7,44-16,minamitaiheijiuedamachikyushinpdf.pdf,70,high,
797,大字永興1832番地,南太平寺4組の4 ｱｰﾄｳﾞｨﾗK'sA1,南太平寺一丁目,7,45-1,minamitaiheijiuedamachikyushinpdf.pdf,70,high,
798,大字永興1832番地,南太平寺4組の4 ｱｰﾄｳﾞｨﾗ1号館A2,南太平寺一丁目,7,45-2,minamitaiheijiuedamachikyushinpdf.pdf,70,high,
799,大字永興1832番地,南太平寺4組の4 ｱｰﾄｳﾞｨﾗK'sA3,南太平寺一丁目,7,45-3,minamitaiheijiuedamachikyushinpdf.pdf,70,high,
800,大字永興1832番地,南太平寺4組の4 ｱｰﾄｳﾞｨﾗK'sA4,南太平寺一丁目,7,45-4,minamitaiheijiuedamachikyushinpdf.pdf,70,high,
801,大字永興1832番地,南太平寺4組の4 ｱｰﾄｳﾞｨﾗK'sA5,南太平寺一丁目,7,45-5,minamitaiheijiuedamachikyushinpdf.pdf,70,high,
802,大字永興1832番地,南太平寺4組の4 ｱｰﾄｳﾞｨﾗ1号館A6,南太平寺一丁目,7,45-6,minamitaiheijiuedamachikyushinpdf.pdf,70,high,
803,大字永興1832番地,南太平寺4組の4 ｱｰﾄｳﾞｨﾗ1号館A7,南太平寺一丁目,7,45-7,minamitaiheijiuedamachikyushinpdf.pdf,71,high,
804,大字永興1832番地,南太平寺4組の4 ｱｰﾄｳﾞｨﾗ1号館A8,南太平寺一丁目,7,45-8,minamitaiheijiuedamachikyushinpdf.pdf,71,high,
805,大字永興1836番地,南太平寺4組の2,南太平寺一丁目,7,40,minamitaiheijiuedamachikyushinpdf.pdf,71,high,
806,大字永興1838番地,南太平寺4組の2,南太平寺一丁目,7,38,minamitaiheijiuedamachikyushinpdf.pdf,71,high,
807,大字永興1845番地,南太平寺3組,南太平寺一丁目,7,1,minamitaiheijiuedamachikyushinpdf.pdf,71,high,
808,大字永興1846番地,南太平寺3組,南太平寺一丁目,7,4,minamitaiheijiuedamachikyushinpdf.pdf,71,high,
809,大字永興1847番地の2,南太平寺3組,南太平寺一丁目,7,9,minamitaiheijiuedamachikyushinpdf.pdf,71,high,
810,大字永興1848番地,南太平寺3組,南太平寺一丁目,7,10,minamitaiheijiuedamachikyushinpdf.pdf,71,high,資料上3回出現
811,大字永興1849番地,南太平寺4組の2,南太平寺一丁目,7,12,minamitaiheijiuedamachikyushinpdf.pdf,71,high,資料上3回出現
812,大字永興1850番地,南太平寺4組の2,南太平寺一丁目,7,15,minamitaiheijiuedamachikyushinpdf.pdf,72,high,
813,大字永興1851番地の3,南太平寺4組の2,南太平寺一丁目,7,22,minamitaiheijiuedamachikyushinpdf.pdf,72,high,
814,大字永興1851番地の4,南太平寺4組の2,南太平寺一丁目,7,20,minamitaiheijiuedamachikyushinpdf.pdf,72,high,
815,大字永興1851番地の6,南太平寺4組の2,南太平寺一丁目,7,19,minamitaiheijiuedamachikyushinpdf.pdf,72,high,
816,大字永興1855番地の1,南太平寺4組の2,南太平寺一丁目,7,27,minamitaiheijiuedamachikyushinpdf.pdf,72,high,
817,大字永興1855番地の2,南太平寺4組の2,南太平寺一丁目,7,28,minamitaiheijiuedamachikyushinpdf.pdf,72,high,
818,大字永興1857番地の2,南太平寺4組の2,南太平寺一丁目,7,31,minamitaiheijiuedamachikyushinpdf.pdf,72,high,
819,大字永興1858番地の1,南太平寺4組の3,南太平寺一丁目,8,2,minamitaiheijiuedamachikyushinpdf.pdf,72,high,
820,大字永興1858番地の3,南太平寺4組の3,南太平寺一丁目,8,1,minamitaiheijiuedamachikyushinpdf.pdf,72,high,
821,大字永興1862番地,南太平寺4組の3,南太平寺一丁目,8,8,minamitaiheijiuedamachikyushinpdf.pdf,72,high,資料上3回出現
822,大字永興1865番地,南太平寺5組の1,南太平寺一丁目,8,26,minamitaiheijiuedamachikyushinpdf.pdf,72,high,
823,大字永興1868番地,,南太平寺一丁目,9,1,minamitaiheijiuedamachikyushinpdf.pdf,73,high,
824,大字永興1869番地,南太平寺4組の3,南太平寺一丁目,8,11,minamitaiheijiuedamachikyushinpdf.pdf,73,high,
825,大字永興1870番地,南太平寺4組の3,南太平寺一丁目,8,15,minamitaiheijiuedamachikyushinpdf.pdf,73,high,
826,大字永興1871番地,南太平寺4組の3,南太平寺一丁目,8,12,minamitaiheijiuedamachikyushinpdf.pdf,73,high,資料上2回出現
827,大字永興1874番地,南太平寺5組の1,南太平寺一丁目,8,16,minamitaiheijiuedamachikyushinpdf.pdf,73,high,
828,大字永興1876番地,南太平寺5組の1 ｾｼﾞｭｰﾙ古国府C101,南太平寺一丁目,9,5,minamitaiheijiuedamachikyushinpdf.pdf,73,high,
829,大字永興1876番地,南太平寺5組の1 ｾｼﾞｭｰﾙ古国府C102,南太平寺一丁目,9,5,minamitaiheijiuedamachikyushinpdf.pdf,73,high,
830,大字永興1876番地,南太平寺5組の1 ｾｼﾞｭｰﾙ古国府C103,南太平寺一丁目,9,5,minamitaiheijiuedamachikyushinpdf.pdf,73,high,
831,大字永興1876番地,南太平寺5組の1 ｾｼﾞｭｰﾙ古国府D101,南太平寺一丁目,9,8,minamitaiheijiuedamachikyushinpdf.pdf,73,high,
832,大字永興1876番地,南太平寺5組の1 ｾｼﾞｭｰﾙ古国府D102,南太平寺一丁目,9,8,minamitaiheijiuedamachikyushinpdf.pdf,73,high,
833,大字永興1877番地,南太平寺5組の1,南太平寺一丁目,8,17,minamitaiheijiuedamachikyushinpdf.pdf,73,high,
834,大字永興1878番地,南太平寺5組の1,南太平寺一丁目,9,9,minamitaiheijiuedamachikyushinpdf.pdf,73,high,
835,大字永興1880番地の1,南太平寺5組の1,南太平寺一丁目,8,23,minamitaiheijiuedamachikyushinpdf.pdf,74,high,
836,大字永興1880番地の2,南太平寺5組の1,南太平寺一丁目,8,20,minamitaiheijiuedamachikyushinpdf.pdf,74,high,
837,大字永興1882番地の1,南太平寺5組の1 ﾓﾝﾌﾚｰﾙⅢ101,南太平寺一丁目,8,24,minamitaiheijiuedamachikyushinpdf.pdf,74,high,
838,大字永興1882番地の1,南太平寺5組の1 ﾓﾝﾌﾚｰﾙⅢ102,南太平寺一丁目,8,24,minamitaiheijiuedamachikyushinpdf.pdf,74,high,
839,大字永興1885番地の2,南太平寺5組の1,南太平寺一丁目,8,27,minamitaiheijiuedamachikyushinpdf.pdf,74,high,資料上2回出現
840,大字永興1887番地,南太平寺5組の2,南太平寺一丁目,8,46,minamitaiheijiuedamachikyushinpdf.pdf,74,high,資料上3回出現
841,大字永興1888番地の1,南太平寺5組の2,南太平寺一丁目,8,49,minamitaiheijiuedamachikyushinpdf.pdf,74,high,
842,大字永興1888番地の3,南太平寺5組の2,南太平寺一丁目,8,48,minamitaiheijiuedamachikyushinpdf.pdf,74,high,
843,大字永興1903番地の2,南太平寺5組の2,南太平寺一丁目,7,50,minamitaiheijiuedamachikyushinpdf.pdf,74,high,
844,大字永興1903番地の4,南太平寺5組の2,南太平寺一丁目,7,52,minamitaiheijiuedamachikyushinpdf.pdf,74,high,
845,大字永興1903番地の5,南太平寺5組の2,南太平寺一丁目,7,54,minamitaiheijiuedamachikyushinpdf.pdf,75,high,資料上2回出現
846,大字永興1929番地の2,南太平寺5組の2,南太平寺一丁目,7,58,minamitaiheijiuedamachikyushinpdf.pdf,75,high,
847,大字永興1929番地の3,南太平寺5組の2,南太平寺一丁目,7,56,minamitaiheijiuedamachikyushinpdf.pdf,75,high,
848,大字永興1935番地の1,南太平寺5組の2,南太平寺一丁目,12,24,minamitaiheijiuedamachikyushinpdf.pdf,75,high,
849,大字永興1935番地の3,南太平寺5組の2,南太平寺一丁目,12,22,minamitaiheijiuedamachikyushinpdf.pdf,75,high,
850,大字永興1938番地の3,南太平寺5組の1,南太平寺一丁目,12,11,minamitaiheijiuedamachikyushinpdf.pdf,75,high,
851,大字永興1942番地,南太平寺5組の1,南太平寺一丁目,12,7,minamitaiheijiuedamachikyushinpdf.pdf,75,high,
852,大字永興1943番地,南太平寺5組の1,南太平寺一丁目,12,2,minamitaiheijiuedamachikyushinpdf.pdf,75,high,資料上2回出現
853,大字永興1944番地の1,南太平寺5組の1,南太平寺一丁目,12,1,minamitaiheijiuedamachikyushinpdf.pdf,75,high,
854,大字永興1992番地の4,南太平寺5組の1,南太平寺一丁目,10,1,minamitaiheijiuedamachikyushinpdf.pdf,75,high,
855,大字永興1992番地の6,南太平寺5組の1,南太平寺一丁目,10,3,minamitaiheijiuedamachikyushinpdf.pdf,75,high,
856,大字永興1992番地の8,南太平寺5組の1,南太平寺一丁目,10,5,minamitaiheijiuedamachikyushinpdf.pdf,76,high,
857,大字永興1992番地の10,南太平寺5組の1,南太平寺一丁目,11,3,minamitaiheijiuedamachikyushinpdf.pdf,76,high,
858,大字永興1992番地の11,南太平寺5組の1,南太平寺一丁目,11,2,minamitaiheijiuedamachikyushinpdf.pdf,76,high,
859,大字永興1992番地の12,南太平寺5組の1,南太平寺一丁目,11,1,minamitaiheijiuedamachikyushinpdf.pdf,76,high,
860,大字永興1998番地の1,南太平寺5組の1,南太平寺一丁目,11,5,minamitaiheijiuedamachikyushinpdf.pdf,76,high,
861,大字永興南太平寺2組の2,,南太平寺二丁目,10,12,minamitaiheijiuedamachikyushinpdf.pdf,76,high,
862,大字羽屋13番地の1,,上田町三丁目,4,1,minamitaiheijiuedamachikyushinpdf.pdf,78,high,
863,大字羽屋13-1,,上田町三丁目,4,1,minamitaiheijiuedamachikyushinpdf.pdf,78,high,
864,大字羽屋18番地の2,古国府1組の1,上田町三丁目,4,14,minamitaiheijiuedamachikyushinpdf.pdf,78,high,
865,大字羽屋19番地の4,,上田町三丁目,4,10,minamitaiheijiuedamachikyushinpdf.pdf,78,high,
866,大字羽屋21番地の1,上田町11組の1 ﾁｭﾘｽ古国府弐番館101,上田町三丁目,3,2-101,minamitaiheijiuedamachikyushinpdf.pdf,78,high,
867,大字羽屋21番地の1,上田町11組の1 ﾁｭﾘｽ古国府弐番館102,上田町三丁目,3,2-102,minamitaiheijiuedamachikyushinpdf.pdf,78,high,
868,大字羽屋21番地の1,上田町11組の1 ﾁｭﾘｽ古国府弐番館103,上田町三丁目,3,2-103,minamitaiheijiuedamachikyushinpdf.pdf,78,high,
869,大字羽屋21番地の1,上田町11組の1 ﾁｭﾘｽ古国府弐番館104,上田町三丁目,3,2-104,minamitaiheijiuedamachikyushinpdf.pdf,78,high,
870,大字羽屋21番地の1,上田町11組の1 ﾁｭﾘｽ古国府弐番館105,上田町三丁目,3,2-105,minamitaiheijiuedamachikyushinpdf.pdf,78,high,
871,大字羽屋21番地の1,上田町11組の1 ﾁｭﾘｽ古国府弐番館106,上田町三丁目,3,2-106,minamitaiheijiuedamachikyushinpdf.pdf,78,high,
872,大字羽屋21番地の1,上田町11組の1 ﾁｭﾘｽ古国府弐番館107,上田町三丁目,3,2-107,minamitaiheijiuedamachikyushinpdf.pdf,78,high,
873,大字羽屋21番地の1,上田町11組の1 ﾁｭﾘｽ古国府弐番館108,上田町三丁目,3,2-108,minamitaiheijiuedamachikyushinpdf.pdf,78,high,
874,大字羽屋21番地の1,上田町11組の1 ﾁｭﾘｽ古国府弐番館109,上田町三丁目,3,2-109,minamitaiheijiuedamachikyushinpdf.pdf,78,high,
875,大字羽屋21番地の1,ﾁｭﾘｽ古国府弐番館109,上田町三丁目,3,2-109,minamitaiheijiuedamachikyushinpdf.pdf,79,high,
876,大字羽屋21番地の1,上田町11組の1 ﾁｭﾘｽ古国府弐番館110,上田町三丁目,3,2-110,minamitaiheijiuedamachikyushinpdf.pdf,79,high,
877,大字羽屋21番地の1,上田町11組の1 ﾁｭﾘｽ古国府弐番館111,上田町三丁目,3,2-111,minamitaiheijiuedamachikyushinpdf.pdf,79,high,
878,大字羽屋21番地の1,上田町11組の1 ﾁｭﾘｽ古国府弐番館201,上田町三丁目,3,2-201,minamitaiheijiuedamachikyushinpdf.pdf,79,high,
879,大字羽屋21番地の1,上田町11組の1 ﾁｭﾘｽ古国府弐番館202,上田町三丁目,3,2-202,minamitaiheijiuedamachikyushinpdf.pdf,79,high,
880,大字羽屋21番地の1,上田町11組の1 ﾁｭﾘｽ古国府弐番館203,上田町三丁目,3,2-203,minamitaiheijiuedamachikyushinpdf.pdf,79,high,
881,大字羽屋21番地の1,上田町11組の1 ﾁｭﾘｽ古国府弐番館204,上田町三丁目,3,2-204,minamitaiheijiuedamachikyushinpdf.pdf,79,high,
882,大字羽屋21番地の1,上田町11組の1 ﾁｭﾘｽ古国府弐番館205,上田町三丁目,3,2-205,minamitaiheijiuedamachikyushinpdf.pdf,79,high,
883,大字羽屋21番地の1,上田町11組の1 ﾁｭﾘｽ古国府弐番館206,上田町三丁目,3,2-206,minamitaiheijiuedamachikyushinpdf.pdf,79,high,
884,大字羽屋21番地の1,上田町11組の1 ﾁｭﾘｽ古国府弐番館207,上田町三丁目,3,2-207,minamitaiheijiuedamachikyushinpdf.pdf,79,high,
885,大字羽屋21番地の1,上田町11組の1 ﾁｭﾘｽ古国府弐番館208,上田町三丁目,3,2-208,minamitaiheijiuedamachikyushinpdf.pdf,79,high,
886,大字羽屋21番地の1,上田町11組の1 ﾁｭﾘｽ古国府弐番館209,上田町三丁目,3,2-209,minamitaiheijiuedamachikyushinpdf.pdf,79,high,
887,大字羽屋21番地の1,上田町11組の1 ﾁｭﾘｽ古国府弐番館210,上田町三丁目,3,2-210,minamitaiheijiuedamachikyushinpdf.pdf,79,high,
888,大字羽屋21番地の1,上田町11組の1 ﾁｭﾘｽ古国府弐番館211,上田町三丁目,3,2-211,minamitaiheijiuedamachikyushinpdf.pdf,80,high,
889,大字羽屋21番地の1,上田町11組の2 ﾁｭﾘｽ古国府弐番館301,上田町三丁目,3,2-301,minamitaiheijiuedamachikyushinpdf.pdf,80,high,
890,大字羽屋21番地の1,上田町11組の2 ﾁｭﾘｽ古国府弐番館302,上田町三丁目,3,2-302,minamitaiheijiuedamachikyushinpdf.pdf,80,high,資料上3回出現
891,大字羽屋21番地の1,上田町11組の2 ﾁｭﾘｽ古国府弐番館303,上田町三丁目,3,2-303,minamitaiheijiuedamachikyushinpdf.pdf,80,high,
892,大字羽屋21番地の1,上田町11組の2 ﾁｭﾘｽ古国府弐番館304,上田町三丁目,3,2-304,minamitaiheijiuedamachikyushinpdf.pdf,80,high,
893,大字羽屋21番地の1,ﾁｭﾘｽ古国府弐番館304,上田町三丁目,3,2-304,minamitaiheijiuedamachikyushinpdf.pdf,80,high,
894,大字羽屋21番地の1,上田町11組の2 ﾁｭﾘｽ古国府弐番館305,上田町三丁目,3,2-305,minamitaiheijiuedamachikyushinpdf.pdf,80,high,
895,大字羽屋21番地の1,上田町11組の2 ﾁｭﾘｽ古国府弐番館306,上田町三丁目,3,2-306,minamitaiheijiuedamachikyushinpdf.pdf,80,high,
896,大字羽屋21番地の1,上田町11組の2 ﾁｭﾘｽ古国府弐番館307,上田町三丁目,3,2-307,minamitaiheijiuedamachikyushinpdf.pdf,80,high,
897,大字羽屋21番地の1,上田町11組の2 ﾁｭﾘｽ古国府弐番館308,上田町三丁目,3,2-308,minamitaiheijiuedamachikyushinpdf.pdf,80,high,
898,大字羽屋21番地の1,上田町11組の2 ﾁｭﾘｽ古国府弐番館309,上田町三丁目,3,2-309,minamitaiheijiuedamachikyushinpdf.pdf,80,high,
899,大字羽屋21番地の1,上田町11組の2 ﾁｭﾘｽ古国府弐番館310,上田町三丁目,3,2-310,minamitaiheijiuedamachikyushinpdf.pdf,81,high,
900,大字羽屋21番地の1,上田町11組の2 ﾁｭﾘｽ古国府弐番館311,上田町三丁目,3,2-311,minamitaiheijiuedamachikyushinpdf.pdf,81,high,
901,大字羽屋21番地の1,上田町11組の2 ﾁｭﾘｽ古国府弐番館401,上田町三丁目,3,2-401,minamitaiheijiuedamachikyushinpdf.pdf,81,high,
902,大字羽屋21番地の1,上田町11組の2 ﾁｭﾘｽ古国府弐番館402,上田町三丁目,3,2-402,minamitaiheijiuedamachikyushinpdf.pdf,81,high,資料上2回出現
903,大字羽屋21番地の1,上田町11組の2 ﾁｭﾘｽ古国府弐番館403,上田町三丁目,3,2-403,minamitaiheijiuedamachikyushinpdf.pdf,81,high,
904,大字羽屋21番地の1,上田町11組の2 ﾁｭﾘｽ古国府弐番館404,上田町三丁目,3,2-404,minamitaiheijiuedamachikyushinpdf.pdf,81,high,
905,大字羽屋21番地の1,上田町11組の2 ﾁｭﾘｽ古国府弐番館405,上田町三丁目,3,2-405,minamitaiheijiuedamachikyushinpdf.pdf,81,high,
906,大字羽屋21番地の1,上田町11組の2 ﾁｭﾘｽ古国府弐番館406,上田町三丁目,3,2-406,minamitaiheijiuedamachikyushinpdf.pdf,81,high,
907,大字羽屋21番地の1,上田町11組の2 ﾁｭﾘｽ古国府弐番館407,上田町三丁目,3,2-407,minamitaiheijiuedamachikyushinpdf.pdf,81,high,
908,大字羽屋21番地の1,上田町12組の2 ﾁｭﾘｽ古国府弐番館408,上田町三丁目,3,2-408,minamitaiheijiuedamachikyushinpdf.pdf,81,high,
909,大字羽屋21番地の1,上田町11組の2 ﾁｭﾘｽ古国府弐番館409,上田町三丁目,3,2-409,minamitaiheijiuedamachikyushinpdf.pdf,81,high,
910,大字羽屋21番地の1,上田町11組の2 ﾁｭﾘｽ古国府弐番館410,上田町三丁目,3,2-410,minamitaiheijiuedamachikyushinpdf.pdf,81,high,
911,大字羽屋21番地の1,上田町11組の3 ﾁｭﾘｽ古国府弐番館501,上田町三丁目,3,2-501,minamitaiheijiuedamachikyushinpdf.pdf,82,high,
912,大字羽屋21番地の1,上田町11組の3 ﾁｭﾘｽ古国府弐番館502,上田町三丁目,3,2-502,minamitaiheijiuedamachikyushinpdf.pdf,82,high,
913,大字羽屋21番地の1,上田町11組の3 ﾁｭﾘｽ古国府弐番館503,上田町三丁目,3,2-503,minamitaiheijiuedamachikyushinpdf.pdf,82,high,
914,大字羽屋21番地の1,上田町11組の3 ﾁｭﾘｽ古国府弐番館504,上田町三丁目,3,2-504,minamitaiheijiuedamachikyushinpdf.pdf,82,high,
915,大字羽屋21番地の1,上田町11組の3 ﾁｭﾘｽ古国府弐番館505,上田町三丁目,3,2-505,minamitaiheijiuedamachikyushinpdf.pdf,82,high,
916,大字羽屋21番地の1,上田町11組の3 ﾁｭﾘｽ古国府弐番館506,上田町三丁目,3,2-506,minamitaiheijiuedamachikyushinpdf.pdf,82,high,
917,大字羽屋21番地の1,上田町11組の3 ﾁｭﾘｽ古国府弐番館507,上田町三丁目,3,2-507,minamitaiheijiuedamachikyushinpdf.pdf,82,high,
918,大字羽屋21番地の1,上田町11組の3 ﾁｭﾘｽ古国府弐番館508,上田町三丁目,3,2-508,minamitaiheijiuedamachikyushinpdf.pdf,82,high,
919,大字羽屋21番地の1,上田町11組の3 ﾁｭﾘｽ古国府弐番館509,上田町三丁目,3,2-509,minamitaiheijiuedamachikyushinpdf.pdf,82,high,
920,大字羽屋21番地の1,上田町11組の3 ﾁｭﾘｽ古国府弐番館510,上田町三丁目,3,2-510,minamitaiheijiuedamachikyushinpdf.pdf,82,high,
921,大字羽屋21番地の1,上田町11組の3 ﾁｭﾘｽ古国府弐番館601,上田町三丁目,3,2-601,minamitaiheijiuedamachikyushinpdf.pdf,82,high,
922,大字羽屋21番地の1,上田町11組の3 ﾁｭﾘｽ古国府弐番館602,上田町三丁目,3,2-602,minamitaiheijiuedamachikyushinpdf.pdf,82,high,資料上2回出現
923,大字羽屋21番地の1,上田町11組の3 ﾁｭﾘｽ古国府弐番館603,上田町三丁目,3,2-603,minamitaiheijiuedamachikyushinpdf.pdf,83,high,
924,大字羽屋21番地の1,上田町11組の3 ﾁｭﾘｽ古国府弐番館604,上田町三丁目,3,2-604,minamitaiheijiuedamachikyushinpdf.pdf,83,high,
925,大字羽屋21番地の1,上田町11組の3 ﾁｭﾘｽ古国府弐番館605,上田町三丁目,3,2-605,minamitaiheijiuedamachikyushinpdf.pdf,83,high,
926,大字羽屋21番地の1,上田町11組の3 ﾁｭﾘｽ古国府弐番館606,上田町三丁目,3,2-606,minamitaiheijiuedamachikyushinpdf.pdf,83,high,
927,大字羽屋21番地の1,上田町11組の3 ﾁｭﾘｽ古国府弐番館607,上田町三丁目,3,2-607,minamitaiheijiuedamachikyushinpdf.pdf,83,high,
928,大字羽屋21番地の1,上田町11組の3 ﾁｭﾘｽ古国府弐番館608,上田町三丁目,3,2-608,minamitaiheijiuedamachikyushinpdf.pdf,83,high,
929,大字羽屋21番地の1,上田町11組の3 ﾁｭﾘｽ古国府弐番館609,上田町三丁目,3,2-609,minamitaiheijiuedamachikyushinpdf.pdf,83,high,
930,大字羽屋21番地の1,上田町11組の3 ﾁｭﾘｽ古国府弐番館610,上田町三丁目,3,2-610,minamitaiheijiuedamachikyushinpdf.pdf,83,high,資料上2回出現
931,大字羽屋21番地の1,上田町11組の4 ﾁｭﾘｽ古国府弐番館701,上田町三丁目,3,2-701,minamitaiheijiuedamachikyushinpdf.pdf,83,high,
932,大字羽屋21番地の1,上田町11組の4 ﾁｭﾘｽ古国府弐番館702,上田町三丁目,3,2-702,minamitaiheijiuedamachikyushinpdf.pdf,83,high,
933,大字羽屋21番地の1,上田町11組の4 ﾁｭﾘｽ古国府弐番館703,上田町三丁目,3,2-703,minamitaiheijiuedamachikyushinpdf.pdf,83,high,資料上4回出現
934,大字羽屋21番地の1,上田町11組の4 ﾁｭﾘｽ古国府弐番館704,上田町三丁目,3,2-704,minamitaiheijiuedamachikyushinpdf.pdf,84,high,
935,大字羽屋21番地の1,上田町11組の4 ﾁｭﾘｽ古国府弐番館705,上田町三丁目,3,2-705,minamitaiheijiuedamachikyushinpdf.pdf,84,high,
936,大字羽屋21番地の1,上田町11組の4 ﾁｭﾘｽ古国府弐番館706,上田町三丁目,3,2-706,minamitaiheijiuedamachikyushinpdf.pdf,84,high,
937,大字羽屋21番地の1,上田町11組の4 ﾁｭﾘｽ古国府弐番館707,上田町三丁目,3,2-707,minamitaiheijiuedamachikyushinpdf.pdf,84,high,
938,大字羽屋21番地の1,上田町11組の4 ﾁｭﾘｽ古国府弐番館708,上田町三丁目,3,2-708,minamitaiheijiuedamachikyushinpdf.pdf,84,high,
939,大字羽屋21番地の1,上田町11組の4 ﾁｭﾘｽ古国府弐番館709,上田町三丁目,3,2-709,minamitaiheijiuedamachikyushinpdf.pdf,84,high,
940,大字羽屋21番地の1,上田町11組の4 ﾁｭﾘｽ古国府弐番館801,上田町三丁目,3,2-801,minamitaiheijiuedamachikyushinpdf.pdf,84,high,
941,大字羽屋21番地の1,上田町11組の4 ﾁｭﾘｽ古国府弐番館802,上田町三丁目,3,2-802,minamitaiheijiuedamachikyushinpdf.pdf,84,high,
942,大字羽屋21番地の1,上田町11組の4 ﾁｭﾘｽ古国府弐番館803,上田町三丁目,3,2-803,minamitaiheijiuedamachikyushinpdf.pdf,84,high,
943,大字羽屋21番地の1,上田町11組の4 ﾁｭﾘｽ古国府弐番館804,上田町三丁目,3,2-804,minamitaiheijiuedamachikyushinpdf.pdf,84,high,資料上2回出現
944,大字羽屋21番地の1,上田町11組の4 ﾁｭﾘｽ古国府弐番館805,上田町三丁目,3,2-805,minamitaiheijiuedamachikyushinpdf.pdf,85,high,
945,大字羽屋21番地の1,上田町11組の4 ﾁｭﾘｽ古国府弐番館806,上田町三丁目,3,2-806,minamitaiheijiuedamachikyushinpdf.pdf,85,high,
946,大字羽屋21番地の1,上田町11組の4 ﾁｭﾘｽ古国府弐番館807,上田町三丁目,3,2-807,minamitaiheijiuedamachikyushinpdf.pdf,85,high,
947,大字羽屋21番地の1,上田町11組の4 ﾁｭﾘｽ古国府弐番館808,上田町三丁目,3,2-808,minamitaiheijiuedamachikyushinpdf.pdf,85,high,
948,大字羽屋21番地の1,上田町11組の4 ﾁｭﾘｽ古国府弐番館809,上田町三丁目,3,2-809,minamitaiheijiuedamachikyushinpdf.pdf,85,high,
949,大字羽屋21番地の1,上田町11組の5 ﾁｭﾘｽ古国府弐番館901,上田町三丁目,3,2-901,minamitaiheijiuedamachikyushinpdf.pdf,85,high,
950,大字羽屋21番地の1,上田町11組の5 ﾁｭﾘｽ古国府弐番館902,上田町三丁目,3,2-902,minamitaiheijiuedamachikyushinpdf.pdf,85,high,
951,大字羽屋21番地の1,上田町11組の5 ﾁｭﾘｽ古国府弐番館903,上田町三丁目,3,2-903,minamitaiheijiuedamachikyushinpdf.pdf,85,high,
952,大字羽屋21番地の1,上田町11組の5 ﾁｭﾘｽ古国府弐番館904,上田町三丁目,3,2-904,minamitaiheijiuedamachikyushinpdf.pdf,85,high,
953,大字羽屋21番地の1,上田町11組の4 ﾁｭﾘｽ古国府弐番館905,上田町三丁目,3,2-905,minamitaiheijiuedamachikyushinpdf.pdf,85,high,
954,大字羽屋21番地の1,上田町11組の5 ﾁｭﾘｽ古国府弐番館906,上田町三丁目,3,2-906,minamitaiheijiuedamachikyushinpdf.pdf,85,high,
955,大字羽屋21番地の1,上田町11組の5 ﾁｭﾘｽ古国府弐番館907,上田町三丁目,3,2-907,minamitaiheijiuedamachikyushinpdf.pdf,85,high,
956,大字羽屋21番地の1,上田町11組の5 ﾁｭﾘｽ古国府弐番館908,上田町三丁目,3,2-908,minamitaiheijiuedamachikyushinpdf.pdf,85,high,
957,大字羽屋21番地の1,上田町11組の5 ﾁｭﾘｽ古国府弐番館1001,上田町三丁目,3,2-1001,minamitaiheijiuedamachikyushinpdf.pdf,86,high,
958,大字羽屋21番地の1,上田町11組の5 ﾁｭﾘｽ古国府弐番館1002,上田町三丁目,3,2-1002,minamitaiheijiuedamachikyushinpdf.pdf,86,high,
959,大字羽屋21番地の1,上田町11組の5 ﾁｭﾘｽ古国府弐番館1003,上田町三丁目,3,2-1003,minamitaiheijiuedamachikyushinpdf.pdf,86,high,
960,大字羽屋21番地の1,上田町11組の5 ﾁｭﾘｽ古国府弐番館1004,上田町三丁目,3,2-1004,minamitaiheijiuedamachikyushinpdf.pdf,86,high,
961,大字羽屋21番地の1,上田町11組の5 ﾁｭﾘｽ古国府弐番館1005,上田町三丁目,3,2-1005,minamitaiheijiuedamachikyushinpdf.pdf,86,high,
962,大字羽屋21番地の1,上田町11組の5 ﾁｭﾘｽ古国府弐番館1006,上田町三丁目,3,2-1006,minamitaiheijiuedamachikyushinpdf.pdf,86,high,
963,大字羽屋21番地の1,上田町11組の5 ﾁｭﾘｽ古国府弐番館1007,上田町三丁目,3,2-1007,minamitaiheijiuedamachikyushinpdf.pdf,86,high,
964,大字羽屋21番地の1,上田町11組の5 ﾁｭﾘｽ古国府弐番館1008,上田町三丁目,3,2-1008,minamitaiheijiuedamachikyushinpdf.pdf,86,high,
965,大字羽屋字上銅給21番1,,上田町三丁目,3,3,minamitaiheijiuedamachikyushinpdf.pdf,86,high,
966,大字羽屋21番地の1,ﾁｭﾘｽ古国府壱番館102,上田町三丁目,3,4-102,minamitaiheijiuedamachikyushinpdf.pdf,86,high,
967,大字羽屋21番地の1,ﾁｭﾘｽ古国府壱番館103号,上田町三丁目,3,4-103,minamitaiheijiuedamachikyushinpdf.pdf,86,high,資料上2回出現
968,大字羽屋21番地の1-107,,上田町三丁目,3,4-107,minamitaiheijiuedamachikyushinpdf.pdf,87,high,資料上2回出現
969,大字羽屋21-1,ﾁｭﾘｽ古国府壱番館108,上田町三丁目,3,4-108,minamitaiheijiuedamachikyushinpdf.pdf,87,high,
970,大字羽屋21番1,ﾁｭﾘｽ古国府壱番館1F,上田町三丁目,3,4-110,minamitaiheijiuedamachikyushinpdf.pdf,87,high,
971,大字羽屋21番1号,ﾁｭﾘｽ古国府壱番館1F,上田町三丁目,3,4-110,minamitaiheijiuedamachikyushinpdf.pdf,87,high,資料上2回出現
972,大字羽屋21番1,上田町12組-1-1,上田町三丁目,3,4-112,minamitaiheijiuedamachikyushinpdf.pdf,87,high,
973,大字羽屋21-1,ﾁｭﾘｽ古国府壱番館113号,上田町三丁目,3,4-113,minamitaiheijiuedamachikyushinpdf.pdf,87,high,
974,大字羽屋21番地の1,上田町12組の1 ﾁｭﾘｽ古国府壱番館201,上田町三丁目,3,4-201,minamitaiheijiuedamachikyushinpdf.pdf,87,high,
975,大字羽屋21番地の1,上田町12組の1 ﾁｭﾘｽ古国府壱番館202,上田町三丁目,3,4-202,minamitaiheijiuedamachikyushinpdf.pdf,87,high,資料上2回出現
976,大字羽屋21番地の1,上田町12組の1 ﾁｭﾘｽ古国府壱番館203,上田町三丁目,3,4-203,minamitaiheijiuedamachikyushinpdf.pdf,87,high,
977,大字羽屋21番地の1,上田町12組の1 ﾁｭﾘｽ古国府壱番館204,上田町三丁目,3,4-204,minamitaiheijiuedamachikyushinpdf.pdf,88,high,
978,大字羽屋21番地の1,上田町12組の1 ﾁｭﾘｽ古国府壱番館205,上田町三丁目,3,4-205,minamitaiheijiuedamachikyushinpdf.pdf,88,high,
979,大字羽屋21番地の1,上田町12組の1 ﾁｭﾘｽ古国府壱番館206,上田町三丁目,3,4-206,minamitaiheijiuedamachikyushinpdf.pdf,88,high,
980,大字羽屋21番地の1,上田町12組の1 ﾁｭﾘｽ古国府壱番館207,上田町三丁目,3,4-207,minamitaiheijiuedamachikyushinpdf.pdf,88,high,
981,大字羽屋21番地の1,上田町12組の1 ﾁｭﾘｽ古国府壱番館208,上田町三丁目,3,4-208,minamitaiheijiuedamachikyushinpdf.pdf,88,high,
982,大字羽屋21番地の1,上田町12組の1 ﾁｭﾘｽ古国府壱番館209,上田町三丁目,3,4-209,minamitaiheijiuedamachikyushinpdf.pdf,88,high,
983,大字羽屋21番地の1,上田町12組の1 ﾁｭﾘｽ古国府壱番館210,上田町三丁目,3,4-210,minamitaiheijiuedamachikyushinpdf.pdf,88,high,
984,大字羽屋21番地の1,上田町12組の1 ﾁｭﾘｽ古国府壱番館211,上田町三丁目,3,4-211,minamitaiheijiuedamachikyushinpdf.pdf,88,high,
985,大字羽屋21番地の1,上田町12組の1 ﾁｭﾘｽ古国府壱番館212,上田町三丁目,3,4-212,minamitaiheijiuedamachikyushinpdf.pdf,88,high,
986,大字羽屋21番地の1,上田町12組の1 ﾁｭﾘｽ古国府壱番館213,上田町三丁目,3,4-213,minamitaiheijiuedamachikyushinpdf.pdf,88,high,
987,大字羽屋21番地の1,上田町12組の1 ﾁｭﾘｽ古国府壱番館301,上田町三丁目,3,4-301,minamitaiheijiuedamachikyushinpdf.pdf,88,high,
988,大字羽屋21番地の1,上田町12組の1 ﾁｭﾘｽ古国府壱番館302,上田町三丁目,3,4-302,minamitaiheijiuedamachikyushinpdf.pdf,88,high,
989,大字羽屋21番地の1,上田町12組の1 ﾁｭﾘｽ古国府壱番館303,上田町三丁目,3,4-303,minamitaiheijiuedamachikyushinpdf.pdf,88,high,資料上2回出現
990,大字羽屋21番地の1,上田町12組の1 ﾁｭﾘｽ古国府壱番館304,上田町三丁目,3,4-304,minamitaiheijiuedamachikyushinpdf.pdf,89,high,資料上2回出現
991,大字羽屋21番地の1,上田町12組の1 ﾁｭﾘｽ古国府壱番館305,上田町三丁目,3,4-305,minamitaiheijiuedamachikyushinpdf.pdf,89,high,
992,大字羽屋21番地の1,上田町12組の1 ﾁｭﾘｽ古国府壱番館306,上田町三丁目,3,4-306,minamitaiheijiuedamachikyushinpdf.pdf,89,high,
993,大字羽屋21番地の1,上田町12組の1 ﾁｭﾘｽ古国府壱番館307,上田町三丁目,3,4-307,minamitaiheijiuedamachikyushinpdf.pdf,89,high,
994,大字羽屋21番地の1,上田町12組の1 ﾁｭﾘｽ古国府壱番館308,上田町三丁目,3,4-308,minamitaiheijiuedamachikyushinpdf.pdf,89,high,
995,大字羽屋21番地の1,上田町12組の1 ﾁｭﾘｽ古国府壱番館309,上田町三丁目,3,4-309,minamitaiheijiuedamachikyushinpdf.pdf,89,high,
996,大字羽屋21番地の1,上田町12組の1 ﾁｭﾘｽ古国府壱番館310,上田町三丁目,3,4-310,minamitaiheijiuedamachikyushinpdf.pdf,89,high,
997,大字羽屋21番地の1,上田町12組の1 ﾁｭﾘｽ古国府壱番館311,上田町三丁目,3,4-311,minamitaiheijiuedamachikyushinpdf.pdf,89,high,
998,大字羽屋21番地の1,上田町12組の1 ﾁｭﾘｽ古国府壱番館312,上田町三丁目,3,4-312,minamitaiheijiuedamachikyushinpdf.pdf,89,high,
999,大字羽屋21番地の1,上田町12組の1 ﾁｭﾘｽ古国府壱番館313,上田町三丁目,3,4-313,minamitaiheijiuedamachikyushinpdf.pdf,89,high,資料上2回出現
1000,大字羽屋21番地の1,上田町12組の1 ﾁｭﾘｽ古国府壱番館314,上田町三丁目,3,4-314,minamitaiheijiuedamachikyushinpdf.pdf,90,high,資料上2回出現
1001,大字羽屋21番地の1,上田町12組の2 ﾁｭﾘｽ古国府壱番館401,上田町三丁目,3,4-401,minamitaiheijiuedamachikyushinpdf.pdf,90,high,
1002,大字羽屋21番地の1,上田町12組の2 ﾁｭﾘｽ古国府壱番館402,上田町三丁目,3,4-402,minamitaiheijiuedamachikyushinpdf.pdf,90,high,
1003,大字羽屋21番地の1,上田町12組の2 ﾁｭﾘｽ古国府壱番館403,上田町三丁目,3,4-403,minamitaiheijiuedamachikyushinpdf.pdf,90,high,
1004,大字羽屋21番地の1,上田町12組の2 ﾁｭﾘｽ古国府壱番館404,上田町三丁目,3,4-404,minamitaiheijiuedamachikyushinpdf.pdf,90,high,
1005,大字羽屋21番地の1,上田町12組の2 ﾁｭﾘｽ古国府壱番館405,上田町三丁目,3,4-405,minamitaiheijiuedamachikyushinpdf.pdf,90,high,資料上2回出現
1006,大字羽屋21番地の1,上田町12組の2 ﾁｭﾘｽ古国府壱番館406,上田町三丁目,3,4-406,minamitaiheijiuedamachikyushinpdf.pdf,90,high,
1007,大字羽屋21番地の1,上田町12組の2 ﾁｭﾘｽ古国府壱番館407,上田町三丁目,3,4-407,minamitaiheijiuedamachikyushinpdf.pdf,90,high,
1008,大字羽屋21番地の1,上田町12組の2 ﾁｭﾘｽ古国府壱番館408,上田町三丁目,3,4-408,minamitaiheijiuedamachikyushinpdf.pdf,90,high,
1009,大字羽屋21番地の1,上田町12組の2 ﾁｭﾘｽ古国府壱番館409,上田町三丁目,3,4-409,minamitaiheijiuedamachikyushinpdf.pdf,90,high,
1010,大字羽屋21番地の1,上田町12組の2 ﾁｭﾘｽ古国府壱番館410,上田町三丁目,3,4-410,minamitaiheijiuedamachikyushinpdf.pdf,90,high,
1011,大字羽屋21番地の1,上田町11組の2 ﾁｭﾘｽ古国府壱番館411,上田町三丁目,3,4-411,minamitaiheijiuedamachikyushinpdf.pdf,91,high,
1012,大字羽屋21番地の1,上田町12組の2 ﾁｭﾘｽ古国府壱番館412,上田町三丁目,3,4-412,minamitaiheijiuedamachikyushinpdf.pdf,91,high,
1013,大字羽屋21番地の1,上田町12組の2 ﾁｭﾘｽ古国府壱番館413,上田町三丁目,3,4-413,minamitaiheijiuedamachikyushinpdf.pdf,91,high,
1014,大字羽屋21番地の1,上田町12組の2 ﾁｭﾘｽ古国府壱番館414,上田町三丁目,3,4-414,minamitaiheijiuedamachikyushinpdf.pdf,91,high,
1015,大字羽屋21番地の1,上田町12組の2 ﾁｭﾘｽ古国府壱番館501,上田町三丁目,3,4-501,minamitaiheijiuedamachikyushinpdf.pdf,91,high,
1016,大字羽屋21番地の1,上田町12組の2 ﾁｭﾘｽ古国府壱番館502,上田町三丁目,3,4-502,minamitaiheijiuedamachikyushinpdf.pdf,91,high,
1017,大字羽屋21番地の1,上田町12組の2 ﾁｭﾘｽ古国府壱番館503,上田町三丁目,3,4-503,minamitaiheijiuedamachikyushinpdf.pdf,91,high,
1018,大字羽屋21番地の1,上田町12組の2 ﾁｭﾘｽ古国府壱番館504,上田町三丁目,3,4-504,minamitaiheijiuedamachikyushinpdf.pdf,91,high,
1019,大字羽屋21番地の1,上田町12組の2 ﾁｭﾘｽ古国府壱番館505,上田町三丁目,3,4-505,minamitaiheijiuedamachikyushinpdf.pdf,91,high,
1020,大字羽屋21番地の1,上田町12組の2 ﾁｭﾘｽ古国府壱番館506,上田町三丁目,3,4-506,minamitaiheijiuedamachikyushinpdf.pdf,91,high,
1021,大字羽屋21番地の1,上田町12組の2 ﾁｭﾘｽ古国府壱番館507,上田町三丁目,3,4-507,minamitaiheijiuedamachikyushinpdf.pdf,91,high,
1022,大字羽屋21番地の1,上田町12組の2 ﾁｭﾘｽ古国府壱番館508,上田町三丁目,3,4-508,minamitaiheijiuedamachikyushinpdf.pdf,91,high,
1023,大字羽屋21番地の1,上田町12組の2 ﾁｭﾘｽ古国府壱番館509,上田町三丁目,3,4-509,minamitaiheijiuedamachikyushinpdf.pdf,91,high,
1024,大字羽屋21番地の1,上田町12組の2 ﾁｭﾘｽ古国府壱番館510,上田町三丁目,3,4-510,minamitaiheijiuedamachikyushinpdf.pdf,92,high,
1025,大字羽屋21番地の1,上田町12組の2 ﾁｭﾘｽ古国府壱番館511,上田町三丁目,3,4-511,minamitaiheijiuedamachikyushinpdf.pdf,92,high,
1026,大字羽屋21番地の1,上田町12組の2 ﾁｭﾘｽ古国府壱番館512,上田町三丁目,3,4-512,minamitaiheijiuedamachikyushinpdf.pdf,92,high,
1027,大字羽屋21番地の1,ﾁｭﾘｽ古国府壱番館512,上田町三丁目,3,4-512,minamitaiheijiuedamachikyushinpdf.pdf,92,high,
1028,大字羽屋21番地の1,上田町12組の2 ﾁｭﾘｽ古国府壱番館513,上田町三丁目,3,4-513,minamitaiheijiuedamachikyushinpdf.pdf,92,high,
1029,大字羽屋21番地の1,上田町11組の3 ﾁｭﾘｽ古国府壱番館514,上田町三丁目,3,4-514,minamitaiheijiuedamachikyushinpdf.pdf,92,high,
1030,大字羽屋21番地の1,上田町12組の3 ﾁｭﾘｽ古国府壱番館601,上田町三丁目,3,4-601,minamitaiheijiuedamachikyushinpdf.pdf,92,high,
1031,大字羽屋21番地の1,上田町12組の3 ﾁｭﾘｽ古国府壱番館602,上田町三丁目,3,4-602,minamitaiheijiuedamachikyushinpdf.pdf,92,high,
1032,大字羽屋21番地の1,上田町12組の3 ﾁｭﾘｽ古国府壱番館603,上田町三丁目,3,4-603,minamitaiheijiuedamachikyushinpdf.pdf,92,high,
1033,大字羽屋21番地の1,上田町12組の3 ﾁｭﾘｽ古国府壱番館604,上田町三丁目,3,4-604,minamitaiheijiuedamachikyushinpdf.pdf,92,high,
1034,大字羽屋21番地の1,上田町12組の3 ﾁｭﾘｽ古国府壱番館605,上田町三丁目,3,4-605,minamitaiheijiuedamachikyushinpdf.pdf,92,high,
1035,大字羽屋21番地の1,上田町12組の3 ﾁｭﾘｽ古国府壱番館606,上田町三丁目,3,4-606,minamitaiheijiuedamachikyushinpdf.pdf,92,high,
1036,大字羽屋21番地の1,上田町12組の3 ﾁｭﾘｽ古国府壱番館607,上田町三丁目,3,4-607,minamitaiheijiuedamachikyushinpdf.pdf,92,high,
1037,大字羽屋21番地の1,上田町12組の3 ﾁｭﾘｽ古国府壱番館608,上田町三丁目,3,4-608,minamitaiheijiuedamachikyushinpdf.pdf,93,high,
1038,大字羽屋21番地の1,上田町12組の3 ﾁｭﾘｽ古国府壱番館609,上田町三丁目,3,4-609,minamitaiheijiuedamachikyushinpdf.pdf,93,high,
1039,大字羽屋21番地の1,上田町12組の3 ﾁｭﾘｽ古国府壱番館610,上田町三丁目,3,4-610,minamitaiheijiuedamachikyushinpdf.pdf,93,high,
1040,大字羽屋21番地の1,上田町12組の3 ﾁｭﾘｽ古国府壱番館611,上田町三丁目,3,4-611,minamitaiheijiuedamachikyushinpdf.pdf,93,high,
1041,大字羽屋21番地の1,上田町12組の3 ﾁｭﾘｽ古国府壱番館612,上田町三丁目,3,4-612,minamitaiheijiuedamachikyushinpdf.pdf,93,high,
1042,大字羽屋21番地の1,上田町12組の3 ﾁｭﾘｽ古国府壱番館613,上田町三丁目,3,4-613,minamitaiheijiuedamachikyushinpdf.pdf,93,high,資料上2回出現
1043,大字羽屋21番地の1,上田町12組の3 ﾁｭﾘｽ古国府壱番館701,上田町三丁目,3,4-701,minamitaiheijiuedamachikyushinpdf.pdf,93,high,
1044,大字羽屋21番地の1,上田町12組の3 ﾁｭﾘｽ古国府壱番館702,上田町三丁目,3,4-702,minamitaiheijiuedamachikyushinpdf.pdf,93,high,資料上2回出現
1045,大字羽屋21番地の1,上田町12組の3 ﾁｭﾘｽ古国府壱番館703,上田町三丁目,3,4-703,minamitaiheijiuedamachikyushinpdf.pdf,93,high,
1046,大字羽屋21番地の1,上田町12組の3 ﾁｭﾘｽ古国府壱番館704,上田町三丁目,3,4-704,minamitaiheijiuedamachikyushinpdf.pdf,93,high,
1047,大字羽屋21番地の1,上田町12組の3 ﾁｭﾘｽ古国府壱番館705,上田町三丁目,3,4-705,minamitaiheijiuedamachikyushinpdf.pdf,93,high,資料上2回出現
1048,大字羽屋21番地の1,上田町12組の3 ﾁｭﾘｽ古国府壱番館706,上田町三丁目,3,4-706,minamitaiheijiuedamachikyushinpdf.pdf,94,high,
1049,大字羽屋21番地の1,上田町12組の3 ﾁｭﾘｽ古国府壱番館707,上田町三丁目,3,4-707,minamitaiheijiuedamachikyushinpdf.pdf,94,high,
1050,大字羽屋21番地の1,上田町12組の3 ﾁｭﾘｽ古国府壱番館708,上田町三丁目,3,4-708,minamitaiheijiuedamachikyushinpdf.pdf,94,high,
1051,大字羽屋21番地の1,上田町12組の3 ﾁｭﾘｽ古国府壱番館709,上田町三丁目,3,4-709,minamitaiheijiuedamachikyushinpdf.pdf,94,high,
1052,大字羽屋21番地の1,上田町12組の3 ﾁｭﾘｽ古国府壱番館710,上田町三丁目,3,4-710,minamitaiheijiuedamachikyushinpdf.pdf,94,high,
1053,大字羽屋21番地の1,上田町12組の3 ﾁｭﾘｽ古国府壱番館711,上田町三丁目,3,4-711,minamitaiheijiuedamachikyushinpdf.pdf,94,high,
1054,大字羽屋21番地の1,上田町12組の3 ﾁｭﾘｽ古国府壱番館712,上田町三丁目,3,4-712,minamitaiheijiuedamachikyushinpdf.pdf,94,high,
1055,大字羽屋21番地の1,上田町12組の3 ﾁｭﾘｽ古国府壱番館801,上田町三丁目,3,4-801,minamitaiheijiuedamachikyushinpdf.pdf,94,high,
1056,大字羽屋21番地の1,上田町12組の4 ﾁｭﾘｽ古国府壱番館802,上田町三丁目,3,4-802,minamitaiheijiuedamachikyushinpdf.pdf,94,high,資料上2回出現
1057,大字羽屋21番地の1,上田町12組の4 ﾁｭﾘｽ古国府壱番館803,上田町三丁目,3,4-803,minamitaiheijiuedamachikyushinpdf.pdf,94,high,
1058,大字羽屋21番地の1,上田町12組の4 ﾁｭﾘｽ古国府壱番館804,上田町三丁目,3,4-804,minamitaiheijiuedamachikyushinpdf.pdf,94,high,
1059,大字羽屋21番地の1,上田町12組の4 ﾁｭﾘｽ古国府壱番館805,上田町三丁目,3,4-805,minamitaiheijiuedamachikyushinpdf.pdf,95,high,
1060,大字羽屋21番地の1,上田町12組の4 ﾁｭﾘｽ古国府壱番館806,上田町三丁目,3,4-806,minamitaiheijiuedamachikyushinpdf.pdf,95,high,
1061,大字羽屋21番地の1,上田町12組の4 ﾁｭﾘｽ古国府壱番館807,上田町三丁目,3,4-807,minamitaiheijiuedamachikyushinpdf.pdf,95,high,
1062,大字羽屋21番地の1,上田町12組の4 ﾁｭﾘｽ古国府壱番館808,上田町三丁目,3,4-808,minamitaiheijiuedamachikyushinpdf.pdf,95,high,
1063,大字羽屋21番地の1,上田町12組の4 ﾁｭﾘｽ古国府壱番館809,上田町三丁目,3,4-809,minamitaiheijiuedamachikyushinpdf.pdf,95,high,
1064,大字羽屋21番地の1,上田町12組の4 ﾁｭﾘｽ古国府壱番館810,上田町三丁目,3,4-810,minamitaiheijiuedamachikyushinpdf.pdf,95,high,
1065,大字羽屋21番地の1,上田町12組の4 ﾁｭﾘｽ古国府壱番館811,上田町三丁目,3,4-811,minamitaiheijiuedamachikyushinpdf.pdf,95,high,
1066,大字羽屋21番地の1,上田町12組の4 ﾁｭﾘｽ古国府壱番館812,上田町三丁目,3,4-812,minamitaiheijiuedamachikyushinpdf.pdf,95,high,
1067,大字羽屋21番地の1,上田町12組の4 ﾁｭﾘｽ古国府壱番館901,上田町三丁目,3,4-901,minamitaiheijiuedamachikyushinpdf.pdf,95,high,
1068,大字羽屋21番地の1,上田町12組の4 ﾁｭﾘｽ古国府壱番館902,上田町三丁目,3,4-902,minamitaiheijiuedamachikyushinpdf.pdf,95,high,
1069,大字羽屋21番地の1,上田町12組の4 ﾁｭﾘｽ古国府壱番館903,上田町三丁目,3,4-903,minamitaiheijiuedamachikyushinpdf.pdf,95,high,
1070,大字羽屋21番地の1,上田町12組の4 ﾁｭﾘｽ古国府壱番館904,上田町三丁目,3,4-904,minamitaiheijiuedamachikyushinpdf.pdf,95,high,資料上2回出現
1071,大字羽屋21番地の1,上田町12組の4 ﾁｭﾘｽ古国府壱番館905,上田町三丁目,3,4-905,minamitaiheijiuedamachikyushinpdf.pdf,96,high,
1072,大字羽屋21番地の1,上田町12組の4 ﾁｭﾘｽ古国府壱番館906,上田町三丁目,3,4-906,minamitaiheijiuedamachikyushinpdf.pdf,96,high,
1073,大字羽屋21番地の1,上田町12組の4 ﾁｭﾘｽ古国府壱番館907,上田町三丁目,3,4-907,minamitaiheijiuedamachikyushinpdf.pdf,96,high,
1074,大字羽屋21番地の1,上田町12組の4 ﾁｭﾘｽ古国府壱番館908,上田町三丁目,3,4-908,minamitaiheijiuedamachikyushinpdf.pdf,96,high,
1075,大字羽屋21番地の1,上田町12組の4 ﾁｭﾘｽ古国府壱番館909,上田町三丁目,3,4-909,minamitaiheijiuedamachikyushinpdf.pdf,96,high,
1076,大字羽屋25番地の1,上田町10組の1 ｻﾝﾗｲｽﾞ豊府101,上田町三丁目,3,1-101,minamitaiheijiuedamachikyushinpdf.pdf,96,high,
1077,大字羽屋25番地の1,上田町10組の1 ｻﾝﾗｲｽﾞ豊府102,上田町三丁目,3,1-102,minamitaiheijiuedamachikyushinpdf.pdf,96,high,
1078,大字羽屋25番地の1,上田町10組の1 ｻﾝﾗｲｽﾞ豊府103,上田町三丁目,3,1-103,minamitaiheijiuedamachikyushinpdf.pdf,96,high,資料上2回出現
1079,大字羽屋25番地の1,上田町10組の1 ｻﾝﾗｲｽﾞ豊府105,上田町三丁目,3,1-105,minamitaiheijiuedamachikyushinpdf.pdf,96,high,
1080,大字羽屋25番地の1,上田町10組の1 ｻﾝﾗｲｽﾞ豊府106,上田町三丁目,3,1-106,minamitaiheijiuedamachikyushinpdf.pdf,96,high,資料上3回出現
1081,大字羽屋25番地の1,上田町10組の1 ｻﾝﾗｲｽﾞ豊府107,上田町三丁目,3,1-107,minamitaiheijiuedamachikyushinpdf.pdf,97,high,
1082,大字羽屋25番地の1,上田町10組の1 ｻﾝﾗｲｽﾞ豊府108,上田町三丁目,3,1-108,minamitaiheijiuedamachikyushinpdf.pdf,97,high,
1083,大字羽屋25番地の1,上田町10組の1 ｻﾝﾗｲｽﾞ豊府110,上田町三丁目,3,1-110,minamitaiheijiuedamachikyushinpdf.pdf,97,high,
1084,大字羽屋25番地の1,上田町10組の1 ｻﾝﾗｲｽﾞ豊府111,上田町三丁目,3,1-111,minamitaiheijiuedamachikyushinpdf.pdf,97,high,
1085,大字羽屋25番地の1,上田町10組の1 ｻﾝﾗｲｽﾞ豊府112,上田町三丁目,3,1-112,minamitaiheijiuedamachikyushinpdf.pdf,97,high,
1086,大字羽屋25番地の1,上田町10組の1 ｻﾝﾗｲｽﾞ豊府114,上田町三丁目,3,1-114,minamitaiheijiuedamachikyushinpdf.pdf,97,high,資料上2回出現
1087,大字羽屋25番地の1,上田町10組の1 ｻﾝﾗｲｽﾞ豊府115,上田町三丁目,3,1-115,minamitaiheijiuedamachikyushinpdf.pdf,97,high,
1088,大字羽屋25番地の1,上田町10組の1 ｻﾝﾗｲｽﾞ豊府201,上田町三丁目,3,1-201,minamitaiheijiuedamachikyushinpdf.pdf,97,high,
1089,大字羽屋25番地の1,上田町10組の1 ｻﾝﾗｲｽﾞ豊府202,上田町三丁目,3,1-202,minamitaiheijiuedamachikyushinpdf.pdf,97,high,
1090,大字羽屋25番地の1,上田町10組の1 ｻﾝﾗｲｽﾞ豊府203,上田町三丁目,3,1-203,minamitaiheijiuedamachikyushinpdf.pdf,97,high,
1091,大字羽屋25番地の1,上田町10組の1 ｻﾝﾗｲｽﾞ豊府205,上田町三丁目,3,1-205,minamitaiheijiuedamachikyushinpdf.pdf,97,high,
1092,大字羽屋25番地の1,上田町10組の1 ｻﾝﾗｲｽﾞ豊府206,上田町三丁目,3,1-206,minamitaiheijiuedamachikyushinpdf.pdf,97,high,
1093,大字羽屋25番地の1,上田町10組の1 ｻﾝﾗｲｽﾞ豊府207,上田町三丁目,3,1-207,minamitaiheijiuedamachikyushinpdf.pdf,98,high,
1094,大字羽屋25番地の1,上田町10組の1 ｻﾝﾗｲｽﾞ豊府208,上田町三丁目,3,1-208,minamitaiheijiuedamachikyushinpdf.pdf,98,high,
1095,大字羽屋25番地の1,上田町10組の1 ｻﾝﾗｲｽﾞ豊府210,上田町三丁目,3,1-210,minamitaiheijiuedamachikyushinpdf.pdf,98,high,
1096,大字羽屋25番地の1,上田町10組の1 ｻﾝﾗｲｽﾞ豊府211,上田町三丁目,3,1-211,minamitaiheijiuedamachikyushinpdf.pdf,98,high,資料上2回出現
1097,大字羽屋25番地の1,上田町10組の1 ｻﾝﾗｲｽﾞ豊府212,上田町三丁目,3,1-212,minamitaiheijiuedamachikyushinpdf.pdf,98,high,資料上2回出現
1098,大字羽屋25番地の1,上田町10組の1 ｻﾝﾗｲｽﾞ豊府214,上田町三丁目,3,1-214,minamitaiheijiuedamachikyushinpdf.pdf,98,high,
1099,大字羽屋25番地の1,上田町10組の1 ｻﾝﾗｲｽﾞ豊府215,上田町三丁目,3,1-215,minamitaiheijiuedamachikyushinpdf.pdf,98,high,
1100,大字羽屋25番地の1,上田町10組の2 ｻﾝﾗｲｽﾞ豊府301,上田町三丁目,3,1-301,minamitaiheijiuedamachikyushinpdf.pdf,98,high,資料上2回出現
1101,大字羽屋25番地の1,上田町10組の2 ｻﾝﾗｲｽﾞ豊府302,上田町三丁目,3,1-302,minamitaiheijiuedamachikyushinpdf.pdf,98,high,
1102,大字羽屋25番地の1,上田町10組の2 ｻﾝﾗｲｽﾞ豊府303,上田町三丁目,3,1-303,minamitaiheijiuedamachikyushinpdf.pdf,98,high,資料上2回出現
1103,大字羽屋25番地の1,上田町10組の2 ｻﾝﾗｲｽﾞ豊府305,上田町三丁目,3,1-305,minamitaiheijiuedamachikyushinpdf.pdf,99,high,
1104,大字羽屋25番地の1,上田町10組の2 ｻﾝﾗｲｽﾞ豊府306,上田町三丁目,3,1-306,minamitaiheijiuedamachikyushinpdf.pdf,99,high,
1105,大字羽屋25番地の1,上田町10組の2 ｻﾝﾗｲｽﾞ豊府307,上田町三丁目,3,1-307,minamitaiheijiuedamachikyushinpdf.pdf,99,high,
1106,大字羽屋25番地の1,上田町10組の3 ｻﾝﾗｲｽﾞ豊府308,上田町三丁目,3,1-308,minamitaiheijiuedamachikyushinpdf.pdf,99,high,
1107,大字羽屋25番地の1,上田町10組の2 ｻﾝﾗｲｽﾞ豊府310,上田町三丁目,3,1-310,minamitaiheijiuedamachikyushinpdf.pdf,99,high,資料上2回出現
1108,大字羽屋25番地の1,上田町10組の2 ｻﾝﾗｲｽﾞ豊府311,上田町三丁目,3,1-311,minamitaiheijiuedamachikyushinpdf.pdf,99,high,
1109,大字羽屋25番地の1,上田町10組の2 ｻﾝﾗｲｽﾞ豊府312,上田町三丁目,3,1-312,minamitaiheijiuedamachikyushinpdf.pdf,99,high,
1110,大字羽屋25番地の1,上田町10組の2 ｻﾝﾗｲｽﾞ豊府314,上田町三丁目,3,1-314,minamitaiheijiuedamachikyushinpdf.pdf,99,high,資料上2回出現
1111,大字羽屋25番地の1,上田町10組の2 ｻﾝﾗｲｽﾞ豊府315,上田町三丁目,3,1-315,minamitaiheijiuedamachikyushinpdf.pdf,99,high,
1112,大字羽屋25番地の1,上田町10組の2 ｻﾝﾗｲｽﾞ豊府401,上田町三丁目,3,1-401,minamitaiheijiuedamachikyushinpdf.pdf,99,high,
1113,大字羽屋25番地の1,上田町10組の2 ｻﾝﾗｲｽﾞ豊府402,上田町三丁目,3,1-402,minamitaiheijiuedamachikyushinpdf.pdf,100,high,
1114,大字羽屋25番地の1,上田町10組の2 ｻﾝﾗｲｽﾞ豊府403,上田町三丁目,3,1-403,minamitaiheijiuedamachikyushinpdf.pdf,100,high,
1115,大字羽屋25番地の1,上田町10組の2 ｻﾝﾗｲｽﾞ豊府405,上田町三丁目,3,1-405,minamitaiheijiuedamachikyushinpdf.pdf,100,high,
1116,大字羽屋25番地の1,上田町10組の2 ｻﾝﾗｲｽﾞ豊府406,上田町三丁目,3,1-406,minamitaiheijiuedamachikyushinpdf.pdf,100,high,
1117,大字羽屋25番地の1,上田町10組の2 ｻﾝﾗｲｽﾞ豊府407,上田町三丁目,3,1-407,minamitaiheijiuedamachikyushinpdf.pdf,100,high,
1118,大字羽屋25番地の1,上田町10組の2 ｻﾝﾗｲｽﾞ豊府408,上田町三丁目,3,1-408,minamitaiheijiuedamachikyushinpdf.pdf,100,high,
1119,大字羽屋25番地の1,上田町10組の2 ｻﾝﾗｲｽﾞ豊府410,上田町三丁目,3,1-410,minamitaiheijiuedamachikyushinpdf.pdf,100,high,
1120,大字羽屋25番地の1,上田町10組の2 ｻﾝﾗｲｽﾞ豊府411,上田町三丁目,3,1-411,minamitaiheijiuedamachikyushinpdf.pdf,100,high,
1121,大字羽屋25番地の1,上田町10組の2 ｻﾝﾗｲｽﾞ豊府412,上田町三丁目,3,1-412,minamitaiheijiuedamachikyushinpdf.pdf,100,high,
1122,大字羽屋25番地の1,上田町10組の2 ｻﾝﾗｲｽﾞ豊府414,上田町三丁目,3,1-414,minamitaiheijiuedamachikyushinpdf.pdf,100,high,
1123,大字羽屋25番地の1,上田町10組の2 ｻﾝﾗｲｽﾞ豊府415,上田町三丁目,3,1-415,minamitaiheijiuedamachikyushinpdf.pdf,100,high,
1124,大字羽屋25番地の1,上田町10組の3 ｻﾝﾗｲｽﾞ豊府501,上田町三丁目,3,1-501,minamitaiheijiuedamachikyushinpdf.pdf,100,high,
1125,大字羽屋25番地の1,上田町10組の3 ｻﾝﾗｲｽﾞ豊府502,上田町三丁目,3,1-502,minamitaiheijiuedamachikyushinpdf.pdf,100,high,
1126,大字羽屋25番地の1,上田町10組の3 ｻﾝﾗｲｽﾞ豊府503,上田町三丁目,3,1-503,minamitaiheijiuedamachikyushinpdf.pdf,101,high,
1127,大字羽屋25番地の1,上田町10組の3 ｻﾝﾗｲｽﾞ豊府505,上田町三丁目,3,1-505,minamitaiheijiuedamachikyushinpdf.pdf,101,high,
1128,大字羽屋25番地の1,上田町10組の3 ｻﾝﾗｲｽﾞ豊府506,上田町三丁目,3,1-506,minamitaiheijiuedamachikyushinpdf.pdf,101,high,
1129,大字羽屋25番地の1,上田町10組の3 ｻﾝﾗｲｽﾞ豊府507,上田町三丁目,3,1-507,minamitaiheijiuedamachikyushinpdf.pdf,101,high,
1130,大字羽屋25番地の1,上田町10組の3 ｻﾝﾗｲｽﾞ豊府508,上田町三丁目,3,1-508,minamitaiheijiuedamachikyushinpdf.pdf,101,high,
1131,大字羽屋25番地の1,上田町10組の3 ｻﾝﾗｲｽﾞ豊府510,上田町三丁目,3,1-510,minamitaiheijiuedamachikyushinpdf.pdf,101,high,
1132,大字羽屋25番地の1,上田町10組の3 ｻﾝﾗｲｽﾞ豊府511,上田町三丁目,3,1-511,minamitaiheijiuedamachikyushinpdf.pdf,101,high,
1133,大字羽屋25番地の1,上田町10組の3 ｻﾝﾗｲｽﾞ豊府,上田町三丁目,3,1-512,minamitaiheijiuedamachikyushinpdf.pdf,101,high,
1134,大字羽屋25番地の1,上田町10組の3 ｻﾝﾗｲｽﾞ豊府514,上田町三丁目,3,1-514,minamitaiheijiuedamachikyushinpdf.pdf,101,high,
1135,大字羽屋25番地の1,上田町10組の3 ｻﾝﾗｲｽﾞ豊府515,上田町三丁目,3,1-515,minamitaiheijiuedamachikyushinpdf.pdf,101,high,
1136,大字羽屋25番地の1,上田町10組の3 ｻﾝﾗｲｽﾞ豊府601,上田町三丁目,3,1-601,minamitaiheijiuedamachikyushinpdf.pdf,101,high,
1137,大字羽屋25番地の1,上田町10組の3 ｻﾝﾗｲｽﾞ豊府602,上田町三丁目,3,1-602,minamitaiheijiuedamachikyushinpdf.pdf,101,high,
1138,大字羽屋25番地の1,上田町10組の3 ｻﾝﾗｲｽﾞ豊府603,上田町三丁目,3,1-603,minamitaiheijiuedamachikyushinpdf.pdf,101,high,
1139,大字羽屋25番地の1,上田町10組の3 ｻﾝﾗｲｽﾞ豊府605,上田町三丁目,3,1-605,minamitaiheijiuedamachikyushinpdf.pdf,102,high,
1140,大字羽屋25番地の1,上田町10組の3 ｻﾝﾗｲｽﾞ豊府606,上田町三丁目,3,1-606,minamitaiheijiuedamachikyushinpdf.pdf,102,high,
1141,大字羽屋25番地の1,上田町10組の3 ｻﾝﾗｲｽﾞ豊府607,上田町三丁目,3,1-607,minamitaiheijiuedamachikyushinpdf.pdf,102,high,
1142,大字羽屋25番地の1,上田町10組の3 ｻﾝﾗｲｽﾞ豊府608,上田町三丁目,3,1-608,minamitaiheijiuedamachikyushinpdf.pdf,102,high,
1143,大字羽屋25番地の1,上田町10組の3 ｻﾝﾗｲｽﾞ豊府610,上田町三丁目,3,1-610,minamitaiheijiuedamachikyushinpdf.pdf,102,high,
1144,大字羽屋25番地の1,上田町10組の3 ｻﾝﾗｲｽﾞ豊府611,上田町三丁目,3,1-611,minamitaiheijiuedamachikyushinpdf.pdf,102,high,
1145,大字羽屋25番地の1,上田町10組の3 ｻﾝﾗｲｽﾞ豊府612,上田町三丁目,3,1-612,minamitaiheijiuedamachikyushinpdf.pdf,102,high,
1146,大字羽屋25番地の1,上田町10組の3 ｻﾝﾗｲｽﾞ豊府614,上田町三丁目,3,1-614,minamitaiheijiuedamachikyushinpdf.pdf,102,high,
1147,大字羽屋25番地の1,上田町10組の3 ｻﾝﾗｲｽﾞ豊府615,上田町三丁目,3,1-615,minamitaiheijiuedamachikyushinpdf.pdf,102,high,
1148,大字羽屋25番地の1,上田町10組の4 ｻﾝﾗｲｽﾞ豊府701,上田町三丁目,3,1-701,minamitaiheijiuedamachikyushinpdf.pdf,102,high,資料上2回出現
1149,大字羽屋25番地の1,上田町10組の4 ｻﾝﾗｲｽﾞ豊府702,上田町三丁目,3,1-702,minamitaiheijiuedamachikyushinpdf.pdf,102,high,
1150,大字羽屋25番地の1,上田町10組の4 ｻﾝﾗｲｽﾞ豊府703,上田町三丁目,3,1-703,minamitaiheijiuedamachikyushinpdf.pdf,102,high,資料上2回出現
1151,大字羽屋25番地の1,上田町10組の4 ｻﾝﾗｲｽﾞ豊府705,上田町三丁目,3,1-705,minamitaiheijiuedamachikyushinpdf.pdf,103,high,
1152,大字羽屋25番地の1,上田町10組の4 ｻﾝﾗｲｽﾞ豊府706,上田町三丁目,3,1-706,minamitaiheijiuedamachikyushinpdf.pdf,103,high,
1153,大字羽屋25番地の1,上田町10組の4 ｻﾝﾗｲｽﾞ豊府707,上田町三丁目,3,1-707,minamitaiheijiuedamachikyushinpdf.pdf,103,high,
1154,大字羽屋25番地の1,上田町10組の4 ｻﾝﾗｲｽﾞ豊府708,上田町三丁目,3,1-708,minamitaiheijiuedamachikyushinpdf.pdf,103,high,
1155,大字羽屋25番地の1,上田町10組の4 ｻﾝﾗｲｽﾞ豊府710,上田町三丁目,3,1-710,minamitaiheijiuedamachikyushinpdf.pdf,103,high,
1156,大字羽屋25番地の1,上田町10組の4 ｻﾝﾗｲｽﾞ豊府711,上田町三丁目,3,1-711,minamitaiheijiuedamachikyushinpdf.pdf,103,high,資料上2回出現
1157,大字羽屋25番地の1,上田町10組の4 ｻﾝﾗｲｽﾞ豊府712,上田町三丁目,3,1-712,minamitaiheijiuedamachikyushinpdf.pdf,103,high,
1158,大字羽屋25番地の1,上田町10組の4 ｻﾝﾗｲｽﾞ豊府714,上田町三丁目,3,1-714,minamitaiheijiuedamachikyushinpdf.pdf,103,high,
1159,大字羽屋25番地の1,上田町10組の4 ｻﾝﾗｲｽﾞ豊府715,上田町三丁目,3,1-715,minamitaiheijiuedamachikyushinpdf.pdf,103,high,資料上2回出現
1160,大字羽屋25番地の1,上田町10組の4 ｻﾝﾗｲｽﾞ豊府801,上田町三丁目,3,1-801,minamitaiheijiuedamachikyushinpdf.pdf,103,high,
1161,大字羽屋25番地の1,上田町10組の4 ｻﾝﾗｲｽﾞ豊府802,上田町三丁目,3,1-802,minamitaiheijiuedamachikyushinpdf.pdf,104,high,
1162,大字羽屋25番地の1,上田町10組の4 ｻﾝﾗｲｽﾞ豊府803,上田町三丁目,3,1-803,minamitaiheijiuedamachikyushinpdf.pdf,104,high,
1163,大字羽屋25番地の1,上田町10組の4 ｻﾝﾗｲｽﾞ豊府805,上田町三丁目,3,1-805,minamitaiheijiuedamachikyushinpdf.pdf,104,high,
1164,大字羽屋25番地の1,上田町10組の4 ｻﾝﾗｲｽﾞ豊府806,上田町三丁目,3,1-806,minamitaiheijiuedamachikyushinpdf.pdf,104,high,
1165,大字羽屋25番地の1,上田町10組の4 ｻﾝﾗｲｽﾞ豊府807,上田町三丁目,3,1-807,minamitaiheijiuedamachikyushinpdf.pdf,104,high,
1166,大字羽屋25番地の1,上田町10組の4 ｻﾝﾗｲｽﾞ豊府808,上田町三丁目,3,1-808,minamitaiheijiuedamachikyushinpdf.pdf,104,high,
1167,大字羽屋25番地の1,上田町10組の4 ｻﾝﾗｲｽﾞ豊府810,上田町三丁目,3,1-810,minamitaiheijiuedamachikyushinpdf.pdf,104,high,
1168,大字羽屋25番地の1,上田町10組の4 ｻﾝﾗｲｽﾞ豊府811,上田町三丁目,3,1-811,minamitaiheijiuedamachikyushinpdf.pdf,104,high,資料上2回出現
1169,大字羽屋25番地の1,上田町10組の4 ｻﾝﾗｲｽﾞ豊府812,上田町三丁目,3,1-812,minamitaiheijiuedamachikyushinpdf.pdf,104,high,
1170,大字羽屋25番地の1,上田町10組の4 ｻﾝﾗｲｽﾞ豊府814,上田町三丁目,3,1-814,minamitaiheijiuedamachikyushinpdf.pdf,104,high,
1171,大字羽屋25番地の1,上田町10組の4 ｻﾝﾗｲｽﾞ豊府815,上田町三丁目,3,1-815,minamitaiheijiuedamachikyushinpdf.pdf,104,high,
1172,大字羽屋29-1,,上田町三丁目,2,1,minamitaiheijiuedamachikyushinpdf.pdf,104,high,
1173,大字羽屋29-4,,上田町三丁目,2,1,minamitaiheijiuedamachikyushinpdf.pdf,105,high,
1174,大字羽屋29番地の4,,上田町三丁目,2,1,minamitaiheijiuedamachikyushinpdf.pdf,105,high,資料上2回出現
1175,大字羽屋44番地の１,ｸﾞﾗﾝﾓｰﾙきたじま,上田町三丁目,2,15,minamitaiheijiuedamachikyushinpdf.pdf,105,high,資料上3回出現
1176,大字羽屋44-1,ｸﾞﾗﾝﾓｰﾙきたじま1F,上田町三丁目,2,15,minamitaiheijiuedamachikyushinpdf.pdf,105,high,
1177,大字羽屋44番地1,ｸﾞﾗﾝﾓｰﾙきたじま1階,上田町三丁目,2,15,minamitaiheijiuedamachikyushinpdf.pdf,105,high,
1178,大字羽屋44番１,ｸﾞﾗﾝﾓｰﾙきたじま内1階,上田町三丁目,2,15,minamitaiheijiuedamachikyushinpdf.pdf,105,high,
1179,大字羽屋44番１,ｸﾞﾗﾝﾓｰﾙきたじま,上田町三丁目,2,15,minamitaiheijiuedamachikyushinpdf.pdf,105,high,
1180,大字羽屋44番１,ｸﾞﾗﾝﾓｰﾙきたじま2F,上田町三丁目,2,15,minamitaiheijiuedamachikyushinpdf.pdf,105,high,
1181,大字羽屋44の１,ｸﾞﾗﾝﾓｰﾙきたじま2階,上田町三丁目,2,15,minamitaiheijiuedamachikyushinpdf.pdf,105,high,
1182,大字羽屋45番地の1,上田町8組の3,上田町三丁目,2,32,minamitaiheijiuedamachikyushinpdf.pdf,105,high,
1183,大字羽屋45番地の2,上田町8組の3,上田町三丁目,2,27,minamitaiheijiuedamachikyushinpdf.pdf,106,high,
1184,大字羽屋45番地の3,上田町8組の3,上田町三丁目,2,28,minamitaiheijiuedamachikyushinpdf.pdf,106,high,
1185,大字羽屋45番地の3,,上田町三丁目,2,28,minamitaiheijiuedamachikyushinpdf.pdf,106,high,
1186,大字羽屋45番地の6,上田町8組の3,上田町三丁目,2,23,minamitaiheijiuedamachikyushinpdf.pdf,106,high,
1187,大字羽屋45番地の7,上田町8組の3,上田町三丁目,2,31,minamitaiheijiuedamachikyushinpdf.pdf,106,high,資料上2回出現
1188,大字羽屋46番地の1,上田町8組の3,上田町三丁目,2,34,minamitaiheijiuedamachikyushinpdf.pdf,106,high,
1189,大字羽屋46番地の1,,上田町三丁目,2,34,minamitaiheijiuedamachikyushinpdf.pdf,106,high,
1190,大字羽屋46番地の3,上田町8組の3,上田町三丁目,2,44,minamitaiheijiuedamachikyushinpdf.pdf,106,high,
1191,大字羽屋46番地の3,,上田町三丁目,2,44,minamitaiheijiuedamachikyushinpdf.pdf,106,high,
1192,大字羽屋46番地の4,上田町8組の3,上田町三丁目,2,43,minamitaiheijiuedamachikyushinpdf.pdf,106,high,
1193,大字羽屋46番地の7,上田町8組の3,上田町三丁目,2,41,minamitaiheijiuedamachikyushinpdf.pdf,106,high,
1194,大字羽屋46番地の8,上田町8組の3,上田町三丁目,2,38,minamitaiheijiuedamachikyushinpdf.pdf,106,high,
1195,大字羽屋46番地の10,上田町8組の3,上田町三丁目,2,35,minamitaiheijiuedamachikyushinpdf.pdf,107,high,
1196,大字羽屋46番地の12,上田町8組の3,上田町三丁目,2,42,minamitaiheijiuedamachikyushinpdf.pdf,107,high,
1197,大字羽屋46番地の13,上田町8組の3,上田町三丁目,2,40,minamitaiheijiuedamachikyushinpdf.pdf,107,high,資料上2回出現
1198,大字羽屋47番地の2,上田町8組の3,上田町三丁目,2,66,minamitaiheijiuedamachikyushinpdf.pdf,107,high,
1199,大字羽屋47番地の3,上田町8組の3,上田町三丁目,2,65,minamitaiheijiuedamachikyushinpdf.pdf,107,high,
1200,大字羽屋47番地の4,上田町8組の3,上田町三丁目,2,63,minamitaiheijiuedamachikyushinpdf.pdf,107,high,
1201,大字羽屋47番地の6,上田町8組の3,上田町三丁目,2,60,minamitaiheijiuedamachikyushinpdf.pdf,107,high,
1202,大字羽屋47番地の7,上田町8組の3,上田町三丁目,2,59,minamitaiheijiuedamachikyushinpdf.pdf,107,high,
1203,大字羽屋47番地の8,上田町8組の3,上田町三丁目,2,58,minamitaiheijiuedamachikyushinpdf.pdf,107,high,
1204,大字羽屋47番地の9,上田町8組の3,上田町三丁目,2,57,minamitaiheijiuedamachikyushinpdf.pdf,107,high,
1205,大字羽屋47番地の11,上田町8組の3,上田町三丁目,2,54,minamitaiheijiuedamachikyushinpdf.pdf,107,high,
1206,大字羽屋47番地の12,上田町8組の3,上田町三丁目,2,53,minamitaiheijiuedamachikyushinpdf.pdf,107,high,
1207,大字羽屋47番地の13,上田町8組の3,上田町三丁目,2,51,minamitaiheijiuedamachikyushinpdf.pdf,108,high,
1208,大字羽屋47番地の14,上田町8組の3,上田町三丁目,2,50,minamitaiheijiuedamachikyushinpdf.pdf,108,high,
1209,大字羽屋47番地の15,上田町8組の3,上田町三丁目,2,47,minamitaiheijiuedamachikyushinpdf.pdf,108,high,
1210,大字羽屋50番地の1,上田町8組の1の2 ﾃﾞｨｱｽETO101,上田町三丁目,1,7,minamitaiheijiuedamachikyushinpdf.pdf,108,high,
1211,大字羽屋50番地の1,上田町8組の1の2 ﾃﾞｨｱｽETO102,上田町三丁目,1,7,minamitaiheijiuedamachikyushinpdf.pdf,108,high,
1212,大字羽屋50番地の1,上田町8組の1の2 ﾃﾞｨｱｽETO103,上田町三丁目,1,7,minamitaiheijiuedamachikyushinpdf.pdf,108,high,
1213,大字羽屋50番地の1,上田町8組の1の2 ﾃﾞｨｱｽETO105,上田町三丁目,1,7,minamitaiheijiuedamachikyushinpdf.pdf,108,high,資料上2回出現
1214,大字羽屋50番地の1,上田町8組の1の2 ﾃﾞｨｱｽETO201,上田町三丁目,1,7,minamitaiheijiuedamachikyushinpdf.pdf,108,high,
1215,大字羽屋50番地の1,上田町8組の1の2 ﾃﾞｨｱｽETO202,上田町三丁目,1,7,minamitaiheijiuedamachikyushinpdf.pdf,108,high,
1216,大字羽屋50番地の1,上田町8組の1の2 ﾃﾞｨｱｽETO203,上田町三丁目,1,7,minamitaiheijiuedamachikyushinpdf.pdf,108,high,
1217,大字羽屋50番地の1,上田町8組の1の2 ﾃﾞｨｱｽETO205,上田町三丁目,1,7,minamitaiheijiuedamachikyushinpdf.pdf,108,high,
1218,大字羽屋51番地の2,上田町8組の1 羽屋ﾊｲﾂ101,上田町三丁目,1,13,minamitaiheijiuedamachikyushinpdf.pdf,108,high,
1219,大字羽屋51番地の2,上田町8組の1 羽屋ﾊｲﾂ102,上田町三丁目,1,13,minamitaiheijiuedamachikyushinpdf.pdf,109,high,
1220,大字羽屋51番地の2,上田町8組の1 羽屋ﾊｲﾂ103,上田町三丁目,1,13,minamitaiheijiuedamachikyushinpdf.pdf,109,high,
1221,大字羽屋51番地の2,上田町8組の1 羽屋ﾊｲﾂ201,上田町三丁目,1,13,minamitaiheijiuedamachikyushinpdf.pdf,109,high,
1222,大字羽屋51番地の2,上田町8組の1 羽屋ﾊｲﾂ202,上田町三丁目,1,13,minamitaiheijiuedamachikyushinpdf.pdf,109,high,
1223,大字羽屋51番地の2,上田町8組の1 羽屋ﾊｲﾂ203,上田町三丁目,1,13,minamitaiheijiuedamachikyushinpdf.pdf,109,high,
1224,大字羽屋51番地の2,上田町8組の1,上田町三丁目,1,15,minamitaiheijiuedamachikyushinpdf.pdf,109,high,
1225,大字羽屋52番地の1,上田町8組の1,上田町三丁目,1,37,minamitaiheijiuedamachikyushinpdf.pdf,109,high,資料上2回出現
1226,大字羽屋52-2,,上田町三丁目,1,36,minamitaiheijiuedamachikyushinpdf.pdf,109,high,
1227,大字羽屋52番2号,,上田町三丁目,1,36,minamitaiheijiuedamachikyushinpdf.pdf,109,high,
1228,大字羽屋52番地の2,上田町8組の1,上田町三丁目,1,36,minamitaiheijiuedamachikyushinpdf.pdf,109,high,
1229,大字羽屋52番地の5,上田町8組の1,上田町三丁目,1,32,minamitaiheijiuedamachikyushinpdf.pdf,109,high,
1230,大字羽屋52番地の6,上田町8組の1,上田町三丁目,1,31,minamitaiheijiuedamachikyushinpdf.pdf,109,high,
1231,大字羽屋52番地の6,,上田町三丁目,1,31,minamitaiheijiuedamachikyushinpdf.pdf,110,high,
1232,大字羽屋52番地の7,上田町8組の1,上田町三丁目,1,30,minamitaiheijiuedamachikyushinpdf.pdf,110,high,
1233,大字羽屋52番地の8,上田町8組の1,上田町三丁目,1,28,minamitaiheijiuedamachikyushinpdf.pdf,110,high,
1234,大字羽屋52番地の9,上田町8組の1,上田町三丁目,1,26,minamitaiheijiuedamachikyushinpdf.pdf,110,high,
1235,大字羽屋52番地の9,上田町8組-1,上田町三丁目,1,26,minamitaiheijiuedamachikyushinpdf.pdf,110,high,
1236,大字羽屋52番地の10,上田町8組の1,上田町三丁目,1,25,minamitaiheijiuedamachikyushinpdf.pdf,110,high,資料上2回出現
1237,大字羽屋52番地の11,上田町8組の1,上田町三丁目,1,24,minamitaiheijiuedamachikyushinpdf.pdf,110,high,
1238,大字羽屋52番地の12,上田町8組の1,上田町三丁目,1,22,minamitaiheijiuedamachikyushinpdf.pdf,110,high,
1239,大字羽屋52番地の13,上田町8組の1 ﾛﾜｲﾔﾙﾌﾚｰｽﾞC棟,上田町三丁目,1,20,minamitaiheijiuedamachikyushinpdf.pdf,110,high,
1240,大字羽屋52番地の13,上田町8組の1 ﾛﾜｲﾔﾙﾌﾚｰｽﾞD棟,上田町三丁目,1,21,minamitaiheijiuedamachikyushinpdf.pdf,110,high,
1241,大字羽屋52番地の14,上田町8組の1 ﾛﾜｲﾔﾙﾌﾚｰｽﾞA棟,上田町三丁目,1,18,minamitaiheijiuedamachikyushinpdf.pdf,110,high,
1242,大字羽屋52番地の14,上田町8組の1 ﾛﾜｲﾔﾙﾌﾚｰｽﾞB棟,上田町三丁目,1,19,minamitaiheijiuedamachikyushinpdf.pdf,110,high,
1243,大字羽屋52番地の15,上田町8組の1,上田町三丁目,1,16,minamitaiheijiuedamachikyushinpdf.pdf,111,high,
1244,大字羽屋54番地の1,上田町8組の1 ｵｰｳﾞｨｼﾞｮﾝ古国府201,上田町三丁目,1,62-201,minamitaiheijiuedamachikyushinpdf.pdf,111,high,
1245,大字羽屋54番地の1,上田町8組の1 ｵｰｳﾞｨｼﾞｮﾝ古国府202,上田町三丁目,1,62-202,minamitaiheijiuedamachikyushinpdf.pdf,111,high,
1246,大字羽屋54番地の1,上田町8組の1 ｵｰｳﾞｨｼﾞｮﾝ古国府203,上田町三丁目,1,62-203,minamitaiheijiuedamachikyushinpdf.pdf,111,high,
1247,大字羽屋54番地の1,上田町8組の1 ｵｰｳﾞｨｼﾞｮﾝ古国府205,上田町三丁目,1,62-205,minamitaiheijiuedamachikyushinpdf.pdf,111,high,
1248,大字羽屋54番地の1,上田町8組の1 ｵｰｳﾞｨｼﾞｮﾝ古国府301,上田町三丁目,1,62-301,minamitaiheijiuedamachikyushinpdf.pdf,111,high,
1249,大字羽屋54番地の1,上田町8組の1 ｵｰｳﾞｨｼﾞｮﾝ古国府302,上田町三丁目,1,62-302,minamitaiheijiuedamachikyushinpdf.pdf,111,high,
1250,大字羽屋54番地の1,上田町8組の1 ｵｰｳﾞｨｼﾞｮﾝ古国府303,上田町三丁目,1,62-303,minamitaiheijiuedamachikyushinpdf.pdf,111,high,
1251,大字羽屋54番地の1,上田町8組の1 ｵｰｳﾞｨｼﾞｮﾝ古国府305,上田町三丁目,1,62-305,minamitaiheijiuedamachikyushinpdf.pdf,111,high,
1252,大字羽屋54番地の1,上田町8組の1 ｵｰｳﾞｨｼﾞｮﾝ古国府401,上田町三丁目,1,62-401,minamitaiheijiuedamachikyushinpdf.pdf,111,high,
1253,大字羽屋54番地の1,上田町8組の1 ｵｰｳﾞｨｼﾞｮﾝ古国府402,上田町三丁目,1,62-402,minamitaiheijiuedamachikyushinpdf.pdf,111,high,
1254,大字羽屋54番地の1,上田町8組の1 ｵｰｳﾞｨｼﾞｮﾝ古国府403,上田町三丁目,1,62-403,minamitaiheijiuedamachikyushinpdf.pdf,111,high,
1255,大字羽屋54番地の1,上田町8組の1 ｵｰｳﾞｨｼﾞｮﾝ古国府405,上田町三丁目,1,62-405,minamitaiheijiuedamachikyushinpdf.pdf,111,high,
1256,大字羽屋54番地の1,上田町8組の1 ｵｰｳﾞｨｼﾞｮﾝ古国府501,上田町三丁目,1,62-501,minamitaiheijiuedamachikyushinpdf.pdf,112,high,
1257,大字羽屋54番地の1,上田町8組の1 ｵｰｳﾞｨｼﾞｮﾝ古国府502,上田町三丁目,1,62-502,minamitaiheijiuedamachikyushinpdf.pdf,112,high,
1258,大字羽屋54番地の1,上田町8組の1 ｵｰｳﾞｨｼﾞｮﾝ古国府503,上田町三丁目,1,62-503,minamitaiheijiuedamachikyushinpdf.pdf,112,high,
1259,大字羽屋54番地の1,上田町8組の1 ｵｰｳﾞｨｼﾞｮﾝ古国府505,上田町三丁目,1,62-505,minamitaiheijiuedamachikyushinpdf.pdf,112,high,
1260,大字羽屋54番地の1,上田町8組の1 ｵｰｳﾞｨｼﾞｮﾝ古国府601,上田町三丁目,1,62-601,minamitaiheijiuedamachikyushinpdf.pdf,112,high,
1261,大字羽屋54番地の1,上田町8組の1 ｵｰｳﾞｨｼﾞｮﾝ古国府602,上田町三丁目,1,62-602,minamitaiheijiuedamachikyushinpdf.pdf,112,high,
1262,大字羽屋54番地の1,上田町8組の1 ｵｰｳﾞｨｼﾞｮﾝ古国府603,上田町三丁目,1,62-603,minamitaiheijiuedamachikyushinpdf.pdf,112,high,
1263,大字羽屋54番地の1,上田町8組の1 ｵｰｳﾞｨｼﾞｮﾝ古国府605,上田町三丁目,1,62-605,minamitaiheijiuedamachikyushinpdf.pdf,112,high,
1264,大字羽屋54番地の1,上田町8組の1 ｵｰｳﾞｨｼﾞｮﾝ古国府701,上田町三丁目,1,62-701,minamitaiheijiuedamachikyushinpdf.pdf,112,high,
1265,大字羽屋54番地の1,上田町8組の1 ｵｰｳﾞｨｼﾞｮﾝ古国府702,上田町三丁目,1,62-702,minamitaiheijiuedamachikyushinpdf.pdf,112,high,
1266,大字羽屋54番地の1,上田町8組の1 ｵｰｳﾞｨｼﾞｮﾝ古国府703,上田町三丁目,1,62-703,minamitaiheijiuedamachikyushinpdf.pdf,112,high,
1267,大字羽屋54番地の1,上田町8組の1 ｵｰｳﾞｨｼﾞｮﾝ古国府705,上田町三丁目,1,62-705,minamitaiheijiuedamachikyushinpdf.pdf,112,high,
1268,大字羽屋54番地の1,上田町8組の1 ｵｰｳﾞｨｼﾞｮﾝ古国府801,上田町三丁目,1,62-801,minamitaiheijiuedamachikyushinpdf.pdf,112,high,
1269,大字羽屋54番地の1,上田町8組の1 ｵｰｳﾞｨｼﾞｮﾝ古国府802,上田町三丁目,1,62-802,minamitaiheijiuedamachikyushinpdf.pdf,113,high,
1270,大字羽屋54番地の1,上田町8組の1 ｵｰｳﾞｨｼﾞｮﾝ古国府803,上田町三丁目,1,62-803,minamitaiheijiuedamachikyushinpdf.pdf,113,high,
1271,大字羽屋54番地の1,上田町8組の1 ｵｰｳﾞｨｼﾞｮﾝ古国府805,上田町三丁目,1,62-805,minamitaiheijiuedamachikyushinpdf.pdf,113,high,資料上2回出現
1272,大字羽屋54番地の1,上田町8組の1 ｵｰｳﾞｨｼﾞｮﾝ古国府901,上田町三丁目,1,62-901,minamitaiheijiuedamachikyushinpdf.pdf,113,high,
1273,大字羽屋54番地の1,上田町8組の1 ｵｰｳﾞｨｼﾞｮﾝ古国府902,上田町三丁目,1,62-902,minamitaiheijiuedamachikyushinpdf.pdf,113,high,
1274,大字羽屋54番地の1,上田町8組の1 ｵｰｳﾞｨｼﾞｮﾝ古国府903,上田町三丁目,1,62-903,minamitaiheijiuedamachikyushinpdf.pdf,113,high,
1275,大字羽屋54番地の1,上田町8組の1 ｵｰｳﾞｨｼﾞｮﾝ古国府905,上田町三丁目,1,62-905,minamitaiheijiuedamachikyushinpdf.pdf,113,high,
1276,大字羽屋54番地の1,上田町8組の1 ｵｰｳﾞｨｼﾞｮﾝ古国府1001,上田町三丁目,1,62-1001,minamitaiheijiuedamachikyushinpdf.pdf,113,high,
1277,大字羽屋54番地の1,上田町8組の1 ｵｰｳﾞｨｼﾞｮﾝ古国府1002,上田町三丁目,1,62-1002,minamitaiheijiuedamachikyushinpdf.pdf,113,high,
1278,大字羽屋54番地の1,上田町8組の1 ｵｰｳﾞｨｼﾞｮﾝ古国府1003,上田町三丁目,1,62-1003,minamitaiheijiuedamachikyushinpdf.pdf,113,high,
1279,大字羽屋54番地の1,上田町8組の1 ｵｰｳﾞｨｼﾞｮﾝ古国府1005,上田町三丁目,1,62-1005,minamitaiheijiuedamachikyushinpdf.pdf,113,high,
1280,大字羽屋54番地の1,上田町8組の1 ｵｰｳﾞｨｼﾞｮﾝ古国府1101,上田町三丁目,1,62-1101,minamitaiheijiuedamachikyushinpdf.pdf,113,high,
1281,大字羽屋54番地の1,上田町8組の1 ｵｰｳﾞｨｼﾞｮﾝ古国府1102,上田町三丁目,1,62-1102,minamitaiheijiuedamachikyushinpdf.pdf,114,high,
1282,大字羽屋54番地の1,上田町8組の1 ｵｰｳﾞｨｼﾞｮﾝ古国府1103,上田町三丁目,1,62-1103,minamitaiheijiuedamachikyushinpdf.pdf,114,high,
1283,大字羽屋54番地の1,上田町8組の1 ｵｰｳﾞｨｼﾞｮﾝ古国府1105,上田町三丁目,1,62-1105,minamitaiheijiuedamachikyushinpdf.pdf,114,high,
1284,大字羽屋54番地の1,上田町8組の1 ｵｰｳﾞｨｼﾞｮﾝ古国府1201,上田町三丁目,1,62-1201,minamitaiheijiuedamachikyushinpdf.pdf,114,high,
1285,大字羽屋54番地の1,上田町8組の1 ｵｰｳﾞｨｼﾞｮﾝ古国府1202,上田町三丁目,1,62-1202,minamitaiheijiuedamachikyushinpdf.pdf,114,high,
1286,大字羽屋54番地の1,上田町8組の1 ｵｰｳﾞｨｼﾞｮﾝ古国府1203,上田町三丁目,1,62-1203,minamitaiheijiuedamachikyushinpdf.pdf,114,high,
1287,大字羽屋54番地の1,上田町8組の1 ｵｰｳﾞｨｼﾞｮﾝ古国府1205,上田町三丁目,1,62-1205,minamitaiheijiuedamachikyushinpdf.pdf,114,high,
1288,大字羽屋54番地の1,上田町8組の1 ｵｰｳﾞｨｼﾞｮﾝ古国府1301,上田町三丁目,1,62-1301,minamitaiheijiuedamachikyushinpdf.pdf,114,high,
1289,大字羽屋54番地の1,上田町8組の1 ｵｰｳﾞｨｼﾞｮﾝ古国府1302,上田町三丁目,1,62-1302,minamitaiheijiuedamachikyushinpdf.pdf,114,high,
1290,大字羽屋54番地の1,上田町8組の1 ｵｰｳﾞｨｼﾞｮﾝ古国府1303,上田町三丁目,1,62-1303,minamitaiheijiuedamachikyushinpdf.pdf,114,high,
1291,大字羽屋54番地の1,上田町8組の1 ｵｰｳﾞｨｼﾞｮﾝ古国府1305,上田町三丁目,1,62-1305,minamitaiheijiuedamachikyushinpdf.pdf,114,high,
1292,大字羽屋54番地の1,上田町8組の1 ｵｰｳﾞｨｼﾞｮﾝ古国府1401,上田町三丁目,1,62-1401,minamitaiheijiuedamachikyushinpdf.pdf,114,high,
1293,大字羽屋54番地の1,上田町8組の1 ｵｰｳﾞｨｼﾞｮﾝ古国府1402,上田町三丁目,1,62-1402,minamitaiheijiuedamachikyushinpdf.pdf,114,high,
1294,大字羽屋54番地の1,上田町8組の1 ｵｰｳﾞｨｼﾞｮﾝ古国府1403,上田町三丁目,1,62-1403,minamitaiheijiuedamachikyushinpdf.pdf,115,high,
1295,大字羽屋54番地の1,上田町8組の1 ｵｰｳﾞｨｼﾞｮﾝ古国府1405,上田町三丁目,1,62-1405,minamitaiheijiuedamachikyushinpdf.pdf,115,high,
1296,大字羽屋54番地の4,上田町8組の1,上田町三丁目,1,49,minamitaiheijiuedamachikyushinpdf.pdf,115,high,
1297,大字羽屋54番地の5,上田町8組の1,上田町三丁目,1,48,minamitaiheijiuedamachikyushinpdf.pdf,115,high,
1298,大字羽屋54番地の8,上田町8組の1,上田町三丁目,1,40,minamitaiheijiuedamachikyushinpdf.pdf,115,high,
1299,大字羽屋54番地の10,上田町8組の1,上田町三丁目,1,42,minamitaiheijiuedamachikyushinpdf.pdf,115,high,
1300,大字羽屋54番地の11,上田町8組の1,上田町三丁目,1,44,minamitaiheijiuedamachikyushinpdf.pdf,115,high,資料上2回出現
1301,大字羽屋55番地,上田町8-1,上田町三丁目,1,56,minamitaiheijiuedamachikyushinpdf.pdf,115,high,
1302,大字羽屋字小甲斐田55番地,上田町8-1,上田町三丁目,1,56,minamitaiheijiuedamachikyushinpdf.pdf,115,high,資料上2回出現
1303,大字羽屋56番地の3,上田町8組の1,上田町三丁目,1,60,minamitaiheijiuedamachikyushinpdf.pdf,115,high,資料上2回出現
1304,大字羽屋56-6,,上田町三丁目,1,63,minamitaiheijiuedamachikyushinpdf.pdf,116,high,
1305,大字羽屋58番地の1,南太平寺17組,南太平寺三丁目,8,54,minamitaiheijiuedamachikyushinpdf.pdf,116,high,
1306,大字羽屋58番地の4,南太平寺17組,南太平寺三丁目,8,47,minamitaiheijiuedamachikyushinpdf.pdf,116,high,資料上3回出現
1307,大字羽屋58番地の5,南太平寺17組 ﾌﾛｰﾚｽﾊｲﾂ101,南太平寺三丁目,8,52,minamitaiheijiuedamachikyushinpdf.pdf,116,high,資料上3回出現
1308,大字羽屋58番地の5,南太平寺17組 ﾌﾛｰﾚｽﾊｲﾂ102,南太平寺三丁目,8,52,minamitaiheijiuedamachikyushinpdf.pdf,116,high,
1309,大字羽屋58番地の5,南太平寺17組 ﾌﾛｰﾚｽﾊｲﾂ201,南太平寺三丁目,8,52,minamitaiheijiuedamachikyushinpdf.pdf,116,high,資料上2回出現
1310,大字羽屋58番地の5,南太平寺17組 ﾌﾛｰﾚｽﾊｲﾂ202,南太平寺三丁目,8,52,minamitaiheijiuedamachikyushinpdf.pdf,116,high,
1311,大字羽屋58番地の6,南太平寺17組,南太平寺三丁目,8,58,minamitaiheijiuedamachikyushinpdf.pdf,116,high,
1312,大字羽屋58番地の7,南太平寺17組,南太平寺三丁目,8,50,minamitaiheijiuedamachikyushinpdf.pdf,117,high,
1313,大字羽屋58番地の9,南太平寺17組,南太平寺三丁目,8,55,minamitaiheijiuedamachikyushinpdf.pdf,117,high,
1314,大字羽屋58番地の12,南太平寺17組,南太平寺三丁目,8,53,minamitaiheijiuedamachikyushinpdf.pdf,117,high,
1315,大字羽屋59番地の1,南太平寺17組,南太平寺三丁目,8,34,minamitaiheijiuedamachikyushinpdf.pdf,117,high,
1316,大字羽屋字大坪59-3,,南太平寺三丁目,8,26,minamitaiheijiuedamachikyushinpdf.pdf,117,high,
1317,大字羽屋59番地の5,南太平寺17組,南太平寺三丁目,8,30,minamitaiheijiuedamachikyushinpdf.pdf,117,high,
1318,大字羽屋59番地の6,南太平寺17組,南太平寺三丁目,8,32,minamitaiheijiuedamachikyushinpdf.pdf,117,high,
1319,大字羽屋59番地の7,南太平寺17組,南太平寺三丁目,8,36,minamitaiheijiuedamachikyushinpdf.pdf,117,high,
1320,大字羽屋59番地の15,南太平寺17組,南太平寺三丁目,8,35,minamitaiheijiuedamachikyushinpdf.pdf,117,high,
1321,大字羽屋60番地の3,南太平寺17組,南太平寺三丁目,8,16,minamitaiheijiuedamachikyushinpdf.pdf,117,high,
1322,大字羽屋60番地3,南太平寺17組,南太平寺三丁目,8,23,minamitaiheijiuedamachikyushinpdf.pdf,117,high,
1323,大字羽屋60番地の4,,南太平寺三丁目,8,23,minamitaiheijiuedamachikyushinpdf.pdf,117,high,
1324,大字羽屋60番地の6,南太平寺17組,南太平寺三丁目,8,18,minamitaiheijiuedamachikyushinpdf.pdf,117,high,
1325,大字羽屋字大坪63番地3,南太平寺16組,南太平寺三丁目,8,1,minamitaiheijiuedamachikyushinpdf.pdf,118,high,
1326,大字羽屋67番地の3,南太平寺16組,南太平寺三丁目,7,68,minamitaiheijiuedamachikyushinpdf.pdf,118,high,
1327,大字羽屋67番地の4,南太平寺16組,南太平寺三丁目,7,38,minamitaiheijiuedamachikyushinpdf.pdf,118,high,
1328,大字羽屋67番地の5,南太平寺16組,南太平寺三丁目,7,47,minamitaiheijiuedamachikyushinpdf.pdf,118,high,
1329,大字羽屋67番地の7,南太平寺16組,南太平寺三丁目,7,41,minamitaiheijiuedamachikyushinpdf.pdf,118,high,
1330,大字羽屋67番地の8,南太平寺16組,南太平寺三丁目,7,67,minamitaiheijiuedamachikyushinpdf.pdf,118,high,
1331,大字羽屋67番地の8,,南太平寺三丁目,7,67,minamitaiheijiuedamachikyushinpdf.pdf,118,high,
1332,大字羽屋67番地の9,南太平寺16組,南太平寺三丁目,7,62,minamitaiheijiuedamachikyushinpdf.pdf,118,high,
1333,大字羽屋67番地11,,南太平寺三丁目,7,33,minamitaiheijiuedamachikyushinpdf.pdf,118,high,
1334,大字羽屋67番地の11,南太平寺16組,南太平寺三丁目,7,33,minamitaiheijiuedamachikyushinpdf.pdf,118,high,資料上2回出現
1335,大字羽屋67番地11-2F,,南太平寺三丁目,7,33,minamitaiheijiuedamachikyushinpdf.pdf,118,high,
1336,大字羽屋67番地の12,南太平寺16組,南太平寺三丁目,7,36,minamitaiheijiuedamachikyushinpdf.pdf,118,high,
1337,大字羽屋67番地の13,南太平寺16組,南太平寺三丁目,7,39,minamitaiheijiuedamachikyushinpdf.pdf,119,high,
1338,大字羽屋67番地の14,南太平寺16組,南太平寺三丁目,7,42,minamitaiheijiuedamachikyushinpdf.pdf,119,high,
1339,大字羽屋67番地の15,南太平寺16組,南太平寺三丁目,7,44,minamitaiheijiuedamachikyushinpdf.pdf,119,high,
1340,大字羽屋67番地の16,南太平寺16組,南太平寺三丁目,7,59,minamitaiheijiuedamachikyushinpdf.pdf,119,high,
1341,大字羽屋67番地の17,南太平寺16組,南太平寺三丁目,7,57,minamitaiheijiuedamachikyushinpdf.pdf,119,high,
1342,大字羽屋67番地の18,南太平寺16組,南太平寺三丁目,7,51,minamitaiheijiuedamachikyushinpdf.pdf,119,high,
1343,大字羽屋67番地の19,南太平寺16組,南太平寺三丁目,7,49,minamitaiheijiuedamachikyushinpdf.pdf,119,high,
1344,大字羽屋67番地の20,南太平寺16組,南太平寺三丁目,7,46,minamitaiheijiuedamachikyushinpdf.pdf,119,high,
1345,大字羽屋67番地の20,,南太平寺三丁目,7,46,minamitaiheijiuedamachikyushinpdf.pdf,119,high,
1346,大字羽屋67番地の22,南太平寺16組,南太平寺三丁目,7,61,minamitaiheijiuedamachikyushinpdf.pdf,119,high,
1347,大字羽屋67番地の23,南太平寺16組,南太平寺三丁目,7,55,minamitaiheijiuedamachikyushinpdf.pdf,119,high,
1348,大字羽屋67番地の24,南太平寺16組,南太平寺三丁目,7,54,minamitaiheijiuedamachikyushinpdf.pdf,119,high,
1349,大字羽屋67番地の25,南太平寺16組,南太平寺三丁目,7,48,minamitaiheijiuedamachikyushinpdf.pdf,119,high,資料上2回出現
1350,大字羽屋70番地の1,南太平寺15組 ｸﾞﾗﾝﾃﾞｱｸｱｳﾞｨﾗC101,南太平寺三丁目,7,25,minamitaiheijiuedamachikyushinpdf.pdf,120,high,
1351,大字羽屋70番地の1,南太平寺15組 ｸﾞﾗﾝﾃﾞｱｸｱｳﾞｨﾗC102,南太平寺三丁目,7,25,minamitaiheijiuedamachikyushinpdf.pdf,120,high,
1352,大字羽屋70番地の1,南太平寺15組 ｸﾞﾗﾝﾃﾞｱｸｱｳﾞｨﾗC103,南太平寺三丁目,7,25,minamitaiheijiuedamachikyushinpdf.pdf,120,high,
1353,大字羽屋70番地の1,南太平寺15組 ｸﾞﾗﾝﾃﾞｱｸｱｳﾞｨﾗC201,南太平寺三丁目,7,25,minamitaiheijiuedamachikyushinpdf.pdf,120,high,
1354,大字羽屋70番地の1,南太平寺15組 ｸﾞﾗﾝﾃﾞｱｸｱｳﾞｨﾗC202,南太平寺三丁目,7,25,minamitaiheijiuedamachikyushinpdf.pdf,120,high,
1355,大字羽屋70番地の1,南太平寺15組 ｸﾞﾗﾝﾃﾞｱｸｱｳﾞｨﾗC203,南太平寺三丁目,7,25,minamitaiheijiuedamachikyushinpdf.pdf,120,high,
1356,大字羽屋70番地の1,南太平寺15組 ｸﾞﾗﾝﾃﾞｱｸｱｳﾞｨﾗD101,南太平寺三丁目,7,27,minamitaiheijiuedamachikyushinpdf.pdf,120,high,資料上2回出現
1357,大字羽屋70番地の1,南太平寺15組 ｸﾞﾗﾝﾃﾞｱｸｱｳﾞｨﾗD102,南太平寺三丁目,7,27,minamitaiheijiuedamachikyushinpdf.pdf,120,high,
1358,大字羽屋70番地の1,南太平寺15組 ｸﾞﾗﾝﾃﾞｱｸｱｳﾞｨﾗD103,南太平寺三丁目,7,27,minamitaiheijiuedamachikyushinpdf.pdf,120,high,
1359,大字羽屋70番地の1,南太平寺15組 ｸﾞﾗﾝﾃﾞｱｸｱｳﾞｨﾗD201,南太平寺三丁目,7,27,minamitaiheijiuedamachikyushinpdf.pdf,120,high,
1360,大字羽屋70番地の1,南太平寺15組 ｸﾞﾗﾝﾃﾞｱｸｱｳﾞｨﾗD202,南太平寺三丁目,7,27,minamitaiheijiuedamachikyushinpdf.pdf,120,high,資料上2回出現
1361,大字羽屋70番地の1,南太平寺15組 ｸﾞﾗﾝﾃﾞｱｸｱｳﾞｨﾗD203,南太平寺三丁目,7,27,minamitaiheijiuedamachikyushinpdf.pdf,121,high,
1362,大字羽屋70番地の3,南太平寺15組 ｸﾞﾗﾝﾃﾞｱｸｱｳﾞｨﾗA101,南太平寺三丁目,7,21,minamitaiheijiuedamachikyushinpdf.pdf,121,high,
1363,大字羽屋70番地の3,南太平寺15組 ｸﾞﾗﾝﾃﾞｱｸｱｳﾞｨﾗA102,南太平寺三丁目,7,21,minamitaiheijiuedamachikyushinpdf.pdf,121,high,
1364,大字羽屋70番地の3,南太平寺15組 ｸﾞﾗﾝﾃﾞｱｸｱｳﾞｨﾗA103,南太平寺三丁目,7,21,minamitaiheijiuedamachikyushinpdf.pdf,121,high,
1365,大字羽屋70番地の3,南太平寺15組 ｸﾞﾗﾝﾃﾞｱｸｱｳﾞｨﾗA201,南太平寺三丁目,7,21,minamitaiheijiuedamachikyushinpdf.pdf,121,high,
1366,大字羽屋70番地の3,南太平寺15組 ｸﾞﾗﾝﾃﾞｱｸｱｳﾞｨﾗA202,南太平寺三丁目,7,21,minamitaiheijiuedamachikyushinpdf.pdf,121,high,
1367,大字羽屋70番地の3,南太平寺15組 ｸﾞﾗﾝﾃﾞｱｸｱｳﾞｨﾗA203,南太平寺三丁目,7,21,minamitaiheijiuedamachikyushinpdf.pdf,121,high,
1368,大字羽屋70番地の3,南太平寺15組 ｸﾞﾗﾝﾃﾞｱｸｱｳﾞｨﾗB101,南太平寺三丁目,7,23,minamitaiheijiuedamachikyushinpdf.pdf,121,high,
1369,大字羽屋70番地の3,南太平寺15組 ｸﾞﾗﾝﾃﾞｱｸｱｳﾞｨﾗB102,南太平寺三丁目,7,23,minamitaiheijiuedamachikyushinpdf.pdf,121,high,
1370,大字羽屋70番地の3,南太平寺15組 ｸﾞﾗﾝﾃﾞｱｸｱｳﾞｨﾗB103,南太平寺三丁目,7,23,minamitaiheijiuedamachikyushinpdf.pdf,121,high,
1371,大字羽屋70番地の3,南太平寺15組 ｸﾞﾗﾝﾃﾞｱｸｱｳﾞｨﾗB201,南太平寺三丁目,7,23,minamitaiheijiuedamachikyushinpdf.pdf,121,high,
1372,大字羽屋70番地の3,南太平寺15組 ｸﾞﾗﾝﾃﾞｱｸｱｳﾞｨﾗB202,南太平寺三丁目,7,23,minamitaiheijiuedamachikyushinpdf.pdf,121,high,資料上2回出現
1373,大字羽屋70番地の3,南太平寺15組 ｸﾞﾗﾝﾃﾞｱｸｱｳﾞｨﾗB203,南太平寺三丁目,7,23,minamitaiheijiuedamachikyushinpdf.pdf,122,high,
1374,大字羽屋71番地の4,,南太平寺三丁目,7,18,minamitaiheijiuedamachikyushinpdf.pdf,122,high,
1375,大字羽屋71番地の5,南太平寺11組,南太平寺三丁目,7,1,minamitaiheijiuedamachikyushinpdf.pdf,122,high,
1376,大字羽屋71番地の6,南太平寺11組,南太平寺三丁目,7,4,minamitaiheijiuedamachikyushinpdf.pdf,122,high,
1377,大字羽屋71番地の7,南太平寺11組,南太平寺三丁目,7,7,minamitaiheijiuedamachikyushinpdf.pdf,122,high,
1378,大字羽屋71番地の8,南太平寺11組,南太平寺三丁目,7,14,minamitaiheijiuedamachikyushinpdf.pdf,122,high,資料上3回出現
1379,大字羽屋71番地の8,,南太平寺三丁目,7,14,minamitaiheijiuedamachikyushinpdf.pdf,122,high,
1380,大字羽屋72番地,南太平寺14組,南太平寺四丁目,6,73,minamitaiheijiuedamachikyushinpdf.pdf,122,high,資料上2回出現
1381,大字羽屋72番地の1,南太平寺14組,南太平寺四丁目,6,75,minamitaiheijiuedamachikyushinpdf.pdf,122,high,
1382,大字羽屋72番地の5,南太平寺14組,南太平寺四丁目,6,80,minamitaiheijiuedamachikyushinpdf.pdf,123,high,
1383,大字羽屋字甲斐摺田72-8,,南太平寺四丁目,6,82,minamitaiheijiuedamachikyushinpdf.pdf,123,high,
1384,大字羽屋72番地の10,南太平寺14組,南太平寺四丁目,6,77,minamitaiheijiuedamachikyushinpdf.pdf,123,high,資料上2回出現
1385,大字羽屋74番地,南太平寺13組,南太平寺四丁目,6,64,minamitaiheijiuedamachikyushinpdf.pdf,123,high,
1386,大字羽屋74番地の3,南太平寺13組,南太平寺四丁目,6,53,minamitaiheijiuedamachikyushinpdf.pdf,123,high,
1387,大字羽屋74の3番地,南太平寺13組,南太平寺四丁目,6,53,minamitaiheijiuedamachikyushinpdf.pdf,123,high,
1388,大字羽屋74番地の3,南太平寺13組,南太平寺四丁目,6,54,minamitaiheijiuedamachikyushinpdf.pdf,123,high,
1389,大字羽屋74番地の3,南太平寺13組,南太平寺四丁目,6,56,minamitaiheijiuedamachikyushinpdf.pdf,123,high,
1390,大字羽屋74番地の3,南太平寺13組,南太平寺四丁目,6,60,minamitaiheijiuedamachikyushinpdf.pdf,123,high,
1391,大字羽屋74番地の3,南太平寺13組,南太平寺四丁目,6,66,minamitaiheijiuedamachikyushinpdf.pdf,123,high,
1392,大字羽屋74番地の3,南太平寺13組,南太平寺四丁目,6,67,minamitaiheijiuedamachikyushinpdf.pdf,123,high,
1393,大字羽屋74番地の3,南太平寺13組,南太平寺四丁目,6,70,minamitaiheijiuedamachikyushinpdf.pdf,123,high,資料上3回出現
1394,大字羽屋74番地の6,南太平寺12組,南太平寺四丁目,6,44,minamitaiheijiuedamachikyushinpdf.pdf,124,high,
1395,大字羽屋74番地の7,南太平寺12組 ｸﾞﾚｰｽｼｬﾄｰⅡ101,南太平寺四丁目,6,41,minamitaiheijiuedamachikyushinpdf.pdf,124,high,
1396,大字羽屋74番地の7,南太平寺12組 ｸﾞﾚｰｽｼｬﾄｰⅡ102,南太平寺四丁目,6,41,minamitaiheijiuedamachikyushinpdf.pdf,124,high,
1397,大字羽屋74番地の7,南太平寺12組 ｸﾞﾚｰｽｼｬﾄｰⅡ103,南太平寺四丁目,6,41,minamitaiheijiuedamachikyushinpdf.pdf,124,high,
1398,大字羽屋74番地の7,南太平寺12組 ｸﾞﾚｰｽｼｬﾄｰⅡ201,南太平寺四丁目,6,41,minamitaiheijiuedamachikyushinpdf.pdf,124,high,
1399,大字羽屋74番地の7,南太平寺12組 ｸﾞﾚｰｽｼｬﾄｰⅡ202,南太平寺四丁目,6,41,minamitaiheijiuedamachikyushinpdf.pdf,124,high,
1400,大字羽屋74番地の7,南太平寺12組 ｸﾞﾚｰｽｼｬﾄｰⅡ203,南太平寺四丁目,6,41,minamitaiheijiuedamachikyushinpdf.pdf,124,high,
1401,大字羽屋74番地の8,南太平寺12組 ｸﾞﾚｰｽｼｬﾄｰⅠ101,南太平寺四丁目,6,40,minamitaiheijiuedamachikyushinpdf.pdf,124,high,
1402,大字羽屋74番地の8,南太平寺12組 ｸﾞﾚｰｽｼｬﾄｰⅠ102,南太平寺四丁目,6,40,minamitaiheijiuedamachikyushinpdf.pdf,124,high,
1403,大字羽屋74番地の8,南太平寺12組 ｸﾞﾚｰｽｼｬﾄｰⅠ103,南太平寺四丁目,6,40,minamitaiheijiuedamachikyushinpdf.pdf,124,high,
1404,大字羽屋74番地の8,南太平寺12組 ｸﾞﾚｰｽｼｬﾄｰⅠ201,南太平寺四丁目,6,40,minamitaiheijiuedamachikyushinpdf.pdf,124,high,
1405,大字羽屋74番地の8,南太平寺12組 ｸﾞﾚｰｽｼｬﾄｰⅠ202,南太平寺四丁目,6,40,minamitaiheijiuedamachikyushinpdf.pdf,125,high,
1406,大字羽屋74番地の8,南太平寺12組 ｸﾞﾚｰｽｼｬﾄｰⅠ203,南太平寺四丁目,6,40,minamitaiheijiuedamachikyushinpdf.pdf,125,high,
1407,大字羽屋74番地の10,南太平寺12組,南太平寺四丁目,6,36,minamitaiheijiuedamachikyushinpdf.pdf,125,high,資料上2回出現
1408,大字羽屋74番地の11,南太平寺12組,南太平寺四丁目,6,34,minamitaiheijiuedamachikyushinpdf.pdf,125,high,
1409,大字羽屋74番地の14,南太平寺12組,南太平寺四丁目,6,29,minamitaiheijiuedamachikyushinpdf.pdf,125,high,
1410,大字羽屋74番地の14,南太平寺12組,南太平寺四丁目,6,45,minamitaiheijiuedamachikyushinpdf.pdf,125,high,
1411,大字羽屋74番地の15,南太平寺12組,南太平寺四丁目,6,31,minamitaiheijiuedamachikyushinpdf.pdf,125,high,
1412,大字羽屋74番地の18,南太平寺12組,南太平寺四丁目,6,49,minamitaiheijiuedamachikyushinpdf.pdf,125,high,
1413,大字羽屋74番地の19,南太平寺12組,南太平寺四丁目,6,47,minamitaiheijiuedamachikyushinpdf.pdf,125,high,資料上2回出現
1414,大字羽屋74番地の31,南太平寺13組,南太平寺四丁目,6,53,minamitaiheijiuedamachikyushinpdf.pdf,125,high,
1415,大字羽屋74番地の33,南太平寺13組 ｱﾊﾞﾝｻｰﾙ101,南太平寺四丁目,6,57,minamitaiheijiuedamachikyushinpdf.pdf,125,high,
1416,大字羽屋74番地の33,南太平寺13組 ｱﾊﾞﾝｻｰﾙ102,南太平寺四丁目,6,57,minamitaiheijiuedamachikyushinpdf.pdf,126,high,
1417,大字羽屋74番地の33,南太平寺13組 ｱﾊﾞﾝｻｰﾙ103,南太平寺四丁目,6,57,minamitaiheijiuedamachikyushinpdf.pdf,126,high,
1418,大字羽屋74番地の33,南太平寺13組 ｱﾊﾞﾝｻｰﾙ104,南太平寺四丁目,6,57,minamitaiheijiuedamachikyushinpdf.pdf,126,high,
1419,大字羽屋74番地の36,南太平寺13組,南太平寺四丁目,6,51,minamitaiheijiuedamachikyushinpdf.pdf,126,high,資料上2回出現
1420,大字羽屋76番地の3,南太平寺12組 ｳﾞｨﾗ南太平寺101,南太平寺四丁目,6,27,minamitaiheijiuedamachikyushinpdf.pdf,126,high,
1421,大字羽屋76番地の3,南太平寺12組 ｳﾞｨﾗ南太平寺102,南太平寺四丁目,6,27,minamitaiheijiuedamachikyushinpdf.pdf,126,high,
1422,大字羽屋76番地の3,南太平寺12組 ｳﾞｨﾗ南太平寺103,南太平寺四丁目,6,27,minamitaiheijiuedamachikyushinpdf.pdf,126,high,
1423,大字羽屋76番地の3,南太平寺12組 ｳﾞｨﾗ南太平寺201,南太平寺四丁目,6,27,minamitaiheijiuedamachikyushinpdf.pdf,126,high,
1424,大字羽屋76番地の3,南太平寺12組 ｳﾞｨﾗ南太平寺202,南太平寺四丁目,6,27,minamitaiheijiuedamachikyushinpdf.pdf,126,high,
1425,大字羽屋76番地の3,南太平寺12組 ｳﾞｨﾗ南太平寺203,南太平寺四丁目,6,27,minamitaiheijiuedamachikyushinpdf.pdf,126,high,
1426,大字羽屋77番地の3,南太平寺11組,南太平寺四丁目,6,1,minamitaiheijiuedamachikyushinpdf.pdf,126,high,資料上2回出現
1427,大字羽屋77番地の4,南太平寺11組 ﾄﾞﾐｰﾙﾀﾅﾍﾞ101,南太平寺四丁目,6,5,minamitaiheijiuedamachikyushinpdf.pdf,127,high,
1428,大字羽屋77番地の4,南太平寺11組 ﾄﾞﾐｰﾙﾀﾅﾍﾞ201,南太平寺四丁目,6,5,minamitaiheijiuedamachikyushinpdf.pdf,127,high,
1429,大字羽屋77番地の5,南太平寺11組,南太平寺四丁目,6,6,minamitaiheijiuedamachikyushinpdf.pdf,127,high,
1430,大字羽屋77番地の6,南太平寺11組,南太平寺四丁目,6,8,minamitaiheijiuedamachikyushinpdf.pdf,127,high,
1431,大字羽屋77番地の7,南太平寺11組,南太平寺四丁目,6,10,minamitaiheijiuedamachikyushinpdf.pdf,127,high,資料上2回出現
1432,大字羽屋77番地の8,南太平寺11組,南太平寺四丁目,6,11,minamitaiheijiuedamachikyushinpdf.pdf,127,high,
1433,大字羽屋77番地の9,南太平寺11組,南太平寺四丁目,6,22,minamitaiheijiuedamachikyushinpdf.pdf,127,high,
1434,大字羽屋77番地の10,南太平寺11組,南太平寺四丁目,6,19,minamitaiheijiuedamachikyushinpdf.pdf,127,high,
1435,大字羽屋77番地の11,南太平寺11組,南太平寺四丁目,6,17,minamitaiheijiuedamachikyushinpdf.pdf,127,high,
1436,大字羽屋77番地の12,南太平寺11組 ｶｰﾈﾘｱﾝ･ﾄﾊﾟｰｽﾞA,南太平寺四丁目,6,15,minamitaiheijiuedamachikyushinpdf.pdf,127,high,
1437,大字羽屋77番地の12,南太平寺11組 ｴﾒﾗﾙﾄﾞ･ﾄﾊﾟｰｽﾞA,南太平寺四丁目,6,16,minamitaiheijiuedamachikyushinpdf.pdf,127,high,
1438,大字羽屋77番地の13,南太平寺11組,南太平寺四丁目,6,14,minamitaiheijiuedamachikyushinpdf.pdf,127,high,
1439,大字羽屋77番地の14,南太平寺11組,南太平寺四丁目,6,12,minamitaiheijiuedamachikyushinpdf.pdf,128,high,
1440,大字羽屋78番地,南太平寺10組,南太平寺四丁目,5,8,minamitaiheijiuedamachikyushinpdf.pdf,128,high,
1441,大字羽屋78番地,南太平寺10組,南太平寺四丁目,5,10,minamitaiheijiuedamachikyushinpdf.pdf,128,high,資料上3回出現
1442,大字羽屋79番地の5,南太平寺10組,南太平寺四丁目,5,12,minamitaiheijiuedamachikyushinpdf.pdf,128,high,
1443,大字羽屋79番地の6,南太平寺10組,南太平寺四丁目,5,15,minamitaiheijiuedamachikyushinpdf.pdf,128,high,
1444,大字羽屋79番地の7,南太平寺10組,南太平寺四丁目,5,17,minamitaiheijiuedamachikyushinpdf.pdf,128,high,
1445,大字羽屋79番地の8,南太平寺10組,南太平寺四丁目,5,18,minamitaiheijiuedamachikyushinpdf.pdf,128,high,
1446,大字羽屋79番地の12,南太平寺10組,南太平寺四丁目,5,30,minamitaiheijiuedamachikyushinpdf.pdf,128,high,
1447,大字羽屋79番地の13,南太平寺10組,南太平寺四丁目,5,29,minamitaiheijiuedamachikyushinpdf.pdf,128,high,
1448,大字羽屋79番地の14,南太平寺10組,南太平寺四丁目,5,27,minamitaiheijiuedamachikyushinpdf.pdf,128,high,資料上2回出現
1449,大字羽屋79番地の15,南太平寺10組,南太平寺四丁目,5,26,minamitaiheijiuedamachikyushinpdf.pdf,129,high,
1450,大字羽屋79番地の16,南太平寺10組,南太平寺四丁目,5,24,minamitaiheijiuedamachikyushinpdf.pdf,129,high,
1451,大字羽屋79番地の17,南太平寺10組,南太平寺四丁目,5,23,minamitaiheijiuedamachikyushinpdf.pdf,129,high,資料上2回出現
1452,大字羽屋79番地の18,南太平寺10組,南太平寺四丁目,5,19,minamitaiheijiuedamachikyushinpdf.pdf,129,high,
1453,大字羽屋80番地,南太平寺10組,南太平寺四丁目,5,36,minamitaiheijiuedamachikyushinpdf.pdf,129,high,
1454,大字羽屋80番地,南太平寺10組,南太平寺四丁目,5,40,minamitaiheijiuedamachikyushinpdf.pdf,129,high,
1455,大字羽屋81番地の1,南太平寺9組 ｻﾝｼｬｲﾝﾀｳﾝ南太平寺A-1,南太平寺四丁目,5,41,minamitaiheijiuedamachikyushinpdf.pdf,129,high,
1456,大字羽屋81番地の1,南太平寺9組 ｻﾝｼｬｲﾝﾀｳﾝ南太平寺A-2,南太平寺四丁目,5,42,minamitaiheijiuedamachikyushinpdf.pdf,129,high,
1457,大字羽屋81番地の1,南太平寺9組,南太平寺四丁目,5,43,minamitaiheijiuedamachikyushinpdf.pdf,129,high,
1458,大字羽屋81番地の1,南太平寺9組 ｻﾝｼｬｲﾝﾀｳﾝ南太平寺A-4,南太平寺四丁目,5,44,minamitaiheijiuedamachikyushinpdf.pdf,129,high,
1459,大字羽屋81番地の1,南太平寺9組 ｻﾝｼｬｲﾝﾀｳﾝ南太平寺B,南太平寺四丁目,5,46,minamitaiheijiuedamachikyushinpdf.pdf,129,high,
1460,大字羽屋81番地の3,南太平寺9組,南太平寺四丁目,5,47,minamitaiheijiuedamachikyushinpdf.pdf,129,high,
1461,大字羽屋81番地の5,南太平寺9組,南太平寺四丁目,5,49,minamitaiheijiuedamachikyushinpdf.pdf,130,high,
1462,大字羽屋81番地の5,南太平寺9組 大津留ｱﾊﾟｰﾄ1,南太平寺四丁目,5,55,minamitaiheijiuedamachikyushinpdf.pdf,130,high,
1463,大字羽屋81番地の5,南太平寺9組 大津留ｱﾊﾟｰﾄ2,南太平寺四丁目,5,55,minamitaiheijiuedamachikyushinpdf.pdf,130,high,
1464,大字羽屋81番地の5,南太平寺9組 大津留ｱﾊﾟｰﾄ3,南太平寺四丁目,5,55,minamitaiheijiuedamachikyushinpdf.pdf,130,high,
1465,大字羽屋81番地の5,南太平寺9組 大津留ｱﾊﾟｰﾄ4,南太平寺四丁目,5,55,minamitaiheijiuedamachikyushinpdf.pdf,130,high,
1466,大字羽屋81番地の5,南太平寺9組 大津留ｱﾊﾟｰﾄ5,南太平寺四丁目,5,55,minamitaiheijiuedamachikyushinpdf.pdf,130,high,
1467,大字羽屋81番地の6,南太平寺9組,南太平寺四丁目,5,54,minamitaiheijiuedamachikyushinpdf.pdf,130,high,
1468,大字羽屋81番地の8,南太平寺9組,南太平寺四丁目,5,57,minamitaiheijiuedamachikyushinpdf.pdf,130,high,
1469,大字羽屋81番地の11,南太平寺9組,南太平寺四丁目,5,51,minamitaiheijiuedamachikyushinpdf.pdf,130,high,
1470,大字羽屋81番地の12,南太平寺9組,南太平寺四丁目,5,52,minamitaiheijiuedamachikyushinpdf.pdf,130,high,
1471,大字羽屋81番地の12,,南太平寺四丁目,5,52,minamitaiheijiuedamachikyushinpdf.pdf,130,high,
1472,大字羽屋82番地の3,南太平寺9組,南太平寺四丁目,5,66,minamitaiheijiuedamachikyushinpdf.pdf,130,high,
1473,大字羽屋82番地の5,南太平寺9組,南太平寺四丁目,5,64,minamitaiheijiuedamachikyushinpdf.pdf,130,high,
1474,大字羽屋82番地の6,南太平寺9組,南太平寺四丁目,5,62,minamitaiheijiuedamachikyushinpdf.pdf,131,high,
1475,大字羽屋82番地の7,南太平寺9組,南太平寺四丁目,5,60,minamitaiheijiuedamachikyushinpdf.pdf,131,high,資料上2回出現
1476,大字羽屋82番地の9,南太平寺9組,南太平寺四丁目,5,61,minamitaiheijiuedamachikyushinpdf.pdf,131,high,
1477,大字羽屋82番地の10,南太平寺9組,南太平寺四丁目,5,63,minamitaiheijiuedamachikyushinpdf.pdf,131,high,
1478,大字羽屋82番地の12,南太平寺9組,南太平寺四丁目,5,65,minamitaiheijiuedamachikyushinpdf.pdf,131,high,
1479,大字羽屋82番地の18,南太平寺9組 B棟,南太平寺四丁目,5,67,minamitaiheijiuedamachikyushinpdf.pdf,131,high,
1480,大字羽屋82番地の18,南太平寺9組 A棟,南太平寺四丁目,5,68,minamitaiheijiuedamachikyushinpdf.pdf,131,high,
1481,大字羽屋83番地の3,南太平寺6組,南太平寺四丁目,1,11,minamitaiheijiuedamachikyushinpdf.pdf,131,high,資料上2回出現
1482,大字羽屋83番地の7,南太平寺6組の3,南太平寺四丁目,1,21,minamitaiheijiuedamachikyushinpdf.pdf,131,high,
1483,大字羽屋84番地の1,南太平寺6組,南太平寺三丁目,6,7,minamitaiheijiuedamachikyushinpdf.pdf,131,high,資料上3回出現
1484,大字羽屋84番地の1,,南太平寺三丁目,6,7,minamitaiheijiuedamachikyushinpdf.pdf,132,high,
1485,大字羽屋84番地の3,南太平寺25組 ﾗﾎﾟｰﾙ豊府北101,南太平寺三丁目,6,1-101,minamitaiheijiuedamachikyushinpdf.pdf,132,high,
1486,大字羽屋84番地の3,南太平寺25組 ﾗﾎﾟｰﾙ豊府北102,南太平寺三丁目,6,1-102,minamitaiheijiuedamachikyushinpdf.pdf,132,high,
1487,大字羽屋84番地の3,南太平寺25組 ﾗﾎﾟｰﾙ豊府北103,南太平寺三丁目,6,1-103,minamitaiheijiuedamachikyushinpdf.pdf,132,high,
1488,大字羽屋84番地の3,南太平寺25組 ﾗﾎﾟｰﾙ豊府北105,南太平寺三丁目,6,1-105,minamitaiheijiuedamachikyushinpdf.pdf,132,high,
1489,大字羽屋84番地の3,南太平寺25組 ﾗﾎﾟｰﾙ豊府北106,南太平寺三丁目,6,1-106,minamitaiheijiuedamachikyushinpdf.pdf,132,high,
1490,大字羽屋84番地の3,南太平寺25組 ﾗﾎﾟｰﾙ豊府北107,南太平寺三丁目,6,1-107,minamitaiheijiuedamachikyushinpdf.pdf,132,high,
1491,大字羽屋84番地の3,南太平寺25組 ﾗﾎﾟｰﾙ豊府北201,南太平寺三丁目,6,1-201,minamitaiheijiuedamachikyushinpdf.pdf,132,high,
1492,大字羽屋84番地の3,南太平寺25組 ﾗﾎﾟｰﾙ豊府北202,南太平寺三丁目,6,1-202,minamitaiheijiuedamachikyushinpdf.pdf,132,high,
1493,大字羽屋84番地の3,南太平寺25組 ﾗﾎﾟｰﾙ豊府北203,南太平寺三丁目,6,1-203,minamitaiheijiuedamachikyushinpdf.pdf,132,high,
1494,大字羽屋84番地の3,南太平寺25組 ﾗﾎﾟｰﾙ豊府北205,南太平寺三丁目,6,1-205,minamitaiheijiuedamachikyushinpdf.pdf,132,high,
1495,大字羽屋84番地の3,南太平寺25組 ﾗﾎﾟｰﾙ豊府北206,南太平寺三丁目,6,1-206,minamitaiheijiuedamachikyushinpdf.pdf,132,high,
1496,大字羽屋84番地の3,南太平寺25組 ﾗﾎﾟｰﾙ豊府北207,南太平寺三丁目,6,1-207,minamitaiheijiuedamachikyushinpdf.pdf,133,high,
1497,大字羽屋84番地の3,南太平寺25組 ﾗﾎﾟｰﾙ豊府北301,南太平寺三丁目,6,1-301,minamitaiheijiuedamachikyushinpdf.pdf,133,high,
1498,大字羽屋84番地の3,南太平寺25組 ﾗﾎﾟｰﾙ豊府北302,南太平寺三丁目,6,1-302,minamitaiheijiuedamachikyushinpdf.pdf,133,high,
1499,大字羽屋84番地の3,南太平寺25組 ﾗﾎﾟｰﾙ豊府北303,南太平寺三丁目,6,1-303,minamitaiheijiuedamachikyushinpdf.pdf,133,high,
1500,大字羽屋84番地の3,南太平寺25組 ﾗﾎﾟｰﾙ豊府北305,南太平寺三丁目,6,1-305,minamitaiheijiuedamachikyushinpdf.pdf,133,high,
1501,大字羽屋84番地の3,南太平寺25組 ﾗﾎﾟｰﾙ豊府北306,南太平寺三丁目,6,1-306,minamitaiheijiuedamachikyushinpdf.pdf,133,high,
1502,大字羽屋84番地の3,南太平寺25組 ﾗﾎﾟｰﾙ豊府北307,南太平寺三丁目,6,1-307,minamitaiheijiuedamachikyushinpdf.pdf,133,high,
1503,大字羽屋84番地の3,南太平寺25組 ﾗﾎﾟｰﾙ豊府北401,南太平寺三丁目,6,1-401,minamitaiheijiuedamachikyushinpdf.pdf,133,high,
1504,大字羽屋84番地の3,南太平寺25組 ﾗﾎﾟｰﾙ豊府北402,南太平寺三丁目,6,1-402,minamitaiheijiuedamachikyushinpdf.pdf,133,high,
1505,大字羽屋84番地の3,南太平寺25組 ﾗﾎﾟｰﾙ豊府北403,南太平寺三丁目,6,1-403,minamitaiheijiuedamachikyushinpdf.pdf,133,high,
1506,大字羽屋84番地の3,南太平寺25組 ﾗﾎﾟｰﾙ豊府北405,南太平寺三丁目,6,1-405,minamitaiheijiuedamachikyushinpdf.pdf,133,high,
1507,大字羽屋84番地の3,南太平寺25組 ﾗﾎﾟｰﾙ豊府北406,南太平寺三丁目,6,1-406,minamitaiheijiuedamachikyushinpdf.pdf,133,high,
1508,大字羽屋84番地の3,南太平寺25組 ﾗﾎﾟｰﾙ豊府北407,南太平寺三丁目,6,1-407,minamitaiheijiuedamachikyushinpdf.pdf,133,high,
1509,大字羽屋84番地の3,南太平寺25組 ﾗﾎﾟｰﾙ豊府北501,南太平寺三丁目,6,1-501,minamitaiheijiuedamachikyushinpdf.pdf,134,high,
1510,大字羽屋84番地の3,南太平寺25組 ﾗﾎﾟｰﾙ豊府北502,南太平寺三丁目,6,1-502,minamitaiheijiuedamachikyushinpdf.pdf,134,high,
1511,大字羽屋84番地の3,南太平寺25組 ﾗﾎﾟｰﾙ豊府北503,南太平寺三丁目,6,1-503,minamitaiheijiuedamachikyushinpdf.pdf,134,high,
1512,大字羽屋84番地の3,南太平寺25組 ﾗﾎﾟｰﾙ豊府北505,南太平寺三丁目,6,1-505,minamitaiheijiuedamachikyushinpdf.pdf,134,high,
1513,大字羽屋84番地の3,南太平寺25組 ﾗﾎﾟｰﾙ豊府北506,南太平寺三丁目,6,1-506,minamitaiheijiuedamachikyushinpdf.pdf,134,high,
1514,大字羽屋84番地の3,南太平寺25組 ﾗﾎﾟｰﾙ豊府北507,南太平寺三丁目,6,1-507,minamitaiheijiuedamachikyushinpdf.pdf,134,high,
1515,大字羽屋84番地の3,南太平寺25組 ﾗﾎﾟｰﾙ豊府北601,南太平寺三丁目,6,1-601,minamitaiheijiuedamachikyushinpdf.pdf,134,high,
1516,大字羽屋84番地の3,南太平寺25組 ﾗﾎﾟｰﾙ豊府北602,南太平寺三丁目,6,1-602,minamitaiheijiuedamachikyushinpdf.pdf,134,high,
1517,大字羽屋84番地の3,南太平寺25組 ﾗﾎﾟｰﾙ豊府北603,南太平寺三丁目,6,1-603,minamitaiheijiuedamachikyushinpdf.pdf,134,high,
1518,大字羽屋84番地の3,南太平寺25組 ﾗﾎﾟｰﾙ豊府北605,南太平寺三丁目,6,1-605,minamitaiheijiuedamachikyushinpdf.pdf,134,high,
1519,大字羽屋84番地の3,南太平寺25組 ﾗﾎﾟｰﾙ豊府北606,南太平寺三丁目,6,1-606,minamitaiheijiuedamachikyushinpdf.pdf,134,high,
1520,大字羽屋84番地の3,南太平寺25組 ﾗﾎﾟｰﾙ豊府北607,南太平寺三丁目,6,1-607,minamitaiheijiuedamachikyushinpdf.pdf,134,high,
1521,大字羽屋84番地の3,南太平寺25組 ﾗﾎﾟｰﾙ豊府北701,南太平寺三丁目,6,1-701,minamitaiheijiuedamachikyushinpdf.pdf,134,high,
1522,大字羽屋84番地の3,南太平寺25組 ﾗﾎﾟｰﾙ豊府北702,南太平寺三丁目,6,1-702,minamitaiheijiuedamachikyushinpdf.pdf,135,high,
1523,大字羽屋84番地の3,南太平寺25組 ﾗﾎﾟｰﾙ豊府北703,南太平寺三丁目,6,1-703,minamitaiheijiuedamachikyushinpdf.pdf,135,high,
1524,大字羽屋84番地の3,南太平寺25組 ﾗﾎﾟｰﾙ豊府北705,南太平寺三丁目,6,1-705,minamitaiheijiuedamachikyushinpdf.pdf,135,high,
1525,大字羽屋84番地の3,南太平寺25組 ﾗﾎﾟｰﾙ豊府北706,南太平寺三丁目,6,1-706,minamitaiheijiuedamachikyushinpdf.pdf,135,high,
1526,大字羽屋84番地の3,南太平寺25組 ﾗﾎﾟｰﾙ豊府北707,南太平寺三丁目,6,1-707,minamitaiheijiuedamachikyushinpdf.pdf,135,high,
1527,大字羽屋84番地の5,南太平寺6組 ﾃﾞｨｱｽﾊﾋﾟﾈｽC101,南太平寺三丁目,6,12,minamitaiheijiuedamachikyushinpdf.pdf,135,high,
1528,大字羽屋84番地の5,南太平寺6組 ﾃﾞｨｱｽﾊﾋﾟﾈｽC201,南太平寺三丁目,6,12,minamitaiheijiuedamachikyushinpdf.pdf,135,high,
1529,大字羽屋84番地の5,南太平寺6組 ﾃﾞｨｱｽﾊﾋﾟﾈｽA102,南太平寺三丁目,6,13,minamitaiheijiuedamachikyushinpdf.pdf,135,high,
1530,大字羽屋84番地の5,南太平寺6組 ﾃﾞｨｱｽﾊﾋﾟﾈｽB101,南太平寺三丁目,6,14,minamitaiheijiuedamachikyushinpdf.pdf,135,high,
1531,大字羽屋84番地の5,南太平寺6組 ﾃﾞｨｱｽﾊﾋﾟﾈｽB102,南太平寺三丁目,6,14,minamitaiheijiuedamachikyushinpdf.pdf,135,high,
1532,大字羽屋84番地の5,南太平寺6組 ﾃﾞｨｱｽﾊﾋﾟﾈｽB201,南太平寺三丁目,6,14,minamitaiheijiuedamachikyushinpdf.pdf,135,high,
1533,大字羽屋84番地の5,南太平寺6組 ﾃﾞｨｱｽﾊﾋﾟﾈｽB202,南太平寺三丁目,6,14,minamitaiheijiuedamachikyushinpdf.pdf,135,high,
1534,大字羽屋84番地の5,南太平寺6組 ﾃﾞｨｱｽﾊﾋﾟﾈｽD101,南太平寺三丁目,6,15,minamitaiheijiuedamachikyushinpdf.pdf,135,high,
1535,大字羽屋84番地の5,南太平寺6組 ﾃﾞｨｱｽﾊﾋﾟﾈｽD201,南太平寺三丁目,6,15,minamitaiheijiuedamachikyushinpdf.pdf,136,high,
1536,大字羽屋84番地の6,南太平寺6組,南太平寺三丁目,6,19,minamitaiheijiuedamachikyushinpdf.pdf,136,high,
1537,大字羽屋84番地の7,南太平寺6組,南太平寺三丁目,6,20,minamitaiheijiuedamachikyushinpdf.pdf,136,high,
1538,大字羽屋84番地の9,南太平寺6組 ﾚｵﾊﾟﾚｽNISHIMURA101,南太平寺三丁目,6,22,minamitaiheijiuedamachikyushinpdf.pdf,136,high,
1539,大字羽屋84番地の9,南太平寺6組 ﾚｵﾊﾟﾚｽNISHIMURA102,南太平寺三丁目,6,22,minamitaiheijiuedamachikyushinpdf.pdf,136,high,
1540,大字羽屋84番地の9,南太平寺6組 ﾚｵﾊﾟﾚｽNISHIMURA103,南太平寺三丁目,6,22,minamitaiheijiuedamachikyushinpdf.pdf,136,high,資料上2回出現
1541,大字羽屋84番地の9,南太平寺6組 ﾚｵﾊﾟﾚｽNISHIMURA104,南太平寺三丁目,6,22,minamitaiheijiuedamachikyushinpdf.pdf,136,high,
1542,大字羽屋84番地の9,南太平寺6組 ﾚｵﾊﾟﾚｽNISHIMURA105,南太平寺三丁目,6,22,minamitaiheijiuedamachikyushinpdf.pdf,136,high,
1543,大字羽屋84番地の9,南太平寺6組 ﾚｵﾊﾟﾚｽNISHIMURA106,南太平寺三丁目,6,22,minamitaiheijiuedamachikyushinpdf.pdf,136,high,
1544,大字羽屋84番地の9,南太平寺6組 ﾚｵﾊﾟﾚｽNISHIMURA107,南太平寺三丁目,6,22,minamitaiheijiuedamachikyushinpdf.pdf,136,high,
1545,大字羽屋84番地の9,南太平寺6組 ﾚｵﾊﾟﾚｽNISHIMURA108,南太平寺三丁目,6,22,minamitaiheijiuedamachikyushinpdf.pdf,136,high,
1546,大字羽屋84番地の9,南太平寺6組 ﾚｵﾊﾟﾚｽNISHIMURA109,南太平寺三丁目,6,22,minamitaiheijiuedamachikyushinpdf.pdf,136,high,
1547,大字羽屋84番地の9,南太平寺6組 ﾚｵﾊﾟﾚｽNISHIMURA201,南太平寺三丁目,6,22,minamitaiheijiuedamachikyushinpdf.pdf,137,high,
1548,大字羽屋84番地の9,南太平寺6組 ﾚｵﾊﾟﾚｽNISHIMURA202,南太平寺三丁目,6,22,minamitaiheijiuedamachikyushinpdf.pdf,137,high,
1549,大字羽屋84番地の9,南太平寺6組 ﾚｵﾊﾟﾚｽNISHIMURA203,南太平寺三丁目,6,22,minamitaiheijiuedamachikyushinpdf.pdf,137,high,
1550,大字羽屋84番地の9,南太平寺6組 ﾚｵﾊﾟﾚｽNISHIMURA204,南太平寺三丁目,6,22,minamitaiheijiuedamachikyushinpdf.pdf,137,high,
1551,大字羽屋84番地の9,南太平寺6組 ﾚｵﾊﾟﾚｽNISHIMURA205,南太平寺三丁目,6,22,minamitaiheijiuedamachikyushinpdf.pdf,137,high,
1552,大字羽屋84番地の9,南太平寺6組 ﾚｵﾊﾟﾚｽNISHIMURA206,南太平寺三丁目,6,22,minamitaiheijiuedamachikyushinpdf.pdf,137,high,
1553,大字羽屋84番地の9,南太平寺6組 ﾚｵﾊﾟﾚｽNISHIMURA207,南太平寺三丁目,6,22,minamitaiheijiuedamachikyushinpdf.pdf,137,high,
1554,大字羽屋84番地の9,南太平寺6組 ﾚｵﾊﾟﾚｽNISHIMURA208,南太平寺三丁目,6,22,minamitaiheijiuedamachikyushinpdf.pdf,137,high,
1555,大字羽屋84番地の9,南太平寺6組 ﾚｵﾊﾟﾚｽNISHIMURA209,南太平寺三丁目,6,22,minamitaiheijiuedamachikyushinpdf.pdf,137,high,
1556,大字羽屋84番地の10,南太平寺6組 ﾃﾞｨｱｽﾊﾋﾟﾈｽA101,南太平寺三丁目,6,13,minamitaiheijiuedamachikyushinpdf.pdf,137,high,
1557,大字羽屋84番地の10,南太平寺6組 ﾃﾞｨｱｽﾊﾋﾟﾈｽA201,南太平寺三丁目,6,13,minamitaiheijiuedamachikyushinpdf.pdf,137,high,
1558,大字羽屋84番地の10,南太平寺6組 ﾃﾞｨｱｽﾊﾋﾟﾈｽA202,南太平寺三丁目,6,13,minamitaiheijiuedamachikyushinpdf.pdf,137,high,
1559,大字羽屋90番地の4,南太平寺24組 ﾗﾎﾟｰﾙ羽屋101,南太平寺三丁目,6,29-101,minamitaiheijiuedamachikyushinpdf.pdf,137,high,
1560,大字羽屋90番地の4,南太平寺24組 ﾗﾎﾟｰﾙ羽屋102,南太平寺三丁目,6,29-102,minamitaiheijiuedamachikyushinpdf.pdf,138,high,
1561,大字羽屋90番地の4,南太平寺24組 ﾗﾎﾟｰﾙ羽屋103,南太平寺三丁目,6,29-103,minamitaiheijiuedamachikyushinpdf.pdf,138,high,
1562,大字羽屋90番地の4,南太平寺24組 ﾗﾎﾟｰﾙ羽屋201,南太平寺三丁目,6,29-201,minamitaiheijiuedamachikyushinpdf.pdf,138,high,
1563,大字羽屋90番地の4,南太平寺24組 ﾗﾎﾟｰﾙ羽屋202,南太平寺三丁目,6,29-202,minamitaiheijiuedamachikyushinpdf.pdf,138,high,資料上2回出現
1564,大字羽屋90番地の4,南太平寺24組 ﾗﾎﾟｰﾙ羽屋203,南太平寺三丁目,6,29-203,minamitaiheijiuedamachikyushinpdf.pdf,138,high,
1565,大字羽屋90番地の4,南太平寺24組 ﾗﾎﾟｰﾙ羽屋301,南太平寺三丁目,6,29-301,minamitaiheijiuedamachikyushinpdf.pdf,138,high,
1566,大字羽屋90番地の4,南太平寺24組 ﾗﾎﾟｰﾙ羽屋302,南太平寺三丁目,6,29-302,minamitaiheijiuedamachikyushinpdf.pdf,138,high,
1567,大字羽屋90番地の4,南太平寺24組 ﾗﾎﾟｰﾙ羽屋303,南太平寺三丁目,6,29-303,minamitaiheijiuedamachikyushinpdf.pdf,138,high,
1568,大字羽屋90番地の4,南太平寺24組 ﾗﾎﾟｰﾙ羽屋401,南太平寺三丁目,6,29-401,minamitaiheijiuedamachikyushinpdf.pdf,138,high,
1569,大字羽屋90番地の4,南太平寺24組 ﾗﾎﾟｰﾙ羽屋402,南太平寺三丁目,6,29-402,minamitaiheijiuedamachikyushinpdf.pdf,138,high,
1570,大字羽屋90番地の4,南太平寺24組 ﾗﾎﾟｰﾙ羽屋403,南太平寺三丁目,6,29-403,minamitaiheijiuedamachikyushinpdf.pdf,138,high,
1571,大字羽屋90番地の4,南太平寺24組 ﾗﾎﾟｰﾙ羽屋501,南太平寺三丁目,6,29-501,minamitaiheijiuedamachikyushinpdf.pdf,138,high,
1572,大字羽屋90番地の4,南太平寺24組 ﾗﾎﾟｰﾙ羽屋502,南太平寺三丁目,6,29-502,minamitaiheijiuedamachikyushinpdf.pdf,139,high,
1573,大字羽屋90番地の4,南太平寺24組 ﾗﾎﾟｰﾙ羽屋503,南太平寺三丁目,6,29-503,minamitaiheijiuedamachikyushinpdf.pdf,139,high,
1574,大字羽屋90番地の4,南太平寺24組 ﾗﾎﾟｰﾙ羽屋601,南太平寺三丁目,6,29-601,minamitaiheijiuedamachikyushinpdf.pdf,139,high,
1575,大字羽屋90番地の4,南太平寺24組 ﾗﾎﾟｰﾙ羽屋602,南太平寺三丁目,6,29-602,minamitaiheijiuedamachikyushinpdf.pdf,139,high,
1576,大字羽屋90番地の4,南太平寺24組 ﾗﾎﾟｰﾙ羽屋603,南太平寺三丁目,6,29-603,minamitaiheijiuedamachikyushinpdf.pdf,139,high,資料上2回出現
1577,大字羽屋90番地の4,南太平寺24組 ﾗﾎﾟｰﾙ羽屋701,南太平寺三丁目,6,29-701,minamitaiheijiuedamachikyushinpdf.pdf,139,high,
1578,大字羽屋90番地の4,南太平寺24組 ﾗﾎﾟｰﾙ羽屋702,南太平寺三丁目,6,29-702,minamitaiheijiuedamachikyushinpdf.pdf,139,high,資料上2回出現
1579,大字羽屋90番地の4,南太平寺24組 ﾗﾎﾟｰﾙ羽屋703,南太平寺三丁目,6,29-703,minamitaiheijiuedamachikyushinpdf.pdf,139,high,
1580,大字羽屋90番地の4,南太平寺24組 ﾗﾎﾟｰﾙ羽屋801,南太平寺三丁目,6,29-801,minamitaiheijiuedamachikyushinpdf.pdf,139,high,
1581,大字羽屋90番地の4,南太平寺24組 ﾗﾎﾟｰﾙ羽屋802,南太平寺三丁目,6,29-802,minamitaiheijiuedamachikyushinpdf.pdf,139,high,
1582,大字羽屋90番地の4,南太平寺24組 ﾗﾎﾟｰﾙ羽屋803,南太平寺三丁目,6,29-803,minamitaiheijiuedamachikyushinpdf.pdf,139,high,
1583,大字羽屋91番地の3,南太平寺21組,南太平寺三丁目,6,35,minamitaiheijiuedamachikyushinpdf.pdf,140,high,
1584,大字羽屋91番地の4,南太平寺21組 WINDOM豊府101,南太平寺三丁目,6,40-101,minamitaiheijiuedamachikyushinpdf.pdf,140,high,
1585,大字羽屋91番地の4,南太平寺21組 WINDOM豊府102,南太平寺三丁目,6,40-102,minamitaiheijiuedamachikyushinpdf.pdf,140,high,
1586,大字羽屋91番地の4,南太平寺21組 WINDOM豊府201,南太平寺三丁目,6,40-201,minamitaiheijiuedamachikyushinpdf.pdf,140,high,
1587,大字羽屋91番地の4,南太平寺21組 WINDOM豊府202,南太平寺三丁目,6,40-202,minamitaiheijiuedamachikyushinpdf.pdf,140,high,
1588,大字羽屋91番地の4,南太平寺21組 WINDOM豊府301,南太平寺三丁目,6,40-301,minamitaiheijiuedamachikyushinpdf.pdf,140,high,
1589,大字羽屋91番地の4,南太平寺21組 WINDOM豊府302,南太平寺三丁目,6,40-302,minamitaiheijiuedamachikyushinpdf.pdf,140,high,
1590,大字羽屋93番地の1,南太平寺21組の1 ﾊﾟｳｾﾞⅢ3102,南太平寺三丁目,6,47-3102,minamitaiheijiuedamachikyushinpdf.pdf,140,high,
1591,大字羽屋93番地の1,南太平寺21組の1 ﾊﾟｳｾﾞⅢ3103,南太平寺三丁目,6,47-3103,minamitaiheijiuedamachikyushinpdf.pdf,140,high,
1592,大字羽屋93番地の1,南太平寺21組の1 ﾊﾟｳｾﾞⅢ3202,南太平寺三丁目,6,47-3202,minamitaiheijiuedamachikyushinpdf.pdf,140,high,
1593,大字羽屋93番地の1,南太平寺21組の1 ﾊﾟｳｾﾞⅢ3301,南太平寺三丁目,6,47-3301,minamitaiheijiuedamachikyushinpdf.pdf,140,high,
1594,大字羽屋93番地の1,南太平寺21組の1 ﾊﾟｳｾﾞⅢ3302,南太平寺三丁目,6,47-3302,minamitaiheijiuedamachikyushinpdf.pdf,140,high,
1595,大字羽屋93番地の1,南太平寺21組の1 ﾊﾟｳｾﾞⅢ3303,南太平寺三丁目,6,47-3303,minamitaiheijiuedamachikyushinpdf.pdf,140,high,
1596,大字羽屋93番地の1,南太平寺21組の1 ﾊﾟｳｾﾞⅡ2201,南太平寺三丁目,6,50-2201,minamitaiheijiuedamachikyushinpdf.pdf,141,high,
1597,大字羽屋93番地の3,南太平寺21組の1 ﾊﾟｳｾﾞ3101,南太平寺三丁目,6,47-3101,minamitaiheijiuedamachikyushinpdf.pdf,141,high,
1598,大字羽屋93番地の3,南太平寺21組の1 ﾊﾟｳｾﾞ3201,南太平寺三丁目,6,47-3201,minamitaiheijiuedamachikyushinpdf.pdf,141,high,
1599,大字羽屋93番地の3,南太平寺21組の1 PAUSE3203,南太平寺三丁目,6,47-3203,minamitaiheijiuedamachikyushinpdf.pdf,141,high,
1600,大字羽屋93番地の3,南太平寺21組の1 ﾊﾟｳｾﾞ2101,南太平寺三丁目,6,50-2101,minamitaiheijiuedamachikyushinpdf.pdf,141,high,
1601,大字羽屋93番地の3,南太平寺21組の1 ﾊﾟｳｾﾞ2102,南太平寺三丁目,6,50-2102,minamitaiheijiuedamachikyushinpdf.pdf,141,high,
1602,大字羽屋93番地の3,南太平寺21組の1 ﾊﾟｳｾﾞ2202,南太平寺三丁目,6,50-2202,minamitaiheijiuedamachikyushinpdf.pdf,141,high,
1603,大字羽屋93番地の3,南太平寺21組の1 ﾊﾟｳｾﾞ2301,南太平寺三丁目,6,50-2301,minamitaiheijiuedamachikyushinpdf.pdf,141,high,
1604,大字羽屋93番地の3,南太平寺21組の1 ﾊﾟｳｾﾞ2302,南太平寺三丁目,6,50-2302,minamitaiheijiuedamachikyushinpdf.pdf,141,high,
1605,大字羽屋93番地の3,南太平寺21組の1 ﾊﾟｳｾﾞ1101,南太平寺三丁目,6,54-1101,minamitaiheijiuedamachikyushinpdf.pdf,141,high,
1606,大字羽屋93番地の3,南太平寺21組の1 ﾊﾟｳｾﾞ1102,南太平寺三丁目,6,54-1102,minamitaiheijiuedamachikyushinpdf.pdf,141,high,
1607,大字羽屋93番地の3,南太平寺21組の1 ﾊﾟｳｾﾞ1201,南太平寺三丁目,6,54-1201,minamitaiheijiuedamachikyushinpdf.pdf,141,high,
1608,大字羽屋93番地の3,南太平寺21組の1 ﾊﾟｳｾﾞ1202,南太平寺三丁目,6,54-1202,minamitaiheijiuedamachikyushinpdf.pdf,141,high,
1609,大字羽屋93番地の3,南太平寺21組の1 ﾊﾟｳｾﾞ1301,南太平寺三丁目,6,54-1301,minamitaiheijiuedamachikyushinpdf.pdf,142,high,
1610,大字羽屋93番地の3,南太平寺21組の1 ﾊﾟｳｾﾞ1302,南太平寺三丁目,6,54-1302,minamitaiheijiuedamachikyushinpdf.pdf,142,high,
1611,大字羽屋94番地,南太平寺21組,南太平寺三丁目,5,1,minamitaiheijiuedamachikyushinpdf.pdf,142,high,資料上2回出現
1612,大字羽屋94番地の1,南太平寺21組 佐藤ﾋﾞﾙ101,南太平寺三丁目,5,11,minamitaiheijiuedamachikyushinpdf.pdf,142,high,
1613,大字羽屋94番地の1,南太平寺21組 佐藤ﾋﾞﾙ102,南太平寺三丁目,5,11,minamitaiheijiuedamachikyushinpdf.pdf,142,high,
1614,大字羽屋94番地の1,南太平寺21組 佐藤ﾋﾞﾙ103,南太平寺三丁目,5,11,minamitaiheijiuedamachikyushinpdf.pdf,142,high,
1615,大字羽屋94番地の1,南太平寺21組 佐藤ﾋﾞﾙ201,南太平寺三丁目,5,11,minamitaiheijiuedamachikyushinpdf.pdf,142,high,
1616,大字羽屋94番地の1,南太平寺21組 佐藤ﾋﾞﾙ202,南太平寺三丁目,5,11,minamitaiheijiuedamachikyushinpdf.pdf,142,high,
1617,大字羽屋94番地の1,南太平寺21組 佐藤ﾋﾞﾙ203,南太平寺三丁目,5,11,minamitaiheijiuedamachikyushinpdf.pdf,142,high,
1618,大字羽屋94番地の6,南太平寺21組,南太平寺三丁目,5,5,minamitaiheijiuedamachikyushinpdf.pdf,142,high,
1619,大字羽屋94番地の7,南太平寺21組,南太平寺三丁目,5,6,minamitaiheijiuedamachikyushinpdf.pdf,142,high,資料上2回出現
1620,大字羽屋94番地の8,南太平寺21組,南太平寺三丁目,5,7,minamitaiheijiuedamachikyushinpdf.pdf,143,high,
1621,大字羽屋94番地の9,南太平寺21組,南太平寺三丁目,5,9,minamitaiheijiuedamachikyushinpdf.pdf,143,high,
1622,大字羽屋94番地の9,,南太平寺三丁目,5,9,minamitaiheijiuedamachikyushinpdf.pdf,143,high,
1623,大字羽屋94番地の10,南太平寺21組,南太平寺三丁目,5,10,minamitaiheijiuedamachikyushinpdf.pdf,143,high,
1624,大字羽屋95番地の5,南太平寺21組,南太平寺三丁目,5,21,minamitaiheijiuedamachikyushinpdf.pdf,143,high,
1625,大字羽屋95番地の6,南太平寺21組,南太平寺三丁目,5,24,minamitaiheijiuedamachikyushinpdf.pdf,143,high,
1626,大字羽屋96番地の1,南太平寺17組の1 ﾚｵﾊﾟﾚｽMEⅡ101,南太平寺三丁目,5,36,minamitaiheijiuedamachikyushinpdf.pdf,143,high,
1627,大字羽屋96番地の1,南太平寺17組の1 ﾚｵﾊﾟﾚｽMEⅡ102,南太平寺三丁目,5,36,minamitaiheijiuedamachikyushinpdf.pdf,143,high,
1628,大字羽屋96番地の1,南太平寺17組 ﾚｵﾊﾟﾚｽMEⅡ103,南太平寺三丁目,5,36,minamitaiheijiuedamachikyushinpdf.pdf,143,high,
1629,大字羽屋96番地の1,南太平寺17組の1 ﾚｵﾊﾟﾚｽMEⅡ104,南太平寺三丁目,5,36,minamitaiheijiuedamachikyushinpdf.pdf,143,high,
1630,大字羽屋96番地の1,南太平寺17組の1 ﾚｵﾊﾟﾚｽMEⅡ105,南太平寺三丁目,5,36,minamitaiheijiuedamachikyushinpdf.pdf,143,high,
1631,大字羽屋96番地の1,南太平寺17組の1 ﾚｵﾊﾟﾚｽMEⅡ106,南太平寺三丁目,5,36,minamitaiheijiuedamachikyushinpdf.pdf,143,high,
1632,大字羽屋96番地の1,南太平寺17組の1 ﾚｵﾊﾟﾚｽMEⅡ201,南太平寺三丁目,5,36,minamitaiheijiuedamachikyushinpdf.pdf,143,high,
1633,大字羽屋96番地の1,南太平寺17組の1 ﾚｵﾊﾟﾚｽMEⅡ202,南太平寺三丁目,5,36,minamitaiheijiuedamachikyushinpdf.pdf,144,high,
1634,大字羽屋96番地の1,南太平寺17組の1 ﾚｵﾊﾟﾚｽMEⅡ203,南太平寺三丁目,5,36,minamitaiheijiuedamachikyushinpdf.pdf,144,high,
1635,大字羽屋96番地の1,南太平寺17組の1 ﾚｵﾊﾟﾚｽMEⅡ204,南太平寺三丁目,5,36,minamitaiheijiuedamachikyushinpdf.pdf,144,high,
1636,大字羽屋96番地の1,南太平寺17組の1 ﾚｵﾊﾟﾚｽMEⅡ205,南太平寺三丁目,5,36,minamitaiheijiuedamachikyushinpdf.pdf,144,high,資料上2回出現
1637,大字羽屋96番地の1,南太平寺17組の1 ﾚｵﾊﾟﾚｽMEⅡ206,南太平寺三丁目,5,36,minamitaiheijiuedamachikyushinpdf.pdf,144,high,
1638,大字羽屋96番地の2,南太平寺17組の2,南太平寺三丁目,5,26,minamitaiheijiuedamachikyushinpdf.pdf,144,high,
1639,大字羽屋96番地の4,南太平寺17組の2,南太平寺三丁目,5,32,minamitaiheijiuedamachikyushinpdf.pdf,144,high,
1640,大字羽屋96番地の5,南太平寺17組の2,南太平寺三丁目,5,29,minamitaiheijiuedamachikyushinpdf.pdf,144,high,資料上2回出現
1641,大字羽屋96番地の9,南太平寺17組の2,南太平寺三丁目,5,30,minamitaiheijiuedamachikyushinpdf.pdf,144,high,資料上2回出現
1642,大字羽屋96番地の11,南太平寺17組の2,南太平寺三丁目,5,31,minamitaiheijiuedamachikyushinpdf.pdf,144,high,
1643,大字羽屋98番地の1,南太平寺17組の2,南太平寺三丁目,4,7,minamitaiheijiuedamachikyushinpdf.pdf,145,high,
1644,大字羽屋98番地の3,南太平寺17組の2,南太平寺三丁目,4,8,minamitaiheijiuedamachikyushinpdf.pdf,145,high,
1645,大字羽屋98番地の3,,南太平寺三丁目,4,10,minamitaiheijiuedamachikyushinpdf.pdf,145,high,
1646,大字羽屋98番地の5,南太平寺17組の2,南太平寺三丁目,4,4,minamitaiheijiuedamachikyushinpdf.pdf,145,high,
1647,大字羽屋98番地の7,南太平寺17組の2,南太平寺三丁目,4,1,minamitaiheijiuedamachikyushinpdf.pdf,145,high,
1648,大字羽屋99番地の1,南太平寺17組の3 ﾒｿﾞﾝｴﾄｳA,南太平寺三丁目,4,20,minamitaiheijiuedamachikyushinpdf.pdf,145,high,
1649,大字羽屋99番地の1,南太平寺17組の3 ﾒｿﾞﾝｴﾄｳB,南太平寺三丁目,4,21,minamitaiheijiuedamachikyushinpdf.pdf,145,high,
1650,大字羽屋99番地の1,南太平寺17組の3 ﾒｿﾞﾝｴﾄｳC,南太平寺三丁目,4,23,minamitaiheijiuedamachikyushinpdf.pdf,145,high,
1651,大字羽屋99番地の1,南太平寺17組の3 ﾒｿﾞﾝｴﾄｳD,南太平寺三丁目,4,24,minamitaiheijiuedamachikyushinpdf.pdf,145,high,
1652,大字羽屋99番地の3,南太平寺17組の3,南太平寺三丁目,4,18,minamitaiheijiuedamachikyushinpdf.pdf,145,high,
1653,大字羽屋100番地の1,南太平寺18組 1号,南太平寺三丁目,4,29,minamitaiheijiuedamachikyushinpdf.pdf,145,high,
1654,大字羽屋100番地の1,南太平寺18組 2号,南太平寺三丁目,4,30,minamitaiheijiuedamachikyushinpdf.pdf,145,high,
1655,大字羽屋100番地の1,南太平寺18組 3号,南太平寺三丁目,4,31,minamitaiheijiuedamachikyushinpdf.pdf,145,high,
1656,大字羽屋100番地の1,南太平寺18組,南太平寺三丁目,4,32,minamitaiheijiuedamachikyushinpdf.pdf,146,high,
1657,大字羽屋100番地の1,南太平寺18組 6号,南太平寺三丁目,4,33,minamitaiheijiuedamachikyushinpdf.pdf,146,high,
1658,大字羽屋100番地の1,南太平寺18組 7号,南太平寺三丁目,4,34,minamitaiheijiuedamachikyushinpdf.pdf,146,high,資料上2回出現
1659,大字羽屋100番地の1,南太平寺18組,南太平寺三丁目,4,35,minamitaiheijiuedamachikyushinpdf.pdf,146,high,
1660,大字羽屋100番地の1,南太平寺18組,南太平寺三丁目,4,36,minamitaiheijiuedamachikyushinpdf.pdf,146,high,
1661,大字羽屋100番地の5,南太平寺18組,南太平寺三丁目,4,46,minamitaiheijiuedamachikyushinpdf.pdf,146,high,資料上2回出現
1662,大字羽屋100番地の6,南太平寺18組,南太平寺三丁目,4,47,minamitaiheijiuedamachikyushinpdf.pdf,146,high,
1663,大字羽屋100番地の8,南太平寺18組,南太平寺三丁目,4,44,minamitaiheijiuedamachikyushinpdf.pdf,146,high,
1664,大字羽屋100番地の9,南太平寺18組,南太平寺三丁目,4,43,minamitaiheijiuedamachikyushinpdf.pdf,146,high,
1665,大字羽屋100番地の10,南太平寺18組,南太平寺三丁目,4,42,minamitaiheijiuedamachikyushinpdf.pdf,146,high,
1666,大字羽屋100番地の11,南太平寺18組,南太平寺三丁目,4,41,minamitaiheijiuedamachikyushinpdf.pdf,146,high,資料上2回出現
1667,大字羽屋100番地の12,南太平寺18組,南太平寺三丁目,4,40,minamitaiheijiuedamachikyushinpdf.pdf,147,high,
1668,大字羽屋100番地の13,南太平寺18組,南太平寺三丁目,4,39,minamitaiheijiuedamachikyushinpdf.pdf,147,high,
1669,大字羽屋100番地の14,南太平寺18組,南太平寺三丁目,4,38,minamitaiheijiuedamachikyushinpdf.pdf,147,high,
1670,大字羽屋100番地の15,南太平寺18組,南太平寺三丁目,4,37,minamitaiheijiuedamachikyushinpdf.pdf,147,high,
1671,大字羽屋101番地の1,南太平寺19組 豊府Rｱﾊﾟｰﾄﾒﾝﾄ101,南太平寺三丁目,4,48-101,minamitaiheijiuedamachikyushinpdf.pdf,147,high,
1672,大字羽屋101番地の1,南太平寺19組 豊府Rｱﾊﾟｰﾄﾒﾝﾄ102,南太平寺三丁目,4,48-102,minamitaiheijiuedamachikyushinpdf.pdf,147,high,
1673,大字羽屋101番地の1,南太平寺19組 豊府Rｱﾊﾟｰﾄﾒﾝﾄ103,南太平寺三丁目,4,48-103,minamitaiheijiuedamachikyushinpdf.pdf,147,high,
1674,大字羽屋101番地の1,南太平寺19組 高場ﾋﾞﾙ105,南太平寺三丁目,4,48-105,minamitaiheijiuedamachikyushinpdf.pdf,147,high,資料上2回出現
1675,大字羽屋101番地の1,南太平寺19組 豊府Rｱﾊﾟｰﾄﾒﾝﾄ201,南太平寺三丁目,4,48-201,minamitaiheijiuedamachikyushinpdf.pdf,147,high,
1676,大字羽屋101番地の1,南太平寺19組 豊府Rｱﾊﾟｰﾄﾒﾝﾄ202,南太平寺三丁目,4,48-202,minamitaiheijiuedamachikyushinpdf.pdf,147,high,
1677,大字羽屋101番地の1,南太平寺19組 豊府Rｱﾊﾟｰﾄﾒﾝﾄ203,南太平寺三丁目,4,48-203,minamitaiheijiuedamachikyushinpdf.pdf,147,high,
1678,大字羽屋101番地の1,南太平寺19組 高場ﾋﾞﾙ205,南太平寺三丁目,4,48-205,minamitaiheijiuedamachikyushinpdf.pdf,148,high,
1679,大字羽屋101番地の1,南太平寺19組 豊府Rｱﾊﾟｰﾄﾒﾝﾄ301,南太平寺三丁目,4,48-301,minamitaiheijiuedamachikyushinpdf.pdf,148,high,
1680,大字羽屋101番地の1,南太平寺19組 豊府Rｱﾊﾟｰﾄﾒﾝﾄ302,南太平寺三丁目,4,48-302,minamitaiheijiuedamachikyushinpdf.pdf,148,high,
1681,大字羽屋101番地の1,南太平寺19組 豊府Rｱﾊﾟｰﾄﾒﾝﾄ303,南太平寺三丁目,4,48-303,minamitaiheijiuedamachikyushinpdf.pdf,148,high,
1682,大字羽屋101番地の1,南太平寺19組 豊府Rｱﾊﾟｰﾄﾒﾝﾄ305,南太平寺三丁目,4,48-305,minamitaiheijiuedamachikyushinpdf.pdf,148,high,
1683,大字羽屋101番地の1,南太平寺19組 豊府Rｱﾊﾟｰﾄﾒﾝﾄ501,南太平寺三丁目,4,48-501,minamitaiheijiuedamachikyushinpdf.pdf,148,high,
1684,大字羽屋101番地の1,南太平寺19組 豊府Rｱﾊﾟｰﾄﾒﾝﾄ502,南太平寺三丁目,4,48-502,minamitaiheijiuedamachikyushinpdf.pdf,148,high,
1685,大字羽屋101番地の1,南太平寺19組 豊府Rｱﾊﾟｰﾄﾒﾝﾄ503,南太平寺三丁目,4,48-503,minamitaiheijiuedamachikyushinpdf.pdf,148,high,
1686,大字羽屋101番地の1,南太平寺19組 高場ﾋﾞﾙ505,南太平寺三丁目,4,48-505,minamitaiheijiuedamachikyushinpdf.pdf,148,high,
1687,大字羽屋101番地の7,南太平寺19組の1 ｼﾞｭﾈｽｳﾞｨﾗN101,南太平寺三丁目,4,55,minamitaiheijiuedamachikyushinpdf.pdf,148,high,
1688,大字羽屋101番地の7,南太平寺19組の1 ｼﾞｭﾈｽｳﾞｨﾗN102,南太平寺三丁目,4,55,minamitaiheijiuedamachikyushinpdf.pdf,148,high,
1689,大字羽屋101番地の7,南太平寺19組の1 ｼﾞｭﾈｽｳﾞｨﾗN103,南太平寺三丁目,4,55,minamitaiheijiuedamachikyushinpdf.pdf,148,high,
1690,大字羽屋101番地の7,南太平寺19組の1 ｼﾞｭﾈｽｳﾞｨﾗN104,南太平寺三丁目,4,55,minamitaiheijiuedamachikyushinpdf.pdf,148,high,
1691,大字羽屋101番地の7,南太平寺19組の1 ｼﾞｭﾈｽｳﾞｨﾗN105,南太平寺三丁目,4,55,minamitaiheijiuedamachikyushinpdf.pdf,149,high,
1692,大字羽屋101番地の7,南太平寺19組の1 ｼﾞｭﾈｽｳﾞｨﾗN201,南太平寺三丁目,4,55,minamitaiheijiuedamachikyushinpdf.pdf,149,high,
1693,大字羽屋101番地の7,南太平寺19組の1 ｼﾞｭﾈｽｳﾞｨﾗN202,南太平寺三丁目,4,55,minamitaiheijiuedamachikyushinpdf.pdf,149,high,
1694,大字羽屋101番地の7,南太平寺19組の1 ｼﾞｭﾈｽｳﾞｨﾗN203,南太平寺三丁目,4,55,minamitaiheijiuedamachikyushinpdf.pdf,149,high,
1695,大字羽屋101番地の7,南太平寺19組の1 ｼﾞｭﾈｽｳﾞｨﾗN204,南太平寺三丁目,4,55,minamitaiheijiuedamachikyushinpdf.pdf,149,high,
1696,大字羽屋101番地の7,南太平寺19組の1 ｼﾞｭﾈｽｳﾞｨﾗN205,南太平寺三丁目,4,55,minamitaiheijiuedamachikyushinpdf.pdf,149,high,
1697,大字羽屋101番地の8,南太平寺19組の1 ｼﾞｭﾈｽｳﾞｨﾗT101,南太平寺三丁目,4,56,minamitaiheijiuedamachikyushinpdf.pdf,149,high,
1698,大字羽屋101番地の8,南太平寺19組の1 ｼﾞｭﾈｽｳﾞｨﾗT102,南太平寺三丁目,4,56,minamitaiheijiuedamachikyushinpdf.pdf,149,high,
1699,大字羽屋101番地の8,南太平寺19組の1 ｼﾞｭﾈｽｳﾞｨﾗT103,南太平寺三丁目,4,56,minamitaiheijiuedamachikyushinpdf.pdf,149,high,
1700,大字羽屋101番地の8,南太平寺19組の1 ｼﾞｭﾈｽｳﾞｨﾗT104,南太平寺三丁目,4,56,minamitaiheijiuedamachikyushinpdf.pdf,149,high,
1701,大字羽屋101番地の8,南太平寺19組の1 ｼﾞｭﾈｽｳﾞｨﾗT105,南太平寺三丁目,4,56,minamitaiheijiuedamachikyushinpdf.pdf,149,high,
1702,大字羽屋101番地の8,南太平寺19組の1 ｼﾞｭﾈｽｳﾞｨﾗT201,南太平寺三丁目,4,56,minamitaiheijiuedamachikyushinpdf.pdf,149,high,
1703,大字羽屋101番地の8,南太平寺19組の1 ｼﾞｭﾈｽｳﾞｨﾗT202,南太平寺三丁目,4,56,minamitaiheijiuedamachikyushinpdf.pdf,149,high,
1704,大字羽屋101番地の8,南太平寺19組の1 ｼﾞｭﾈｽｳﾞｨﾗT203,南太平寺三丁目,4,56,minamitaiheijiuedamachikyushinpdf.pdf,150,high,
1705,大字羽屋101番地の8,南太平寺19組の1 ｼﾞｭﾈｽｳﾞｨﾗT204,南太平寺三丁目,4,56,minamitaiheijiuedamachikyushinpdf.pdf,150,high,
1706,大字羽屋101番地の8,南太平寺19組の1 ｼﾞｭﾈｽｳﾞｨﾗT205,南太平寺三丁目,4,56,minamitaiheijiuedamachikyushinpdf.pdf,150,high,
1707,大字羽屋105番地の1,上田町9組 Greenｶﾞｰﾃﾞﾝ南大分,上田町一丁目,12,5,minamitaiheijiuedamachikyushinpdf.pdf,150,high,資料上2回出現
1708,大字羽屋105番地の1,,上田町一丁目,12,5,minamitaiheijiuedamachikyushinpdf.pdf,150,high,
1709,大字羽屋107番地の5,上田町9組,上田町一丁目,12,22,minamitaiheijiuedamachikyushinpdf.pdf,150,high,
1710,大字羽屋107番地の6,上田町9組,上田町一丁目,12,21,minamitaiheijiuedamachikyushinpdf.pdf,150,high,
1711,大字羽屋107番地の7,上田町9組,上田町一丁目,12,19,minamitaiheijiuedamachikyushinpdf.pdf,150,high,
1712,大字羽屋107番地の8,上田町9組,上田町一丁目,12,18,minamitaiheijiuedamachikyushinpdf.pdf,150,high,
1713,大字羽屋107番地の9,上田町9組 ｺｰﾎﾟ上田1,上田町一丁目,12,17,minamitaiheijiuedamachikyushinpdf.pdf,150,high,
1714,大字羽屋107番地の9,上田町9組 ｺｰﾎﾟ上田2,上田町一丁目,12,17,minamitaiheijiuedamachikyushinpdf.pdf,150,high,
1715,大字羽屋107番地の9,上田町9組 ｺｰﾎﾟ上田3,上田町一丁目,12,17,minamitaiheijiuedamachikyushinpdf.pdf,150,high,
1716,大字羽屋107番地の9,上田町9組 ｺｰﾎﾟ上田5,上田町一丁目,12,17,minamitaiheijiuedamachikyushinpdf.pdf,151,high,
1717,大字羽屋107番地の9,上田町9組 ｺｰﾎﾟ上田6,上田町一丁目,12,17,minamitaiheijiuedamachikyushinpdf.pdf,151,high,
1718,大字羽屋107番地の9,上田町9組 ｺｰﾎﾟ上田7,上田町一丁目,12,17,minamitaiheijiuedamachikyushinpdf.pdf,151,high,
1719,大字羽屋107番地の9,上田町9組 ｺｰﾎﾟ上田8,上田町一丁目,12,17,minamitaiheijiuedamachikyushinpdf.pdf,151,high,
1720,大字羽屋109番地の1,上田町9組,上田町一丁目,12,35,minamitaiheijiuedamachikyushinpdf.pdf,151,high,
1721,大字羽屋109番地の4,上田町9組,上田町一丁目,12,30,minamitaiheijiuedamachikyushinpdf.pdf,151,high,資料上2回出現
1722,大字羽屋109番地の5,上田町9組,上田町一丁目,12,39,minamitaiheijiuedamachikyushinpdf.pdf,151,high,資料上4回出現
1723,大字羽屋109番地の5,,上田町一丁目,12,39,minamitaiheijiuedamachikyushinpdf.pdf,151,high,
1724,大字羽屋109番地の7,上田町9組,上田町一丁目,12,38,minamitaiheijiuedamachikyushinpdf.pdf,151,high,
1725,大字羽屋109番地の9,上田町9組,上田町一丁目,12,33,minamitaiheijiuedamachikyushinpdf.pdf,152,high,
1726,大字羽屋109番地の10,上田町9組,上田町一丁目,12,36,minamitaiheijiuedamachikyushinpdf.pdf,152,high,資料上2回出現
1727,大字羽屋109番地の12,上田町9組,上田町一丁目,12,34,minamitaiheijiuedamachikyushinpdf.pdf,152,high,
1728,大字羽屋110-1,,上田町二丁目,6,9,minamitaiheijiuedamachikyushinpdf.pdf,152,high,
1729,大字羽屋110-4,,上田町二丁目,6,5,minamitaiheijiuedamachikyushinpdf.pdf,152,high,
1730,大字羽屋110番地の6,上田町8組の2の2,上田町二丁目,6,1,minamitaiheijiuedamachikyushinpdf.pdf,152,high,資料上2回出現
1731,大字羽屋110番地の7,上田町8組の2の2,上田町二丁目,6,2,minamitaiheijiuedamachikyushinpdf.pdf,152,high,
1732,大字羽屋110番地の9,上田町8組の2の2,上田町二丁目,6,53,minamitaiheijiuedamachikyushinpdf.pdf,152,high,
1733,大字羽屋112番地の3,上田町8組の2 ﾚｼﾞﾃﾞﾝｽ羽屋101,上田町二丁目,6,32,minamitaiheijiuedamachikyushinpdf.pdf,152,high,
1734,大字羽屋112番地の3,上田町8組の2 ﾚｼﾞﾃﾞﾝｽ羽屋102,上田町二丁目,6,32,minamitaiheijiuedamachikyushinpdf.pdf,152,high,
1735,大字羽屋112番地の3,上田町8組の2 ﾚｼﾞﾃﾞﾝｽ羽屋201,上田町二丁目,6,32,minamitaiheijiuedamachikyushinpdf.pdf,152,high,
1736,大字羽屋112番地の3,上田町8組の2 ﾚｼﾞﾃﾞﾝｽ羽屋202,上田町二丁目,6,32,minamitaiheijiuedamachikyushinpdf.pdf,153,high,
1737,大字羽屋112番地の5,上田町8組の2の2,上田町二丁目,6,29,minamitaiheijiuedamachikyushinpdf.pdf,153,high,資料上2回出現
1738,大字羽屋112番地の6,上田町8組の2の2,上田町二丁目,6,26,minamitaiheijiuedamachikyushinpdf.pdf,153,high,
1739,大字羽屋112番地の7,上田町8組の2の2,上田町二丁目,6,52,minamitaiheijiuedamachikyushinpdf.pdf,153,high,資料上2回出現
1740,大字羽屋112番地の8,上田町8組の2の2,上田町二丁目,6,24,minamitaiheijiuedamachikyushinpdf.pdf,153,high,
1741,大字羽屋112番地の9,上田町8組の2の2,上田町二丁目,6,22,minamitaiheijiuedamachikyushinpdf.pdf,153,high,
1742,大字羽屋112番地の9,,上田町二丁目,6,22,minamitaiheijiuedamachikyushinpdf.pdf,153,high,
1743,大字羽屋112番地の11,上田町8組の2の2,上田町二丁目,6,18,minamitaiheijiuedamachikyushinpdf.pdf,153,high,
1744,大字羽屋112番地の12,上田町8組の2の2,上田町二丁目,6,17,minamitaiheijiuedamachikyushinpdf.pdf,153,high,
1745,大字羽屋112番地の14,上田町8組の2の2,上田町二丁目,6,28,minamitaiheijiuedamachikyushinpdf.pdf,153,high,
1746,大字羽屋112番地の15,上田町8組の2の2,上田町二丁目,6,19,minamitaiheijiuedamachikyushinpdf.pdf,153,high,
1747,大字羽屋114番地の1,上田町8組の2の1,上田町二丁目,6,41,minamitaiheijiuedamachikyushinpdf.pdf,154,high,
1748,大字羽屋114番地の2,上田町8組の2の1,上田町二丁目,6,48,minamitaiheijiuedamachikyushinpdf.pdf,154,high,資料上2回出現
1749,大字羽屋114番地の3,上田町8組の2の1,上田町二丁目,6,37,minamitaiheijiuedamachikyushinpdf.pdf,154,high,
1750,大字羽屋114番地の4,上田町8組の2の1,上田町二丁目,6,39,minamitaiheijiuedamachikyushinpdf.pdf,154,high,
1751,大字羽屋114番地の5,上田町8組の2の1,上田町二丁目,6,43,minamitaiheijiuedamachikyushinpdf.pdf,154,high,
1752,大字羽屋114番地の6,上田町8組の2の1 笠置ｱﾊﾟｰﾄ101,上田町二丁目,6,47,minamitaiheijiuedamachikyushinpdf.pdf,154,high,
1753,大字羽屋114番地の6,上田町8組の2の1 笠置ｱﾊﾟｰﾄ,上田町二丁目,6,47,minamitaiheijiuedamachikyushinpdf.pdf,154,high,
1754,大字羽屋114番地の6,上田町8組の2の1 笠置ｱﾊﾟｰﾄ201,上田町二丁目,6,47,minamitaiheijiuedamachikyushinpdf.pdf,154,high,
1755,大字羽屋114番地の6,上田町8組の2の1 笠置ｱﾊﾟｰﾄ202,上田町二丁目,6,47,minamitaiheijiuedamachikyushinpdf.pdf,154,high,資料上2回出現
1756,大字羽屋114番地の8,上田町8組の2の1,上田町二丁目,6,44,minamitaiheijiuedamachikyushinpdf.pdf,154,high,
1757,大字羽屋114番地の9,上田町8組の2の1,上田町二丁目,6,46,minamitaiheijiuedamachikyushinpdf.pdf,154,high,
1758,大字羽屋116番地の1,上田町8組の2の1,上田町二丁目,5,19,minamitaiheijiuedamachikyushinpdf.pdf,155,high,資料上2回出現
1759,大字羽屋116番地の5,上田町8組の2の1,上田町二丁目,5,11,minamitaiheijiuedamachikyushinpdf.pdf,155,high,
1760,大字羽屋116番地の7,上田町8組の2の1,上田町二丁目,5,21,minamitaiheijiuedamachikyushinpdf.pdf,155,high,
1761,大字羽屋116番地の9,上田町8組の2の1,上田町二丁目,5,17,minamitaiheijiuedamachikyushinpdf.pdf,155,high,
1762,大字羽屋116番地の11,上田町8組の2の1,上田町二丁目,5,13,minamitaiheijiuedamachikyushinpdf.pdf,155,high,
1763,大字羽屋116番地の12,上田町8組の2の1,上田町二丁目,5,14,minamitaiheijiuedamachikyushinpdf.pdf,155,high,
1764,大字羽屋140番地,上田町5組の2,上田町二丁目,4,18,minamitaiheijiuedamachikyushinpdf.pdf,155,high,
1765,大字羽屋140番地の2,上田町5組の2,上田町二丁目,5,1,minamitaiheijiuedamachikyushinpdf.pdf,155,high,
1766,大字羽屋140番地の3,上田町5組の2,上田町二丁目,5,2,minamitaiheijiuedamachikyushinpdf.pdf,155,high,
1767,大字羽屋140番地の4,上田町5組の2,上田町二丁目,5,4,minamitaiheijiuedamachikyushinpdf.pdf,155,high,
1768,大字羽屋140番地の6,上田町5組の2,上田町二丁目,5,6,minamitaiheijiuedamachikyushinpdf.pdf,155,high,
1769,大字羽屋140番地の7,上田町5組,上田町二丁目,5,8,minamitaiheijiuedamachikyushinpdf.pdf,155,high,
1770,大字羽屋140番地の8,上田町5組の2,上田町二丁目,5,10,minamitaiheijiuedamachikyushinpdf.pdf,156,high,資料上2回出現
1771,大字羽屋140番地の9,上田町5組の2,上田町二丁目,4,34,minamitaiheijiuedamachikyushinpdf.pdf,156,high,
1772,大字羽屋140番地の10,上田町5組の2,上田町二丁目,4,31,minamitaiheijiuedamachikyushinpdf.pdf,156,high,資料上2回出現
1773,大字羽屋140番地の10,上田町5組の2,上田町二丁目,4,32,minamitaiheijiuedamachikyushinpdf.pdf,156,high,資料上2回出現
1774,大字羽屋140番地の12,上田町5組の2,上田町二丁目,4,19,minamitaiheijiuedamachikyushinpdf.pdf,156,high,資料上2回出現
1775,大字羽屋140番地の18,上田町5組の2,上田町二丁目,4,33,minamitaiheijiuedamachikyushinpdf.pdf,156,high,資料上2回出現
1776,大字羽屋141番地の1,上田町5組の2,上田町二丁目,4,28,minamitaiheijiuedamachikyushinpdf.pdf,156,high,資料上2回出現
1777,大字羽屋141番地の2,上田町5組の2,上田町二丁目,4,36,minamitaiheijiuedamachikyushinpdf.pdf,157,high,
1778,大字羽屋141番地の2,,上田町二丁目,4,36,minamitaiheijiuedamachikyushinpdf.pdf,157,high,
1779,大字羽屋141-4,菅ｱﾊﾟｰﾄ101,上田町二丁目,4,14,minamitaiheijiuedamachikyushinpdf.pdf,157,high,
1780,大字羽屋141-4,菅ｱﾊﾟｰﾄ102,上田町二丁目,4,14,minamitaiheijiuedamachikyushinpdf.pdf,157,high,
1781,大字羽屋141-4,菅ｱﾊﾟｰﾄ201,上田町二丁目,4,14,minamitaiheijiuedamachikyushinpdf.pdf,157,high,
1782,大字羽屋141-4,菅ｱﾊﾟｰﾄ202,上田町二丁目,4,14,minamitaiheijiuedamachikyushinpdf.pdf,157,high,
1783,大字羽屋141番地の5,上田町5組の2,上田町二丁目,4,26,minamitaiheijiuedamachikyushinpdf.pdf,157,high,
1784,大字羽屋142番地の1,上田町4組の3 ｶｰｻﾌｪﾘｰﾁｪ101,上田町二丁目,4,1,minamitaiheijiuedamachikyushinpdf.pdf,157,high,
1785,大字羽屋142番地の1,上田町4組の3 ｶｰｻﾌｪﾘｰﾁｪ102,上田町二丁目,4,1,minamitaiheijiuedamachikyushinpdf.pdf,157,high,
1786,大字羽屋142番地の1,上田町4組の3 ｶｰｻﾌｪﾘｰﾁｪ103,上田町二丁目,4,1,minamitaiheijiuedamachikyushinpdf.pdf,157,high,
1787,大字羽屋142番地の1,上田町4組の3 ｶｰｻﾌｪﾘｰﾁｪ104,上田町二丁目,4,1,minamitaiheijiuedamachikyushinpdf.pdf,157,high,
1788,大字羽屋142番地の1,上田町4組の3 ｶｰｻﾌｪﾘｰﾁｪ105,上田町二丁目,4,1,minamitaiheijiuedamachikyushinpdf.pdf,157,high,
1789,大字羽屋142番地の1,上田町4組の3 ｶｰｻﾌｪﾘｰﾁｪ201,上田町二丁目,4,1,minamitaiheijiuedamachikyushinpdf.pdf,157,high,
1790,大字羽屋142番地の1,上田町4組の3 ｶｰｻﾌｪﾘｰﾁｪ202,上田町二丁目,4,1,minamitaiheijiuedamachikyushinpdf.pdf,158,high,
1791,大字羽屋142番地の1,上田町4組の3 ｶｰｻﾌｪﾘｰﾁｪ203,上田町二丁目,4,1,minamitaiheijiuedamachikyushinpdf.pdf,158,high,
1792,大字羽屋142番地の1,上田町4組の3 ｶｰｻﾌｪﾘｰﾁｪ204,上田町二丁目,4,1,minamitaiheijiuedamachikyushinpdf.pdf,158,high,資料上2回出現
1793,大字羽屋142番地の1,上田町4組の3 ｶｰｻﾌｪﾘｰﾁｪ205,上田町二丁目,4,1,minamitaiheijiuedamachikyushinpdf.pdf,158,high,
1794,大字羽屋142番地の1,ｶｰｻﾌｪﾘｰﾁｪ205,上田町二丁目,4,1,minamitaiheijiuedamachikyushinpdf.pdf,158,high,
1795,大字羽屋142番地の5,上田町4組の3,上田町二丁目,4,8,minamitaiheijiuedamachikyushinpdf.pdf,158,high,
1796,大字羽屋142番地の6,上田町4組の3,上田町二丁目,4,7,minamitaiheijiuedamachikyushinpdf.pdf,158,high,資料上2回出現
1797,大字羽屋142番地の7,上田町4組の3,上田町二丁目,4,6,minamitaiheijiuedamachikyushinpdf.pdf,158,high,資料上2回出現
1798,大字羽屋142番地の12,上田町4組の3,上田町二丁目,4,10,minamitaiheijiuedamachikyushinpdf.pdf,158,high,
1799,大字羽屋144番地の1,上田町4組の4 ｺｰﾎﾟ橋本103,上田町二丁目,3,18,minamitaiheijiuedamachikyushinpdf.pdf,158,high,
1800,大字羽屋144番地の1,上田町4組の4 ｺｰﾎﾟ橋本105,上田町二丁目,3,18,minamitaiheijiuedamachikyushinpdf.pdf,159,high,
1801,大字羽屋144番地の1,上田町4組の2 ｺｰﾎﾟ橋本107,上田町二丁目,3,18,minamitaiheijiuedamachikyushinpdf.pdf,159,high,
1802,大字羽屋144番地の1,上田町4組の4 ｺｰﾎﾟ橋本201,上田町二丁目,3,18,minamitaiheijiuedamachikyushinpdf.pdf,159,high,
1803,大字羽屋144番地の1,上田町4組の4 ｺｰﾎﾟ橋本202,上田町二丁目,3,18,minamitaiheijiuedamachikyushinpdf.pdf,159,high,
1804,大字羽屋144番地の1,上田町4組の4 ｺｰﾎﾟ橋本203,上田町二丁目,3,18,minamitaiheijiuedamachikyushinpdf.pdf,159,high,
1805,大字羽屋144番地の1,上田町4組の4 ｺｰﾎﾟ橋本206,上田町二丁目,3,18,minamitaiheijiuedamachikyushinpdf.pdf,159,high,
1806,大字羽屋144番地の1,上田町4組の4 ｺｰﾎﾟ橋本207,上田町二丁目,3,18,minamitaiheijiuedamachikyushinpdf.pdf,159,high,
1807,大字羽屋145番地の1,上田町4組の4 ｺｰﾎﾟ橋本101,上田町二丁目,3,18,minamitaiheijiuedamachikyushinpdf.pdf,159,high,
1808,大字羽屋145番地の1,上田町4組の4 ｺｰﾎﾟ橋本102,上田町二丁目,3,18,minamitaiheijiuedamachikyushinpdf.pdf,159,high,
1809,大字羽屋145番地の1,上田町4組の4 ｺｰﾎﾟ橋本106,上田町二丁目,3,18,minamitaiheijiuedamachikyushinpdf.pdf,159,high,
1810,大字羽屋145番地の1,上田町4組の4 ｺｰﾎﾟ橋本205,上田町二丁目,3,18,minamitaiheijiuedamachikyushinpdf.pdf,159,high,
1811,大字羽屋145番地の1,上田町4組の3,上田町二丁目,3,31,minamitaiheijiuedamachikyushinpdf.pdf,159,high,
1812,大字羽屋145番地の2,上田町4組の3,上田町二丁目,3,25,minamitaiheijiuedamachikyushinpdf.pdf,159,high,
1813,大字羽屋145番地の6,上田町4組の4,上田町二丁目,3,20,minamitaiheijiuedamachikyushinpdf.pdf,160,high,
1814,大字羽屋146番地の1,上田町4組の1,上田町二丁目,3,1,minamitaiheijiuedamachikyushinpdf.pdf,160,high,
1815,大字羽屋146番地の3,上田町4組の1,上田町二丁目,3,32,minamitaiheijiuedamachikyushinpdf.pdf,160,high,
1816,大字羽屋146番地の4,上田町4組の2 ｻﾜﾐｺｰﾎﾟ101,上田町二丁目,3,9,minamitaiheijiuedamachikyushinpdf.pdf,160,high,
1817,大字羽屋146番地の4,上田町4組の2 ｻﾜﾐｺｰﾎﾟⅡ102,上田町二丁目,3,9,minamitaiheijiuedamachikyushinpdf.pdf,160,high,
1818,大字羽屋146番地の4,上田町4組の2 ｻﾜﾐｺｰﾎﾟⅡ103,上田町二丁目,3,9,minamitaiheijiuedamachikyushinpdf.pdf,160,high,
1819,大字羽屋146番地の4,上田町4組の2 ｻﾜﾐｺｰﾎﾟⅡ105,上田町二丁目,3,9,minamitaiheijiuedamachikyushinpdf.pdf,160,high,
1820,大字羽屋146番地の4,上田町4組の2 ｻﾜﾐｺｰﾎﾟⅡ106,上田町二丁目,3,9,minamitaiheijiuedamachikyushinpdf.pdf,160,high,
1821,大字羽屋146番地の4,上田町4組の2 ｻﾜﾐｺｰﾎﾟⅡ201,上田町二丁目,3,9,minamitaiheijiuedamachikyushinpdf.pdf,160,high,
1822,大字羽屋146番地の4,上田町4組の2 ｻﾜﾐｺｰﾎﾟⅡ202,上田町二丁目,3,9,minamitaiheijiuedamachikyushinpdf.pdf,160,high,
1823,大字羽屋146番地の4,上田町4組の2 ｻﾜﾐｺｰﾎﾟⅡ203,上田町二丁目,3,9,minamitaiheijiuedamachikyushinpdf.pdf,160,high,
1824,大字羽屋146番地の4,上田町4組の2 ｻﾜﾐｺｰﾎﾟⅡ205,上田町二丁目,3,9,minamitaiheijiuedamachikyushinpdf.pdf,160,high,
1825,大字羽屋146番地の4,上田町4組の2 ｻﾜﾐｺｰﾎﾟⅡ206,上田町二丁目,3,9,minamitaiheijiuedamachikyushinpdf.pdf,160,high,
1826,大字羽屋146番地の5,上田町4組の1,上田町二丁目,3,3,minamitaiheijiuedamachikyushinpdf.pdf,161,high,
1827,大字羽屋146番地の6,上田町4組の1,上田町二丁目,3,2,minamitaiheijiuedamachikyushinpdf.pdf,161,high,
1828,大字羽屋146番地の7,上田町4組の2,上田町二丁目,3,6,minamitaiheijiuedamachikyushinpdf.pdf,161,high,
1829,大字羽屋146番地の12,上田町4組の1,上田町二丁目,3,4,minamitaiheijiuedamachikyushinpdf.pdf,161,high,
1830,大字羽屋147番地の1,上田町4組の2 ｾｿﾞﾝｹｲ101,上田町一丁目,9,13-101,minamitaiheijiuedamachikyushinpdf.pdf,161,high,
1831,大字羽屋147番地の1,上田町4組の2 ｾｿﾞﾝｹｲ102,上田町一丁目,9,13-102,minamitaiheijiuedamachikyushinpdf.pdf,161,high,
1832,大字羽屋147番地の1,上田町4組の2 ｾｿﾞﾝｹｲ103,上田町一丁目,9,13-103,minamitaiheijiuedamachikyushinpdf.pdf,161,high,
1833,大字羽屋147番地の1,上田町4組の2 ｾｿﾞﾝｹｲ104,上田町一丁目,9,13-104,minamitaiheijiuedamachikyushinpdf.pdf,161,high,
1834,大字羽屋147番地の1,上田町4組の2 ｾｿﾞﾝｹｲ201,上田町一丁目,9,13-201,minamitaiheijiuedamachikyushinpdf.pdf,161,high,
1835,大字羽屋147番地の1,上田町4組の2 ｾｿﾞﾝｹｲ202,上田町一丁目,9,13-202,minamitaiheijiuedamachikyushinpdf.pdf,161,high,
1836,大字羽屋147番地の1,上田町4組の2 ｾｿﾞﾝｹｲ203,上田町一丁目,9,13-203,minamitaiheijiuedamachikyushinpdf.pdf,161,high,資料上2回出現
1837,大字羽屋147番地の1,上田町4組の2 ｾｿﾞﾝｹｲ205,上田町一丁目,9,13-205,minamitaiheijiuedamachikyushinpdf.pdf,161,high,
1838,大字羽屋147番地の1,上田町4組の2 ｾｿﾞﾝｹｲ301,上田町一丁目,9,13-301,minamitaiheijiuedamachikyushinpdf.pdf,162,high,
1839,大字羽屋147番地の1,上田町4組の2 ｾｿﾞﾝｹｲ302,上田町一丁目,9,13-302,minamitaiheijiuedamachikyushinpdf.pdf,162,high,
1840,大字羽屋147番地の5,上田町4組の2,上田町一丁目,10,21,minamitaiheijiuedamachikyushinpdf.pdf,162,high,
1841,大字羽屋147番地の8,上田町4組の2,上田町一丁目,9,3,minamitaiheijiuedamachikyushinpdf.pdf,162,high,
1842,大字羽屋147番地の9,上田町4組の2,上田町一丁目,9,20,minamitaiheijiuedamachikyushinpdf.pdf,162,high,
1843,大字羽屋147番地の11,上田町4組の2,上田町一丁目,10,6,minamitaiheijiuedamachikyushinpdf.pdf,162,high,
1844,大字羽屋147番地の12,上田町4組の2,上田町一丁目,10,7,minamitaiheijiuedamachikyushinpdf.pdf,162,high,
1845,大字羽屋147番地の13,上田町4組の2,上田町一丁目,10,18,minamitaiheijiuedamachikyushinpdf.pdf,162,high,
1846,大字羽屋147番地の15,上田町4組の2,上田町一丁目,10,4,minamitaiheijiuedamachikyushinpdf.pdf,162,high,
1847,大字羽屋147番地の16,上田町4組の2,上田町一丁目,10,20,minamitaiheijiuedamachikyushinpdf.pdf,162,high,資料上2回出現
1848,大字羽屋147番地の16,,上田町一丁目,10,20,minamitaiheijiuedamachikyushinpdf.pdf,162,high,
1849,大字羽屋147番地の19,上田町4組の2,上田町一丁目,10,5,minamitaiheijiuedamachikyushinpdf.pdf,162,high,資料上2回出現
1850,大字羽屋147番地の20,上田町4組の2,上田町一丁目,9,16,minamitaiheijiuedamachikyushinpdf.pdf,163,high,
1851,大字羽屋147番地の21,上田町4組の2,上田町一丁目,9,9,minamitaiheijiuedamachikyushinpdf.pdf,163,high,
1852,大字羽屋147番地の22,上田町4組の2,上田町一丁目,10,9,minamitaiheijiuedamachikyushinpdf.pdf,163,high,
1853,大字羽屋147番地の23,上田町4組の2 ｼｽ･ﾎﾞﾇｰﾙ101,上田町一丁目,10,11-101,minamitaiheijiuedamachikyushinpdf.pdf,163,high,
1854,大字羽屋147番地の23,上田町4組の2 ｼｽ･ﾎﾞﾇｰﾙ102,上田町一丁目,10,11-102,minamitaiheijiuedamachikyushinpdf.pdf,163,high,
1855,大字羽屋147番地の23,上田町4組の2 ｼｽ･ﾎﾞﾇｰﾙ201,上田町一丁目,10,11-201,minamitaiheijiuedamachikyushinpdf.pdf,163,high,
1856,大字羽屋147番地の23,上田町4組の2 ｼｽ･ﾎﾞﾇｰﾙ202,上田町一丁目,10,11-202,minamitaiheijiuedamachikyushinpdf.pdf,163,high,
1857,大字羽屋147番地の23,上田町4組の2 ｼｽ･ﾎﾞﾇｰﾙ301,上田町一丁目,10,11-301,minamitaiheijiuedamachikyushinpdf.pdf,163,high,
1858,大字羽屋147番地の23,上田町4組の2 ｼｽ･ﾎﾞﾇｰﾙ302,上田町一丁目,10,11-302,minamitaiheijiuedamachikyushinpdf.pdf,163,high,
1859,大字羽屋151番地の5,上田町4組の2,上田町一丁目,11,14,minamitaiheijiuedamachikyushinpdf.pdf,163,high,
1860,大字羽屋151番地の8,上田町4組の2,上田町一丁目,11,7,minamitaiheijiuedamachikyushinpdf.pdf,163,high,
1861,大字羽屋151番地の11,上田町4組の2,上田町一丁目,11,1,minamitaiheijiuedamachikyushinpdf.pdf,163,high,
1862,大字羽屋151番地の12,上田町4組の2,上田町一丁目,11,4,minamitaiheijiuedamachikyushinpdf.pdf,164,high,
1863,大字羽屋151番地の13,上田町4組の2,上田町一丁目,11,5,minamitaiheijiuedamachikyushinpdf.pdf,164,high,
1864,大字羽屋151番地の14,上田町4組の2,上田町一丁目,11,11,minamitaiheijiuedamachikyushinpdf.pdf,164,high,
1865,大字羽屋151番地の15,上田町4組の2,上田町一丁目,11,12,minamitaiheijiuedamachikyushinpdf.pdf,164,high,
1866,大字羽屋153番地の1,上田町4組の2,上田町一丁目,11,19,minamitaiheijiuedamachikyushinpdf.pdf,164,high,
1867,大字羽屋153番地の1,上田町4組の2 旭寮,上田町一丁目,11,24,minamitaiheijiuedamachikyushinpdf.pdf,164,high,資料上9回出現
1868,大字羽屋153番地の1,上田町4組の2 旭寮202,上田町一丁目,11,24,minamitaiheijiuedamachikyushinpdf.pdf,165,high,
1869,大字羽屋153番地の1,上田町4組の2 旭寮301,上田町一丁目,11,24,minamitaiheijiuedamachikyushinpdf.pdf,165,high,
1870,大字羽屋153番地の1,上田町4組の2 旭寮302,上田町一丁目,11,24,minamitaiheijiuedamachikyushinpdf.pdf,165,high,
1871,大字羽屋153番地の1,上田町4組の2 旭寮303,上田町一丁目,11,24,minamitaiheijiuedamachikyushinpdf.pdf,165,high,
1872,大字羽屋153番地の4,上田町4-2,上田町一丁目,11,19,minamitaiheijiuedamachikyushinpdf.pdf,165,high,
1873,大字羽屋153番地5,,上田町一丁目,11,22,minamitaiheijiuedamachikyushinpdf.pdf,165,high,
1874,大字羽屋153番地の6,上田町4組の2,上田町一丁目,11,23,minamitaiheijiuedamachikyushinpdf.pdf,165,high,
1875,大字羽屋155番地,上田町3組,上田町一丁目,8,32,minamitaiheijiuedamachikyushinpdf.pdf,165,high,
1876,大字羽屋155番地,上田町3組,上田町一丁目,8,34,minamitaiheijiuedamachikyushinpdf.pdf,165,high,
1877,大字羽屋155番地の1,上田町3組,上田町一丁目,8,31,minamitaiheijiuedamachikyushinpdf.pdf,165,high,
1878,大字羽屋155番地の1,上田町3組,上田町一丁目,8,33,minamitaiheijiuedamachikyushinpdf.pdf,165,high,資料上2回出現
1879,大字羽屋155番地の1,上田町3組,上田町一丁目,8,35,minamitaiheijiuedamachikyushinpdf.pdf,166,high,
1880,大字羽屋155番地の5,上田町3組 ｴﾚｶﾞﾝｽ野崎ⅡC,上田町一丁目,8,24,minamitaiheijiuedamachikyushinpdf.pdf,166,high,
1881,大字羽屋155番地の5,上田町3組 ｴﾚｶﾞﾝｽ野崎ⅡD,上田町一丁目,8,24,minamitaiheijiuedamachikyushinpdf.pdf,166,high,
1882,大字羽屋155番地の5,上田町3組 ｴﾚｶﾞﾝｽ野崎ⅠA,上田町一丁目,8,25,minamitaiheijiuedamachikyushinpdf.pdf,166,high,
1883,大字羽屋155番地の5,上田町3組 ｴﾚｶﾞﾝｽ野崎ⅠB,上田町一丁目,8,25,minamitaiheijiuedamachikyushinpdf.pdf,166,high,
1884,大字羽屋156番地の1,上田町3組,上田町一丁目,8,18,minamitaiheijiuedamachikyushinpdf.pdf,166,high,
1885,大字羽屋156番地の4,上田町3組,上田町一丁目,8,21,minamitaiheijiuedamachikyushinpdf.pdf,166,high,
1886,大字羽屋157番地の1,上田町3組,上田町一丁目,8,16,minamitaiheijiuedamachikyushinpdf.pdf,166,high,
1887,大字羽屋158番地の1,上田町3組,上田町一丁目,8,11,minamitaiheijiuedamachikyushinpdf.pdf,166,high,
1888,大字羽屋158番地の2,上田町3組 ｸﾞﾗﾝｺｰﾄ上田町101,上田町一丁目,8,10,minamitaiheijiuedamachikyushinpdf.pdf,166,high,
1889,大字羽屋158番地の2,上田町3組 ｸﾞﾗﾝｺｰﾄ上田町102,上田町一丁目,8,10,minamitaiheijiuedamachikyushinpdf.pdf,166,high,
1890,大字羽屋158番地の3,上田町3組,上田町一丁目,8,43,minamitaiheijiuedamachikyushinpdf.pdf,166,high,
1891,大字羽屋159番地の1,上田町3組,上田町一丁目,8,9,minamitaiheijiuedamachikyushinpdf.pdf,166,high,
1892,大字羽屋159番地の3,上田町3組,上田町一丁目,8,8,minamitaiheijiuedamachikyushinpdf.pdf,167,high,
1893,大字羽屋160番地の1,上田町3組の1 ｻﾝ･ﾄﾞｰﾐA101,上田町一丁目,8,1-101,minamitaiheijiuedamachikyushinpdf.pdf,167,high,
1894,大字羽屋160番地の1,上田町3組の1 ｻﾝ･ﾄﾞｰﾐA102,上田町一丁目,8,1-102,minamitaiheijiuedamachikyushinpdf.pdf,167,high,
1895,大字羽屋160番地の1,上田町3組の1 ｻﾝ･ﾄﾞｰﾐA103,上田町一丁目,8,1-103,minamitaiheijiuedamachikyushinpdf.pdf,167,high,
1896,大字羽屋160番地の1,上田町3組の1 ｻﾝ･ﾄﾞｰﾐA105,上田町一丁目,8,1-105,minamitaiheijiuedamachikyushinpdf.pdf,167,high,
1897,大字羽屋160番地の1,上田町3組の1 ｻﾝ･ﾄﾞｰﾐA201,上田町一丁目,8,1-201,minamitaiheijiuedamachikyushinpdf.pdf,167,high,
1898,大字羽屋160番地の1,上田町3組の1 ｻﾝ･ﾄﾞｰﾐA202,上田町一丁目,8,1-202,minamitaiheijiuedamachikyushinpdf.pdf,167,high,
1899,大字羽屋160番地の1,上田町3組の1 ｻﾝ･ﾄﾞｰﾐA203,上田町一丁目,8,1-203,minamitaiheijiuedamachikyushinpdf.pdf,167,high,
1900,大字羽屋160番地の1,上田町3組の1 ｻﾝ･ﾄﾞｰﾐA205,上田町一丁目,8,1-205,minamitaiheijiuedamachikyushinpdf.pdf,167,high,
1901,大字羽屋160番地の1,上田町3組の1 ｻﾝ･ﾄﾞｰﾐA301,上田町一丁目,8,1-301,minamitaiheijiuedamachikyushinpdf.pdf,167,high,
1902,大字羽屋160番地の1,上田町3組の1 ｻﾝ･ﾄﾞｰﾐA302,上田町一丁目,8,1-302,minamitaiheijiuedamachikyushinpdf.pdf,167,high,
1903,大字羽屋160番地の1,上田町3組の1 ｻﾝ･ﾄﾞｰﾐA303,上田町一丁目,8,1-303,minamitaiheijiuedamachikyushinpdf.pdf,167,high,
1904,大字羽屋160番地の1,上田町3組の1 ｻﾝ･ﾄﾞｰﾐA305,上田町一丁目,8,1-305,minamitaiheijiuedamachikyushinpdf.pdf,167,high,
1905,大字羽屋160番地の1,上田町3組の1 ｻﾝ･ﾄﾞｰﾐB101,上田町一丁目,8,4-101,minamitaiheijiuedamachikyushinpdf.pdf,168,high,
1906,大字羽屋160番地の1,上田町3組の1 ｻﾝ･ﾄﾞｰﾐB102,上田町一丁目,8,4-102,minamitaiheijiuedamachikyushinpdf.pdf,168,high,
1907,大字羽屋160番地の1,上田町3組の1 ｻﾝ･ﾄﾞｰﾐB103,上田町一丁目,8,4-103,minamitaiheijiuedamachikyushinpdf.pdf,168,high,
1908,大字羽屋160番地の1,上田町3組の1 ｻﾝ･ﾄﾞｰﾐB105,上田町一丁目,8,4-105,minamitaiheijiuedamachikyushinpdf.pdf,168,high,
1909,大字羽屋160番地の1,上田町3組の1 ｻﾝ･ﾄﾞｰﾐB201,上田町一丁目,8,4-201,minamitaiheijiuedamachikyushinpdf.pdf,168,high,
1910,大字羽屋160番地の1,上田町3組の1 ｻﾝ･ﾄﾞｰﾐB202,上田町一丁目,8,4-202,minamitaiheijiuedamachikyushinpdf.pdf,168,high,
1911,大字羽屋160番地の1,上田町3組の1 ｻﾝ･ﾄﾞｰﾐB203,上田町一丁目,8,4-203,minamitaiheijiuedamachikyushinpdf.pdf,168,high,
1912,大字羽屋160番地の1,上田町3組の1 ｻﾝ･ﾄﾞｰﾐB205,上田町一丁目,8,4-205,minamitaiheijiuedamachikyushinpdf.pdf,168,high,
1913,大字羽屋160番地の1,上田町3組の1 ｻﾝ･ﾄﾞｰﾐB301,上田町一丁目,8,4-301,minamitaiheijiuedamachikyushinpdf.pdf,168,high,
1914,大字羽屋160番地の1,上田町3組の1 ｻﾝ･ﾄﾞｰﾐB302,上田町一丁目,8,4-302,minamitaiheijiuedamachikyushinpdf.pdf,168,high,
1915,大字羽屋160番地の1,上田町3組の1 ｻﾝ･ﾄﾞｰﾐB303,上田町一丁目,8,4-303,minamitaiheijiuedamachikyushinpdf.pdf,168,high,
1916,大字羽屋160番地の1,上田町3組の1 ｻﾝ･ﾄﾞｰﾐB305,上田町一丁目,8,4-305,minamitaiheijiuedamachikyushinpdf.pdf,168,high,
1917,大字羽屋162番地の4,上田町3組,上田町一丁目,5,20,minamitaiheijiuedamachikyushinpdf.pdf,168,high,資料上2回出現
1918,大字羽屋162番地の6,上田町2組,上田町一丁目,5,35,minamitaiheijiuedamachikyushinpdf.pdf,169,high,
1919,大字羽屋162番地の7,上田町2組,上田町一丁目,5,34,minamitaiheijiuedamachikyushinpdf.pdf,169,high,資料上2回出現
1920,大字羽屋162番地の8,上田町2組,上田町一丁目,5,32,minamitaiheijiuedamachikyushinpdf.pdf,169,high,資料上2回出現
1921,大字羽屋162番地の8,上田町2組 光荘ｲ,上田町一丁目,5,33,minamitaiheijiuedamachikyushinpdf.pdf,169,high,
1922,大字羽屋162番地の8,上田町2組 光荘102,上田町一丁目,5,33,minamitaiheijiuedamachikyushinpdf.pdf,169,high,
1923,大字羽屋162番地の8,上田町2組 光荘1Fﾊ,上田町一丁目,5,33,minamitaiheijiuedamachikyushinpdf.pdf,169,high,
1924,大字羽屋162番地の8,上田町2組 光荘104,上田町一丁目,5,33,minamitaiheijiuedamachikyushinpdf.pdf,169,high,
1925,大字羽屋162番地の8,上田町2組 光荘201,上田町一丁目,5,33,minamitaiheijiuedamachikyushinpdf.pdf,169,high,
1926,大字羽屋162番地の8,上田町2組 光荘202,上田町一丁目,5,33,minamitaiheijiuedamachikyushinpdf.pdf,169,high,
1927,大字羽屋162番地の8,上田町2組 光荘ﾄ,上田町一丁目,5,33,minamitaiheijiuedamachikyushinpdf.pdf,169,high,
1928,大字羽屋162番地の8,上田町2組 光荘20ﾁ,上田町一丁目,5,33,minamitaiheijiuedamachikyushinpdf.pdf,170,high,
1929,大字羽屋162番地の13,上田町3組,上田町一丁目,5,23,minamitaiheijiuedamachikyushinpdf.pdf,170,high,
1930,大字羽屋162番地の17,上田町2組,上田町一丁目,5,27,minamitaiheijiuedamachikyushinpdf.pdf,170,high,
1931,大字羽屋162番地の17,,上田町一丁目,5,27,minamitaiheijiuedamachikyushinpdf.pdf,170,high,
1932,大字羽屋162番地の20,上田町2組,上田町一丁目,5,26,minamitaiheijiuedamachikyushinpdf.pdf,170,high,
1933,大字羽屋162番地の25,上田町2組,上田町一丁目,5,31,minamitaiheijiuedamachikyushinpdf.pdf,170,high,資料上2回出現
1934,大字羽屋163番地の3,上田町2組,上田町一丁目,5,36,minamitaiheijiuedamachikyushinpdf.pdf,170,high,
1935,大字羽屋163番地の10,上田町3組,上田町一丁目,5,14,minamitaiheijiuedamachikyushinpdf.pdf,170,high,
1936,大字羽屋164番地の1,上田町3組,上田町一丁目,5,8,minamitaiheijiuedamachikyushinpdf.pdf,170,high,
1937,大字羽屋164番地の4,上田町2組,上田町一丁目,5,4,minamitaiheijiuedamachikyushinpdf.pdf,170,high,
1938,大字羽屋164番地の5,上田町2組,上田町一丁目,5,1,minamitaiheijiuedamachikyushinpdf.pdf,170,high,
1939,大字羽屋164番地の6,上田町2組,上田町一丁目,5,5,minamitaiheijiuedamachikyushinpdf.pdf,170,high,
1940,大字羽屋164番地の7,上田町2組,上田町一丁目,5,6,minamitaiheijiuedamachikyushinpdf.pdf,171,high,資料上2回出現
1941,大字羽屋164番地の8,上田町3組,上田町一丁目,5,9,minamitaiheijiuedamachikyushinpdf.pdf,171,high,
1942,大字羽屋164番地の9,上田町3組,上田町一丁目,5,12,minamitaiheijiuedamachikyushinpdf.pdf,171,high,資料上2回出現
1943,大字羽屋164番地の10,上田町2組,上田町一丁目,5,2,minamitaiheijiuedamachikyushinpdf.pdf,171,high,
1944,大字羽屋165番地,上田町2Aの2組 市営2A2-21,上田町一丁目,4,1-21,minamitaiheijiuedamachikyushinpdf.pdf,171,high,
1945,大字羽屋165番地,上田町2Aの2組 市営2A2-22,上田町一丁目,4,1-22,minamitaiheijiuedamachikyushinpdf.pdf,171,high,
1946,大字羽屋165番地,上田町2Aの2組 市営2A2-23,上田町一丁目,4,1-23,minamitaiheijiuedamachikyushinpdf.pdf,171,high,
1947,大字羽屋165番地,上田町2Aの2組 市営2A2-24,上田町一丁目,4,1-24,minamitaiheijiuedamachikyushinpdf.pdf,171,high,
1948,大字羽屋165番地,上田町2Aの2組 市営2A2-25,上田町一丁目,4,1-25,minamitaiheijiuedamachikyushinpdf.pdf,171,high,
1949,大字羽屋165番地,上田町2Aの2組 市営2A2-26,上田町一丁目,4,1-26,minamitaiheijiuedamachikyushinpdf.pdf,171,high,
1950,大字羽屋165番地,上田町2Aの2組 市営2A2-27,上田町一丁目,4,1-27,minamitaiheijiuedamachikyushinpdf.pdf,171,high,
1951,大字羽屋165番地,上田町2Aの2組 市営2A2-28,上田町一丁目,4,1-28,minamitaiheijiuedamachikyushinpdf.pdf,172,high,
1952,大字羽屋165番地,上田町2Aの2組 市営2A2-29,上田町一丁目,4,1-29,minamitaiheijiuedamachikyushinpdf.pdf,172,high,
1953,大字羽屋165番地,上田町2Aの2組 市営2A2-30,上田町一丁目,4,1-30,minamitaiheijiuedamachikyushinpdf.pdf,172,high,
1954,大字羽屋165番地,上田町2Aの2組 市営2A2-31,上田町一丁目,4,1-31,minamitaiheijiuedamachikyushinpdf.pdf,172,high,
1955,大字羽屋165番地,上田町2Aの2組 市営2A2-32,上田町一丁目,4,1-32,minamitaiheijiuedamachikyushinpdf.pdf,172,high,
1956,大字羽屋165番地,上田町2Aの2組 市営2A2-33,上田町一丁目,4,1-33,minamitaiheijiuedamachikyushinpdf.pdf,172,high,
1957,大字羽屋165番地,上田町2Aの2組 市営2A2-34,上田町一丁目,4,1-34,minamitaiheijiuedamachikyushinpdf.pdf,172,high,
1958,大字羽屋165番地,上田町2Aの2組 市営2A2-35,上田町一丁目,4,1-35,minamitaiheijiuedamachikyushinpdf.pdf,172,high,
1959,大字羽屋165番地,上田町2Aの2組 市営2A2-36,上田町一丁目,4,1-36,minamitaiheijiuedamachikyushinpdf.pdf,172,high,
1960,大字羽屋165番地,上田町1Aの2組 市営1A2-31,上田町一丁目,4,2-31,minamitaiheijiuedamachikyushinpdf.pdf,172,high,
1961,大字羽屋165番地,上田町1Aの2組 市営1A2-32,上田町一丁目,4,2-32,minamitaiheijiuedamachikyushinpdf.pdf,172,high,
1962,大字羽屋165番地,上田町1Aの2組 市営1A2-33,上田町一丁目,4,2-33,minamitaiheijiuedamachikyushinpdf.pdf,172,high,
1963,大字羽屋165番地,上田町1Aの2組 市営1A2-34,上田町一丁目,4,2-34,minamitaiheijiuedamachikyushinpdf.pdf,172,high,
1964,大字羽屋165番地,上田町1Aの2組 市営1A2-35,上田町一丁目,4,2-35,minamitaiheijiuedamachikyushinpdf.pdf,173,high,
1965,大字羽屋165番地,上田町1Aの2組 市営1A2-36,上田町一丁目,4,2-36,minamitaiheijiuedamachikyushinpdf.pdf,173,high,
1966,大字羽屋165番地,上田町1Aの2組 市営1A2-37,上田町一丁目,4,2-37,minamitaiheijiuedamachikyushinpdf.pdf,173,high,
1967,大字羽屋165番地,上田町1Aの2組 市営1A2-38,上田町一丁目,4,2-38,minamitaiheijiuedamachikyushinpdf.pdf,173,high,
1968,大字羽屋165番地,上田町1Aの2組 市営1A2-39,上田町一丁目,4,2-39,minamitaiheijiuedamachikyushinpdf.pdf,173,high,
1969,大字羽屋165番地,上田町1Aの2組 市営1A2-40,上田町一丁目,4,2-40,minamitaiheijiuedamachikyushinpdf.pdf,173,high,
1970,大字羽屋165番地,上田町1Aの2組 市営1A2-41,上田町一丁目,4,2-41,minamitaiheijiuedamachikyushinpdf.pdf,173,high,
1971,大字羽屋165番地,上田町1Aの2組 市営1A2-42,上田町一丁目,4,2-42,minamitaiheijiuedamachikyushinpdf.pdf,173,high,
1972,大字羽屋165番地,上田町1Aの2組 市営1A2-43,上田町一丁目,4,2-43,minamitaiheijiuedamachikyushinpdf.pdf,173,high,
1973,大字羽屋165番地,上田町1Aの2組 市営1A2-44,上田町一丁目,4,2-44,minamitaiheijiuedamachikyushinpdf.pdf,173,high,
1974,大字羽屋165番地,上田町1Aの2組 市営1A2-45,上田町一丁目,4,2-45,minamitaiheijiuedamachikyushinpdf.pdf,173,high,
1975,大字羽屋165番地,上田町1Aの2組 市営1A2-46,上田町一丁目,4,2-46,minamitaiheijiuedamachikyushinpdf.pdf,173,high,
1976,大字羽屋165番地,上田町1Aの2組 市営1A2-47,上田町一丁目,4,2-47,minamitaiheijiuedamachikyushinpdf.pdf,173,high,
1977,大字羽屋165番地,上田町1Aの2組 市営1A2-48,上田町一丁目,4,2-48,minamitaiheijiuedamachikyushinpdf.pdf,174,high,
1978,大字羽屋165番地,上田町1Aの2組 市営1A2-49,上田町一丁目,4,2-49,minamitaiheijiuedamachikyushinpdf.pdf,174,high,
1979,大字羽屋165番地,上田町1Aの2組 市営1A2-50,上田町一丁目,4,2-50,minamitaiheijiuedamachikyushinpdf.pdf,174,high,
1980,大字羽屋165番地,上田町1Aの2組 市営1A2-51,上田町一丁目,4,2-51,minamitaiheijiuedamachikyushinpdf.pdf,174,high,
1981,大字羽屋165番地,上田町1Aの2組 市営1A2-52,上田町一丁目,4,2-52,minamitaiheijiuedamachikyushinpdf.pdf,174,high,
1982,大字羽屋165番地,上田町1Aの2組 市営1A2-53,上田町一丁目,4,2-53,minamitaiheijiuedamachikyushinpdf.pdf,174,high,
1983,大字羽屋165番地,上田町1Aの2組 市営1A2-54,上田町一丁目,4,2-54,minamitaiheijiuedamachikyushinpdf.pdf,174,high,
1984,大字羽屋165番地,上田町1Aの2組 市営1A2-55,上田町一丁目,4,2-55,minamitaiheijiuedamachikyushinpdf.pdf,174,high,
1985,大字羽屋165番地,上田町1Aの2組 市営1A2-56,上田町一丁目,4,2-56,minamitaiheijiuedamachikyushinpdf.pdf,174,high,
1986,大字羽屋165番地,上田町1Aの2組 市営1A2-57,上田町一丁目,4,2-57,minamitaiheijiuedamachikyushinpdf.pdf,174,high,
1987,大字羽屋165番地,上田町1Aの2組 市営1A2-58,上田町一丁目,4,2-58,minamitaiheijiuedamachikyushinpdf.pdf,174,high,
1988,大字羽屋165番地,上田町1Aの2組 市営1A2-59,上田町一丁目,4,2-59,minamitaiheijiuedamachikyushinpdf.pdf,174,high,
1989,大字羽屋165番地,上田町1Aの2組 市営1A2-60,上田町一丁目,4,2-60,minamitaiheijiuedamachikyushinpdf.pdf,174,high,
1990,大字羽屋165番地,上田町1Aの2組 市営1A2-61,上田町一丁目,4,2-61,minamitaiheijiuedamachikyushinpdf.pdf,175,high,
1991,大字羽屋165番地,上田町1Aの2組 市営1A2-62,上田町一丁目,4,2-62,minamitaiheijiuedamachikyushinpdf.pdf,175,high,
1992,大字羽屋165番地,上田町1Aの1組 市営1A1-1,上田町一丁目,4,3-1,minamitaiheijiuedamachikyushinpdf.pdf,175,high,
1993,大字羽屋165番地,上田町1組の1 市営1A1-2,上田町一丁目,4,3-2,minamitaiheijiuedamachikyushinpdf.pdf,175,high,
1994,大字羽屋165番地,上田町1Aの1組 市営1A1-3,上田町一丁目,4,3-3,minamitaiheijiuedamachikyushinpdf.pdf,175,high,
1995,大字羽屋165番地,上田町1Aの1組 市営1A1-4,上田町一丁目,4,3-4,minamitaiheijiuedamachikyushinpdf.pdf,175,high,
1996,大字羽屋165番地,上田町1Aの1組 市営1A1-5,上田町一丁目,4,3-5,minamitaiheijiuedamachikyushinpdf.pdf,175,high,
1997,大字羽屋165番地,上田町1Aの1組 市営1A1-6,上田町一丁目,4,3-6,minamitaiheijiuedamachikyushinpdf.pdf,175,high,
1998,大字羽屋165番地,上田町1Aの1組 市営1A1-7,上田町一丁目,4,3-7,minamitaiheijiuedamachikyushinpdf.pdf,175,high,
1999,大字羽屋165番地,上田町1Aの1組 市営1A1-8,上田町一丁目,4,3-8,minamitaiheijiuedamachikyushinpdf.pdf,175,high,
2000,大字羽屋165番地,上田町1Aの1組 市営1A1-9,上田町一丁目,4,3-9,minamitaiheijiuedamachikyushinpdf.pdf,175,high,
2001,大字羽屋165番地,上田町1Aの1組 市営1A1-10,上田町一丁目,4,3-10,minamitaiheijiuedamachikyushinpdf.pdf,175,high,
2002,大字羽屋165番地,上田町1Aの1組 市営1A1-11,上田町一丁目,4,3-11,minamitaiheijiuedamachikyushinpdf.pdf,175,high,
2003,大字羽屋165番地,上田町1Aの1組 市営1A1-12,上田町一丁目,4,3-12,minamitaiheijiuedamachikyushinpdf.pdf,176,high,
2004,大字羽屋165番地,上田町1Aの1組 市営1A1-13,上田町一丁目,4,3-13,minamitaiheijiuedamachikyushinpdf.pdf,176,high,
2005,大字羽屋165番地,上田町7組 市営1A1-14,上田町一丁目,4,3-14,minamitaiheijiuedamachikyushinpdf.pdf,176,high,
2006,大字羽屋165番地,上田町1Aの1組 市営1A1-15,上田町一丁目,4,3-15,minamitaiheijiuedamachikyushinpdf.pdf,176,high,
2007,大字羽屋165番地,上田町1Aの1組 市営1A1-16,上田町一丁目,4,3-16,minamitaiheijiuedamachikyushinpdf.pdf,176,high,
2008,大字羽屋165番地,上田町1Aの1組 市営1A1-17,上田町一丁目,4,3-17,minamitaiheijiuedamachikyushinpdf.pdf,176,high,
2009,大字羽屋165番地,上田町1Aの1組 市営1A1-18,上田町一丁目,4,3-18,minamitaiheijiuedamachikyushinpdf.pdf,176,high,
2010,大字羽屋165番地,上田町1Aの1組 市営1A1-19,上田町一丁目,4,3-19,minamitaiheijiuedamachikyushinpdf.pdf,176,high,
2011,大字羽屋165番地,上田町1Aの1組 市営1A1-20,上田町一丁目,4,3-20,minamitaiheijiuedamachikyushinpdf.pdf,176,high,
2012,大字羽屋165番地,上田町1Aの1組 市営1A1-21,上田町一丁目,4,3-21,minamitaiheijiuedamachikyushinpdf.pdf,176,high,
2013,大字羽屋165番地,上田町1Aの1組 市営1A1-22,上田町一丁目,4,3-22,minamitaiheijiuedamachikyushinpdf.pdf,176,high,
2014,大字羽屋165番地,上田町1Aの1組 市営1A1-23,上田町一丁目,4,3-23,minamitaiheijiuedamachikyushinpdf.pdf,176,high,
2015,大字羽屋165番地,上田町1Aの1組 市営1A1-24,上田町一丁目,4,3-24,minamitaiheijiuedamachikyushinpdf.pdf,176,high,
2016,大字羽屋165番地,上田町1Aの1組 市営1A1-25,上田町一丁目,4,3-25,minamitaiheijiuedamachikyushinpdf.pdf,177,high,
2017,大字羽屋165番地,上田町1Aの1組 市営1A1-26,上田町一丁目,4,3-26,minamitaiheijiuedamachikyushinpdf.pdf,177,high,
2018,大字羽屋165番地,上田町1Aの1組 市営1A1-27,上田町一丁目,4,3-27,minamitaiheijiuedamachikyushinpdf.pdf,177,high,
2019,大字羽屋165番地,上田町1Aの1組 市営1A1-28,上田町一丁目,4,3-28,minamitaiheijiuedamachikyushinpdf.pdf,177,high,
2020,大字羽屋165番地,上田町1Aの1組 市営1A1-29,上田町一丁目,4,3-29,minamitaiheijiuedamachikyushinpdf.pdf,177,high,
2021,大字羽屋165番地,上田町1Aの1組 市営1A1-30,上田町一丁目,4,3-30,minamitaiheijiuedamachikyushinpdf.pdf,177,high,
2022,大字羽屋165番地,上田町2Aの1組 市営2A1-1,上田町一丁目,4,4-1,minamitaiheijiuedamachikyushinpdf.pdf,177,high,
2023,大字羽屋165番地,上田町2Aの1組 市営2A1-2,上田町一丁目,4,4-2,minamitaiheijiuedamachikyushinpdf.pdf,177,high,
2024,大字羽屋165番地,上田町2Aの1組 市営2A1-3,上田町一丁目,4,4-3,minamitaiheijiuedamachikyushinpdf.pdf,177,high,
2025,大字羽屋165番地,上田町2Aの1組 市営2A1-4,上田町一丁目,4,4-4,minamitaiheijiuedamachikyushinpdf.pdf,177,high,
2026,大字羽屋165番地,上田町2Aの1組 市営2A1-5,上田町一丁目,4,4-5,minamitaiheijiuedamachikyushinpdf.pdf,177,high,
2027,大字羽屋165番地,上田町2Aの1組 市営2A1-6,上田町一丁目,4,4-6,minamitaiheijiuedamachikyushinpdf.pdf,177,high,
2028,大字羽屋165番地,上田町2Aの1組 市営2A1-7,上田町一丁目,4,4-7,minamitaiheijiuedamachikyushinpdf.pdf,177,high,
2029,大字羽屋165番地,上田町2Aの1組 市営2A1-8,上田町一丁目,4,4-8,minamitaiheijiuedamachikyushinpdf.pdf,178,high,
2030,大字羽屋165番地,上田町2Aの1組 市営2A1-9,上田町一丁目,4,4-9,minamitaiheijiuedamachikyushinpdf.pdf,178,high,
2031,大字羽屋165番地,上田町2Aの1組 市営2A1-10,上田町一丁目,4,4-10,minamitaiheijiuedamachikyushinpdf.pdf,178,high,
2032,大字羽屋165番地,上田町2Aの1組 市営2A1-11,上田町一丁目,4,4-11,minamitaiheijiuedamachikyushinpdf.pdf,178,high,
2033,大字羽屋165番地,上田町2Aの1組 市営2A1-12,上田町一丁目,4,4-12,minamitaiheijiuedamachikyushinpdf.pdf,178,high,
2034,大字羽屋165番地,上田町2Aの1組 市営2A1-13,上田町一丁目,4,4-13,minamitaiheijiuedamachikyushinpdf.pdf,178,high,
2035,大字羽屋165番地,上田町2Aの1組 市営2A1-14,上田町一丁目,4,4-14,minamitaiheijiuedamachikyushinpdf.pdf,178,high,資料上2回出現
2036,大字羽屋165番地,上田町2Aの1組 市営2A1-15,上田町一丁目,4,4-15,minamitaiheijiuedamachikyushinpdf.pdf,178,high,
2037,大字羽屋165番地,上田町2Aの1組 市営2A1-16,上田町一丁目,4,4-16,minamitaiheijiuedamachikyushinpdf.pdf,178,high,
2038,大字羽屋165番地,上田町2Aの1組 市営2A1-17,上田町一丁目,4,4-17,minamitaiheijiuedamachikyushinpdf.pdf,178,high,
2039,大字羽屋165番地,上田町2Aの1組 市営2A1-18,上田町一丁目,4,4-18,minamitaiheijiuedamachikyushinpdf.pdf,178,high,
2040,大字羽屋165番地,上田町2Aの1組 市営2A1-19,上田町一丁目,4,4-19,minamitaiheijiuedamachikyushinpdf.pdf,178,high,
2041,大字羽屋165番地,上田町2Aの1組 市営2A1-20,上田町一丁目,4,4-20,minamitaiheijiuedamachikyushinpdf.pdf,179,high,
2042,大字羽屋165番地の1,,上田町一丁目,4,5,minamitaiheijiuedamachikyushinpdf.pdf,179,high,
2043,大字羽屋169番地の2,上田町5組の1 ﾌﾛｰﾗ羽屋101,上田町二丁目,1,20-101,minamitaiheijiuedamachikyushinpdf.pdf,179,high,
2044,大字羽屋169番地の2,上田町5組の1 ﾌﾛｰﾗ羽屋102,上田町二丁目,1,20-102,minamitaiheijiuedamachikyushinpdf.pdf,179,high,
2045,大字羽屋169番地の2,上田町5組の1 ﾌﾛｰﾗ羽屋103,上田町二丁目,1,20-103,minamitaiheijiuedamachikyushinpdf.pdf,179,high,
2046,大字羽屋169番地の2,上田町5組の1 ﾌﾛｰﾗ羽屋105,上田町二丁目,1,20-105,minamitaiheijiuedamachikyushinpdf.pdf,179,high,
2047,大字羽屋169番地の2,上田町5組の1 ﾌﾛｰﾗ羽屋106,上田町二丁目,1,20-106,minamitaiheijiuedamachikyushinpdf.pdf,179,high,
2048,大字羽屋169番地の2,上田町5組の1 ﾌﾛｰﾗ羽屋107,上田町二丁目,1,20-107,minamitaiheijiuedamachikyushinpdf.pdf,179,high,
2049,大字羽屋169番地の2,上田町5組の1 ﾌﾛｰﾗ羽屋108,上田町二丁目,1,20-108,minamitaiheijiuedamachikyushinpdf.pdf,179,high,
2050,大字羽屋169番地の2,上田町5組の1 ﾌﾛｰﾗ羽屋201,上田町二丁目,1,20-201,minamitaiheijiuedamachikyushinpdf.pdf,179,high,
2051,大字羽屋169番地の2,上田町5組の1 ﾌﾛｰﾗ羽屋202,上田町二丁目,1,20-202,minamitaiheijiuedamachikyushinpdf.pdf,179,high,
2052,大字羽屋169番地の2,上田町5組の1 ﾌﾛｰﾗ羽屋203,上田町二丁目,1,20-203,minamitaiheijiuedamachikyushinpdf.pdf,179,high,
2053,大字羽屋169番地の2,上田町5組の1 ﾌﾛｰﾗ羽屋205,上田町二丁目,1,20-205,minamitaiheijiuedamachikyushinpdf.pdf,179,high,
2054,大字羽屋169番地の2,上田町5組の1 ﾌﾛｰﾗ羽屋206,上田町二丁目,1,20-206,minamitaiheijiuedamachikyushinpdf.pdf,180,high,
2055,大字羽屋169番地の2,上田町5組の1 ﾌﾛｰﾗ羽屋207,上田町二丁目,1,20-207,minamitaiheijiuedamachikyushinpdf.pdf,180,high,
2056,大字羽屋169番地の2,上田町5組の1 ﾌﾛｰﾗ羽屋208,上田町二丁目,1,20-208,minamitaiheijiuedamachikyushinpdf.pdf,180,high,
2057,大字羽屋169番地の2,上田町5組の1 ﾌﾛｰﾗ羽屋301,上田町二丁目,1,20-301,minamitaiheijiuedamachikyushinpdf.pdf,180,high,
2058,大字羽屋169番地の2,上田町5組の1 ﾌﾛｰﾗ羽屋302,上田町二丁目,1,20-302,minamitaiheijiuedamachikyushinpdf.pdf,180,high,
2059,大字羽屋169番地の2,上田町5組の1 ﾌﾛｰﾗ羽屋303,上田町二丁目,1,20-303,minamitaiheijiuedamachikyushinpdf.pdf,180,high,
2060,大字羽屋169番地の2,上田町5組の1 ﾌﾛｰﾗ羽屋305,上田町二丁目,1,20-305,minamitaiheijiuedamachikyushinpdf.pdf,180,high,
2061,大字羽屋169番地の2,上田町5組の1 ﾌﾛｰﾗ羽屋306,上田町二丁目,1,20-306,minamitaiheijiuedamachikyushinpdf.pdf,180,high,
2062,大字羽屋169番地の2,上田町5組の1 ﾌﾛｰﾗ羽屋307,上田町二丁目,1,20-307,minamitaiheijiuedamachikyushinpdf.pdf,180,high,
2063,大字羽屋169番地の2,上田町5組の1 ﾌﾛｰﾗ羽屋308,上田町二丁目,1,20-308,minamitaiheijiuedamachikyushinpdf.pdf,180,high,
2064,大字羽屋169番地の7,上田町5組の1 ｴﾚｰﾇ羽屋101,上田町二丁目,2,1-101,minamitaiheijiuedamachikyushinpdf.pdf,180,high,
2065,大字羽屋169番地の7,上田町5組の1 ｴﾚｰﾇ羽屋102,上田町二丁目,2,1-102,minamitaiheijiuedamachikyushinpdf.pdf,180,high,
2066,大字羽屋169番地の7,上田町5組の1 ｴﾚｰﾇ羽屋103,上田町二丁目,2,1-103,minamitaiheijiuedamachikyushinpdf.pdf,180,high,
2067,大字羽屋169番地の7,上田町5組の1 ｴﾚｰﾇ羽屋201,上田町二丁目,2,1-201,minamitaiheijiuedamachikyushinpdf.pdf,181,high,
2068,大字羽屋169番地の7,上田町5組の1 ｴﾚｰﾇ羽屋202,上田町二丁目,2,1-202,minamitaiheijiuedamachikyushinpdf.pdf,181,high,
2069,大字羽屋169番地の7,上田町5組の1 ｴﾚｰﾇ羽屋203,上田町二丁目,2,1-203,minamitaiheijiuedamachikyushinpdf.pdf,181,high,
2070,大字羽屋169番地の7,上田町5組の1 ｴﾚｰﾇ羽屋301,上田町二丁目,2,1-301,minamitaiheijiuedamachikyushinpdf.pdf,181,high,
2071,大字羽屋169番地の7,上田町5組の1 ｴﾚｰﾇ羽屋302,上田町二丁目,2,1-302,minamitaiheijiuedamachikyushinpdf.pdf,181,high,
2072,大字羽屋169番地の7,上田町5組の1 ｴﾚｰﾇ羽屋303,上田町二丁目,2,1-303,minamitaiheijiuedamachikyushinpdf.pdf,181,high,
2073,大字羽屋169番地の8,上田町4組の1,上田町二丁目,2,3,minamitaiheijiuedamachikyushinpdf.pdf,181,high,
2074,大字羽屋169番地-９,,上田町二丁目,2,4,minamitaiheijiuedamachikyushinpdf.pdf,181,high,
2075,大字羽屋169番地の11,上田町5組の1,上田町二丁目,1,18,minamitaiheijiuedamachikyushinpdf.pdf,181,high,資料上2回出現
2076,大字羽屋169番地の15,上田町4組の1,上田町二丁目,2,6,minamitaiheijiuedamachikyushinpdf.pdf,181,high,資料上2回出現
2077,大字羽屋170-5番地,,上田町二丁目,2,47,minamitaiheijiuedamachikyushinpdf.pdf,181,high,
2078,大字羽屋170-5,,上田町二丁目,2,47,minamitaiheijiuedamachikyushinpdf.pdf,182,high,
2079,大字羽屋170番地の5,上田町5組の1 羽屋ｺｰﾎﾟ201,上田町二丁目,2,47,minamitaiheijiuedamachikyushinpdf.pdf,182,high,
2080,大字羽屋170番地の5,上田町5組の1 羽屋ｺｰﾎﾟ202,上田町二丁目,2,47,minamitaiheijiuedamachikyushinpdf.pdf,182,high,
2081,大字羽屋170番地の5,上田町5組の1 羽屋ｺｰﾎﾟ203,上田町二丁目,2,47,minamitaiheijiuedamachikyushinpdf.pdf,182,high,
2082,大字羽屋170番地の5,上田町5組の1 羽屋ｺｰﾎﾟ204,上田町二丁目,2,47,minamitaiheijiuedamachikyushinpdf.pdf,182,high,
2083,大字羽屋170番地の7,上田町5組の1,上田町二丁目,2,51,minamitaiheijiuedamachikyushinpdf.pdf,182,high,
2084,大字羽屋170番地の8,上田町4組の1,上田町二丁目,2,11,minamitaiheijiuedamachikyushinpdf.pdf,182,high,
2085,大字羽屋170番地の9,上田町5組の1,上田町二丁目,2,52,minamitaiheijiuedamachikyushinpdf.pdf,182,high,
2086,大字羽屋171番地の1,上田町4組の1 ｱﾑｰﾙ羽屋101,上田町二丁目,2,45-101,minamitaiheijiuedamachikyushinpdf.pdf,182,high,
2087,大字羽屋171番地の1,上田町4組の1 ｱﾑｰﾙ羽屋102,上田町二丁目,2,45-102,minamitaiheijiuedamachikyushinpdf.pdf,182,high,
2088,大字羽屋171番地の1,上田町4組の1 ｱﾑｰﾙ羽屋103,上田町二丁目,2,45-103,minamitaiheijiuedamachikyushinpdf.pdf,182,high,
2089,大字羽屋171番地の1,上田町4組の1 ｱﾑｰﾙ羽屋105,上田町二丁目,2,45-105,minamitaiheijiuedamachikyushinpdf.pdf,182,high,
2090,大字羽屋171番地の1,上田町4組の1 ｱﾑｰﾙ羽屋106,上田町二丁目,2,45-106,minamitaiheijiuedamachikyushinpdf.pdf,182,high,
2091,大字羽屋171番地の1,上田町4組の1 ｱﾑｰﾙ羽屋107,上田町二丁目,2,45-107,minamitaiheijiuedamachikyushinpdf.pdf,183,high,
2092,大字羽屋171番地の1,上田町4組の1 ｱﾑｰﾙ羽屋108,上田町二丁目,2,45-108,minamitaiheijiuedamachikyushinpdf.pdf,183,high,
2093,大字羽屋171番地の1,上田町4組の1 ｱﾑｰﾙ羽屋110,上田町二丁目,2,45-110,minamitaiheijiuedamachikyushinpdf.pdf,183,high,
2094,大字羽屋171番地の1,上田町4組の1 ｱﾑｰﾙ羽屋201,上田町二丁目,2,45-201,minamitaiheijiuedamachikyushinpdf.pdf,183,high,
2095,大字羽屋171番地の1,上田町4組の1 ｱﾑｰﾙ羽屋202,上田町二丁目,2,45-202,minamitaiheijiuedamachikyushinpdf.pdf,183,high,
2096,大字羽屋171番地の1,上田町4組の1 ｱﾑｰﾙ羽屋203,上田町二丁目,2,45-203,minamitaiheijiuedamachikyushinpdf.pdf,183,high,
2097,大字羽屋171番地の1,上田町4組の1 ｱﾑｰﾙ羽屋205,上田町二丁目,2,45-205,minamitaiheijiuedamachikyushinpdf.pdf,183,high,
2098,大字羽屋171番地の1,上田町4組の1 ｱﾑｰﾙ羽屋206,上田町二丁目,2,45-206,minamitaiheijiuedamachikyushinpdf.pdf,183,high,
2099,大字羽屋171番地の1,上田町4組の1 ｱﾑｰﾙ羽屋207,上田町二丁目,2,45-207,minamitaiheijiuedamachikyushinpdf.pdf,183,high,
2100,大字羽屋171番地の1,上田町4組の1 ｱﾑｰﾙ羽屋208,上田町二丁目,2,45-208,minamitaiheijiuedamachikyushinpdf.pdf,183,high,
2101,大字羽屋171番地の1,上田町4組の1 ｱﾑｰﾙ羽屋210,上田町二丁目,2,45-210,minamitaiheijiuedamachikyushinpdf.pdf,183,high,
2102,大字羽屋171番地の1,上田町4組の1 ｱﾑｰﾙ羽屋301,上田町二丁目,2,45-301,minamitaiheijiuedamachikyushinpdf.pdf,183,high,
2103,大字羽屋171番地の1,上田町4組の1 ｱﾑｰﾙ羽屋302,上田町二丁目,2,45-302,minamitaiheijiuedamachikyushinpdf.pdf,183,high,
2104,大字羽屋171番地の1,上田町4組の1 ｱﾑｰﾙ羽屋303,上田町二丁目,2,45-303,minamitaiheijiuedamachikyushinpdf.pdf,184,high,
2105,大字羽屋171番地の1,上田町4組の1 ｱﾑｰﾙ羽屋305,上田町二丁目,2,45-305,minamitaiheijiuedamachikyushinpdf.pdf,184,high,
2106,大字羽屋171番地の1,上田町4組の1 ｱﾑｰﾙ羽屋306,上田町二丁目,2,45-306,minamitaiheijiuedamachikyushinpdf.pdf,184,high,
2107,大字羽屋171番地の1,上田町4組の1 ｱﾑｰﾙ羽屋307,上田町二丁目,2,45-307,minamitaiheijiuedamachikyushinpdf.pdf,184,high,
2108,大字羽屋171番地の1,上田町4組の1 ｱﾑｰﾙ羽屋308,上田町二丁目,2,45-308,minamitaiheijiuedamachikyushinpdf.pdf,184,high,
2109,大字羽屋171番地の1,上田町4組の1 ｱﾑｰﾙ羽屋310,上田町二丁目,2,45-310,minamitaiheijiuedamachikyushinpdf.pdf,184,high,
2110,大字羽屋171番地の2,上田町5組の1 ﾄﾞﾘｰﾑ羽屋101,上田町二丁目,1,22-101,minamitaiheijiuedamachikyushinpdf.pdf,184,high,
2111,大字羽屋171番地の2,上田町5組の1 ﾄﾞﾘｰﾑ羽屋102,上田町二丁目,1,22-102,minamitaiheijiuedamachikyushinpdf.pdf,184,high,
2112,大字羽屋171番地の2,上田町5組の1 ﾄﾞﾘｰﾑ羽屋103,上田町二丁目,1,22-103,minamitaiheijiuedamachikyushinpdf.pdf,184,high,
2113,大字羽屋171番地の2,上田町5組の1 ﾄﾞﾘｰﾑ羽屋105,上田町二丁目,1,22-105,minamitaiheijiuedamachikyushinpdf.pdf,184,high,
2114,大字羽屋171番地の2,上田町5組の1 ﾄﾞﾘｰﾑ羽屋106,上田町二丁目,1,22-106,minamitaiheijiuedamachikyushinpdf.pdf,184,high,
2115,大字羽屋171番地の2,上田町5組の1 ﾄﾞﾘｰﾑ羽屋107,上田町二丁目,1,22-107,minamitaiheijiuedamachikyushinpdf.pdf,184,high,
2116,大字羽屋171番地の2,上田町5組の1 ﾄﾞﾘｰﾑ羽屋201,上田町二丁目,1,22-201,minamitaiheijiuedamachikyushinpdf.pdf,184,high,
2117,大字羽屋171番地の2,上田町5組の1 ﾄﾞﾘｰﾑ羽屋202,上田町二丁目,1,22-202,minamitaiheijiuedamachikyushinpdf.pdf,185,high,
2118,大字羽屋171番地の2,上田町5組の1 ﾄﾞﾘｰﾑ羽屋203,上田町二丁目,1,22-203,minamitaiheijiuedamachikyushinpdf.pdf,185,high,
2119,大字羽屋171番地の2,上田町5組の1 ﾄﾞﾘｰﾑ羽屋205,上田町二丁目,1,22-205,minamitaiheijiuedamachikyushinpdf.pdf,185,high,
2120,大字羽屋171番地の2,上田町5組の1 ﾄﾞﾘｰﾑ羽屋206,上田町二丁目,1,22-206,minamitaiheijiuedamachikyushinpdf.pdf,185,high,
2121,大字羽屋171番地の2,上田町5組の1 ﾄﾞﾘｰﾑ羽屋207,上田町二丁目,1,22-207,minamitaiheijiuedamachikyushinpdf.pdf,185,high,
2122,大字羽屋171番地の2,上田町5組の1 ﾄﾞﾘｰﾑ羽屋301,上田町二丁目,1,22-301,minamitaiheijiuedamachikyushinpdf.pdf,185,high,
2123,大字羽屋171番地の2,上田町5組の1 ﾄﾞﾘｰﾑ羽屋302,上田町二丁目,1,22-302,minamitaiheijiuedamachikyushinpdf.pdf,185,high,
2124,大字羽屋171番地の2,上田町5組の1 ﾄﾞﾘｰﾑ羽屋303,上田町二丁目,1,22-303,minamitaiheijiuedamachikyushinpdf.pdf,185,high,
2125,大字羽屋171番地の2,上田町5組の1 ﾄﾞﾘｰﾑ羽屋305,上田町二丁目,1,22-305,minamitaiheijiuedamachikyushinpdf.pdf,185,high,
2126,大字羽屋171番地の2,上田町5組の1 ﾄﾞﾘｰﾑ羽屋306,上田町二丁目,1,22-306,minamitaiheijiuedamachikyushinpdf.pdf,185,high,
2127,大字羽屋171番地の2,上田町5組の1 ﾄﾞﾘｰﾑ羽屋307,上田町二丁目,1,22-307,minamitaiheijiuedamachikyushinpdf.pdf,185,high,
2128,大字羽屋172番地の1,上田町5組の2,上田町二丁目,2,30,minamitaiheijiuedamachikyushinpdf.pdf,185,high,
2129,大字羽屋172番地の2,上田町5組の1,上田町二丁目,1,25,minamitaiheijiuedamachikyushinpdf.pdf,185,high,資料上2回出現
2130,大字羽屋172番地の6,上田町5組の2,上田町二丁目,2,36,minamitaiheijiuedamachikyushinpdf.pdf,186,high,
2131,大字羽屋172番地の8,上田町5組の2,上田町二丁目,2,24,minamitaiheijiuedamachikyushinpdf.pdf,186,high,資料上2回出現
2132,大字羽屋172番地の8,,上田町二丁目,2,25,minamitaiheijiuedamachikyushinpdf.pdf,186,high,
2133,大字羽屋172番地の9,上田町5組の2,上田町二丁目,2,23,minamitaiheijiuedamachikyushinpdf.pdf,186,high,
2134,大字羽屋172番地の10,上田町5組の2,上田町二丁目,2,22,minamitaiheijiuedamachikyushinpdf.pdf,186,high,
2135,大字羽屋172番地の11,上田町5組の2,上田町二丁目,2,21,minamitaiheijiuedamachikyushinpdf.pdf,186,high,
2136,大字羽屋172番地の13,上田町5組の1,上田町二丁目,2,42,minamitaiheijiuedamachikyushinpdf.pdf,186,high,
2137,大字羽屋173番地,上田町5組の1 ｸﾞﾘｰﾝｺｰﾄD101,上田町二丁目,1,35,minamitaiheijiuedamachikyushinpdf.pdf,186,high,
2138,大字羽屋173番地,上田町5組の1 ｸﾞﾘｰﾝｺｰﾄD102,上田町二丁目,1,35,minamitaiheijiuedamachikyushinpdf.pdf,186,high,
2139,大字羽屋173番地,上田町5組の1 ｸﾞﾘｰﾝｺｰﾄD201,上田町二丁目,1,35,minamitaiheijiuedamachikyushinpdf.pdf,186,high,
2140,大字羽屋173番地,上田町5組の1 ｸﾞﾘｰﾝｺｰﾄD202,上田町二丁目,1,35,minamitaiheijiuedamachikyushinpdf.pdf,186,high,
2141,大字羽屋173番地,上田町5組の1 ｸﾞﾘｰﾝｺｰﾄC101,上田町二丁目,1,37,minamitaiheijiuedamachikyushinpdf.pdf,187,high,
2142,大字羽屋173番地,上田町5組の1 ｸﾞﾘｰﾝｺｰﾄC102,上田町二丁目,1,37,minamitaiheijiuedamachikyushinpdf.pdf,187,high,
2143,大字羽屋173番地,上田町5組の1 ｸﾞﾘｰﾝｺｰﾄC201,上田町二丁目,1,37,minamitaiheijiuedamachikyushinpdf.pdf,187,high,
2144,大字羽屋173番地,上田町5組の1 ｸﾞﾘｰﾝｺｰﾄC202,上田町二丁目,1,37,minamitaiheijiuedamachikyushinpdf.pdf,187,high,
2145,大字羽屋173番地,上田町5組の1 ｸﾞﾘｰﾝｺｰﾄB101,上田町二丁目,1,38,minamitaiheijiuedamachikyushinpdf.pdf,187,high,
2146,大字羽屋173番地,上田町5組の1 ｸﾞﾘｰﾝｺｰﾄB102,上田町二丁目,1,38,minamitaiheijiuedamachikyushinpdf.pdf,187,high,
2147,大字羽屋173番地,上田町5組の1 ｸﾞﾘｰﾝｺｰﾄB201,上田町二丁目,1,38,minamitaiheijiuedamachikyushinpdf.pdf,187,high,
2148,大字羽屋173番地,上田町5組の1 ｸﾞﾘｰﾝｺｰﾄB202,上田町二丁目,1,38,minamitaiheijiuedamachikyushinpdf.pdf,187,high,
2149,大字羽屋173番地,上田町5組の1 ｸﾞﾘｰﾝｺｰﾄA101,上田町二丁目,1,39,minamitaiheijiuedamachikyushinpdf.pdf,187,high,
2150,大字羽屋173番地,上田町5組の1 ｸﾞﾘｰﾝｺｰﾄA102,上田町二丁目,1,39,minamitaiheijiuedamachikyushinpdf.pdf,187,high,
2151,大字羽屋173番地,上田町5組の1 ｸﾞﾘｰﾝｺｰﾄA201,上田町二丁目,1,39,minamitaiheijiuedamachikyushinpdf.pdf,187,high,
2152,大字羽屋173番地,上田町5組の1 ｸﾞﾘｰﾝｺｰﾄA202,上田町二丁目,1,39,minamitaiheijiuedamachikyushinpdf.pdf,187,high,
2153,大字羽屋173番地,上田町5組の1 ｸﾞﾘｰﾝｺｰﾄE101,上田町二丁目,1,40,minamitaiheijiuedamachikyushinpdf.pdf,187,high,
2154,大字羽屋173番地,上田町5組の1 ｸﾞﾘｰﾝｺｰﾄE102,上田町二丁目,1,40,minamitaiheijiuedamachikyushinpdf.pdf,188,high,
2155,大字羽屋173番地,上田町5組の1 ｸﾞﾘｰﾝｺｰﾄE201,上田町二丁目,1,40,minamitaiheijiuedamachikyushinpdf.pdf,188,high,
2156,大字羽屋173番地,上田町5組の1 ｸﾞﾘｰﾝｺｰﾄE202,上田町二丁目,1,40,minamitaiheijiuedamachikyushinpdf.pdf,188,high,
2157,大字羽屋174番地の2,上田町5組の1,上田町二丁目,1,44,minamitaiheijiuedamachikyushinpdf.pdf,188,high,資料上2回出現
2158,大字羽屋174番地の5,上田町5組の1,上田町二丁目,1,47,minamitaiheijiuedamachikyushinpdf.pdf,188,high,資料上2回出現
2159,大字羽屋174番地の7,上田町5組の1,上田町二丁目,1,52,minamitaiheijiuedamachikyushinpdf.pdf,188,high,
2160,大字羽屋175番地,上田町1組の2,上田町二丁目,1,58,minamitaiheijiuedamachikyushinpdf.pdf,188,high,
2161,大字羽屋175番地の2,上田町5組の1,上田町二丁目,1,55,minamitaiheijiuedamachikyushinpdf.pdf,188,high,資料上2回出現
2162,大字羽屋175番地の2,上田町1組の2,上田町二丁目,1,59,minamitaiheijiuedamachikyushinpdf.pdf,188,high,
2163,大字羽屋175番地の3,上田町1組の2,上田町二丁目,1,60,minamitaiheijiuedamachikyushinpdf.pdf,188,high,
2164,大字羽屋176番地の6,上田町1組の2,上田町二丁目,1,7,minamitaiheijiuedamachikyushinpdf.pdf,189,high,
2165,大字羽屋176番地の6,,上田町二丁目,1,7,minamitaiheijiuedamachikyushinpdf.pdf,189,high,
2166,大字羽屋176番地の7,上田町1組の2,上田町二丁目,1,9,minamitaiheijiuedamachikyushinpdf.pdf,189,high,資料上2回出現
2167,大字羽屋176番地の8,上田町1組の2,上田町二丁目,1,10,minamitaiheijiuedamachikyushinpdf.pdf,189,high,
2168,大字羽屋176番地の10,上田町1組の2,上田町二丁目,1,11,minamitaiheijiuedamachikyushinpdf.pdf,189,high,
2169,大字羽屋177番地の1,上田町2組の1 ﾛﾌﾃｨ羽屋101,上田町一丁目,3,1-101,minamitaiheijiuedamachikyushinpdf.pdf,189,high,
2170,大字羽屋177番地の1,上田町2組の1 ﾛﾌﾃｨ羽屋103,上田町一丁目,3,1-103,minamitaiheijiuedamachikyushinpdf.pdf,189,high,
2171,大字羽屋177番地の1,上田町2組の1 ﾛﾌﾃｨ羽屋105,上田町一丁目,3,1-105,minamitaiheijiuedamachikyushinpdf.pdf,189,high,
2172,大字羽屋177番地の1,上田町2組の1 ﾛﾌﾃｨ羽屋106,上田町一丁目,3,1-106,minamitaiheijiuedamachikyushinpdf.pdf,189,high,
2173,大字羽屋177番地の1,上田町2組の1 ﾛﾌﾃｨ羽屋111,上田町一丁目,3,1-111,minamitaiheijiuedamachikyushinpdf.pdf,189,high,
2174,大字羽屋177番地の1,上田町2組の1 ﾛﾌﾃｨ羽屋112,上田町一丁目,3,1-112,minamitaiheijiuedamachikyushinpdf.pdf,189,high,
2175,大字羽屋177番地の1,上田町2組の1 ﾛﾌﾃｨ羽屋113,上田町一丁目,3,1-113,minamitaiheijiuedamachikyushinpdf.pdf,189,high,
2176,大字羽屋177番地の1,上田町2組の1 ﾛﾌﾃｨ羽屋115,上田町一丁目,3,1-115,minamitaiheijiuedamachikyushinpdf.pdf,190,high,
2177,大字羽屋177番地の1,上田町2組の1 ﾛﾌﾃｨ羽屋201,上田町一丁目,3,1-201,minamitaiheijiuedamachikyushinpdf.pdf,190,high,
2178,大字羽屋177番地の1,上田町2組の1 ﾛﾌﾃｨ羽屋202,上田町一丁目,3,1-202,minamitaiheijiuedamachikyushinpdf.pdf,190,high,
2179,大字羽屋177番地の1,上田町2組の1 ﾛﾌﾃｨ羽屋203,上田町一丁目,3,1-203,minamitaiheijiuedamachikyushinpdf.pdf,190,high,
2180,大字羽屋177番地の1,上田町2組の1 ﾛﾌﾃｨ羽屋205,上田町一丁目,3,1-205,minamitaiheijiuedamachikyushinpdf.pdf,190,high,
2181,大字羽屋177番地の1,上田町2組の1 ﾛﾌﾃｨ羽屋206,上田町一丁目,3,1-206,minamitaiheijiuedamachikyushinpdf.pdf,190,high,
2182,大字羽屋177番地の1,ﾛﾌﾃｨ羽屋206,上田町一丁目,3,1-206,minamitaiheijiuedamachikyushinpdf.pdf,190,high,
2183,大字羽屋177番地の1,上田町2組の1 ﾛﾌﾃｨ羽屋207,上田町一丁目,3,1-207,minamitaiheijiuedamachikyushinpdf.pdf,190,high,
2184,大字羽屋177番地の1,上田町2組の1 ﾛﾌﾃｨ羽屋208,上田町一丁目,3,1-208,minamitaiheijiuedamachikyushinpdf.pdf,190,high,
2185,大字羽屋177番地の1,上田町2組の1 ﾛﾌﾃｨ羽屋209,上田町一丁目,3,1-209,minamitaiheijiuedamachikyushinpdf.pdf,190,high,
2186,大字羽屋177番地の1,上田町2組の1 ﾛﾌﾃｨ羽屋210,上田町一丁目,3,1-210,minamitaiheijiuedamachikyushinpdf.pdf,190,high,
2187,大字羽屋177番地の1,上田町2組の1 ﾛﾌﾃｨ羽屋211,上田町一丁目,3,1-211,minamitaiheijiuedamachikyushinpdf.pdf,190,high,
2188,大字羽屋177番地の1,上田町2組の1 ﾛﾌﾃｨ羽屋212,上田町一丁目,3,1-212,minamitaiheijiuedamachikyushinpdf.pdf,190,high,
2189,大字羽屋177番地の1,上田町2組の1 ﾛﾌﾃｨ羽屋213,上田町一丁目,3,1-213,minamitaiheijiuedamachikyushinpdf.pdf,191,high,
2190,大字羽屋177番地の1,上田町2組の1 ﾛﾌﾃｨ羽屋215,上田町一丁目,3,1-215,minamitaiheijiuedamachikyushinpdf.pdf,191,high,
2191,大字羽屋177番地の1,上田町2組の1 ﾛﾌﾃｨ羽屋216,上田町一丁目,3,1-216,minamitaiheijiuedamachikyushinpdf.pdf,191,high,
2192,大字羽屋177番地の1,上田町2組の1 ﾛﾌﾃｨ羽屋217,上田町一丁目,3,1-217,minamitaiheijiuedamachikyushinpdf.pdf,191,high,
2193,大字羽屋177番地の1,上田町2組の1 ﾛﾌﾃｨ羽屋218,上田町一丁目,3,1-218,minamitaiheijiuedamachikyushinpdf.pdf,191,high,
2194,大字羽屋177番地の1,上田町2組の1 ﾛﾌﾃｨ羽屋301,上田町一丁目,3,1-301,minamitaiheijiuedamachikyushinpdf.pdf,191,high,
2195,大字羽屋177番地の1,上田町2組の1 ﾛﾌﾃｨ羽屋302,上田町一丁目,3,1-302,minamitaiheijiuedamachikyushinpdf.pdf,191,high,
2196,大字羽屋177番地の1,上田町2組の1 ﾛﾌﾃｨ羽屋303,上田町一丁目,3,1-303,minamitaiheijiuedamachikyushinpdf.pdf,191,high,
2197,大字羽屋177番地の1,上田町2組の1 ﾛﾌﾃｨ羽屋305,上田町一丁目,3,1-305,minamitaiheijiuedamachikyushinpdf.pdf,191,high,
2198,大字羽屋177番地の1,上田町2組の1 ﾛﾌﾃｨ羽屋306,上田町一丁目,3,1-306,minamitaiheijiuedamachikyushinpdf.pdf,191,high,資料上2回出現
2199,大字羽屋177番地の1,上田町2組の1 ﾛﾌﾃｨ羽屋307,上田町一丁目,3,1-307,minamitaiheijiuedamachikyushinpdf.pdf,191,high,
2200,大字羽屋177番地の1,上田町2組の1 ﾛﾌﾃｨ羽屋308,上田町一丁目,3,1-308,minamitaiheijiuedamachikyushinpdf.pdf,191,high,
2201,大字羽屋177番地の1,上田町2組の1 ﾛﾌﾃｨ羽屋309,上田町一丁目,3,1-309,minamitaiheijiuedamachikyushinpdf.pdf,192,high,
2202,大字羽屋177番地の1,上田町2組の1 ﾛﾌﾃｨ羽屋310,上田町一丁目,3,1-310,minamitaiheijiuedamachikyushinpdf.pdf,192,high,
2203,大字羽屋177番地の1,上田町2組の1 ﾛﾌﾃｨ羽屋311,上田町一丁目,3,1-311,minamitaiheijiuedamachikyushinpdf.pdf,192,high,
2204,大字羽屋177番地の1,上田町2組の1 ﾛﾌﾃｨ羽屋312,上田町一丁目,3,1-312,minamitaiheijiuedamachikyushinpdf.pdf,192,high,
2205,大字羽屋177番地の1,上田町2組の1 ﾛﾌﾃｨ羽屋313,上田町一丁目,3,1-313,minamitaiheijiuedamachikyushinpdf.pdf,192,high,資料上2回出現
2206,大字羽屋177番地の1,上田町2組の1 ﾛﾌﾃｨ羽屋315,上田町一丁目,3,1-315,minamitaiheijiuedamachikyushinpdf.pdf,192,high,
2207,大字羽屋177番地の1,上田町2組の1 ﾛﾌﾃｨ羽屋316,上田町一丁目,3,1-316,minamitaiheijiuedamachikyushinpdf.pdf,192,high,
2208,大字羽屋177番地の1,上田町2組の1 ﾛﾌﾃｨ羽屋317,上田町一丁目,3,1-317,minamitaiheijiuedamachikyushinpdf.pdf,192,high,
2209,大字羽屋177番地の1,ﾛﾌﾃｨ羽屋317,上田町一丁目,3,1-317,minamitaiheijiuedamachikyushinpdf.pdf,192,high,
2210,大字羽屋177番地の1,上田町2組の1 ﾛﾌﾃｨ羽屋318,上田町一丁目,3,1-318,minamitaiheijiuedamachikyushinpdf.pdf,192,high,
2211,大字羽屋177番地の1,上田町2組の1 ﾛﾌﾃｨ羽屋401,上田町一丁目,3,1-401,minamitaiheijiuedamachikyushinpdf.pdf,192,high,
2212,大字羽屋177番地の1,上田町2組の1 ﾛﾌﾃｨ羽屋402,上田町一丁目,3,1-402,minamitaiheijiuedamachikyushinpdf.pdf,192,high,
2213,大字羽屋177番地の1,上田町2組の1 ﾛﾌﾃｨ羽屋403,上田町一丁目,3,1-403,minamitaiheijiuedamachikyushinpdf.pdf,193,high,
2214,大字羽屋177番地の1,上田町2組の1 ﾛﾌﾃｨ羽屋405,上田町一丁目,3,1-405,minamitaiheijiuedamachikyushinpdf.pdf,193,high,
2215,大字羽屋177番地の1,上田町2組の1 ﾛﾌﾃｨ羽屋406,上田町一丁目,3,1-406,minamitaiheijiuedamachikyushinpdf.pdf,193,high,
2216,大字羽屋177番地の1,上田町2組の1 ﾛﾌﾃｨ羽屋407,上田町一丁目,3,1-407,minamitaiheijiuedamachikyushinpdf.pdf,193,high,
2217,大字羽屋177番地の1,上田町2組の1 ﾛﾌﾃｨ羽屋408,上田町一丁目,3,1-408,minamitaiheijiuedamachikyushinpdf.pdf,193,high,
2218,大字羽屋177番地の1,上田町2組の1 ﾛﾌﾃｨ羽屋409,上田町一丁目,3,1-409,minamitaiheijiuedamachikyushinpdf.pdf,193,high,
2219,大字羽屋177番地の1,上田町2組の1 ﾛﾌﾃｨ羽屋411,上田町一丁目,3,1-411,minamitaiheijiuedamachikyushinpdf.pdf,193,high,
2220,大字羽屋177番地の1,上田町2組の1 ﾛﾌﾃｨ羽屋412,上田町一丁目,3,1-412,minamitaiheijiuedamachikyushinpdf.pdf,193,high,
2221,大字羽屋177番地の1,上田町2組の1 ﾛﾌﾃｨ羽屋413,上田町一丁目,3,1-413,minamitaiheijiuedamachikyushinpdf.pdf,193,high,
2222,大字羽屋177番地の1,上田町2組の1 ﾛﾌﾃｨ羽屋415,上田町一丁目,3,1-415,minamitaiheijiuedamachikyushinpdf.pdf,193,high,
2223,大字羽屋177番地の1,上田町2組の1 ﾛﾌﾃｨ羽屋416,上田町一丁目,3,1-416,minamitaiheijiuedamachikyushinpdf.pdf,193,high,
2224,大字羽屋177番地の1,上田町2組の1 ﾛﾌﾃｨ羽屋417,上田町一丁目,3,1-417,minamitaiheijiuedamachikyushinpdf.pdf,193,high,
2225,大字羽屋177番地の1,上田町2組の1 ﾛﾌﾃｨ羽屋418,上田町一丁目,3,1-418,minamitaiheijiuedamachikyushinpdf.pdf,193,high,
2226,大字羽屋177番地の1,上田町2組の1 ﾛﾌﾃｨ羽屋501,上田町一丁目,3,1-501,minamitaiheijiuedamachikyushinpdf.pdf,194,high,
2227,大字羽屋177番地の1,上田町2組の1 ﾛﾌﾃｨ羽屋502,上田町一丁目,3,1-502,minamitaiheijiuedamachikyushinpdf.pdf,194,high,
2228,大字羽屋177番地の1,上田町2組の1 ﾛﾌﾃｨ羽屋503,上田町一丁目,3,1-503,minamitaiheijiuedamachikyushinpdf.pdf,194,high,資料上2回出現
2229,大字羽屋177番地の1,上田町2組の1 ﾛﾌﾃｨ羽屋505,上田町一丁目,3,1-505,minamitaiheijiuedamachikyushinpdf.pdf,194,high,
2230,大字羽屋177番地の1,上田町2組の1 ﾛﾌﾃｨ羽屋506,上田町一丁目,3,1-506,minamitaiheijiuedamachikyushinpdf.pdf,194,high,
2231,大字羽屋177番地の1,上田町2組の1 ﾛﾌﾃｨ羽屋507,上田町一丁目,3,1-507,minamitaiheijiuedamachikyushinpdf.pdf,194,high,
2232,大字羽屋177番地の1,上田町2組の1 ﾛﾌﾃｨ羽屋508,上田町一丁目,3,1-508,minamitaiheijiuedamachikyushinpdf.pdf,194,high,
2233,大字羽屋177番地の1,上田町2組の1 ﾛﾌﾃｨ羽屋509,上田町一丁目,3,1-509,minamitaiheijiuedamachikyushinpdf.pdf,194,high,
2234,大字羽屋177番地の1,上田町2組の1 ﾛﾌﾃｨ羽屋511,上田町一丁目,3,1-511,minamitaiheijiuedamachikyushinpdf.pdf,194,high,
2235,大字羽屋177番地の1,上田町2組の1 ﾛﾌﾃｨ羽屋512,上田町一丁目,3,1-512,minamitaiheijiuedamachikyushinpdf.pdf,194,high,
2236,大字羽屋177番地の1,上田町2組の1 ﾛﾌﾃｨ羽屋513,上田町一丁目,3,1-513,minamitaiheijiuedamachikyushinpdf.pdf,194,high,
2237,大字羽屋177番地の1,上田町2組の1 ﾛﾌﾃｨ羽屋515,上田町一丁目,3,1-515,minamitaiheijiuedamachikyushinpdf.pdf,194,high,
2238,大字羽屋177番地の1,上田町2組の1 ﾛﾌﾃｨ羽屋516,上田町一丁目,3,1-516,minamitaiheijiuedamachikyushinpdf.pdf,195,high,
2239,大字羽屋177番地の1,上田町2組の1 ﾛﾌﾃｨ羽屋517,上田町一丁目,3,1-517,minamitaiheijiuedamachikyushinpdf.pdf,195,high,
2240,大字羽屋177番地の1,上田町2組の1 ﾛﾌﾃｨ羽屋601,上田町一丁目,3,1-601,minamitaiheijiuedamachikyushinpdf.pdf,195,high,
2241,大字羽屋177番地の1,上田町2組の1 ﾛﾌﾃｨ羽屋602,上田町一丁目,3,1-602,minamitaiheijiuedamachikyushinpdf.pdf,195,high,
2242,大字羽屋177番地の1,上田町2組の1 ﾛﾌﾃｨ羽屋603,上田町一丁目,3,1-603,minamitaiheijiuedamachikyushinpdf.pdf,195,high,
2243,大字羽屋177番地の1,上田町2組の1 ﾛﾌﾃｨ羽屋605,上田町一丁目,3,1-605,minamitaiheijiuedamachikyushinpdf.pdf,195,high,
2244,大字羽屋177番地の1,上田町2組の1 ﾛﾌﾃｨ羽屋606,上田町一丁目,3,1-606,minamitaiheijiuedamachikyushinpdf.pdf,195,high,
2245,大字羽屋177番地の1,上田町2組の1 ﾛﾌﾃｨ羽屋607,上田町一丁目,3,1-607,minamitaiheijiuedamachikyushinpdf.pdf,195,high,
2246,大字羽屋177番地の1,上田町2組の1 ﾛﾌﾃｨ羽屋608,上田町一丁目,3,1-608,minamitaiheijiuedamachikyushinpdf.pdf,195,high,
2247,大字羽屋177番地の1,上田町2組の1 ﾛﾌﾃｨ羽屋611,上田町一丁目,3,1-611,minamitaiheijiuedamachikyushinpdf.pdf,195,high,
2248,大字羽屋177番地の1,上田町2組の1 ﾛﾌﾃｨ羽屋612,上田町一丁目,3,1-612,minamitaiheijiuedamachikyushinpdf.pdf,195,high,
2249,大字羽屋177番地の1,上田町2組の1 ﾛﾌﾃｨ羽屋613,上田町一丁目,3,1-613,minamitaiheijiuedamachikyushinpdf.pdf,195,high,資料上2回出現
2250,大字羽屋177番地の1,上田町2組の1 ﾛﾌﾃｨ羽屋615,上田町一丁目,3,1-615,minamitaiheijiuedamachikyushinpdf.pdf,196,high,
2251,大字羽屋177番地の1,上田町2組の1 ﾛﾌﾃｨ羽屋616,上田町一丁目,3,1-616,minamitaiheijiuedamachikyushinpdf.pdf,196,high,
2252,大字羽屋177番地の1,上田町2組の1 ﾛﾌﾃｨ羽屋701,上田町一丁目,3,1-701,minamitaiheijiuedamachikyushinpdf.pdf,196,high,
2253,大字羽屋177番地の1,上田町2組の1 ﾛﾌﾃｨ羽屋702,上田町一丁目,3,1-702,minamitaiheijiuedamachikyushinpdf.pdf,196,high,
2254,大字羽屋177番地の1,上田町2組の1 ﾛﾌﾃｨ羽屋703,上田町一丁目,3,1-703,minamitaiheijiuedamachikyushinpdf.pdf,196,high,
2255,大字羽屋177番地の1,上田町2組の1 ﾛﾌﾃｨ羽屋705,上田町一丁目,3,1-705,minamitaiheijiuedamachikyushinpdf.pdf,196,high,
2256,大字羽屋177番地の1,ﾛﾌﾃｨ羽屋705,上田町一丁目,3,1-705,minamitaiheijiuedamachikyushinpdf.pdf,196,high,
2257,大字羽屋177番地の1,上田町2組の1 ﾛﾌﾃｨ羽屋706,上田町一丁目,3,1-706,minamitaiheijiuedamachikyushinpdf.pdf,196,high,
2258,大字羽屋177番地の1,上田町2組の1 ﾛﾌﾃｨ羽屋707,上田町一丁目,3,1-707,minamitaiheijiuedamachikyushinpdf.pdf,196,high,
2259,大字羽屋177番地の1,上田町2組の1 ﾛﾌﾃｨ羽屋711,上田町一丁目,3,1-711,minamitaiheijiuedamachikyushinpdf.pdf,196,high,
2260,大字羽屋177番地の1,上田町2組の1 ﾛﾌﾃｨ羽屋712,上田町一丁目,3,1-712,minamitaiheijiuedamachikyushinpdf.pdf,196,high,
2261,大字羽屋177番地の1,上田町2組の1 ﾛﾌﾃｨ羽屋713,上田町一丁目,3,1-713,minamitaiheijiuedamachikyushinpdf.pdf,196,high,
2262,大字羽屋177番地の1,上田町2組の1 ﾛﾌﾃｨ羽屋715,上田町一丁目,3,1-715,minamitaiheijiuedamachikyushinpdf.pdf,196,high,
2263,大字羽屋177番地の1,上田町2組の1 ﾛﾌﾃｨ羽屋801,上田町一丁目,3,1-801,minamitaiheijiuedamachikyushinpdf.pdf,197,high,
2264,大字羽屋177番地の1,上田町2組の1 ﾛﾌﾃｨ羽屋802,上田町一丁目,3,1-802,minamitaiheijiuedamachikyushinpdf.pdf,197,high,
2265,大字羽屋177番地の1,上田町2組の1 ﾛﾌﾃｨ羽屋803,上田町一丁目,3,1-803,minamitaiheijiuedamachikyushinpdf.pdf,197,high,
2266,大字羽屋177番地の1,上田町2組の1 ﾛﾌﾃｨ羽屋805,上田町一丁目,3,1-805,minamitaiheijiuedamachikyushinpdf.pdf,197,high,
2267,大字羽屋177番地の1,上田町2組の1 ﾛﾌﾃｨ羽屋806,上田町一丁目,3,1-806,minamitaiheijiuedamachikyushinpdf.pdf,197,high,
2268,大字羽屋177番地の1,上田町2組の1 ﾛﾌﾃｨ羽屋807,上田町一丁目,3,1-807,minamitaiheijiuedamachikyushinpdf.pdf,197,high,
2269,大字羽屋177番地の1,上田町2組の1 ﾛﾌﾃｨ羽屋811,上田町一丁目,3,1-811,minamitaiheijiuedamachikyushinpdf.pdf,197,high,
2270,大字羽屋177番地の1,上田町2組の1 ﾛﾌﾃｨ羽屋812,上田町一丁目,3,1-812,minamitaiheijiuedamachikyushinpdf.pdf,197,high,
2271,大字羽屋177番地の1,上田町2組の1 ﾛﾌﾃｨ羽屋813,上田町一丁目,3,1-813,minamitaiheijiuedamachikyushinpdf.pdf,197,high,
2272,大字羽屋177番地の1,上田町2組の1 ﾛﾌﾃｨ羽屋815,上田町一丁目,3,1-815,minamitaiheijiuedamachikyushinpdf.pdf,197,high,
2273,大字羽屋177番地の1,上田町2組の1 ﾛﾌﾃｨ羽屋901,上田町一丁目,3,1-901,minamitaiheijiuedamachikyushinpdf.pdf,197,high,
2274,大字羽屋177番地の1,上田町2組の1 ﾛﾌﾃｨ羽屋902,上田町一丁目,3,1-902,minamitaiheijiuedamachikyushinpdf.pdf,197,high,
2275,大字羽屋177番地の1,上田町2組の1 ﾛﾌﾃｨ羽屋903,上田町一丁目,3,1-903,minamitaiheijiuedamachikyushinpdf.pdf,197,high,
2276,大字羽屋177番地の1,上田町2組の1 ﾛﾌﾃｨ羽屋905,上田町一丁目,3,1-905,minamitaiheijiuedamachikyushinpdf.pdf,198,high,
2277,大字羽屋177番地の1,上田町2組の1 ﾛﾌﾃｨ羽屋906,上田町一丁目,3,1-906,minamitaiheijiuedamachikyushinpdf.pdf,198,high,資料上2回出現
2278,大字羽屋177番地の1,上田町2組の1 ﾛﾌﾃｨ羽屋911,上田町一丁目,3,1-911,minamitaiheijiuedamachikyushinpdf.pdf,198,high,
2279,大字羽屋177番地の1,上田町2組の1 ﾛﾌﾃｨ羽屋912,上田町一丁目,3,1-912,minamitaiheijiuedamachikyushinpdf.pdf,198,high,
2280,大字羽屋177番地の1,上田町2組の1 ﾛﾌﾃｨ羽屋913,上田町一丁目,3,1-913,minamitaiheijiuedamachikyushinpdf.pdf,198,high,
2281,大字羽屋177番地の1,上田町2組の1 ﾛﾌﾃｨ羽屋915,上田町一丁目,3,1-915,minamitaiheijiuedamachikyushinpdf.pdf,198,high,
2282,大字羽屋177番地の1,上田町2組の1 ﾛﾌﾃｨ羽屋1001,上田町一丁目,3,1-1001,minamitaiheijiuedamachikyushinpdf.pdf,198,high,
2283,大字羽屋177番地の1,上田町2組の1 ﾛﾌﾃｨ羽屋1002,上田町一丁目,3,1-1002,minamitaiheijiuedamachikyushinpdf.pdf,198,high,
2284,大字羽屋177番地の3,上田町1組の2,上田町一丁目,3,11,minamitaiheijiuedamachikyushinpdf.pdf,198,high,
2285,大字羽屋177番地の4,上田町1組の2 CoCo上田Ⅰ,上田町一丁目,3,13,minamitaiheijiuedamachikyushinpdf.pdf,198,high,
2286,大字羽屋177番地の4,上田町1組の2 CoCo上田Ⅱ,上田町一丁目,3,13,minamitaiheijiuedamachikyushinpdf.pdf,198,high,
2287,大字羽屋179番地の1,上田町7組の2,上田町一丁目,3,33,minamitaiheijiuedamachikyushinpdf.pdf,198,high,
2288,大字羽屋179番地の4,上田町7組の2,上田町一丁目,3,37,minamitaiheijiuedamachikyushinpdf.pdf,199,high,
2289,大字羽屋179番地の6,上田町7組の2,上田町一丁目,3,40,minamitaiheijiuedamachikyushinpdf.pdf,199,high,
2290,大字羽屋179番地の8,上田町7組の2,上田町一丁目,3,41,minamitaiheijiuedamachikyushinpdf.pdf,199,high,
2291,大字羽屋179番地の8,上田町7組の2,上田町一丁目,3,43,minamitaiheijiuedamachikyushinpdf.pdf,199,high,
2292,大字羽屋179番地の10,上田町7組の2,上田町一丁目,3,46,minamitaiheijiuedamachikyushinpdf.pdf,199,high,
2293,大字羽屋179番地の11,上田町7組の2,上田町一丁目,3,47,minamitaiheijiuedamachikyushinpdf.pdf,199,high,
2294,大字羽屋179番地の12,上田町7組の2,上田町一丁目,3,49,minamitaiheijiuedamachikyushinpdf.pdf,199,high,
2295,大字羽屋179番地の14,上田町7組の2,上田町一丁目,3,52,minamitaiheijiuedamachikyushinpdf.pdf,199,high,
2296,大字羽屋179番地の14,上田町7組の2,上田町一丁目,3,53,minamitaiheijiuedamachikyushinpdf.pdf,199,high,
2297,大字羽屋179番地の15,上田町7組の2,上田町一丁目,3,55,minamitaiheijiuedamachikyushinpdf.pdf,199,high,
2298,大字羽屋179番地の17,上田町7組の2,上田町一丁目,3,51,minamitaiheijiuedamachikyushinpdf.pdf,199,high,
2299,大字羽屋179番地の21,上田町7組の2,上田町一丁目,3,48,minamitaiheijiuedamachikyushinpdf.pdf,199,high,
2300,大字羽屋180番地の2,上田町2組,上田町一丁目,3,18,minamitaiheijiuedamachikyushinpdf.pdf,199,high,資料上2回出現
2301,大字羽屋182番地の1,上田町7組の2,上田町一丁目,3,24,minamitaiheijiuedamachikyushinpdf.pdf,200,high,
2302,大字羽屋182番地の4,上田町7組の2,上田町一丁目,3,26,minamitaiheijiuedamachikyushinpdf.pdf,200,high,
2303,大字羽屋182番地の5,上田町7組の2,上田町一丁目,3,27,minamitaiheijiuedamachikyushinpdf.pdf,200,high,
2304,大字羽屋182番地の6,上田町7組の2の1 ｾｿﾞﾝｵｵｸﾗ101,上田町一丁目,3,31-101,minamitaiheijiuedamachikyushinpdf.pdf,200,high,
2305,大字羽屋182番地の6,上田町7組の2の1 ｾｿﾞﾝｵｵｸﾗ102,上田町一丁目,3,31-102,minamitaiheijiuedamachikyushinpdf.pdf,200,high,
2306,大字羽屋182番地の6,上田町7組の2の1 ｾｿﾞﾝｵｵｸﾗ103,上田町一丁目,3,31-103,minamitaiheijiuedamachikyushinpdf.pdf,200,high,
2307,大字羽屋182番地の6,上田町7組の2の1 ｾｿﾞﾝｵｵｸﾗ105,上田町一丁目,3,31-105,minamitaiheijiuedamachikyushinpdf.pdf,200,high,
2308,大字羽屋182番地の6,上田町7組の2の1 ｾｿﾞﾝｵｵｸﾗ201,上田町一丁目,3,31-201,minamitaiheijiuedamachikyushinpdf.pdf,200,high,
2309,大字羽屋182番地の6,上田町7組の2の1 ｾｿﾞﾝｵｵｸﾗ202,上田町一丁目,3,31-202,minamitaiheijiuedamachikyushinpdf.pdf,200,high,
2310,大字羽屋182番地の6,上田町7組の2の1 ｾｿﾞﾝｵｵｸﾗ203,上田町一丁目,3,31-203,minamitaiheijiuedamachikyushinpdf.pdf,200,high,
2311,大字羽屋182番地の6,上田町7組の2の1 ｾｿﾞﾝｵｵｸﾗ205,上田町一丁目,3,31-205,minamitaiheijiuedamachikyushinpdf.pdf,200,high,
2312,大字羽屋182番地の6,上田町7組の2の1 ｾｿﾞﾝｵｵｸﾗ301,上田町一丁目,3,31-301,minamitaiheijiuedamachikyushinpdf.pdf,200,high,
2313,大字羽屋182番地の6,上田町7組の2の1 ｾｿﾞﾝｵｵｸﾗ302,上田町一丁目,3,31-302,minamitaiheijiuedamachikyushinpdf.pdf,201,high,
2314,大字羽屋182-6,ｾｿﾞﾝｵｵｸﾗ302,上田町一丁目,3,31-302,minamitaiheijiuedamachikyushinpdf.pdf,201,high,
2315,大字羽屋182番地の6,上田町7組の2の1 ｾｿﾞﾝｵｵｸﾗ303,上田町一丁目,3,31-303,minamitaiheijiuedamachikyushinpdf.pdf,201,high,
2316,大字羽屋182番地の6,上田町7組の2の1 ｾｿﾞﾝｵｵｸﾗ305,上田町一丁目,3,31-305,minamitaiheijiuedamachikyushinpdf.pdf,201,high,
2317,大字羽屋182番地の7,上田町7組の2,上田町一丁目,3,22,minamitaiheijiuedamachikyushinpdf.pdf,201,high,
2318,大字羽屋183番地の1,上田町7組の1の3 ﾌﾚｸﾞﾗﾝｽﾊﾐﾝｸﾞB101,上田町一丁目,1,22,minamitaiheijiuedamachikyushinpdf.pdf,201,high,
2319,大字羽屋183番地の1,上田町7組の1の3 ﾌﾚｸﾞﾗﾝｽﾊﾐﾝｸﾞB102,上田町一丁目,1,22,minamitaiheijiuedamachikyushinpdf.pdf,201,high,
2320,大字羽屋183番地の1,上田町7組の1の3 ﾌﾚｸﾞﾗﾝｽﾊﾐﾝｸﾞB201,上田町一丁目,1,22,minamitaiheijiuedamachikyushinpdf.pdf,201,high,
2321,大字羽屋183番地の1,上田町7組の1の3 ﾌﾚｸﾞﾗﾝｽﾊﾐﾝｸﾞB202,上田町一丁目,1,22,minamitaiheijiuedamachikyushinpdf.pdf,201,high,
2322,大字羽屋183番地の1,上田町7組の1の3 ﾌﾚｸﾞﾗﾝｽﾊﾐﾝｸﾞA101,上田町一丁目,1,23,minamitaiheijiuedamachikyushinpdf.pdf,201,high,
2323,大字羽屋183番地の1,上田町7組の1の3 ﾌﾚｸﾞﾗﾝｽﾊﾐﾝｸﾞA102,上田町一丁目,1,23,minamitaiheijiuedamachikyushinpdf.pdf,201,high,
2324,大字羽屋183番地の1,上田町7組の1の3 ﾌﾚｸﾞﾗﾝｽﾊﾐﾝｸﾞA201,上田町一丁目,1,23,minamitaiheijiuedamachikyushinpdf.pdf,201,high,
2325,大字羽屋183番地の1,上田町7組の1の3 ﾌﾚｸﾞﾗﾝｽﾊﾐﾝｸﾞA202,上田町一丁目,1,23,minamitaiheijiuedamachikyushinpdf.pdf,201,high,
2326,大字羽屋183番地の4,上田町7組の2,上田町一丁目,1,25,minamitaiheijiuedamachikyushinpdf.pdf,202,high,
2327,大字羽屋183番地の6,上田町1組の2,上田町一丁目,1,16,minamitaiheijiuedamachikyushinpdf.pdf,202,high,資料上2回出現
2328,大字羽屋183番地の8,上田町1組の2,上田町一丁目,1,20,minamitaiheijiuedamachikyushinpdf.pdf,202,high,
2329,大字羽屋183番地の9,,上田町一丁目,1,20,minamitaiheijiuedamachikyushinpdf.pdf,202,high,
2330,大字羽屋184番地の1,上田町1-2,上田町一丁目,1,13,minamitaiheijiuedamachikyushinpdf.pdf,202,high,
2331,大字羽屋184番地の2,上田町1-2,上田町一丁目,1,12,minamitaiheijiuedamachikyushinpdf.pdf,202,high,
2332,大字羽屋187-1,,上田町二丁目,1,1,minamitaiheijiuedamachikyushinpdf.pdf,202,high,
2333,大字羽屋187番地1,,上田町二丁目,1,3,minamitaiheijiuedamachikyushinpdf.pdf,202,high,
2334,大字羽屋188番地の1,第11名城ﾋﾞﾙ1階,上田町二丁目,1,66,minamitaiheijiuedamachikyushinpdf.pdf,202,high,
2335,大字羽屋188-1,,上田町二丁目,1,66,minamitaiheijiuedamachikyushinpdf.pdf,202,high,
2336,大字羽屋188番地1,,上田町二丁目,1,66,minamitaiheijiuedamachikyushinpdf.pdf,202,high,資料上2回出現
2337,大字羽屋188-1,第11名城ﾋﾞﾙ301号,上田町二丁目,1,66-301,minamitaiheijiuedamachikyushinpdf.pdf,203,high,
2338,大字羽屋188番地の1,上田町1組の1 第11名城ﾋﾞﾙ302,上田町二丁目,1,66-302,minamitaiheijiuedamachikyushinpdf.pdf,203,high,
2339,大字羽屋188番地の1,上田町1組の1 第11名城ﾋﾞﾙ303,上田町二丁目,1,66-303,minamitaiheijiuedamachikyushinpdf.pdf,203,high,
2340,大字羽屋188番地の1,上田町1組の1 第11名城ﾋﾞﾙ305,上田町二丁目,1,66-305,minamitaiheijiuedamachikyushinpdf.pdf,203,high,
2341,大字羽屋188番地の1,上田町1組の1 第11名城ﾋﾞﾙ401,上田町二丁目,1,66-401,minamitaiheijiuedamachikyushinpdf.pdf,203,high,
2342,大字羽屋188番地の1,上田町1組の1 第11名城ﾋﾞﾙ402,上田町二丁目,1,66-402,minamitaiheijiuedamachikyushinpdf.pdf,203,high,
2343,大字羽屋188番地の1,上田町1組の1 第11名城ﾋﾞﾙ403,上田町二丁目,1,66-403,minamitaiheijiuedamachikyushinpdf.pdf,203,high,
2344,大字羽屋188番地の1,上田町1組の1 第11名城ﾋﾞﾙ405,上田町二丁目,1,66-405,minamitaiheijiuedamachikyushinpdf.pdf,203,high,
2345,大字羽屋188番地の1,上田町1組の1 第11名城ﾋﾞﾙ501,上田町二丁目,1,66-501,minamitaiheijiuedamachikyushinpdf.pdf,203,high,
2346,大字羽屋188番地の1,上田町1組の1 第11名城ﾋﾞﾙ502,上田町二丁目,1,66-502,minamitaiheijiuedamachikyushinpdf.pdf,203,high,
2347,大字羽屋188番地の1,上田町1組の1 第11名城ﾋﾞﾙ503,上田町二丁目,1,66-503,minamitaiheijiuedamachikyushinpdf.pdf,203,high,
2348,大字羽屋188番地の1,上田町1組の1 第11名城ﾋﾞﾙ505,上田町二丁目,1,66-505,minamitaiheijiuedamachikyushinpdf.pdf,203,high,
2349,大字羽屋188番地の1,上田町1組の1 第11名城ﾋﾞﾙ601,上田町二丁目,1,66-601,minamitaiheijiuedamachikyushinpdf.pdf,203,high,
2350,大字羽屋188番地の1,上田町1組の1 第11名城ﾋﾞﾙ602,上田町二丁目,1,66-602,minamitaiheijiuedamachikyushinpdf.pdf,204,high,
2351,大字羽屋188番地の1,上田町1組の1 第11名城ﾋﾞﾙ603,上田町二丁目,1,66-603,minamitaiheijiuedamachikyushinpdf.pdf,204,high,
2352,大字羽屋188番地の1,上田町1組の1 第11名城ﾋﾞﾙ605,上田町二丁目,1,66-605,minamitaiheijiuedamachikyushinpdf.pdf,204,high,
2353,大字羽屋188番地の1,上田町1組の1 第11名城ﾋﾞﾙ701,上田町二丁目,1,66-701,minamitaiheijiuedamachikyushinpdf.pdf,204,high,
2354,大字羽屋188番地の1,上田町1組の1 第11名城ﾋﾞﾙ702,上田町二丁目,1,66-702,minamitaiheijiuedamachikyushinpdf.pdf,204,high,
2355,大字羽屋188番地の1,上田町1組の1 第11名城ﾋﾞﾙ703,上田町二丁目,1,66-703,minamitaiheijiuedamachikyushinpdf.pdf,204,high,
2356,大字羽屋188番地の1,上田町1組の1 第11名城ﾋﾞﾙ705,上田町二丁目,1,66-705,minamitaiheijiuedamachikyushinpdf.pdf,204,high,
2357,大字羽屋2020番地,上田町8組の2の2,上田町二丁目,6,21,minamitaiheijiuedamachikyushinpdf.pdf,204,high,
2358,大字古国府176番地の1,古国府1組の4B fullereneK201,南太平寺四丁目,3,6-201,minamitaiheijiuedamachikyushinpdf.pdf,207,high,
2359,大字古国府176番地の1,古国府1組の4B fullereneK202,南太平寺四丁目,3,6-202,minamitaiheijiuedamachikyushinpdf.pdf,207,high,
2360,大字古国府176番地の1,古国府1組の4B fullereneK203,南太平寺四丁目,3,6-203,minamitaiheijiuedamachikyushinpdf.pdf,207,high,
2361,大字古国府176番地の1,古国府1組の4B fullereneK205,南太平寺四丁目,3,6-205,minamitaiheijiuedamachikyushinpdf.pdf,207,high,
2362,大字古国府176番地の1,古国府1組の4B fullereneK206,南太平寺四丁目,3,6-206,minamitaiheijiuedamachikyushinpdf.pdf,207,high,
2363,大字古国府176番地の1,古国府1組の4B fullereneK301,南太平寺四丁目,3,6-301,minamitaiheijiuedamachikyushinpdf.pdf,207,high,
2364,大字古国府176番地の1,古国府1組の4B fullereneK302,南太平寺四丁目,3,6-302,minamitaiheijiuedamachikyushinpdf.pdf,207,high,
2365,大字古国府176番地の1,古国府1組の4B fullereneK303,南太平寺四丁目,3,6-303,minamitaiheijiuedamachikyushinpdf.pdf,207,high,資料上2回出現
2366,大字古国府176番地の1,古国府1組の4B fullereneK305,南太平寺四丁目,3,6-305,minamitaiheijiuedamachikyushinpdf.pdf,207,high,
2367,大字古国府176番地の1,古国府1組の4B fullereneK306,南太平寺四丁目,3,6-306,minamitaiheijiuedamachikyushinpdf.pdf,207,high,
2368,大字古国府176番地の1,古国府1組の4B fullereneK401,南太平寺四丁目,3,6-401,minamitaiheijiuedamachikyushinpdf.pdf,207,high,
2369,大字古国府176番地の1,古国府1組の4B fullereneK402,南太平寺四丁目,3,6-402,minamitaiheijiuedamachikyushinpdf.pdf,207,high,
2370,大字古国府176番地の1,古国府1組の4B fullereneK403,南太平寺四丁目,3,6-403,minamitaiheijiuedamachikyushinpdf.pdf,208,high,
2371,大字古国府176番地の1,古国府1組の4B fullereneK405,南太平寺四丁目,3,6-405,minamitaiheijiuedamachikyushinpdf.pdf,208,high,
2372,大字古国府176番地の1,古国府1組の4B fullereneK406,南太平寺四丁目,3,6-406,minamitaiheijiuedamachikyushinpdf.pdf,208,high,
2373,大字古国府176番地の3,南太平寺8組の2 ﾌﾗｰﾚﾝL101,南太平寺四丁目,3,7-101,minamitaiheijiuedamachikyushinpdf.pdf,208,high,
2374,大字古国府176番地の3,南太平寺8組の3 ﾌﾗｰﾚﾝL102,南太平寺四丁目,3,7-102,minamitaiheijiuedamachikyushinpdf.pdf,208,high,
2375,大字古国府176番地の3,南太平寺8組の2 ﾌﾗｰﾚﾝL103,南太平寺四丁目,3,7-103,minamitaiheijiuedamachikyushinpdf.pdf,208,high,
2376,大字古国府176番地の3,南太平寺8組の2 ﾌﾗｰﾚﾝL105,南太平寺四丁目,3,7-105,minamitaiheijiuedamachikyushinpdf.pdf,208,high,
2377,大字古国府176番地の3,南太平寺8組の2 ﾌﾗｰﾚﾝL201,南太平寺四丁目,3,7-201,minamitaiheijiuedamachikyushinpdf.pdf,208,high,
2378,大字古国府176番地の3,南太平寺8組の2 ﾌﾗｰﾚﾝL202,南太平寺四丁目,3,7-202,minamitaiheijiuedamachikyushinpdf.pdf,208,high,
2379,大字古国府176番地の3,南太平寺8組の2 ﾌﾗｰﾚﾝL203,南太平寺四丁目,3,7-203,minamitaiheijiuedamachikyushinpdf.pdf,208,high,
2380,大字古国府176番地の3,南太平寺8組の3 ﾌﾗｰﾚﾝL205,南太平寺四丁目,3,7-205,minamitaiheijiuedamachikyushinpdf.pdf,208,high,
2381,大字古国府176番地の3,南太平寺8組の2 ﾌﾗｰﾚﾝL301,南太平寺四丁目,3,7-301,minamitaiheijiuedamachikyushinpdf.pdf,208,high,
2382,大字古国府176番地の3,南太平寺8組の2 ﾌﾗｰﾚﾝL302,南太平寺四丁目,3,7-302,minamitaiheijiuedamachikyushinpdf.pdf,208,high,
2383,大字古国府176番地の3,南太平寺8組の2 ﾌﾗｰﾚﾝL303,南太平寺四丁目,3,7-303,minamitaiheijiuedamachikyushinpdf.pdf,209,high,
2384,大字古国府176番地の3,南太平寺8組の2 ﾌﾗｰﾚﾝL305,南太平寺四丁目,3,7-305,minamitaiheijiuedamachikyushinpdf.pdf,209,high,
2385,大字古国府176番地の3,南太平寺8組の2 ﾌﾗｰﾚﾝL401,南太平寺四丁目,3,7-401,minamitaiheijiuedamachikyushinpdf.pdf,209,high,
2386,大字古国府176番地の3,南太平寺8組の2 ﾌﾗｰﾚﾝL402,南太平寺四丁目,3,7-402,minamitaiheijiuedamachikyushinpdf.pdf,209,high,
2387,大字古国府176番地の3,南太平寺8組の2 ﾌﾗｰﾚﾝL403,南太平寺四丁目,3,7-403,minamitaiheijiuedamachikyushinpdf.pdf,209,high,
2388,大字古国府176番地の3,南太平寺8組の2 ﾌﾗｰﾚﾝL405,南太平寺四丁目,3,7-405,minamitaiheijiuedamachikyushinpdf.pdf,209,high,
2389,大字古国府176番地の4,南太平寺8組,南太平寺四丁目,3,5,minamitaiheijiuedamachikyushinpdf.pdf,209,high,
2390,大字古国府177番地の3,南太平寺8組の3 ﾙﾅﾘｱ101,南太平寺四丁目,3,8,minamitaiheijiuedamachikyushinpdf.pdf,209,high,
2391,大字古国府177番地の3,南太平寺8組の3 ﾙﾅﾘｱ102,南太平寺四丁目,3,8,minamitaiheijiuedamachikyushinpdf.pdf,209,high,
2392,大字古国府177番地の3,南太平寺8組の3 ﾙﾅﾘｱ103,南太平寺四丁目,3,8,minamitaiheijiuedamachikyushinpdf.pdf,209,high,
2393,大字古国府177番地の3,南太平寺8組の3 ﾙﾅﾘｱ105,南太平寺四丁目,3,8,minamitaiheijiuedamachikyushinpdf.pdf,209,high,
2394,大字古国府177番地の3,南太平寺8組の3 ﾙﾅﾘｱ201,南太平寺四丁目,3,8,minamitaiheijiuedamachikyushinpdf.pdf,209,high,資料上2回出現
2395,大字古国府177番地の3,南太平寺8組の3 ﾙﾅﾘｱ202,南太平寺四丁目,3,8,minamitaiheijiuedamachikyushinpdf.pdf,210,high,
2396,大字古国府177番地の3,南太平寺8組の3 ﾙﾅﾘｱ203,南太平寺四丁目,3,8,minamitaiheijiuedamachikyushinpdf.pdf,210,high,
2397,大字古国府177番地の3,南太平寺8組の3 ﾙﾅﾘｱ205,南太平寺四丁目,3,8,minamitaiheijiuedamachikyushinpdf.pdf,210,high,
2398,大字古国府177番地の4,南太平寺8組の2 ﾌﾙﾗｰｼﾞｭ101,南太平寺四丁目,3,9,minamitaiheijiuedamachikyushinpdf.pdf,210,high,
2399,大字古国府177番地の4,南太平寺8組の2 ﾌﾙﾗｰｼﾞｭ102,南太平寺四丁目,3,9,minamitaiheijiuedamachikyushinpdf.pdf,210,high,
2400,大字古国府177番地の4,南太平寺8組の2 ﾌﾙﾗｰｼﾞｭ103,南太平寺四丁目,3,9,minamitaiheijiuedamachikyushinpdf.pdf,210,high,
2401,大字古国府177番地の4,南太平寺8組の2 ﾌﾙﾗｰｼﾞｭ105,南太平寺四丁目,3,9,minamitaiheijiuedamachikyushinpdf.pdf,210,high,
2402,大字古国府177番地の4,南太平寺8組の2 ﾌﾙﾗｰｼﾞｭ106,南太平寺四丁目,3,9,minamitaiheijiuedamachikyushinpdf.pdf,210,high,
2403,大字古国府177番地の4,南太平寺8組の2 ﾌﾙﾗｰｼﾞｭ107,南太平寺四丁目,3,9,minamitaiheijiuedamachikyushinpdf.pdf,210,high,
2404,大字古国府177番地の4,南太平寺8組の2 ﾌﾙﾗｰｼﾞｭ201,南太平寺四丁目,3,9,minamitaiheijiuedamachikyushinpdf.pdf,210,high,
2405,大字古国府177番地の4,南太平寺8組の2 ﾌﾙﾗｰｼﾞｭ202,南太平寺四丁目,3,9,minamitaiheijiuedamachikyushinpdf.pdf,210,high,
2406,大字古国府177番地の4,南太平寺8組の2 ﾌﾙﾗｰｼﾞｭ203,南太平寺四丁目,3,9,minamitaiheijiuedamachikyushinpdf.pdf,210,high,
2407,大字古国府177番地の4,南太平寺8組の2 ﾌﾙﾗｰｼﾞｭ205,南太平寺四丁目,3,9,minamitaiheijiuedamachikyushinpdf.pdf,210,high,
2408,大字古国府177番地の4,南太平寺8組の2 ﾌﾙﾗｰｼﾞｭ206,南太平寺四丁目,3,9,minamitaiheijiuedamachikyushinpdf.pdf,211,high,
2409,大字古国府177番地の4,南太平寺8組の2 ﾌﾙﾗｰｼﾞｭ207,南太平寺四丁目,3,9,minamitaiheijiuedamachikyushinpdf.pdf,211,high,
2410,大字古国府178番地の6,古国府1組の4A D-room古国府101,南太平寺四丁目,3,11,minamitaiheijiuedamachikyushinpdf.pdf,211,high,
2411,大字古国府178番地の6,古国府1組の4A D-room古国府102,南太平寺四丁目,3,11,minamitaiheijiuedamachikyushinpdf.pdf,211,high,
2412,大字古国府178番地の6,古国府1組の4A D-room古国府103,南太平寺四丁目,3,11,minamitaiheijiuedamachikyushinpdf.pdf,211,high,
2413,大字古国府178番地の6,古国府1組の4A D-room古国府105,南太平寺四丁目,3,11,minamitaiheijiuedamachikyushinpdf.pdf,211,high,
2414,大字古国府178番地の6,古国府1組の4A D-room古国府106,南太平寺四丁目,3,11,minamitaiheijiuedamachikyushinpdf.pdf,211,high,
2415,大字古国府178番地の6,古国府1組の4A D-room古国府201,南太平寺四丁目,3,11,minamitaiheijiuedamachikyushinpdf.pdf,211,high,
2416,大字古国府178番地の6,古国府1組の4A D-room古国府202,南太平寺四丁目,3,11,minamitaiheijiuedamachikyushinpdf.pdf,211,high,
2417,大字古国府178番地の6,古国府1組の4A D-room古国府203,南太平寺四丁目,3,11,minamitaiheijiuedamachikyushinpdf.pdf,211,high,
2418,大字古国府178番地の6,古国府1組の4A D-room古国府205,南太平寺四丁目,3,11,minamitaiheijiuedamachikyushinpdf.pdf,211,high,
2419,大字古国府178番地の6,古国府1組の4A D-room古国府206,南太平寺四丁目,3,11,minamitaiheijiuedamachikyushinpdf.pdf,211,high,
2420,大字古国府182番地の4,南太平寺7組,南太平寺四丁目,2,1,minamitaiheijiuedamachikyushinpdf.pdf,211,high,
2421,大字古国府182番地の5,南太平寺7組,南太平寺四丁目,2,4,minamitaiheijiuedamachikyushinpdf.pdf,212,high,
2422,大字古国府182番地の6,南太平寺7組 ﾋﾙｻｲﾄﾞｶﾜﾉ201,南太平寺四丁目,2,11-201,minamitaiheijiuedamachikyushinpdf.pdf,212,high,
2423,大字古国府182番地の6,南太平寺7組 ﾋﾙｻｲﾄﾞｶﾜﾉ202,南太平寺四丁目,2,11-202,minamitaiheijiuedamachikyushinpdf.pdf,212,high,
2424,大字古国府182番地の6,南太平寺7組 ﾋﾙｻｲﾄﾞｶﾜﾉ301,南太平寺四丁目,2,11-301,minamitaiheijiuedamachikyushinpdf.pdf,212,high,
2425,大字古国府182番地の6,南太平寺7組 ﾋﾙｻｲﾄﾞｶﾜﾉ302,南太平寺四丁目,2,11-302,minamitaiheijiuedamachikyushinpdf.pdf,212,high,
2426,大字古国府182番地の7,南太平寺7組,南太平寺四丁目,2,9,minamitaiheijiuedamachikyushinpdf.pdf,212,high,
2427,大字古国府182番地の8,南太平寺7組,南太平寺四丁目,2,8,minamitaiheijiuedamachikyushinpdf.pdf,212,high,
2428,大字古国府182番地の9,南太平寺7組,南太平寺四丁目,2,7,minamitaiheijiuedamachikyushinpdf.pdf,212,high,
2429,大字古国府182番地の10,南太平寺8組,南太平寺四丁目,2,56,minamitaiheijiuedamachikyushinpdf.pdf,212,high,
2430,大字古国府182番地の12,南太平寺8組,南太平寺四丁目,2,36,minamitaiheijiuedamachikyushinpdf.pdf,212,high,資料上2回出現
2431,大字古国府182番地の14,南太平寺7組,南太平寺四丁目,2,5,minamitaiheijiuedamachikyushinpdf.pdf,212,high,
2432,大字古国府182番地の15,南太平寺7組,南太平寺四丁目,2,6,minamitaiheijiuedamachikyushinpdf.pdf,212,high,資料上2回出現
2433,大字古国府182番地の17,南太平寺8組,南太平寺四丁目,2,35,minamitaiheijiuedamachikyushinpdf.pdf,213,high,
2434,大字古国府184番地の1,南太平寺7組 ｿｼｱ豊府101,南太平寺四丁目,2,14,minamitaiheijiuedamachikyushinpdf.pdf,213,high,
2435,大字古国府184番地の1,南太平寺7組 ｿｼｱ豊府102,南太平寺四丁目,2,14,minamitaiheijiuedamachikyushinpdf.pdf,213,high,
2436,大字古国府184番地の1,南太平寺7組 ｿｼｱ豊府103,南太平寺四丁目,2,14,minamitaiheijiuedamachikyushinpdf.pdf,213,high,
2437,大字古国府184番地の1,南太平寺7組 ｿｼｱ豊府201,南太平寺四丁目,2,14,minamitaiheijiuedamachikyushinpdf.pdf,213,high,
2438,大字古国府184番地の1,南太平寺7組 ｿｼｱ豊府202,南太平寺四丁目,2,14,minamitaiheijiuedamachikyushinpdf.pdf,213,high,
2439,大字古国府184番地の1,南太平寺7組 ｿｼｱ豊府203,南太平寺四丁目,2,14,minamitaiheijiuedamachikyushinpdf.pdf,213,high,
2440,大字古国府184番地の4,南太平寺7組,南太平寺四丁目,2,17,minamitaiheijiuedamachikyushinpdf.pdf,213,high,
2441,大字古国府186番地の1,南太平寺7組,南太平寺四丁目,2,22,minamitaiheijiuedamachikyushinpdf.pdf,213,high,
2442,大字古国府186番地の5,南太平寺8組,南太平寺四丁目,2,41,minamitaiheijiuedamachikyushinpdf.pdf,213,high,
2443,大字古国府186番地の6,南太平寺8組,南太平寺四丁目,2,39,minamitaiheijiuedamachikyushinpdf.pdf,213,high,資料上2回出現
2444,大字古国府186番地の7,南太平寺7組,南太平寺四丁目,2,27,minamitaiheijiuedamachikyushinpdf.pdf,214,high,
2445,大字古国府186番地の8,南太平寺7組,南太平寺四丁目,2,25,minamitaiheijiuedamachikyushinpdf.pdf,214,high,資料上2回出現
2446,大字古国府186番地の9,南太平寺8組,南太平寺四丁目,2,33,minamitaiheijiuedamachikyushinpdf.pdf,214,high,
2447,大字古国府186番地の11,南太平寺7組,南太平寺四丁目,2,34,minamitaiheijiuedamachikyushinpdf.pdf,214,high,
2448,大字古国府186番地の13,南太平寺7組,南太平寺四丁目,2,24,minamitaiheijiuedamachikyushinpdf.pdf,214,high,
2449,大字古国府186番地の17,南太平寺7組,南太平寺四丁目,2,23,minamitaiheijiuedamachikyushinpdf.pdf,214,high,
2450,大字古国府186番地の18,南太平寺8組,南太平寺四丁目,2,38,minamitaiheijiuedamachikyushinpdf.pdf,214,high,
2451,大字古国府186番地の21,南太平寺8組,南太平寺四丁目,2,32,minamitaiheijiuedamachikyushinpdf.pdf,214,high,資料上2回出現
2452,大字古国府187番地の1,南太平寺8組,南太平寺四丁目,2,49,minamitaiheijiuedamachikyushinpdf.pdf,214,high,
2453,大字古国府187番地の3,南太平寺8組,南太平寺四丁目,2,51,minamitaiheijiuedamachikyushinpdf.pdf,214,high,
2454,大字古国府187番地の4,南太平寺8組,南太平寺四丁目,2,46,minamitaiheijiuedamachikyushinpdf.pdf,214,high,資料上2回出現
2455,大字古国府187番地の6,南太平寺8組,南太平寺四丁目,2,47,minamitaiheijiuedamachikyushinpdf.pdf,215,high,
2456,大字古国府187番地の6,南太平寺8組,南太平寺四丁目,2,48,minamitaiheijiuedamachikyushinpdf.pdf,215,high,
2457,大字古国府187番地の7,南太平寺8組,南太平寺四丁目,2,44,minamitaiheijiuedamachikyushinpdf.pdf,215,high,
2458,大字古国府188番地の7,南太平寺8組,南太平寺四丁目,4,23,minamitaiheijiuedamachikyushinpdf.pdf,215,high,
2459,大字古国府189番地の1,南太平寺8組 ｶ-ｻ青い鳥101,南太平寺四丁目,4,35,minamitaiheijiuedamachikyushinpdf.pdf,215,high,
2460,大字古国府189番地の1,南太平寺8組 ｶｰｻ青い鳥102,南太平寺四丁目,4,35,minamitaiheijiuedamachikyushinpdf.pdf,215,high,
2461,大字古国府189番地の1,南太平寺8組 ｶ-ｻ青い鳥103,南太平寺四丁目,4,35,minamitaiheijiuedamachikyushinpdf.pdf,215,high,
2462,大字古国府189番地の1,南太平寺8組 ｶ-ｻ青い鳥201,南太平寺四丁目,4,35,minamitaiheijiuedamachikyushinpdf.pdf,215,high,
2463,大字古国府189番地の1,南太平寺8組 ｶ-ｻ青い鳥202,南太平寺四丁目,4,35,minamitaiheijiuedamachikyushinpdf.pdf,215,high,
2464,大字古国府189番地の1,南太平寺8組 ｶ-ｻ青い鳥203,南太平寺四丁目,4,35,minamitaiheijiuedamachikyushinpdf.pdf,215,high,
2465,大字古国府189番地の3,南太平寺8組,南太平寺四丁目,4,28,minamitaiheijiuedamachikyushinpdf.pdf,215,high,資料上2回出現
2466,大字古国府189番地の5,南太平寺8組 ﾓﾝﾌﾚｰﾙV101,南太平寺四丁目,4,32,minamitaiheijiuedamachikyushinpdf.pdf,216,high,
2467,大字古国府189番地の5,南太平寺8組 ﾓﾝﾌﾚｰﾙV102,南太平寺四丁目,4,32,minamitaiheijiuedamachikyushinpdf.pdf,216,high,
2468,大字古国府189番地の5,南太平寺8組 ﾓﾝﾌﾚｰﾙV103,南太平寺四丁目,4,32,minamitaiheijiuedamachikyushinpdf.pdf,216,high,
2469,大字古国府189番地の5,南太平寺8組 ﾓﾝﾌﾚｰﾙV201,南太平寺四丁目,4,32,minamitaiheijiuedamachikyushinpdf.pdf,216,high,
2470,大字古国府189番地の5,南太平寺8組 ﾓﾝﾌﾚｰﾙV202,南太平寺四丁目,4,32,minamitaiheijiuedamachikyushinpdf.pdf,216,high,
2471,大字古国府189番地の5,南太平寺8組 ﾓﾝﾌﾚｰﾙV203,南太平寺四丁目,4,32,minamitaiheijiuedamachikyushinpdf.pdf,216,high,
2472,大字古国府190番地の3,南太平寺8組,南太平寺四丁目,4,19,minamitaiheijiuedamachikyushinpdf.pdf,216,high,
2473,大字古国府190番地の4,南太平寺8組 ﾓﾝﾌﾚｰﾙⅦ101,南太平寺四丁目,4,30,minamitaiheijiuedamachikyushinpdf.pdf,216,high,
2474,大字古国府190番地の4,南太平寺8組 ﾓﾝﾌﾚｰﾙⅦ102,南太平寺四丁目,4,30,minamitaiheijiuedamachikyushinpdf.pdf,216,high,
2475,大字古国府190番地の4,南太平寺8組 ﾓﾝﾌﾚｰﾙⅦ201,南太平寺四丁目,4,30,minamitaiheijiuedamachikyushinpdf.pdf,216,high,
2476,大字古国府190番地の4,南太平寺8組 ﾓﾝﾌﾚｰﾙⅦ202,南太平寺四丁目,4,30,minamitaiheijiuedamachikyushinpdf.pdf,216,high,
2477,大字古国府190番地の5,南太平寺8組 ﾓﾝﾌﾚｰﾙⅥ101,南太平寺四丁目,4,31,minamitaiheijiuedamachikyushinpdf.pdf,216,high,
2478,大字古国府190番地の5,南太平寺8組 ﾓﾝﾌﾚｰﾙⅥ102,南太平寺四丁目,4,31,minamitaiheijiuedamachikyushinpdf.pdf,216,high,
2479,大字古国府190番地の5,南太平寺8組 ﾓﾝﾌﾚｰﾙⅥ201,南太平寺四丁目,4,31,minamitaiheijiuedamachikyushinpdf.pdf,217,high,
2480,大字古国府190番地の5,南太平寺8組 ﾓﾝﾌﾚｰﾙⅥ202,南太平寺四丁目,4,31,minamitaiheijiuedamachikyushinpdf.pdf,217,high,
2481,大字古国府191番地の1,南太平寺8組 ｳﾞｨﾗ豊府101,南太平寺四丁目,4,13,minamitaiheijiuedamachikyushinpdf.pdf,217,high,
2482,大字古国府191番地の1,南太平寺8組 ｳﾞｨﾗ豊府102,南太平寺四丁目,4,13,minamitaiheijiuedamachikyushinpdf.pdf,217,high,
2483,大字古国府191番地の1,南太平寺8組 ｳﾞｨﾗ豊府201,南太平寺四丁目,4,13,minamitaiheijiuedamachikyushinpdf.pdf,217,high,
2484,大字古国府191番地の1,南太平寺8組 ｳﾞｨﾗ豊府202,南太平寺四丁目,4,13,minamitaiheijiuedamachikyushinpdf.pdf,217,high,
2485,大字古国府191番地の3,南太平寺8組,南太平寺四丁目,4,18,minamitaiheijiuedamachikyushinpdf.pdf,217,high,
2486,大字古国府191番地の4,南太平寺8組,南太平寺四丁目,4,14,minamitaiheijiuedamachikyushinpdf.pdf,217,high,
2487,大字古国府191番地の6,南太平寺8組,南太平寺四丁目,4,17,minamitaiheijiuedamachikyushinpdf.pdf,217,high,
2488,大字古国府192番地の1,南太平寺8組,南太平寺四丁目,4,3,minamitaiheijiuedamachikyushinpdf.pdf,217,high,
2489,大字古国府192番地の4,南太平寺8組,南太平寺四丁目,4,9,minamitaiheijiuedamachikyushinpdf.pdf,217,high,
2490,大字古国府192番地の14,南太平寺8組 ﾊﾟﾙﾊｲﾂB102,南太平寺四丁目,4,1,minamitaiheijiuedamachikyushinpdf.pdf,217,high,
2491,大字古国府192番地の14,南太平寺8組 ﾊﾟﾙﾊｲﾂB103,南太平寺四丁目,4,1,minamitaiheijiuedamachikyushinpdf.pdf,217,high,
2492,大字古国府192番地の14,南太平寺8組 ﾊﾟﾙﾊｲﾂB202,南太平寺四丁目,4,1,minamitaiheijiuedamachikyushinpdf.pdf,218,high,
2493,大字古国府192番地の14,南太平寺8組 ﾊﾟﾙﾊｲﾂB203,南太平寺四丁目,4,1,minamitaiheijiuedamachikyushinpdf.pdf,218,high,
2494,大字古国府192番地の14,南太平寺8組 ﾊﾟﾙﾊｲﾂA101,南太平寺四丁目,4,2,minamitaiheijiuedamachikyushinpdf.pdf,218,high,
2495,大字古国府192番地の14,南太平寺8組 ﾊﾟﾙﾊｲﾂA201,南太平寺四丁目,4,2,minamitaiheijiuedamachikyushinpdf.pdf,218,high,
2496,大字古国府192番地の16,南太平寺8組,南太平寺四丁目,4,5,minamitaiheijiuedamachikyushinpdf.pdf,218,high,
2497,大字古国府192番地の17,南太平寺8組,南太平寺四丁目,4,6,minamitaiheijiuedamachikyushinpdf.pdf,218,high,
2498,大字古国府193番地の3,南太平寺7組,南太平寺四丁目,5,73,minamitaiheijiuedamachikyushinpdf.pdf,218,high,資料上2回出現
2499,,永興114番地8,南太平寺二丁目,1,15,minamitaiheijiuedamachikyushinpdf.pdf,57,low,旧住所欄(大字・番地)が資料上空欄で通称欄相当の記載のみ存在。old_addressを空欄としaliasに格納(二又町・田中町方式)。同一新住所の正規行なし
2500,,南太平寺1-3,南太平寺二丁目,3,3,minamitaiheijiuedamachikyushinpdf.pdf,76,low,旧住所欄(大字・番地)が資料上空欄で通称欄相当の記載のみ存在。old_addressを空欄としaliasに格納(二又町・田中町方式)。同一新住所の正規行なし
2501,,上田町7-1-2,上田町一丁目,1,2,minamitaiheijiuedamachikyushinpdf.pdf,76,low,旧住所欄(大字・番地)が資料上空欄で通称欄相当の記載のみ存在。old_addressを空欄としaliasに格納(二又町・田中町方式)。同一新住所の正規行なし
2502,,羽屋21番地の1,上田町三丁目,3,4-104,minamitaiheijiuedamachikyushinpdf.pdf,86,low,旧住所欄(大字・番地)が資料上空欄で通称欄相当の記載のみ存在。old_addressを空欄としaliasに格納(二又町・田中町方式)。同一新住所の正規行なし
2503,,羽屋21-1,上田町三丁目,3,4-111,minamitaiheijiuedamachikyushinpdf.pdf,87,low,旧住所欄(大字・番地)が資料上空欄で通称欄相当の記載のみ存在。old_addressを空欄としaliasに格納(二又町・田中町方式)。同一新住所の正規行なし
2504,,上田町4組の2,上田町一丁目,10,2,minamitaiheijiuedamachikyushinpdf.pdf,204,low,旧住所欄(大字・番地)が資料上空欄で通称欄相当の記載のみ存在。old_addressを空欄としaliasに格納(二又町・田中町方式)。同一新住所の正規行なし
2505,,上田町8-2-2,上田町二丁目,6,7,minamitaiheijiuedamachikyushinpdf.pdf,205,low,旧住所欄(大字・番地)が資料上空欄で通称欄相当の記載のみ存在。old_addressを空欄としaliasに格納(二又町・田中町方式)。同一新住所の正規行なし
2506,,上田町10組の1,上田町三丁目,3,1,minamitaiheijiuedamachikyushinpdf.pdf,205,low,旧住所欄(大字・番地)が資料上空欄で通称欄相当の記載のみ存在。old_addressを空欄としaliasに格納(二又町・田中町方式)。同一新住所の正規行なし
2507,,羽屋上田12-1-101,上田町三丁目,3,4-101,minamitaiheijiuedamachikyushinpdf.pdf,205,low,旧住所欄(大字・番地)が資料上空欄で通称欄相当の記載のみ存在。old_addressを空欄としaliasに格納(二又町・田中町方式)。同一新住所の正規行なし
2508,,上田町12組の1 ﾁｭﾘｽ古国府1の101,上田町三丁目,3,4-101,minamitaiheijiuedamachikyushinpdf.pdf,205,low,旧住所欄(大字・番地)が資料上空欄で通称欄相当の記載のみ存在。old_addressを空欄としaliasに格納(二又町・田中町方式)。同一新住所の正規行なし
2509,,上田町12-1 ﾁｭﾘｽ古国府壱番館105,上田町三丁目,3,4-105,minamitaiheijiuedamachikyushinpdf.pdf,205,low,旧住所欄(大字・番地)が資料上空欄で通称欄相当の記載のみ存在。old_addressを空欄としaliasに格納(二又町・田中町方式)。同一新住所の正規行なし
2510,,上田町12-1-106号 ﾁｭﾘｽ壱番館,上田町三丁目,3,4-106,minamitaiheijiuedamachikyushinpdf.pdf,205,low,旧住所欄(大字・番地)が資料上空欄で通称欄相当の記載のみ存在。old_addressを空欄としaliasに格納(二又町・田中町方式)。同一新住所の正規行なし
