seq,old_address,alias,new_town,block,house,source_doc,source_page,confidence,note
1,大字古国府1番地の9,古国府8組の2,古国府一丁目,1,22-301,furugoutaisyoubo.pdf,p3,high,
2,大字古国府1番地の9,古国府8組の2,古国府一丁目,1,22-202,furugoutaisyoubo.pdf,p3,high,
3,大字古国府1番地の9,古国府8組の2,古国府一丁目,1,22-302,furugoutaisyoubo.pdf,p3,high,
4,大字古国府1番地の9,古国府8組の2,古国府一丁目,1,22-303,furugoutaisyoubo.pdf,p3,high,
5,大字古国府1番地の9,,古国府一丁目,1,22,furugoutaisyoubo.pdf,p3,high,資料上通称の記載なし
6,大字古国府4番地の1,古国府8組の2,古国府一丁目,2,24,furugoutaisyoubo.pdf,p3,high,
7,大字古国府4番地の1,古国府8組の2,古国府一丁目,1,16,furugoutaisyoubo.pdf,p3,high,
8,大字古国府4番地の1,古国府8組の2,古国府一丁目,1,17,furugoutaisyoubo.pdf,p3,high,
9,大字古国府4番地の1,古国府8組の2,古国府一丁目,2,22,furugoutaisyoubo.pdf,p3,high,
10,大字古国府4番地の7,古国府8組の2,古国府一丁目,2,27,furugoutaisyoubo.pdf,p3,high,
11,大字古国府6番地の7,古国府9組のA,古国府二丁目,1,5,furugoutaisyoubo.pdf,p3,high,
12,大字古国府6番地の8,古国府9-A,古国府二丁目,1,2,furugoutaisyoubo.pdf,p3,high,
13,大字古国府6番地の8,古国府9組のA,古国府二丁目,1,2,furugoutaisyoubo.pdf,p3,high,資料上2回出現
14,大字古国府6番地の12,古国府9組のA,古国府二丁目,1,4,furugoutaisyoubo.pdf,p4,high,
15,大字古国府7-1,,古国府一丁目,3,40,furugoutaisyoubo.pdf,p4,high,資料上通称の記載なし
16,大字古国府9,,古国府一丁目,2,38,furugoutaisyoubo.pdf,p4,high,資料上通称の記載なし
17,大字古国府9-1,,古国府一丁目,2,34,furugoutaisyoubo.pdf,p4,high,資料上通称の記載なし
18,大字古国府10番地の6,古国府9組のA,古国府一丁目,2,37,furugoutaisyoubo.pdf,p4,high,
19,大字古国府11番地,古国府9組のA,古国府一丁目,2,38,furugoutaisyoubo.pdf,p4,high,
20,大字古国府12番地,古国府9組のA,古国府一丁目,2,39,furugoutaisyoubo.pdf,p4,high,
21,大字古国府12番地,古国府9組のA,古国府一丁目,2,39,furugoutaisyoubo.pdf,p4,high,資料上2回出現（新住所街区・住居番号空欄行は除外し有効行を記録）
22,大字古国府12番地の1,古国府9組,古国府一丁目,2,41,furugoutaisyoubo.pdf,p4,high,
23,大字古国府15番地の1,古国府9組のC,古国府一丁目,3,11,furugoutaisyoubo.pdf,p4,high,
24,大字古国府15番地の2,古国府9組のC,古国府一丁目,3,19,furugoutaisyoubo.pdf,p4,high,
25,大字古国府16番地,古国府9組,古国府一丁目,3,1,furugoutaisyoubo.pdf,p4,high,
26,大字古国府16番地,古国府9組,古国府一丁目,3,3,furugoutaisyoubo.pdf,p4,high,
27,大字古国府18番地の3,,古国府一丁目,3,20,furugoutaisyoubo.pdf,p5,high,資料上通称の記載なし
28,大字古国府18番地の3,古国府9組,古国府一丁目,3,20,furugoutaisyoubo.pdf,p5,high,資料上2回出現
29,大字古国府19番地の3,古国府9組,古国府一丁目,3,8,furugoutaisyoubo.pdf,p5,high,
30,大字古国府19番地の4,古国府9組,古国府一丁目,3,9,furugoutaisyoubo.pdf,p5,high,
31,大字古国府19番地の5,古国府9組,古国府一丁目,3,6,furugoutaisyoubo.pdf,p5,high,
32,大字古国府19番地の6,古国府9組,古国府一丁目,3,7,furugoutaisyoubo.pdf,p5,high,
33,大字古国府20番地,古国府7組の1,古国府一丁目,3,27,furugoutaisyoubo.pdf,p5,high,資料上2回出現
34,大字古国府21番地の1,古国府7組の1,古国府一丁目,3,29,furugoutaisyoubo.pdf,p5,high,資料上3回出現
35,大字古国府22番地,古国府7組の1,古国府一丁目,3,32,furugoutaisyoubo.pdf,p5,high,
36,大字古国府23番地,,古国府一丁目,3,31,furugoutaisyoubo.pdf,p5,high,資料上通称の記載なし
37,大字古国府24番地,古国府7組の1,古国府一丁目,3,45,furugoutaisyoubo.pdf,p6,high,
38,大字古国府24番地,古国府7組の1,古国府一丁目,3,46,furugoutaisyoubo.pdf,p6,high,
39,大字古国府24番地,古国府7組の1,古国府一丁目,3,48,furugoutaisyoubo.pdf,p6,high,
40,大字古国府25番地,古国府7組の1,古国府一丁目,3,22,furugoutaisyoubo.pdf,p6,high,
41,大字古国府25番地の3,古国府7組の1,古国府一丁目,3,21,furugoutaisyoubo.pdf,p6,high,
42,大字古国府26番地,古国府7組の1,古国府一丁目,3,47,furugoutaisyoubo.pdf,p6,high,
43,大字古国府27番地の3,古国府7組の1,古国府一丁目,3,56,furugoutaisyoubo.pdf,p6,high,
44,大字古国府28番地の1,古国府7組の1,古国府一丁目,3,43,furugoutaisyoubo.pdf,p6,high,
45,大字古国府28番地の2,古国府7組の1,古国府一丁目,3,52,furugoutaisyoubo.pdf,p6,high,
46,大字古国府28番地の3,古国府7組の1,古国府一丁目,3,53,furugoutaisyoubo.pdf,p6,high,
47,大字古国府28番地の5,古国府7組の1,古国府一丁目,3,42,furugoutaisyoubo.pdf,p6,high,
48,大字古国府28番地の6,古国府7組の1,古国府一丁目,3,44,furugoutaisyoubo.pdf,p6,high,
49,大字古国府30番地の1,,古国府一丁目,3,40,furugoutaisyoubo.pdf,p6,high,資料上通称の記載なし、資料上4回出現
50,大字古国府30番地の1,古国府7組の1,古国府一丁目,3,40,furugoutaisyoubo.pdf,p7,high,資料上4回出現
51,大字古国府32番地の1,古国府7組の1,古国府一丁目,3,38-101,furugoutaisyoubo.pdf,p7,high,
52,大字古国府32番地の1,古国府7組の1,古国府一丁目,3,38-102,furugoutaisyoubo.pdf,p7,high,
53,大字古国府32番地の1,古国府7組の1,古国府一丁目,3,38-201,furugoutaisyoubo.pdf,p7,high,
54,大字古国府32番地の1,古国府7組の1,古国府一丁目,3,38-202,furugoutaisyoubo.pdf,p7,high,資料上2回出現
55,大字古国府32番地の1,古国府7組の1,古国府一丁目,3,38-301,furugoutaisyoubo.pdf,p7,high,
56,大字古国府32番地の1,古国府7組の1,古国府一丁目,3,38-302,furugoutaisyoubo.pdf,p7,high,
57,大字古国府34番地,古国府7組の1,古国府一丁目,3,35,furugoutaisyoubo.pdf,p7,high,
58,大字古国府35番地,古国府7組の2,古国府二丁目,2,44,furugoutaisyoubo.pdf,p7,high,資料上2回出現
59,大字古国府36番地の1,古国府7組の2,古国府二丁目,2,41,furugoutaisyoubo.pdf,p8,high,資料上2回出現
60,大字古国府38番地,古国府7組の2,古国府二丁目,2,39,furugoutaisyoubo.pdf,p8,high,資料上7回出現
61,大字古国府39番地の3,古国府7組の7,古国府二丁目,2,15,furugoutaisyoubo.pdf,p8,high,
62,大字古国府39番地の3,古国府7組の7,古国府二丁目,2,25,furugoutaisyoubo.pdf,p8,high,
63,大字古国府39番地の4,古国府7組の7,古国府二丁目,2,26,furugoutaisyoubo.pdf,p8,high,
64,大字古国府39番地の5,古国府7組の7,古国府二丁目,2,27,furugoutaisyoubo.pdf,p9,high,
65,大字古国府39番地の6,古国府7組の7,古国府二丁目,2,28,furugoutaisyoubo.pdf,p9,high,資料上2回出現
66,大字古国府39番地の7,古国府7組の7,古国府二丁目,2,35,furugoutaisyoubo.pdf,p9,high,
67,大字古国府39番地の9,古国府7組の7,古国府二丁目,2,36,furugoutaisyoubo.pdf,p9,high,
68,大字古国府39番地の10,古国府7組の7,古国府二丁目,2,37,furugoutaisyoubo.pdf,p9,high,
69,大字古国府39番地の11,古国府7組の7,古国府二丁目,2,29,furugoutaisyoubo.pdf,p9,high,資料上2回出現
70,大字古国府39番地の12,古国府7組の7,古国府二丁目,2,30,furugoutaisyoubo.pdf,p9,high,
71,大字古国府39番地の13,古国府7組の7,古国府二丁目,2,34,furugoutaisyoubo.pdf,p9,high,
72,大字古国府39番地の14,古国府7組の7,古国府二丁目,2,33,furugoutaisyoubo.pdf,p9,high,
73,大字古国府40番地の4,古国府7組の7,古国府二丁目,2,18,furugoutaisyoubo.pdf,p9,high,
74,大字古国府40番地の4,古国府7組の7,古国府二丁目,2,19,furugoutaisyoubo.pdf,p9,high,
75,大字古国府40番地の5,古国府7組の7,古国府二丁目,2,17,furugoutaisyoubo.pdf,p10,high,
76,大字古国府40番地の8,古国府7組の7,古国府二丁目,2,32,furugoutaisyoubo.pdf,p10,high,資料上2回出現
77,大字古国府40番地の10,古国府7組の7,古国府二丁目,2,31,furugoutaisyoubo.pdf,p10,high,
78,大字古国府40番地の15,古国府7組の7,古国府二丁目,2,21,furugoutaisyoubo.pdf,p10,high,
79,大字古国府40番地の16,古国府7組の7,古国府二丁目,2,20,furugoutaisyoubo.pdf,p10,high,
80,大字古国府44番地,古国府9組,古国府二丁目,2,10,furugoutaisyoubo.pdf,p10,high,
81,大字古国府46番地の1,古国府8組の1C,古国府二丁目,2,84,furugoutaisyoubo.pdf,p10,high,
82,大字古国府46番地の2,古国府9組のB,古国府二丁目,2,85,furugoutaisyoubo.pdf,p10,high,資料上6回出現
83,大字古国府49番地の1,古国府9組,古国府二丁目,2,7,furugoutaisyoubo.pdf,p11,high,
84,大字古国府49番地の2,古国府9組,古国府二丁目,2,9,furugoutaisyoubo.pdf,p11,high,
85,大字古国府52番地,古国府9組,古国府二丁目,2,1,furugoutaisyoubo.pdf,p11,high,資料上2回出現
86,大字古国府53番地,古国府9組,古国府二丁目,2,90,furugoutaisyoubo.pdf,p11,high,資料上2回出現
87,大字古国府53番地,古国府9組,古国府二丁目,2,91,furugoutaisyoubo.pdf,p11,high,
88,大字古国府54番地の4,古国府9組,古国府二丁目,2,87,furugoutaisyoubo.pdf,p11,high,
89,大字古国府54番地の5,,古国府二丁目,2,86,furugoutaisyoubo.pdf,p11,high,資料上通称の記載なし
90,大字古国府56番地,古国府9組,古国府二丁目,1,26,furugoutaisyoubo.pdf,p11,high,
91,大字古国府56番地,古国府9組,古国府二丁目,1,27,furugoutaisyoubo.pdf,p11,high,
92,大字古国府57番地,古国府8組の2,古国府二丁目,1,47,furugoutaisyoubo.pdf,p11,high,
93,大字古国府58番地の1,古国府9組のA,古国府二丁目,1,23,furugoutaisyoubo.pdf,p12,high,
94,大字古国府59番地の1,古国府9組のB,古国府二丁目,1,21,furugoutaisyoubo.pdf,p12,high,資料上2回出現
95,大字古国府60番地,古国府9組のA,古国府二丁目,1,19,furugoutaisyoubo.pdf,p12,high,
96,大字古国府61番地,古国府9組のA,古国府二丁目,1,17,furugoutaisyoubo.pdf,p12,high,
97,大字古国府61番地の3,古国府9組のA,古国府二丁目,1,18,furugoutaisyoubo.pdf,p12,high,資料上2回出現
98,大字古国府62番地,古国府9組のA,古国府二丁目,1,14,furugoutaisyoubo.pdf,p12,high,
99,大字古国府63番地の3,古国府9組のA,古国府二丁目,1,12,furugoutaisyoubo.pdf,p12,high,
100,大字古国府64番地の1,古国府9組のA,古国府二丁目,1,54,furugoutaisyoubo.pdf,p12,high,
101,大字古国府64番地の2,古国府9組のA,古国府二丁目,1,56,furugoutaisyoubo.pdf,p12,high,
102,大字古国府66番地の1,古国府8組の2,古国府二丁目,1,44,furugoutaisyoubo.pdf,p12,high,
103,大字古国府67番地,古国府8組の2,古国府二丁目,1,45,furugoutaisyoubo.pdf,p12,high,
104,大字古国府69番地の1,古国府8組の2,古国府二丁目,1,40,furugoutaisyoubo.pdf,p13,high,
105,大字古国府69番地の4,古国府8組の2,古国府二丁目,1,42,furugoutaisyoubo.pdf,p13,high,
106,大字古国府71番地の1,古国府8組の2,古国府二丁目,5,1,furugoutaisyoubo.pdf,p13,high,
107,大字古国府72番地の1,古国府8組の2,古国府二丁目,1,34,furugoutaisyoubo.pdf,p13,high,
108,大字古国府73番地の1,古国府8の2組,古国府二丁目,1,32,furugoutaisyoubo.pdf,p13,high,
109,大字古国府75番地の2,古国府8組の2,古国府二丁目,5,2,furugoutaisyoubo.pdf,p13,high,
110,大字古国府81番地の3,古国府8組の1C,古国府二丁目,5,13,furugoutaisyoubo.pdf,p13,high,
111,大字古国府81番地の4,古国府8組の1C,古国府二丁目,5,12,furugoutaisyoubo.pdf,p13,high,
112,大字古国府91番地の1,古国府8組の1C,古国府二丁目,5,7,furugoutaisyoubo.pdf,p13,high,資料上2回出現
113,大字古国府91番地の8,古国府8組の1C,古国府二丁目,5,6,furugoutaisyoubo.pdf,p13,high,
114,大字古国府91番地の9,古国府8組の1C,古国府二丁目,5,9,furugoutaisyoubo.pdf,p13,high,
115,大字古国府91番地の10,古国府8組の1C,古国府二丁目,5,11,furugoutaisyoubo.pdf,p13,high,資料上2回出現
116,大字古国府92番地の1,古国府8組の1,古国府二丁目,5,5,furugoutaisyoubo.pdf,p14,high,
117,大字古国府93番地,古国府8組の1C,古国府二丁目,2,74,furugoutaisyoubo.pdf,p14,high,
118,大字古国府93番地の1,,古国府二丁目,5,3,furugoutaisyoubo.pdf,p14,high,資料上通称の記載なし
119,大字古国府94番地の1,古国府7組の7,古国府二丁目,2,23,furugoutaisyoubo.pdf,p14,high,
120,大字古国府94番地の3,古国府8組の1C,古国府二丁目,2,72,furugoutaisyoubo.pdf,p14,high,
121,大字古国府95番2,,古国府二丁目,2,70,furugoutaisyoubo.pdf,p14,high,資料上通称の記載なし
122,大字古国府96番地の1,古国府8組の1,古国府二丁目,2,66,furugoutaisyoubo.pdf,p14,high,
123,大字古国府98番地の1,古国府8組の1,古国府二丁目,3,18,furugoutaisyoubo.pdf,p14,high,
124,大字古国府98番地の5,古国府8組の1,古国府二丁目,3,1,furugoutaisyoubo.pdf,p14,high,
125,大字古国府98番地の5,古国府8組の1,古国府二丁目,3,19,furugoutaisyoubo.pdf,p14,high,
126,大字古国府98番地の5,古国府8組の1,古国府二丁目,3,20,furugoutaisyoubo.pdf,p14,high,
127,大字古国府98番地の5,古国府8組の1,古国府二丁目,3,21,furugoutaisyoubo.pdf,p14,high,
128,大字古国府98番地の5,古国府8組の1,古国府二丁目,3,22,furugoutaisyoubo.pdf,p15,high,
129,大字古国府98番地の7,古国府8組の1A,古国府二丁目,3,14,furugoutaisyoubo.pdf,p15,high,
130,大字古国府99番地の6,古国府8組の1A,古国府二丁目,3,13,furugoutaisyoubo.pdf,p15,high,資料上2回出現
131,大字古国府99番地の7,古国府8組の1A,古国府二丁目,3,12,furugoutaisyoubo.pdf,p15,high,
132,大字古国府99番地の17,古国府8組の1A,古国府二丁目,3,8,furugoutaisyoubo.pdf,p15,high,
133,大字古国府99番地の18,古国府8組の1A,古国府二丁目,3,9,furugoutaisyoubo.pdf,p15,high,
134,大字古国府99番地の19,古国府8組の1A,古国府二丁目,3,10,furugoutaisyoubo.pdf,p15,high,
135,大字古国府99番地の20,古国府8組の1A,古国府二丁目,3,11,furugoutaisyoubo.pdf,p15,high,
136,大字古国府99番地の22,古国府8組の1A,古国府二丁目,3,7,furugoutaisyoubo.pdf,p15,high,
137,大字古国府102番地の1,古国府8組の3,古国府二丁目,4,17-101,furugoutaisyoubo.pdf,p15,high,
138,大字古国府102番地の1,古国府8組の3,古国府二丁目,4,17-102,furugoutaisyoubo.pdf,p15,high,資料上2回出現
139,大字古国府102番地の1,古国府8組の3,古国府二丁目,4,17-103,furugoutaisyoubo.pdf,p16,high,
140,大字古国府102番地の1,古国府8組の3,古国府二丁目,4,17-104,furugoutaisyoubo.pdf,p16,high,
141,大字古国府102番地の1,古国府8組の3,古国府二丁目,4,17-105,furugoutaisyoubo.pdf,p16,high,
142,大字古国府102番地の1,古国府8組の3,古国府二丁目,4,17-106,furugoutaisyoubo.pdf,p16,high,
143,大字古国府102番地の1,古国府8組の3,古国府二丁目,4,17-107,furugoutaisyoubo.pdf,p16,high,資料上2回出現
144,大字古国府102番地の1,古国府8組の3,古国府二丁目,4,17-108,furugoutaisyoubo.pdf,p16,high,
145,大字古国府102番地の1,古国府8組の3,古国府二丁目,4,17-201,furugoutaisyoubo.pdf,p16,high,
146,大字古国府102番地の1,古国府8組の3,古国府二丁目,4,17-202,furugoutaisyoubo.pdf,p16,high,
147,大字古国府102番地の1,古国府8組の3,古国府二丁目,4,17-203,furugoutaisyoubo.pdf,p16,high,
148,大字古国府102番地の1,古国府8組の3,古国府二丁目,4,17-204,furugoutaisyoubo.pdf,p16,high,
149,大字古国府102番地の1,古国府8組の3,古国府二丁目,4,17-205,furugoutaisyoubo.pdf,p16,high,
150,大字古国府102番地の1,古国府8組の3,古国府二丁目,4,17-206,furugoutaisyoubo.pdf,p17,high,
151,大字古国府102番地の1,古国府8組の3,古国府二丁目,4,17-207,furugoutaisyoubo.pdf,p17,high,
152,大字古国府102番地の1,古国府8組の3,古国府二丁目,4,17-208,furugoutaisyoubo.pdf,p17,high,
153,大字古国府102番地の1,古国府8組の3,古国府二丁目,4,17-301,furugoutaisyoubo.pdf,p17,high,
154,大字古国府102番地の1,古国府8組の3,古国府二丁目,4,17-302,furugoutaisyoubo.pdf,p17,high,
155,大字古国府102番地の1,古国府8組の3,古国府二丁目,4,17-303,furugoutaisyoubo.pdf,p17,high,
156,大字古国府102番地の1,古国府8組の3,古国府二丁目,4,17-304,furugoutaisyoubo.pdf,p17,high,
157,大字古国府102番地の1,古国府8組の3,古国府二丁目,4,17-305,furugoutaisyoubo.pdf,p17,high,
158,大字古国府102番地の1,古国府8組の3,古国府二丁目,4,17-306,furugoutaisyoubo.pdf,p17,high,
159,大字古国府102番地の1,古国府8組の3,古国府二丁目,4,17-307,furugoutaisyoubo.pdf,p17,high,
160,大字古国府102番地の1,古国府8組の3,古国府二丁目,4,17-308,furugoutaisyoubo.pdf,p17,high,
161,大字古国府102番地の1,古国府8組の3,古国府二丁目,4,17-401,furugoutaisyoubo.pdf,p17,high,
162,大字古国府102番地の1,古国府8組の3,古国府二丁目,4,17-402,furugoutaisyoubo.pdf,p17,high,
163,大字古国府102番地の1,古国府8組の3,古国府二丁目,4,17-403,furugoutaisyoubo.pdf,p18,high,
164,大字古国府102番地の1,古国府8組の3,古国府二丁目,4,17-404,furugoutaisyoubo.pdf,p18,high,
165,大字古国府102番地の1,古国府8組の3,古国府二丁目,4,17-405,furugoutaisyoubo.pdf,p18,high,
166,大字古国府102番地の1,古国府8組の3,古国府二丁目,4,17-406,furugoutaisyoubo.pdf,p18,high,
167,大字古国府102番地の1,古国府8組の3,古国府二丁目,4,17-407,furugoutaisyoubo.pdf,p18,high,
168,大字古国府102番地の1,古国府8組の3,古国府二丁目,4,17-408,furugoutaisyoubo.pdf,p18,high,
169,大字古国府102番地の1,古国府8組の3,古国府二丁目,4,17-501,furugoutaisyoubo.pdf,p18,high,
170,大字古国府102番地の1,古国府8組の3,古国府二丁目,4,17-502,furugoutaisyoubo.pdf,p18,high,
171,大字古国府102番地の1,古国府8組の3,古国府二丁目,4,17-503,furugoutaisyoubo.pdf,p18,high,
172,大字古国府102番地の1,古国府8組の3,古国府二丁目,4,17-504,furugoutaisyoubo.pdf,p18,high,
173,大字古国府102番地の1,古国府8組の3,古国府二丁目,4,17-505,furugoutaisyoubo.pdf,p18,high,
174,大字古国府102番地の1,古国府8組の3,古国府二丁目,4,17-506,furugoutaisyoubo.pdf,p18,high,
175,大字古国府102番地の1,古国府8組の3,古国府二丁目,4,17-507,furugoutaisyoubo.pdf,p18,high,
176,大字古国府102番地の1,古国府8組の3,古国府二丁目,4,17-508,furugoutaisyoubo.pdf,p19,high,
177,大字古国府102番地の1,古国府8組の3,古国府二丁目,4,17-601,furugoutaisyoubo.pdf,p19,high,
178,大字古国府102番地の1,古国府8組の3,古国府二丁目,4,17-602,furugoutaisyoubo.pdf,p19,high,
179,大字古国府102番地の1,古国府8組の3,古国府二丁目,4,17-603,furugoutaisyoubo.pdf,p19,high,
180,大字古国府102番地の1,古国府8組の3,古国府二丁目,4,17-604,furugoutaisyoubo.pdf,p19,high,
181,大字古国府102番地の1,古国府8組の3,古国府二丁目,4,17-605,furugoutaisyoubo.pdf,p19,high,
182,大字古国府102番地の1,古国府8組の3,古国府二丁目,4,17-606,furugoutaisyoubo.pdf,p19,high,
183,大字古国府102番地の1,古国府8組の3,古国府二丁目,4,17-607,furugoutaisyoubo.pdf,p19,high,
184,大字古国府102番地の1,古国府8組の3,古国府二丁目,4,17-608,furugoutaisyoubo.pdf,p19,high,
185,大字古国府102番地の1,古国府8組の3,古国府二丁目,4,17-701,furugoutaisyoubo.pdf,p19,high,
186,大字古国府102番地の1,古国府8組の3,古国府二丁目,4,17-702,furugoutaisyoubo.pdf,p19,high,
187,大字古国府102番地の1,古国府8組の3,古国府二丁目,4,17-703,furugoutaisyoubo.pdf,p19,high,
188,大字古国府102番地の1,古国府8組の3,古国府二丁目,4,17-704,furugoutaisyoubo.pdf,p19,high,
189,大字古国府102番地の1,古国府8組の3,古国府二丁目,4,17-705,furugoutaisyoubo.pdf,p20,high,資料上2回出現
190,大字古国府102番地の1,古国府8組の3,古国府二丁目,4,17-706,furugoutaisyoubo.pdf,p20,high,
191,大字古国府102番地の1,古国府8組の3,古国府二丁目,4,17-707,furugoutaisyoubo.pdf,p20,high,資料上2回出現
192,大字古国府102番地の1,古国府8組の3,古国府二丁目,4,17-708,furugoutaisyoubo.pdf,p20,high,資料上2回出現
193,大字古国府102番地の2,古国府8組の1A,古国府二丁目,4,27,furugoutaisyoubo.pdf,p20,high,
194,大字古国府102番地の4,古国府8組の1B,古国府二丁目,4,1,furugoutaisyoubo.pdf,p20,high,
195,大字古国府102番地の4,古国府8組の1B,古国府二丁目,4,2,furugoutaisyoubo.pdf,p20,high,
196,大字古国府102番地の4,古国府8組の1B,古国府二丁目,4,3,furugoutaisyoubo.pdf,p20,high,
197,大字古国府102番地の5,古国府8組の1A,古国府二丁目,4,28,furugoutaisyoubo.pdf,p20,high,
198,大字古国府103番地の1,古国府8組の1B,古国府二丁目,4,5,furugoutaisyoubo.pdf,p20,high,資料上2回出現
199,大字古国府103番地の1,古国府8組の1B,古国府二丁目,4,14,furugoutaisyoubo.pdf,p21,high,
200,大字古国府104番地の1,古国府8組の1B,古国府二丁目,4,9,furugoutaisyoubo.pdf,p21,high,
201,大字古国府104番地の3,古国府8組の1B,古国府二丁目,4,7,furugoutaisyoubo.pdf,p21,high,
202,大字古国府104番地の3,古国府8組の1B,古国府二丁目,4,8,furugoutaisyoubo.pdf,p21,high,
203,大字古国府104番地の3,古国府8組の1B,古国府二丁目,4,15,furugoutaisyoubo.pdf,p21,high,
204,大字古国府104番地の4,古国府8組の1B,古国府二丁目,4,10,furugoutaisyoubo.pdf,p21,high,
205,大字古国府105番地の1,古国府7組の3,古国府三丁目,4,41,furugoutaisyoubo.pdf,p21,high,資料上2回出現
206,大字古国府105番地の2,古国府7組の3,古国府三丁目,4,46,furugoutaisyoubo.pdf,p21,high,
207,大字古国府105番地の3,古国府7組の3,古国府三丁目,4,40,furugoutaisyoubo.pdf,p21,high,
208,大字古国府106番地の1,古国府7組の3A,古国府三丁目,4,47,furugoutaisyoubo.pdf,p21,high,資料上5回出現
209,大字古国府106番地の1,古国府7組の3,古国府三丁目,4,47,furugoutaisyoubo.pdf,p22,high,
210,大字古国府106番地の2,古国府7組の3,古国府三丁目,4,49,furugoutaisyoubo.pdf,p22,high,
211,大字古国府107番地の1,古国府7組の4,古国府三丁目,4,50-101,furugoutaisyoubo.pdf,p22,high,
212,大字古国府107番地の1,古国府7組の4,古国府三丁目,4,50-102,furugoutaisyoubo.pdf,p22,high,
213,大字古国府107番地の1,古国府7組の4,古国府三丁目,4,50-103,furugoutaisyoubo.pdf,p22,high,
214,大字古国府107番地の1,古国府7組の4,古国府三丁目,4,50-105,furugoutaisyoubo.pdf,p22,high,
215,大字古国府107番地の1,古国府7組の4,古国府三丁目,4,50-106,furugoutaisyoubo.pdf,p22,high,
216,大字古国府107番地の1,古国府7組の4,古国府三丁目,4,50-107,furugoutaisyoubo.pdf,p22,high,
217,大字古国府107番地の1,古国府7組の4,古国府三丁目,4,50-201,furugoutaisyoubo.pdf,p22,high,
218,大字古国府107番地の1,古国府7組の4,古国府三丁目,4,50-202,furugoutaisyoubo.pdf,p22,high,
219,大字古国府107番地の1,古国府7組の4,古国府三丁目,4,50-203,furugoutaisyoubo.pdf,p23,high,
220,大字古国府107番地の1,古国府7組の4,古国府三丁目,4,50-205,furugoutaisyoubo.pdf,p23,high,
221,大字古国府107番地の1,古国府7組の4,古国府三丁目,4,50-206,furugoutaisyoubo.pdf,p23,high,
222,大字古国府107番地の1,古国府7組の4,古国府三丁目,4,50-207,furugoutaisyoubo.pdf,p23,high,
223,大字古国府107番地の1,古国府7組の4,古国府三丁目,4,50-301,furugoutaisyoubo.pdf,p23,high,
224,大字古国府107番地の1,古国府7組の4,古国府三丁目,4,50-302,furugoutaisyoubo.pdf,p23,high,
225,大字古国府107番地の1,古国府7組の4,古国府三丁目,4,50-303,furugoutaisyoubo.pdf,p23,high,
226,大字古国府107番地の1,古国府7組の4,古国府三丁目,4,50-305,furugoutaisyoubo.pdf,p23,high,
227,大字古国府107番地の1,古国府7組の4,古国府三丁目,4,50-306,furugoutaisyoubo.pdf,p23,high,
228,大字古国府107番地の1,古国府7組の4,古国府三丁目,4,50-307,furugoutaisyoubo.pdf,p23,high,
229,大字古国府107番地の1,古国府7組の4,古国府三丁目,4,50-401,furugoutaisyoubo.pdf,p23,high,
230,大字古国府107番地の1,古国府7組の4,古国府三丁目,4,50-402,furugoutaisyoubo.pdf,p23,high,
231,大字古国府107番地の1,古国府7組の4,古国府三丁目,4,50-403,furugoutaisyoubo.pdf,p23,high,資料上2回出現
232,大字古国府107番地の1,古国府7組の4,古国府三丁目,4,50-405,furugoutaisyoubo.pdf,p24,high,
233,大字古国府107番地の1,古国府7組の4,古国府三丁目,4,50-406,furugoutaisyoubo.pdf,p24,high,
234,大字古国府107番地の1,古国府7組の4,古国府三丁目,4,50-407,furugoutaisyoubo.pdf,p24,high,
235,大字古国府108番地,古国府7組の3,古国府三丁目,4,6,furugoutaisyoubo.pdf,p24,high,
236,大字古国府108番地の1,古国府7組の3,古国府三丁目,4,7,furugoutaisyoubo.pdf,p24,high,
237,大字古国府108番地の1,古国府7組の3,古国府三丁目,4,8,furugoutaisyoubo.pdf,p24,high,
238,大字古国府108番地の2,古国府7組の3,古国府三丁目,4,53,furugoutaisyoubo.pdf,p24,high,
239,大字古国府108番地の3,古国府7組の3,古国府三丁目,4,1,furugoutaisyoubo.pdf,p24,high,
240,大字古国府108番地の3,古国府7組の3,古国府三丁目,4,15,furugoutaisyoubo.pdf,p24,high,
241,大字古国府108番地の7,古国府7組の3,古国府三丁目,4,3,furugoutaisyoubo.pdf,p24,high,
242,大字古国府108番地の7,古国府7組の3,古国府三丁目,4,4,furugoutaisyoubo.pdf,p24,high,資料上2回出現
243,大字古国府108番地の12,古国府7組の3,古国府三丁目,4,9,furugoutaisyoubo.pdf,p25,high,
244,大字古国府109番地の1,古国府7組の3,古国府三丁目,4,12,furugoutaisyoubo.pdf,p25,high,
245,大字古国府109番地の1,古国府7組の3,古国府三丁目,4,14,furugoutaisyoubo.pdf,p25,high,
246,大字古国府109番地の1,古国府7組の3,古国府三丁目,4,17,furugoutaisyoubo.pdf,p25,high,
247,大字古国府110番地の1,古国府7組の3,古国府三丁目,4,19,furugoutaisyoubo.pdf,p25,high,
248,大字古国府110番地の5,古国府7組の3,古国府三丁目,4,23,furugoutaisyoubo.pdf,p25,high,
249,大字古国府111番地の1,古国府7組の3,古国府三丁目,4,28,furugoutaisyoubo.pdf,p25,high,
250,大字古国府111番地の3,古国府7組の3,古国府三丁目,4,27,furugoutaisyoubo.pdf,p25,high,
251,大字古国府112番地の1,古国府7組の3,古国府三丁目,4,33,furugoutaisyoubo.pdf,p25,high,
252,大字古国府112番地の2,古国府7組の3,古国府三丁目,4,38,furugoutaisyoubo.pdf,p25,high,
253,大字古国府112番地の5,古国府7組の3,古国府三丁目,4,34,furugoutaisyoubo.pdf,p25,high,
254,大字古国府112番地の6,古国府7組の3,古国府三丁目,4,29,furugoutaisyoubo.pdf,p25,high,
255,大字古国府112番地の6,古国府7組の3,古国府三丁目,4,30,furugoutaisyoubo.pdf,p26,high,
256,大字古国府112番地の8,古国府7組の3,古国府三丁目,4,31,furugoutaisyoubo.pdf,p26,high,
257,大字古国府115番地の1,古国府7組の5A,古国府三丁目,6,25,furugoutaisyoubo.pdf,p26,high,資料上7回出現
258,大字古国府115番地の1,古国府7組の5A,古国府三丁目,6,26,furugoutaisyoubo.pdf,p26,high,資料上8回出現
259,大字古国府115番地の1,古国府7組の5,古国府三丁目,6,24,furugoutaisyoubo.pdf,p27,high,
260,大字古国府116番地の4,古国府7組の5,古国府三丁目,6,29,furugoutaisyoubo.pdf,p27,high,
261,大字古国府117番地の1,古国府3組の3,古国府三丁目,6,13-101,furugoutaisyoubo.pdf,p27,high,
262,大字古国府117番地の1,古国府3組の3,古国府三丁目,6,13-113,furugoutaisyoubo.pdf,p27,high,
263,大字古国府117番地の1,古国府3組の3,古国府三丁目,6,13-210,furugoutaisyoubo.pdf,p27,high,資料上2回出現
264,大字古国府117番地の1,古国府3組の3,古国府三丁目,6,13-212,furugoutaisyoubo.pdf,p27,high,
265,大字古国府117番地の1,古国府3組の3,古国府三丁目,6,13-105,furugoutaisyoubo.pdf,p27,high,
266,大字古国府117番地の1,古国府3組の3,古国府三丁目,6,13-207,furugoutaisyoubo.pdf,p27,high,
267,大字古国府117番地の1,古国府3組の3,古国府三丁目,6,13-213,furugoutaisyoubo.pdf,p27,high,資料上2回出現
268,大字古国府117番地の1,古国府3組の3,古国府三丁目,6,13-311,furugoutaisyoubo.pdf,p28,high,
269,大字古国府117番地の1,古国府3組の3,古国府三丁目,6,13-507,furugoutaisyoubo.pdf,p28,high,
270,大字古国府117番地の1,古国府3組の3,古国府三丁目,6,13-512,furugoutaisyoubo.pdf,p28,high,
271,大字古国府117番地の1,古国府3組の3,古国府三丁目,6,13-612,furugoutaisyoubo.pdf,p28,high,
272,大字古国府117番地の1,古国府3組の3,古国府三丁目,6,13-102,furugoutaisyoubo.pdf,p28,high,
273,大字古国府117番地の1,古国府3組の3,古国府三丁目,6,13-103,furugoutaisyoubo.pdf,p28,high,
274,大字古国府117番地の1,古国府3組の3,古国府三丁目,6,13-106,furugoutaisyoubo.pdf,p28,high,
275,大字古国府117番地の1,古国府3組の3,古国府三丁目,6,13-107,furugoutaisyoubo.pdf,p28,high,
276,大字古国府117番地の1,古国府3組の3,古国府三丁目,6,13-108,furugoutaisyoubo.pdf,p28,high,
277,大字古国府117番地の1,古国府3組の3,古国府三丁目,6,13-110,furugoutaisyoubo.pdf,p28,high,
278,大字古国府117番地の1,古国府3組の3,古国府三丁目,6,13-111,furugoutaisyoubo.pdf,p28,high,
279,大字古国府117番地の1,古国府3組の3,古国府三丁目,6,13-112,furugoutaisyoubo.pdf,p28,high,
280,大字古国府117番地の1,古国府3組の3,古国府三丁目,6,13-201,furugoutaisyoubo.pdf,p29,high,資料上2回出現
281,大字古国府117番地の1,古国府3組の3,古国府三丁目,6,13-202,furugoutaisyoubo.pdf,p29,high,
282,大字古国府117番地の1,古国府3組の3,古国府三丁目,6,13-203,furugoutaisyoubo.pdf,p29,high,
283,大字古国府117番地の1,古国府3組の3,古国府三丁目,6,13-205,furugoutaisyoubo.pdf,p29,high,
284,大字古国府117番地の1,古国府3組の3,古国府三丁目,6,13-206,furugoutaisyoubo.pdf,p29,high,資料上2回出現
285,大字古国府117番地の1,古国府3組の3,古国府三丁目,6,13-208,furugoutaisyoubo.pdf,p29,high,
286,大字古国府117番地の1,古国府3組の3,古国府三丁目,6,13-211,furugoutaisyoubo.pdf,p29,high,
287,大字古国府117番地の1,古国府3組の3,古国府三丁目,6,13-301,furugoutaisyoubo.pdf,p29,high,資料上2回出現
288,大字古国府117番地の1,古国府3組の3,古国府三丁目,6,13-302,furugoutaisyoubo.pdf,p29,high,
289,大字古国府117番地の1,古国府3組の3,古国府三丁目,6,13-303,furugoutaisyoubo.pdf,p30,high,
290,大字古国府117番地の1,古国府3組の3,古国府三丁目,6,13-305,furugoutaisyoubo.pdf,p30,high,
291,大字古国府117番地の1,古国府3組の3,古国府三丁目,6,13-306,furugoutaisyoubo.pdf,p30,high,資料上2回出現
292,大字古国府117番地の1,古国府3組の3,古国府三丁目,6,13-607,furugoutaisyoubo.pdf,p30,high,資料上2回出現
293,大字古国府117番地の1,古国府3組の3,古国府三丁目,6,13-608,furugoutaisyoubo.pdf,p30,high,
294,大字古国府117番地の1,古国府3組の3,古国府三丁目,6,13-610,furugoutaisyoubo.pdf,p30,high,
295,大字古国府117番地の1,古国府3組の3,古国府三丁目,6,13-611,furugoutaisyoubo.pdf,p30,high,
296,大字古国府117番地の1,古国府3組の3,古国府三丁目,6,13-613,furugoutaisyoubo.pdf,p30,high,
297,大字古国府117番地の1,古国府3組の3,古国府三丁目,6,13-307,furugoutaisyoubo.pdf,p30,high,
298,大字古国府117番地の1,古国府3組の3,古国府三丁目,6,13-701,furugoutaisyoubo.pdf,p30,high,
299,大字古国府117番地の1,古国府3組の3,古国府三丁目,6,13-702,furugoutaisyoubo.pdf,p30,high,
300,大字古国府117番地の1,古国府3組の3,古国府三丁目,6,13-703,furugoutaisyoubo.pdf,p31,high,資料上2回出現
301,大字古国府117番地の1,古国府3組の3,古国府三丁目,6,13-706,furugoutaisyoubo.pdf,p31,high,
302,大字古国府117番地の1,古国府3組の3,古国府三丁目,6,13-707,furugoutaisyoubo.pdf,p31,high,
303,大字古国府117番地の1,古国府3組の3,古国府三丁目,6,13-708,furugoutaisyoubo.pdf,p31,high,
304,大字古国府117番地の1,古国府3組の3,古国府三丁目,6,13-710,furugoutaisyoubo.pdf,p31,high,
305,大字古国府117番地の1,古国府3組の3,古国府三丁目,6,13-711,furugoutaisyoubo.pdf,p31,high,資料上2回出現
306,大字古国府117番地の1,古国府3組の3,古国府三丁目,6,13-713,furugoutaisyoubo.pdf,p31,high,
307,大字古国府117番地の1,古国府3組の3,古国府三丁目,6,13-405,furugoutaisyoubo.pdf,p31,high,
308,大字古国府117番地の1,古国府3組の3,古国府三丁目,6,13-407,furugoutaisyoubo.pdf,p31,high,
309,大字古国府117番地の1,古国府3組の3,古国府三丁目,6,13-410,furugoutaisyoubo.pdf,p31,high,
310,大字古国府117番地の1,古国府3組の3,古国府三丁目,6,13-506,furugoutaisyoubo.pdf,p31,high,
311,大字古国府117番地の1,古国府3組の3,古国府三丁目,6,13-511,furugoutaisyoubo.pdf,p32,high,
312,大字古国府117番地の1,古国府3組の3,古国府三丁目,6,13-513,furugoutaisyoubo.pdf,p32,high,
313,大字古国府117番地の1,古国府3組の3,古国府三丁目,6,13-602,furugoutaisyoubo.pdf,p32,high,
314,大字古国府117番地の1,古国府3組の3,古国府三丁目,6,13-705,furugoutaisyoubo.pdf,p32,high,
315,大字古国府117番地の1,古国府3組の3,古国府三丁目,6,13-712,furugoutaisyoubo.pdf,p32,high,
316,大字古国府117番地の5,古国府7組の5,古国府三丁目,6,33,furugoutaisyoubo.pdf,p32,high,
317,大字古国府117番地の6,古国府7組の5,古国府三丁目,6,34,furugoutaisyoubo.pdf,p32,high,
318,大字古国府117番地の7,古国府7組の5,古国府三丁目,6,35,furugoutaisyoubo.pdf,p32,high,
319,大字古国府117番地の8,古国府7組の5,古国府三丁目,6,36,furugoutaisyoubo.pdf,p32,high,
320,大字古国府119番地の1,古国府3組の3B,古国府三丁目,6,8-101,furugoutaisyoubo.pdf,p32,high,
321,大字古国府119番地の1,古国府3組の3B,古国府三丁目,6,8-102,furugoutaisyoubo.pdf,p32,high,
322,大字古国府119番地の1,古国府3組の3B,古国府三丁目,6,8-103,furugoutaisyoubo.pdf,p32,high,
323,大字古国府119番地の1,古国府3組の3B,古国府三丁目,6,8-105,furugoutaisyoubo.pdf,p32,high,
324,大字古国府119番地の1,古国府3組の3B,古国府三丁目,6,8-201,furugoutaisyoubo.pdf,p33,high,
325,大字古国府119番地の1,古国府3組の3B,古国府三丁目,6,8-202,furugoutaisyoubo.pdf,p33,high,
326,大字古国府119番地の1,古国府3組の3B,古国府三丁目,6,8-203,furugoutaisyoubo.pdf,p33,high,
327,大字古国府119番地の1,古国府3組の3B,古国府三丁目,6,8-205,furugoutaisyoubo.pdf,p33,high,
328,大字古国府119番地の1,古国府3組の3B,古国府三丁目,6,8-301,furugoutaisyoubo.pdf,p33,high,
329,大字古国府119番地の1,古国府3組の3B,古国府三丁目,6,8-302,furugoutaisyoubo.pdf,p33,high,
330,大字古国府119番地の1,古国府3組の3B,古国府三丁目,6,8-303,furugoutaisyoubo.pdf,p33,high,
331,大字古国府119番地の1,古国府3組の3B,古国府三丁目,6,8-305,furugoutaisyoubo.pdf,p33,high,
332,大字古国府119番地の1,古国府3組の3B,古国府三丁目,6,8-401,furugoutaisyoubo.pdf,p33,high,
333,大字古国府119番地の1,古国府3組の3B,古国府三丁目,6,8-402,furugoutaisyoubo.pdf,p33,high,
334,大字古国府119番地の1,古国府3組の3B,古国府三丁目,6,8-403,furugoutaisyoubo.pdf,p33,high,
335,大字古国府119番地の1,古国府3組の3B,古国府三丁目,6,8-405,furugoutaisyoubo.pdf,p33,high,
336,大字古国府119番地の1,古国府3組の3B,古国府三丁目,6,8-501,furugoutaisyoubo.pdf,p33,high,
337,大字古国府119番地の1,古国府3組の3B,古国府三丁目,6,8-502,furugoutaisyoubo.pdf,p36,high,備考欄:トレステーラ古国府駅前502
338,大字古国府119番地の1,古国府3組の3B,古国府三丁目,6,8-503,furugoutaisyoubo.pdf,p36,high,備考欄:トレステーラ古国府駅前503
339,大字古国府119番地の1,古国府3組の3B,古国府三丁目,6,8-505,furugoutaisyoubo.pdf,p36,high,備考欄:トレステーラ古国府駅前505
340,大字古国府119番地の1,古国府3組の3B,古国府三丁目,6,8-601,furugoutaisyoubo.pdf,p36,high,備考欄:トレステーラ古国府駅前601
341,大字古国府119番地の1,古国府3組の3B,古国府三丁目,6,8-602,furugoutaisyoubo.pdf,p36,high,備考欄:トレステーラ古国府駅前602
342,大字古国府119番地の1,古国府3組の3B,古国府三丁目,6,8-603,furugoutaisyoubo.pdf,p36,high,備考欄:トレステーラ古国府駅前603
343,大字古国府119番地の1,古国府3組の3B,古国府三丁目,6,8-605,furugoutaisyoubo.pdf,p36,high,備考欄:トレステーラ古国府駅前605
344,大字古国府119番地の1,古国府3組の3B,古国府三丁目,6,8-701,furugoutaisyoubo.pdf,p36,high,備考欄:トレステーラ古国府駅前701
345,大字古国府119番地の1,古国府3組の3B,古国府三丁目,6,8-702,furugoutaisyoubo.pdf,p36,high,備考欄:トレステーラ古国府駅前702
346,大字古国府119番地の1,古国府3組の3B,古国府三丁目,6,8-703,furugoutaisyoubo.pdf,p36,high,備考欄:トレステーラ古国府駅前703
347,大字古国府119番地の1,古国府3組の3B,古国府三丁目,6,8-705,furugoutaisyoubo.pdf,p36,high,備考欄:トレステーラ古国府駅前705
348,大字古国府119番地の1,古国府3組の3B,古国府三丁目,6,8-801,furugoutaisyoubo.pdf,p36,high,備考欄:トレステーラ古国府駅前801
349,大字古国府119番地の1,古国府3組の3B,古国府三丁目,6,8-802,furugoutaisyoubo.pdf,p36,high,備考欄:トレステーラ古国府駅前802
350,大字古国府119番地の1,古国府3組の3B,古国府三丁目,6,8-803,furugoutaisyoubo.pdf,p37,high,備考欄:トレステーラ古国府駅前803
351,大字古国府119番地の1,古国府3組の3B,古国府三丁目,6,8-805,furugoutaisyoubo.pdf,p37,high,備考欄:トレステーラ古国府駅前805
352,大字古国府119番地の1,古国府3組の3B,古国府三丁目,6,8-901,furugoutaisyoubo.pdf,p37,high,備考欄:トレステーラ古国府駅前901
353,大字古国府119番地の1,古国府3組の3B,古国府三丁目,6,8-902,furugoutaisyoubo.pdf,p37,high,備考欄:トレステーラ古国府駅前902
354,大字古国府119番地の1,古国府3組の3B,古国府三丁目,6,8-903,furugoutaisyoubo.pdf,p37,high,備考欄:トレステーラ古国府駅前903
355,大字古国府119番地の1,古国府3組の3B,古国府三丁目,6,8-905,furugoutaisyoubo.pdf,p37,high,備考欄:トレステーラ古国府駅前905
356,大字古国府120番地の1,古国府3組の3C,古国府三丁目,6,3-1001,furugoutaisyoubo.pdf,p37,high,備考欄:グリーンヒル古国府駅前レジデンス1001
357,大字古国府120番地の1,古国府3組の3C,古国府三丁目,6,3-1002,furugoutaisyoubo.pdf,p37,high,備考欄:グリーンヒル古国府駅前レジデンス1002
358,大字古国府120番地の1,古国府3組の3C,古国府三丁目,6,3-102,furugoutaisyoubo.pdf,p37,high,備考欄:グリーンヒル古国府駅前レジデンス102
359,大字古国府120番地の1,古国府3組の3C,古国府三丁目,6,3-103,furugoutaisyoubo.pdf,p37,high,備考欄:グリーンヒル古国府駅前レジデンス103
360,大字古国府120番地の1,古国府3組の3C,古国府三丁目,6,3-105,furugoutaisyoubo.pdf,p37,high,備考欄:グリーンヒル古国府駅前レジデンス105
361,大字古国府120番地の1,古国府3組の3C,古国府三丁目,6,3-1101,furugoutaisyoubo.pdf,p37,high,備考欄:グリーンヒル古国府駅前レジデンス1101
362,大字古国府120番地の1,古国府3組の3C,古国府三丁目,6,3-1102,furugoutaisyoubo.pdf,p37,high,備考欄:グリーンヒル古国府駅前レジデンス1102
363,大字古国府120番地の1,古国府3組の3C,古国府三丁目,6,3-1201,furugoutaisyoubo.pdf,p38,high,備考欄:グリーンヒル古国府駅前レジデンス1201
364,大字古国府120番地の1,古国府3組の3C,古国府三丁目,6,3-1202,furugoutaisyoubo.pdf,p38,high,備考欄:グリーンヒル古国府駅前レジデンス1202
365,大字古国府120番地の1,古国府3組の3C,古国府三丁目,6,3-1301,furugoutaisyoubo.pdf,p38,high,備考欄:グリーンヒル古国府駅前レジデンス1301
366,大字古国府120番地の1,古国府3組の3C,古国府三丁目,6,3-1302,furugoutaisyoubo.pdf,p38,high,備考欄:グリーンヒル古国府駅前レジデンス1302
367,大字古国府120番地の1,古国府3組の3C,古国府三丁目,6,3-201,furugoutaisyoubo.pdf,p38,high,備考欄:グリーンヒル古国府駅前レジデンス201
368,大字古国府120番地の1,古国府3組の3C,古国府三丁目,6,3-202,furugoutaisyoubo.pdf,p38,high,備考欄:グリーンヒル古国府駅前レジデンス202
369,大字古国府120番地の1,古国府3組の3C,古国府三丁目,6,3-203,furugoutaisyoubo.pdf,p38,high,備考欄:グリーンヒル古国府駅前レジデンス203
370,大字古国府120番地の1,古国府3組の3C,古国府三丁目,6,3-205,furugoutaisyoubo.pdf,p38,high,備考欄:グリーンヒル古国府駅前レジデンス205
371,大字古国府120番地の1,古国府3組の3C,古国府三丁目,6,3-301,furugoutaisyoubo.pdf,p38,high,備考欄:グリーンヒル古国府駅前レジデンス301
372,大字古国府120番地の1,古国府3組の3C,古国府三丁目,6,3-302,furugoutaisyoubo.pdf,p38,high,備考欄:グリーンヒル古国府駅前レジデンス302
373,大字古国府120番地の1,古国府3組の3C,古国府三丁目,6,3-303,furugoutaisyoubo.pdf,p38,high,備考欄:グリーンヒル古国府駅前レジデンス303
374,大字古国府120番地の1,古国府3組の3C,古国府三丁目,6,3-305,furugoutaisyoubo.pdf,p38,high,備考欄:グリーンヒル古国府駅前レジデンス305
375,大字古国府120番地の1,古国府3組の3C,古国府三丁目,6,3-401,furugoutaisyoubo.pdf,p38,high,備考欄:グリーンヒル古国府駅前レジデンス401
376,大字古国府120番地の1,古国府3組の3C,古国府三丁目,6,3-402,furugoutaisyoubo.pdf,p39,high,備考欄:グリーンヒル古国府駅前レジデンス402
377,大字古国府120番地の1,古国府3組の3C,古国府三丁目,6,3-403,furugoutaisyoubo.pdf,p39,high,備考欄:グリーンヒル古国府駅前レジデンス403
378,大字古国府120番地の1,古国府3組の3C,古国府三丁目,6,3-501,furugoutaisyoubo.pdf,p39,high,備考欄:グリーンヒル古国府駅前レジデンス501
379,大字古国府120番地の1,古国府3組の3C,古国府三丁目,6,3-502,furugoutaisyoubo.pdf,p39,high,備考欄:グリーンヒル古国府駅前レジデンス502
380,大字古国府120番地の1,古国府3組の3C,古国府三丁目,6,3-503,furugoutaisyoubo.pdf,p39,high,備考欄:グリーンヒル古国府駅前レジデンス503
381,大字古国府120番地の1,古国府3組の3C,古国府三丁目,6,3-601,furugoutaisyoubo.pdf,p39,high,備考欄:グリーンヒル古国府駅前レジデンス601
382,大字古国府120番地の1,古国府3組の3C,古国府三丁目,6,3-602,furugoutaisyoubo.pdf,p39,high,備考欄:グリーンヒル古国府駅前レジデンス602
383,大字古国府120番地の1,古国府3組の3C,古国府三丁目,6,3-603,furugoutaisyoubo.pdf,p39,high,備考欄:グリーンヒル古国府駅前レジデンス603
384,大字古国府120番地の1,古国府3組の3C,古国府三丁目,6,3-701,furugoutaisyoubo.pdf,p39,high,備考欄:グリーンヒル古国府駅前レジデンス701
385,大字古国府120番地の1,古国府3組の3C,古国府三丁目,6,3-702,furugoutaisyoubo.pdf,p39,high,備考欄:グリーンヒル古国府駅前レジデンス702
386,大字古国府120番地の1,古国府3組の3C,古国府三丁目,6,3-801,furugoutaisyoubo.pdf,p39,high,備考欄:グリーンヒル古国府駅前レジデンス801
387,大字古国府120番地の1,古国府3組の3C,古国府三丁目,6,3-802,furugoutaisyoubo.pdf,p39,high,備考欄:グリーンヒル古国府駅前レジデンス802
388,大字古国府120番地の1,古国府3組の3C,古国府三丁目,6,3-901,furugoutaisyoubo.pdf,p39,high,備考欄:グリーンヒル古国府駅前レジデンス901
389,大字古国府120番地の1,古国府3組の3C,古国府三丁目,6,3-902,furugoutaisyoubo.pdf,p40,high,備考欄:グリーンヒル古国府駅前レジデンス902
390,大字古国府121番地の2,古国府1組の3C,古国府三丁目,8,21,furugoutaisyoubo.pdf,p40,high,
391,大字古国府121番地の3,古国府1組の3C,古国府三丁目,8,20,furugoutaisyoubo.pdf,p40,high,
392,大字古国府123番地の1,古国府1組の3B,古国府三丁目,8,51,furugoutaisyoubo.pdf,p40,high,
393,大字古国府123番地の3,古国府1組の3B,古国府三丁目,8,53,furugoutaisyoubo.pdf,p40,high,
394,大字古国府123番地の5,古国府1組の3,古国府三丁目,8,54,furugoutaisyoubo.pdf,p40,high,
395,大字古国府123番地の5,古国府1組の3,古国府三丁目,8,55,furugoutaisyoubo.pdf,p40,high,
396,大字古国府123番地の8,古国府1組の3,古国府三丁目,8,56,furugoutaisyoubo.pdf,p40,high,
397,大字古国府123番地の9,古国府1組の3B,古国府三丁目,8,57,furugoutaisyoubo.pdf,p40,high,
398,大字古国府123番地の10,古国府1組の3,古国府三丁目,8,58,furugoutaisyoubo.pdf,p40,high,
399,大字古国府123番地の11,古国府1組の3B,古国府三丁目,8,59,furugoutaisyoubo.pdf,p40,high,
400,大字古国府124番地の1,古国府1組の3B,古国府三丁目,8,44,furugoutaisyoubo.pdf,p40,high,
401,大字古国府124番地の1,古国府1組の3B,古国府三丁目,8,45,furugoutaisyoubo.pdf,p40,high,
402,大字古国府124番地の1,古国府1組の3,古国府三丁目,8,46,furugoutaisyoubo.pdf,p41,high,
403,大字古国府124番地の1,古国府1組の3C,古国府三丁目,8,47,furugoutaisyoubo.pdf,p41,high,
404,大字古国府124番地の1,古国府1組の3B,古国府三丁目,8,49,furugoutaisyoubo.pdf,p41,high,
405,大字古国府124番地の1,古国府1組の3B,古国府三丁目,8,50,furugoutaisyoubo.pdf,p41,high,
406,大字古国府124番地の1,古国府1組の3B,古国府三丁目,8,52,furugoutaisyoubo.pdf,p41,high,資料上2回出現
407,大字古国府124番地の3,古国府1組の3B,古国府三丁目,8,42,furugoutaisyoubo.pdf,p41,high,資料上2回出現
408,大字古国府126番地の1,古国府1組の3,古国府三丁目,8,36,furugoutaisyoubo.pdf,p41,high,備考欄:レオパレスエリアピース101
409,大字古国府126番地の1,古国府1組の3,古国府三丁目,8,36,furugoutaisyoubo.pdf,p41,high,備考欄:レオパレスエリアピース102
410,大字古国府126番地の1,古国府1組の3,古国府三丁目,8,36,furugoutaisyoubo.pdf,p41,high,備考欄:レオパレスエリアピース103
411,大字古国府126番地の1,古国府1組の3,古国府三丁目,8,36,furugoutaisyoubo.pdf,p41,high,備考欄:レオパレスエリアピース104
412,大字古国府126番地の1,古国府1組の3,古国府三丁目,8,36,furugoutaisyoubo.pdf,p41,high,備考欄:レオパレスエリアピース105
413,大字古国府126番地の1,古国府1組の3,古国府三丁目,8,36,furugoutaisyoubo.pdf,p42,high,備考欄:レオパレスエリアピース106
414,大字古国府126番地の1,古国府1組の3,古国府三丁目,8,36,furugoutaisyoubo.pdf,p42,high,備考欄:レオパレスエリアピース107
415,大字古国府126番地の1,古国府1組の3,古国府三丁目,8,36,furugoutaisyoubo.pdf,p42,high,備考欄:レオパレスエリアピース108
416,大字古国府126番地の1,古国府1組の3,古国府三丁目,8,36,furugoutaisyoubo.pdf,p42,high,備考欄:レオパレスエリアピース109
417,大字古国府126番地の1,古国府1組の3,古国府三丁目,8,36,furugoutaisyoubo.pdf,p42,high,備考欄:レオパレスエリアピース110
418,大字古国府126番地の1,古国府1組の3,古国府三丁目,8,36,furugoutaisyoubo.pdf,p42,high,備考欄:レオパレスエリアピース111
419,大字古国府126番地の1,古国府1組の3,古国府三丁目,8,36,furugoutaisyoubo.pdf,p42,high,備考欄:レオパレスエリアピース112
420,大字古国府126番地の1,古国府1組の3,古国府三丁目,8,36,furugoutaisyoubo.pdf,p42,high,備考欄:レオパレスエリアピース201
421,大字古国府126番地の1,古国府1組の3,古国府三丁目,8,36,furugoutaisyoubo.pdf,p42,high,備考欄:レオパレスエリアピース202
422,大字古国府126番地の1,古国府1組の3,古国府三丁目,8,36,furugoutaisyoubo.pdf,p42,high,備考欄:レオパレスエリアピース203
423,大字古国府126番地の1,古国府1組の3,古国府三丁目,8,36,furugoutaisyoubo.pdf,p42,high,備考欄:レオパレスエリアピース204、資料上2回出現
424,大字古国府126番地の1,古国府1組の3,古国府三丁目,8,36,furugoutaisyoubo.pdf,p42,high,備考欄:レオパレスエリアピース205
425,大字古国府126番地の1,古国府1組の3,古国府三丁目,8,36,furugoutaisyoubo.pdf,p43,high,備考欄:レオパレスエリアピース206
426,大字古国府126番地の1,古国府1組の3,古国府三丁目,8,36,furugoutaisyoubo.pdf,p43,high,備考欄:レオパレスエリアピース207
427,大字古国府126番地の1,古国府1組の3,古国府三丁目,8,36,furugoutaisyoubo.pdf,p43,high,備考欄:レオパレスエリアピース208
428,大字古国府126番地の1,古国府1組の3,古国府三丁目,8,36,furugoutaisyoubo.pdf,p43,high,備考欄:レオパレスエリアピース209
429,大字古国府126番地の1,古国府1組の3,古国府三丁目,8,36,furugoutaisyoubo.pdf,p43,high,備考欄:レオパレスエリアピース210
430,大字古国府126番地の1,古国府1組の3,古国府三丁目,8,36,furugoutaisyoubo.pdf,p43,high,備考欄:レオパレスエリアピース211
431,大字古国府126番地の1,古国府1組の3,古国府三丁目,8,36,furugoutaisyoubo.pdf,p43,high,備考欄:レオパレスエリアピース212
432,大字古国府126番地の1,古国府1組の3,古国府三丁目,8,37,furugoutaisyoubo.pdf,p43,high,備考欄:レオパレスエリアピースはやし101
433,大字古国府126番地の1,古国府1組の3,古国府三丁目,8,37,furugoutaisyoubo.pdf,p43,high,備考欄:レオパレスエリアピースはやし102
434,大字古国府126番地の1,古国府1組の3,古国府三丁目,8,37,furugoutaisyoubo.pdf,p43,high,備考欄:レオパレスエリアピースはやし103
435,大字古国府126番地の1,古国府1組の3,古国府三丁目,8,37,furugoutaisyoubo.pdf,p43,high,備考欄:レオパレスエリアピースはやし104
436,大字古国府126番地の1,古国府1組の3,古国府三丁目,8,37,furugoutaisyoubo.pdf,p43,high,備考欄:レオパレスエリアピースはやし105
437,大字古国府126番地の1,古国府1組の3,古国府三丁目,8,37,furugoutaisyoubo.pdf,p43,high,備考欄:レオパレスエリアピースはやし106
438,大字古国府126番地の1,古国府1組の3,古国府三丁目,8,37,furugoutaisyoubo.pdf,p44,high,備考欄:レオパレスエリアピースはやし107
439,大字古国府126番地の1,古国府1組の3,古国府三丁目,8,37,furugoutaisyoubo.pdf,p44,high,備考欄:レオパレスエリアピースはやし108
440,大字古国府126番地の1,古国府1組の3,古国府三丁目,8,37,furugoutaisyoubo.pdf,p44,high,備考欄:レオパレスエリアピースはやし109
441,大字古国府126番地の1,古国府1組の3,古国府三丁目,8,37,furugoutaisyoubo.pdf,p44,high,備考欄:レオパレスエリアピースはやし110
442,大字古国府126番地の1,古国府1組の3,古国府三丁目,8,37,furugoutaisyoubo.pdf,p44,high,備考欄:レオパレスエリアピースはやし111
443,大字古国府126番地の1,古国府1組の3,古国府三丁目,8,37,furugoutaisyoubo.pdf,p44,high,備考欄:レオパレスエリアピースはやし112
444,大字古国府126番地の1,古国府1組の3,古国府三丁目,8,37,furugoutaisyoubo.pdf,p44,high,備考欄:レオパレスエリアピースはやし113
445,大字古国府126番地の1,古国府1組の3,古国府三丁目,8,37,furugoutaisyoubo.pdf,p44,high,備考欄:レオパレスエリアピースはやし114
446,大字古国府126番地の1,古国府1組の3,古国府三丁目,8,37,furugoutaisyoubo.pdf,p44,high,備考欄:レオパレスエリアピースはやし115
447,大字古国府126番地の1,古国府1組の3,古国府三丁目,8,37,furugoutaisyoubo.pdf,p44,high,備考欄:レオパレスエリアピースはやし201
448,大字古国府126番地の1,古国府1組の3,古国府三丁目,8,37,furugoutaisyoubo.pdf,p44,high,備考欄:レオパレスエリアピースはやし202
449,大字古国府126番地の1,古国府1組の3,古国府三丁目,8,37,furugoutaisyoubo.pdf,p44,high,備考欄:レオパレスエリアピースはやし203、資料上2回出現
450,大字古国府126番地の1,古国府1組の3,古国府三丁目,8,37,furugoutaisyoubo.pdf,p45,high,備考欄:レオパレスエリアピースはやし204
451,大字古国府126番地の1,古国府1組の3,古国府三丁目,8,37,furugoutaisyoubo.pdf,p45,high,備考欄:レオパレスエリアピースはやし205
452,大字古国府126番地の1,古国府1組の3,古国府三丁目,8,37,furugoutaisyoubo.pdf,p45,high,備考欄:レオパレスエリアピースはやし206
453,大字古国府126番地の1,古国府1組の3,古国府三丁目,8,37,furugoutaisyoubo.pdf,p45,high,備考欄:レオパレスエリアピースはやし207
454,大字古国府126番地の1,古国府1組の3,古国府三丁目,8,37,furugoutaisyoubo.pdf,p45,high,備考欄:レオパレスエリアピースはやし208
455,大字古国府126番地の1,古国府1組の3,古国府三丁目,8,37,furugoutaisyoubo.pdf,p45,high,備考欄:レオパレスエリアピースはやし209
456,大字古国府126番地の1,古国府1組の3,古国府三丁目,8,37,furugoutaisyoubo.pdf,p45,high,備考欄:レオパレスエリアピースはやし210
457,大字古国府126番地の1,古国府1組の3,古国府三丁目,8,37,furugoutaisyoubo.pdf,p45,high,備考欄:レオパレスエリアピースはやし211
458,大字古国府126番地の1,古国府1組の3,古国府三丁目,8,37,furugoutaisyoubo.pdf,p45,high,備考欄:レオパレスエリアピースはやし212
459,大字古国府126番地の1,古国府1組の3,古国府三丁目,8,37,furugoutaisyoubo.pdf,p45,high,備考欄:レオパレスエリアピースはやし213
460,大字古国府126番地の1,古国府1組の3,古国府三丁目,8,37,furugoutaisyoubo.pdf,p45,high,備考欄:レオパレスエリアピースはやし214
461,大字古国府126番地の1,古国府1組の3,古国府三丁目,8,37,furugoutaisyoubo.pdf,p45,high,備考欄:レオパレスエリアピースはやし215
462,大字古国府127番地の1,古国府1組の3C,古国府三丁目,8,24,furugoutaisyoubo.pdf,p45,high,
463,大字古国府127番地の3,古国府1組の3C,古国府三丁目,8,34,furugoutaisyoubo.pdf,p46,high,備考欄:ディアスやよい101
464,大字古国府127番地の3,古国府1組の3C,古国府三丁目,8,34,furugoutaisyoubo.pdf,p46,high,備考欄:ディアスやよい201
465,大字古国府127番地の4,古国府1組の3B,古国府三丁目,8,31,furugoutaisyoubo.pdf,p46,high,
466,大字古国府127番地の4,古国府1組の3B,古国府三丁目,8,32,furugoutaisyoubo.pdf,p46,high,
467,大字古国府127番地の5,古国府1組の3B,古国府三丁目,8,30,furugoutaisyoubo.pdf,p46,high,
468,大字古国府127番地の6,古国府1組の3C,古国府三丁目,8,32,furugoutaisyoubo.pdf,p46,high,
469,大字古国府127番地の8,古国府1組の3C,古国府三丁目,8,26,furugoutaisyoubo.pdf,p46,high,
470,大字古国府128番地の3,古国府1組の3,古国府三丁目,8,5,furugoutaisyoubo.pdf,p46,high,備考欄:コンフォートYANO 5、資料上2回出現
471,大字古国府128番地の7,古国府1組の3,古国府三丁目,8,1,furugoutaisyoubo.pdf,p46,high,備考欄:コンフォートYANO 1
472,大字古国府128番地の7,古国府1組の3,古国府三丁目,8,10,furugoutaisyoubo.pdf,p46,high,備考欄:コンフォートYANO 10
473,大字古国府128番地の7,古国府1組の3,古国府三丁目,8,11,furugoutaisyoubo.pdf,p46,high,備考欄:コンフォートYANO 11
474,大字古国府128番地の7,古国府1組の3,古国府三丁目,8,12,furugoutaisyoubo.pdf,p46,high,備考欄:コンフォートYANO 12
475,大字古国府128番地の7,古国府1組の3,古国府三丁目,8,2,furugoutaisyoubo.pdf,p47,high,備考欄:コンフォートYANO 2
476,大字古国府128番地の7,古国府1組の3,古国府三丁目,8,3,furugoutaisyoubo.pdf,p47,high,備考欄:コンフォートYANO 3
477,大字古国府128番地の7,古国府1組の3,古国府三丁目,8,4,furugoutaisyoubo.pdf,p47,high,備考欄:コンフォートYANO 4
478,大字古国府128番地の7,古国府1組の3,古国府三丁目,8,6,furugoutaisyoubo.pdf,p47,high,備考欄:コンフォートYANO 6
479,大字古国府128番地の7,古国府1組の3,古国府三丁目,8,7,furugoutaisyoubo.pdf,p47,high,備考欄:コンフォートYANO 7
480,大字古国府128番地の7,古国府1組の3,古国府三丁目,8,8,furugoutaisyoubo.pdf,p47,high,
481,大字古国府128番地の7,古国府1組の3,古国府三丁目,8,9,furugoutaisyoubo.pdf,p47,high,
482,大字古国府130番地の5,古国府7組の5,古国府三丁目,7,38,furugoutaisyoubo.pdf,p47,high,
483,大字古国府131番地の3,古国府7組の5,古国府三丁目,7,37,furugoutaisyoubo.pdf,p47,high,
484,大字古国府132番地の5,古国府7組の5,古国府三丁目,7,24,furugoutaisyoubo.pdf,p47,high,資料上2回出現
485,大字古国府132番地の7,古国府7組の5,古国府三丁目,7,29,furugoutaisyoubo.pdf,p47,high,
486,大字古国府132番地の9,古国府7組の5,古国府三丁目,7,27,furugoutaisyoubo.pdf,p47,high,
487,大字古国府132番地の11,古国府7組の5,古国府三丁目,7,25,furugoutaisyoubo.pdf,p48,high,
488,大字古国府132番地の12,古国府7組の5,古国府三丁目,7,21,furugoutaisyoubo.pdf,p48,high,資料上4回出現
489,大字古国府132番地の111,古国府7組の5,古国府三丁目,7,25,furugoutaisyoubo.pdf,p48,high,
490,大字古国府133番地の5,古国府7組の5,古国府三丁目,7,14,furugoutaisyoubo.pdf,p48,high,
491,大字古国府133番地の6,古国府7組の5,古国府三丁目,7,13,furugoutaisyoubo.pdf,p48,high,
492,大字古国府133番地の7,古国府7組の5,古国府三丁目,7,12,furugoutaisyoubo.pdf,p48,high,
493,大字古国府133番地の8,古国府7組の5,古国府三丁目,7,11,furugoutaisyoubo.pdf,p48,high,
494,大字古国府133番地の9,古国府7組の5,古国府三丁目,7,10,furugoutaisyoubo.pdf,p48,high,
495,大字古国府133番地の10,古国府7組の5,古国府三丁目,7,15,furugoutaisyoubo.pdf,p48,high,
496,大字古国府133番地の11,古国府7組の5,古国府三丁目,7,16,furugoutaisyoubo.pdf,p48,high,
497,大字古国府133番地の12,古国府7組の5,古国府三丁目,7,17,furugoutaisyoubo.pdf,p49,high,資料上2回出現
498,大字古国府135番地の1,古国府7組の5,古国府三丁目,7,6,furugoutaisyoubo.pdf,p49,high,備考欄:スリーフォートハイムふるごう101
499,大字古国府135番地の1,古国府7組の5,古国府三丁目,7,6,furugoutaisyoubo.pdf,p49,high,備考欄:スリーフォートハイムふるごう102
500,大字古国府135番地の1,古国府7組の5,古国府三丁目,7,6,furugoutaisyoubo.pdf,p49,high,備考欄:スリーフォートハイムふるごう103
501,大字古国府135番地の1,古国府7組の5,古国府三丁目,7,6,furugoutaisyoubo.pdf,p49,high,備考欄:スリーフォートハイムふるごう201
502,大字古国府135番地の1,古国府7組の5,古国府三丁目,7,6,furugoutaisyoubo.pdf,p49,high,備考欄:スリーフォートハイムふるごう202
503,大字古国府135番地の1,古国府7組の5,古国府三丁目,7,6,furugoutaisyoubo.pdf,p49,high,備考欄:スリーフォートハイムふるごう203
504,大字古国府135番地の2,古国府7組の5,古国府三丁目,7,3,furugoutaisyoubo.pdf,p49,high,
505,大字古国府135番地の7,古国府7組の5,古国府三丁目,7,5,furugoutaisyoubo.pdf,p49,high,資料上2回出現
506,大字古国府135番地の8,古国府7組の5,古国府三丁目,7,1,furugoutaisyoubo.pdf,p49,high,
507,大字古国府136番地の1,古国府7組の2,古国府三丁目,3,18-101,furugoutaisyoubo.pdf,p49,high,備考欄:グランコムサ古国府ST.101、資料上2回出現
508,大字古国府136番地の1,古国府7組の2,古国府三丁目,3,18-102,furugoutaisyoubo.pdf,p50,high,備考欄:グランコムサ古国府ST.102
509,大字古国府136番地の1,古国府7組の2,古国府三丁目,3,18-103,furugoutaisyoubo.pdf,p50,high,備考欄:グランコムサ古国府ST.103
510,大字古国府136番地の1,古国府7組の2,古国府三丁目,3,18-105,furugoutaisyoubo.pdf,p50,high,備考欄:グランコムサ古国府ST.105
511,大字古国府136番地の1,古国府7組の2,古国府三丁目,3,18-106,furugoutaisyoubo.pdf,p50,high,備考欄:グランコムサ古国府ST.106
512,大字古国府136番地の1,古国府7組の2,古国府三丁目,3,18-107,furugoutaisyoubo.pdf,p50,high,備考欄:グランコムサ古国府ST.107
513,大字古国府136番地の1,古国府7組の2,古国府三丁目,3,18-201,furugoutaisyoubo.pdf,p50,high,備考欄:グランコムサ古国府ST.201
514,大字古国府136番地の1,古国府7組の2,古国府三丁目,3,18-202,furugoutaisyoubo.pdf,p50,high,備考欄:グランコムサ古国府ST.202
515,大字古国府136番地の1,古国府7組の2,古国府三丁目,3,18-203,furugoutaisyoubo.pdf,p50,high,備考欄:グランコムサ古国府ST.203
516,大字古国府136番地の1,古国府7組の2,古国府三丁目,3,18-205,furugoutaisyoubo.pdf,p50,high,備考欄:グランコムサ古国府ST.205
517,大字古国府136番地の1,古国府7組の2,古国府三丁目,3,18-206,furugoutaisyoubo.pdf,p50,high,備考欄:グランコムサ古国府ST.206
518,大字古国府136番地の1,古国府7組の2,古国府三丁目,3,18-207,furugoutaisyoubo.pdf,p50,high,備考欄:グランコムサ古国府ST.207
519,大字古国府136番地の1,古国府7組の2,古国府三丁目,3,18-301,furugoutaisyoubo.pdf,p50,high,備考欄:グランコムサ古国府ST.301
520,大字古国府136番地の1,古国府7組の2,古国府三丁目,3,18-302,furugoutaisyoubo.pdf,p51,high,備考欄:グランコムサ古国府ST.302
521,大字古国府136番地の1,古国府7組の2,古国府三丁目,3,18-303,furugoutaisyoubo.pdf,p51,high,備考欄:グランコムサ古国府ST.303
522,大字古国府136番地の1,古国府7組の2,古国府三丁目,3,18-305,furugoutaisyoubo.pdf,p51,high,備考欄:グランコムサ古国府ST.305
523,大字古国府136番地の1,古国府7組の2,古国府三丁目,3,18-306,furugoutaisyoubo.pdf,p51,high,備考欄:グランコムサ古国府ST.306
524,大字古国府136番地の1,古国府7組の2,古国府三丁目,3,18-307,furugoutaisyoubo.pdf,p51,high,備考欄:グランコムサ古国府ST.307
525,大字古国府137番地の1,古国府7組の2,古国府三丁目,3,11,furugoutaisyoubo.pdf,p51,high,備考欄:パル・コートA101
526,大字古国府137番地の1,古国府7組の2,古国府三丁目,3,11,furugoutaisyoubo.pdf,p51,high,備考欄:パル・コートA102
527,大字古国府137番地の1,古国府7組の2,古国府三丁目,3,11,furugoutaisyoubo.pdf,p51,high,備考欄:パル・コートA201
528,大字古国府137番地の1,古国府7組の2,古国府三丁目,3,11,furugoutaisyoubo.pdf,p51,high,備考欄:パル・コートA202
529,大字古国府137番地の1,古国府7組の2,古国府三丁目,3,14,furugoutaisyoubo.pdf,p51,high,備考欄:パル・コートB101
530,大字古国府137番地の1,古国府7組の2,古国府三丁目,3,14,furugoutaisyoubo.pdf,p51,high,備考欄:パル・コートB102
531,大字古国府137番地の1,古国府7組の2,古国府三丁目,3,14,furugoutaisyoubo.pdf,p51,high,備考欄:パル・コートB201
532,大字古国府137番地の1,古国府7組の2,古国府三丁目,3,14,furugoutaisyoubo.pdf,p51,high,備考欄:パル・コートB202
533,大字古国府139番地の1,古国府8組の1,古国府二丁目,2,56,furugoutaisyoubo.pdf,p52,high,
534,大字古国府139番地の1,古国府8組の1,古国府二丁目,2,61,furugoutaisyoubo.pdf,p52,high,
535,大字古国府139番地の1,古国府8組の1,古国府二丁目,2,62,furugoutaisyoubo.pdf,p52,high,
536,大字古国府139番地の1,古国府8組の1,古国府二丁目,2,63,furugoutaisyoubo.pdf,p52,high,
537,大字古国府139番地の1,古国府8組の1,古国府二丁目,2,64,furugoutaisyoubo.pdf,p52,high,資料上2回出現
538,大字古国府139番地の1,古国府8組の1,古国府二丁目,3,15,furugoutaisyoubo.pdf,p52,high,
539,大字古国府139番地の1,古国府8組の1,古国府二丁目,3,17,furugoutaisyoubo.pdf,p52,high,
540,大字古国府139番地の1,古国府8組の1,古国府二丁目,3,23,furugoutaisyoubo.pdf,p52,high,資料上2回出現
541,大字古国府139番地の2,古国府8組の1,古国府二丁目,2,57,furugoutaisyoubo.pdf,p52,high,
542,大字古国府139番地の5,古国府8組の1,古国府二丁目,2,55,furugoutaisyoubo.pdf,p52,high,
543,大字古国府139番地の5,古国府8組の1,古国府二丁目,2,60,furugoutaisyoubo.pdf,p52,high,
544,大字古国府140番地の1,古国府8組の1,古国府二丁目,2,59,furugoutaisyoubo.pdf,p53,high,
545,大字古国府140番地の2,古国府8組の1,古国府二丁目,2,53,furugoutaisyoubo.pdf,p53,high,
546,大字古国府140番地の3,古国府8組の1,古国府二丁目,2,54,furugoutaisyoubo.pdf,p53,high,
547,大字古国府141番地1,,古国府二丁目,2,50,furugoutaisyoubo.pdf,p53,high,資料上通称の記載なし
548,大字古国府141番地の1,古国府7組の2,古国府二丁目,2,50,furugoutaisyoubo.pdf,p53,high,
549,大字古国府142番地の1,古国府7組の2,古国府二丁目,2,46,furugoutaisyoubo.pdf,p53,high,
550,大字古国府143番地の1,古国府7組の2,古国府二丁目,2,48,furugoutaisyoubo.pdf,p53,high,
551,大字古国府146番地の3,古国府7組の2,古国府三丁目,3,3,furugoutaisyoubo.pdf,p53,high,備考欄:極東印刷社宅101
552,大字古国府146番地の3,古国府7組の2,古国府三丁目,3,3,furugoutaisyoubo.pdf,p53,high,備考欄:極東印刷社宅102
553,大字古国府146番地の3,古国府7組の2,古国府三丁目,3,3,furugoutaisyoubo.pdf,p53,high,備考欄:極東印刷社宅103
554,大字古国府146番地の3,古国府7組の2,古国府三丁目,3,3,furugoutaisyoubo.pdf,p53,high,備考欄:極東印刷社宅104
555,大字古国府146番地の3,古国府7組の2,古国府三丁目,3,3,furugoutaisyoubo.pdf,p53,high,備考欄:極東印刷社宅201
556,大字古国府146番地の3,古国府7組の2,古国府三丁目,3,3,furugoutaisyoubo.pdf,p53,high,備考欄:極東印刷社宅202
557,大字古国府146番地の3,古国府7組の2,古国府三丁目,3,3,furugoutaisyoubo.pdf,p54,high,備考欄:極東印刷社宅203
558,大字古国府146番地の3,古国府7組の2,古国府三丁目,3,3,furugoutaisyoubo.pdf,p54,high,備考欄:極東印刷社宅204
559,大字古国府146番地の3,古国府7組の2,古国府三丁目,3,3,furugoutaisyoubo.pdf,p54,high,資料上3回出現、通称・備考なし
560,大字古国府149番地の3,古国府7組の2,古国府三丁目,2,10,furugoutaisyoubo.pdf,p54,high,
561,大字古国府149番地の10,古国府7組の2,古国府三丁目,2,14,furugoutaisyoubo.pdf,p54,high,
562,大字古国府150番地の1,古国府7組の2,古国府三丁目,2,12,furugoutaisyoubo.pdf,p54,high,備考欄:ハルメゾン唯101
563,大字古国府150番地の1,古国府7組の2,古国府三丁目,2,12,furugoutaisyoubo.pdf,p54,high,備考欄:ハルメゾン唯102
564,大字古国府150番地の1,古国府7組の2,古国府三丁目,2,12,furugoutaisyoubo.pdf,p54,high,備考欄:ハルメゾン唯201
565,大字古国府150番地の1,古国府7組の2,古国府三丁目,2,12,furugoutaisyoubo.pdf,p54,high,備考欄:ハルメゾン唯202
566,大字古国府150番地の2,古国府7組の2,古国府三丁目,2,11,furugoutaisyoubo.pdf,p54,high,
567,大字古国府151番地の1,古国府7組の6,古国府三丁目,9,1-101,furugoutaisyoubo.pdf,p54,high,備考欄:リルームス古国府101
568,大字古国府151番地の1,古国府7組の6,古国府三丁目,9,1-102,furugoutaisyoubo.pdf,p54,high,備考欄:リルームス古国府102
569,大字古国府151番地の1,古国府7組の6,古国府三丁目,9,1-103,furugoutaisyoubo.pdf,p54,high,備考欄:リルームス古国府103
570,大字古国府151番地の1,古国府7組の6,古国府三丁目,9,1-105,furugoutaisyoubo.pdf,p55,high,備考欄:リルームス古国府105
571,大字古国府151番地の1,古国府7組の6,古国府三丁目,9,1-106,furugoutaisyoubo.pdf,p55,high,備考欄:リルームス古国府106
572,大字古国府151番地の1,古国府7組の6,古国府三丁目,9,1-201,furugoutaisyoubo.pdf,p55,high,備考欄:リルームス古国府201
573,大字古国府151番地の1,古国府7組の6,古国府三丁目,9,1-202,furugoutaisyoubo.pdf,p55,high,備考欄:リルームス古国府202
574,大字古国府151番地の1,古国府7組の6,古国府三丁目,9,1-205,furugoutaisyoubo.pdf,p55,high,備考欄:リルームス古国府205
575,大字古国府151番地の1,古国府7組の6,古国府三丁目,9,1-206,furugoutaisyoubo.pdf,p55,high,備考欄:リルームス古国府206
576,大字古国府151番地の1,古国府7組の6,古国府三丁目,9,1-302,furugoutaisyoubo.pdf,p55,high,備考欄:リルームス古国府302
577,大字古国府151番地の1,古国府7組の6,古国府三丁目,9,1-303,furugoutaisyoubo.pdf,p55,high,備考欄:リルームス古国府303
578,大字古国府151番地の1,古国府7組の6,古国府三丁目,9,1-305,furugoutaisyoubo.pdf,p55,high,備考欄:リルームス古国府305
579,大字古国府151番地の1,古国府7組の6,古国府三丁目,9,1-306,furugoutaisyoubo.pdf,p55,high,備考欄:リルームス古国府306
580,大字古国府151番地の1,古国府7組の6,古国府三丁目,9,1-401,furugoutaisyoubo.pdf,p55,high,備考欄:リルームス古国府401
581,大字古国府151番地の1,古国府7組の6,古国府三丁目,9,1-402,furugoutaisyoubo.pdf,p55,high,備考欄:リルームス古国府402
582,大字古国府151番地の1,古国府7組の6,古国府三丁目,9,1-403,furugoutaisyoubo.pdf,p55,high,備考欄:リルームス古国府403
583,大字古国府151番地の1,古国府7組の6,古国府三丁目,9,1-405,furugoutaisyoubo.pdf,p56,high,備考欄:リルームス古国府405
584,大字古国府151番地の1,古国府7組の6,古国府三丁目,9,1-406,furugoutaisyoubo.pdf,p56,high,備考欄:リルームス古国府406
585,大字古国府151番地の1,古国府7組の6,古国府三丁目,9,1-203,furugoutaisyoubo.pdf,p56,high,備考欄:利根ビル203
586,大字古国府151番地の1,古国府7組の6,古国府三丁目,9,1-301,furugoutaisyoubo.pdf,p56,high,備考欄:利根ビル301
587,大字古国府152番地の1,古国府7組の2,古国府三丁目,2,16,furugoutaisyoubo.pdf,p56,high,
588,大字古国府153番地の1,古国府3組の5,古国府三丁目,9,9,furugoutaisyoubo.pdf,p56,high,備考欄:スプールスコート101
589,大字古国府153番地の1,古国府3組の5,古国府三丁目,9,9,furugoutaisyoubo.pdf,p56,high,備考欄:スプールスコート102
590,大字古国府153番地の1,古国府3組の5,古国府三丁目,9,9,furugoutaisyoubo.pdf,p56,high,備考欄:スプールスコート103
591,大字古国府153番地の1,古国府3組の5,古国府三丁目,9,9,furugoutaisyoubo.pdf,p56,high,備考欄:スプールスコート105
592,大字古国府153番地の1,古国府3組の5,古国府三丁目,9,9,furugoutaisyoubo.pdf,p56,high,備考欄:スプールスコート201
593,大字古国府153番地の1,古国府3組の5,古国府三丁目,9,9,furugoutaisyoubo.pdf,p56,high,備考欄:スプールスコート202
594,大字古国府153番地の1,古国府3組の5,古国府三丁目,9,9,furugoutaisyoubo.pdf,p56,high,備考欄:スプールスコート203
595,大字古国府153番地の1,古国府3組の5,古国府三丁目,9,9,furugoutaisyoubo.pdf,p56,high,備考欄:スプールスコート205
596,大字古国府153番地の3,古国府3組の2,古国府三丁目,9,2,furugoutaisyoubo.pdf,p57,high,
597,大字古国府153番地の6,古国府3組の5,古国府三丁目,9,8,furugoutaisyoubo.pdf,p57,high,備考欄:ストリーム101
598,大字古国府153番地の6,古国府3組の5,古国府三丁目,9,8,furugoutaisyoubo.pdf,p57,high,備考欄:ストリーム102
599,大字古国府153番地の6,古国府3組の5,古国府三丁目,9,8,furugoutaisyoubo.pdf,p57,high,備考欄:ストリーム103
600,大字古国府153番地の6,古国府3組の5,古国府三丁目,9,8,furugoutaisyoubo.pdf,p57,high,備考欄:ストリーム201
601,大字古国府153番地の6,古国府3組の5,古国府三丁目,9,8,furugoutaisyoubo.pdf,p57,high,備考欄:ストリーム202
602,大字古国府153番地の6,古国府3組の5,古国府三丁目,9,8,furugoutaisyoubo.pdf,p57,high,備考欄:ストリーム203
603,大字古国府153番地の6,古国府3組の2,古国府三丁目,9,7,furugoutaisyoubo.pdf,p57,high,備考欄:パインフィールド古国府102
604,大字古国府153番地の14,古国府3組の5,古国府三丁目,9,7,furugoutaisyoubo.pdf,p57,high,備考欄:パインフィールド古国府101
605,大字古国府153番地の14,古国府3組の5,古国府三丁目,9,7,furugoutaisyoubo.pdf,p57,high,備考欄:パインフィールド古国府201
606,大字古国府153番地の14,古国府3組の5,古国府三丁目,9,7,furugoutaisyoubo.pdf,p57,high,備考欄:パインフィールド古国府202
607,大字古国府153番地の20,古国府3組の2,古国府三丁目,9,5,furugoutaisyoubo.pdf,p57,high,
608,大字古国府154番地の4,古国府3組の2,古国府三丁目,9,16,furugoutaisyoubo.pdf,p57,high,
609,大字古国府154番地の4,古国府3組の2,古国府三丁目,9,18,furugoutaisyoubo.pdf,p58,high,
610,大字古国府155番地の4,古国府3組の2,古国府三丁目,9,19,furugoutaisyoubo.pdf,p58,high,
611,大字古国府156番地の1,古国府3組の2B,古国府三丁目,9,21,furugoutaisyoubo.pdf,p58,high,備考欄:ブライトリー古国府A
612,大字古国府156番地の1,古国府3組の2B,古国府三丁目,9,22,furugoutaisyoubo.pdf,p58,high,備考欄:ブライトリー古国府B
613,大字古国府156番地の1,古国府3組の2B,古国府三丁目,9,22,furugoutaisyoubo.pdf,p58,high,備考欄:ブライトリー古国府C、資料上2回出現
614,大字古国府156番地の1,古国府3組の2B,古国府三丁目,9,22,furugoutaisyoubo.pdf,p58,high,備考欄:ブライトリー古国府D
615,大字古国府156番地の1,古国府3組の2B,古国府三丁目,9,22,furugoutaisyoubo.pdf,p58,high,備考欄:ブライトリー古国府E
616,大字古国府156番地の1,古国府3組の2B,古国府三丁目,9,22,furugoutaisyoubo.pdf,p58,high,備考欄:ブライトリー古国府F
617,大字古国府156番地の1,古国府3組の2B,古国府三丁目,9,23,furugoutaisyoubo.pdf,p58,high,備考欄:ブライトリー古国府G
618,大字古国府157番地の1,古国府3組の2A,古国府三丁目,9,34,furugoutaisyoubo.pdf,p58,high,備考欄:セゾン芝原A101
619,大字古国府157番地の1,古国府3組の2A,古国府三丁目,9,34,furugoutaisyoubo.pdf,p58,high,備考欄:セゾン芝原A102、資料上2回出現
620,大字古国府157番地の1,古国府3組の2A,古国府三丁目,9,34,furugoutaisyoubo.pdf,p59,high,備考欄:セゾン芝原A103
621,大字古国府157番地の1,古国府3組の2A,古国府三丁目,9,34,furugoutaisyoubo.pdf,p59,high,備考欄:セゾン芝原A201、資料上2回出現
622,大字古国府157番地の1,古国府3組の2A,古国府三丁目,9,34,furugoutaisyoubo.pdf,p59,high,備考欄:セゾン芝原A202
623,大字古国府157番地の1,古国府3組の2A,古国府三丁目,9,34,furugoutaisyoubo.pdf,p59,high,備考欄:セゾン芝原A203
624,大字古国府157番地の1,古国府3組の2A,古国府三丁目,9,35,furugoutaisyoubo.pdf,p59,high,備考欄:セゾン芝原B101
625,大字古国府157番地の1,古国府3組の2A,古国府三丁目,9,35,furugoutaisyoubo.pdf,p59,high,備考欄:セゾン芝原B102
626,大字古国府157番地の1,古国府3組の2A,古国府三丁目,9,35,furugoutaisyoubo.pdf,p59,high,備考欄:セゾン芝原B201
627,大字古国府157番地の1,古国府3組の2A,古国府三丁目,9,35,furugoutaisyoubo.pdf,p59,high,備考欄:セゾン芝原B202
628,大字古国府157番地の3,古国府3組の2,古国府三丁目,9,24,furugoutaisyoubo.pdf,p59,high,
629,大字古国府158番地の3,古国府3組の2A,古国府三丁目,9,25,furugoutaisyoubo.pdf,p59,high,備考欄:セゾン芝原Ⅰ102
630,大字古国府158番地の3,古国府3組の2A,古国府三丁目,9,25,furugoutaisyoubo.pdf,p59,high,備考欄:セゾン芝原Ⅰ103
631,大字古国府158番地の3,古国府3組の2A,古国府三丁目,9,25,furugoutaisyoubo.pdf,p59,high,備考欄:セゾン芝原Ⅰ201
632,大字古国府158番地の3,古国府3組の2A,古国府三丁目,9,25,furugoutaisyoubo.pdf,p60,high,備考欄:セゾン芝原Ⅰ202
633,大字古国府158番地の3,古国府3組の2A,古国府三丁目,9,25,furugoutaisyoubo.pdf,p60,high,備考欄:セゾン芝原Ⅰ205
634,大字古国府158番地の3,古国府3組の2A,古国府三丁目,9,31,furugoutaisyoubo.pdf,p60,high,備考欄:セゾン芝原Ⅱ101
635,大字古国府158番地の3,古国府3組の2A,古国府三丁目,9,31,furugoutaisyoubo.pdf,p60,high,備考欄:セゾン芝原Ⅱ102
636,大字古国府158番地の3,古国府3組の2A,古国府三丁目,9,31,furugoutaisyoubo.pdf,p60,high,備考欄:セゾン芝原Ⅱ103
637,大字古国府158番地の3,古国府3組の2A,古国府三丁目,9,31,furugoutaisyoubo.pdf,p60,high,備考欄:セゾン芝原Ⅱ105
638,大字古国府158番地の3,古国府3組の2A,古国府三丁目,9,31,furugoutaisyoubo.pdf,p60,high,備考欄:セゾン芝原Ⅱ201、資料上2回出現
639,大字古国府158番地の3,古国府3組の2A,古国府三丁目,9,31,furugoutaisyoubo.pdf,p60,high,備考欄:セゾン芝原Ⅱ202
640,大字古国府158番地の3,古国府3組の2A,古国府三丁目,9,31,furugoutaisyoubo.pdf,p60,high,備考欄:セゾン芝原Ⅱ203
641,大字古国府160番地の1,古国府3組の2,古国府三丁目,9,36,furugoutaisyoubo.pdf,p60,high,資料上2回出現
642,大字古国府160番地の3,古国府3組の2,古国府三丁目,9,42,furugoutaisyoubo.pdf,p60,high,
643,大字古国府160番地の4,古国府3組の2,古国府三丁目,9,47,furugoutaisyoubo.pdf,p61,high,
644,大字古国府160番地の6,古国府3組の2,古国府三丁目,9,41,furugoutaisyoubo.pdf,p61,high,
645,大字古国府160番地の7,古国府3組の2,古国府三丁目,9,39,furugoutaisyoubo.pdf,p61,high,
646,大字古国府160番地の8,古国府3組の2,古国府三丁目,9,37,furugoutaisyoubo.pdf,p61,high,
647,大字古国府160番地の9,古国府3組の2,古国府三丁目,9,43,furugoutaisyoubo.pdf,p61,high,
648,大字古国府161番地の3,古国府1組の3B,古国府三丁目,9,58,furugoutaisyoubo.pdf,p61,high,
649,大字古国府162番地の1,古国府1組の3D,古国府三丁目,9,66,furugoutaisyoubo.pdf,p61,high,備考欄:エスポワール古国府A101
650,大字古国府162番地の1,古国府1組の3D,古国府三丁目,9,66,furugoutaisyoubo.pdf,p61,high,備考欄:エスポワール古国府A102
651,大字古国府162番地の1,古国府1組の3D,古国府三丁目,9,66,furugoutaisyoubo.pdf,p61,high,備考欄:エスポワール古国府A103、資料上2回出現
652,大字古国府162番地の1,古国府1組の3D,古国府三丁目,9,66,furugoutaisyoubo.pdf,p61,high,備考欄:エスポワール古国府A201
653,大字古国府162番地の1,古国府1組の3D,古国府三丁目,9,66,furugoutaisyoubo.pdf,p61,high,備考欄:エスポワール古国府A202
654,大字古国府162番地の1,古国府1組の3D,古国府三丁目,9,66,furugoutaisyoubo.pdf,p61,high,備考欄:エスポワール古国府A203
655,大字古国府162番地の1,古国府1組の3D,古国府三丁目,9,68,furugoutaisyoubo.pdf,p62,high,備考欄:エスポワール古国府B101
656,大字古国府162番地の1,古国府1組の3D,古国府三丁目,9,68,furugoutaisyoubo.pdf,p62,high,備考欄:エスポワール古国府B102
657,大字古国府162番地の1,古国府1組の3D,古国府三丁目,9,68,furugoutaisyoubo.pdf,p62,high,備考欄:エスポワール古国府B103
658,大字古国府162番地の1,古国府1組の3D,古国府三丁目,9,68,furugoutaisyoubo.pdf,p62,high,備考欄:エスポワール古国府B201
659,大字古国府162番地の1,古国府1組の3D,古国府三丁目,9,68,furugoutaisyoubo.pdf,p62,high,備考欄:エスポワール古国府B202
660,大字古国府162番地の1,古国府1組の3D,古国府三丁目,9,68,furugoutaisyoubo.pdf,p62,high,備考欄:エスポワール古国府B203
661,大字古国府162番地の6,古国府1組の3,古国府三丁目,9,64,furugoutaisyoubo.pdf,p62,high,
662,大字古国府162番地の8,古国府1組の3,古国府三丁目,9,70,furugoutaisyoubo.pdf,p62,high,
663,大字古国府162番地の14,古国府1組の3,古国府三丁目,9,75,furugoutaisyoubo.pdf,p62,high,
664,大字古国府162番地の15,古国府1組の3,古国府三丁目,9,74,furugoutaisyoubo.pdf,p62,high,
665,大字古国府162番地の16,古国府1組の3,古国府三丁目,9,73,furugoutaisyoubo.pdf,p62,high,
666,大字古国府162番地の17,,古国府三丁目,9,72,furugoutaisyoubo.pdf,p62,high,資料上通称の記載なし
667,大字古国府162番地の17,古国府1組の3,古国府三丁目,9,72,furugoutaisyoubo.pdf,p62,high,資料上2回出現
668,大字古国府165番地の1,古国府1組の9,古国府三丁目,9,80-101,furugoutaisyoubo.pdf,p63,high,備考欄:スターメゾン古国府101
669,大字古国府165番地の1,古国府1組の9,古国府三丁目,9,80-102,furugoutaisyoubo.pdf,p63,high,備考欄:スターメゾン古国府102
670,大字古国府165番地の1,古国府1組の9,古国府三丁目,9,80-103,furugoutaisyoubo.pdf,p63,high,備考欄:スターメゾン古国府103
671,大字古国府165番地の1,古国府1組の9,古国府三丁目,9,80-104,furugoutaisyoubo.pdf,p63,high,備考欄:スターメゾン古国府104
672,大字古国府165番地の1,古国府1組の9,古国府三丁目,9,80-201,furugoutaisyoubo.pdf,p63,high,備考欄:スターメゾン古国府201
673,大字古国府165番地の1,古国府1組の9,古国府三丁目,9,80-202,furugoutaisyoubo.pdf,p63,high,備考欄:スターメゾン古国府202
674,大字古国府165番地の1,古国府1組の9,古国府三丁目,9,80-203,furugoutaisyoubo.pdf,p63,high,備考欄:スターメゾン古国府203
675,大字古国府165番地の1,古国府1組の9,古国府三丁目,9,80-204,furugoutaisyoubo.pdf,p63,high,備考欄:スターメゾン古国府204
676,大字古国府165番地の1,古国府1組の9,古国府三丁目,9,80-301,furugoutaisyoubo.pdf,p63,high,備考欄:スターメゾン古国府301
677,大字古国府165番地の1,古国府1組の9,古国府三丁目,9,80-302,furugoutaisyoubo.pdf,p63,high,備考欄:スターメゾン古国府302
678,大字古国府165番地の1,古国府1組の9,古国府三丁目,9,80-303,furugoutaisyoubo.pdf,p63,high,備考欄:スターメゾン古国府303
679,大字古国府165番地の1,古国府1組の9,古国府三丁目,9,80-304,furugoutaisyoubo.pdf,p63,high,備考欄:スターメゾン古国府304
680,大字古国府165番地の1,古国府1組の9,古国府三丁目,9,80-401,furugoutaisyoubo.pdf,p63,high,備考欄:スターメゾン古国府401
681,大字古国府165番地の1,古国府1組の9,古国府三丁目,9,80-402,furugoutaisyoubo.pdf,p64,high,備考欄:スターメゾン古国府402
682,大字古国府165番地の1,古国府1組の9,古国府三丁目,9,80-403,furugoutaisyoubo.pdf,p64,high,備考欄:スターメゾン古国府403、資料上2回出現
683,大字古国府165番地の1,古国府1組の9,古国府三丁目,9,80-404,furugoutaisyoubo.pdf,p64,high,備考欄:スターメゾン古国府404
684,大字古国府165番地の5,古国府1組の3,古国府三丁目,9,85,furugoutaisyoubo.pdf,p64,high,
685,大字古国府166番地の1,古国府1組の6,古国府三丁目,11,32-101,furugoutaisyoubo.pdf,p64,high,備考欄:カーサいづみ101
686,大字古国府166番地の1,古国府1組の6,古国府三丁目,11,32-102,furugoutaisyoubo.pdf,p64,high,備考欄:カーサいづみ102
687,大字古国府166番地の1,古国府1組の6,古国府三丁目,11,32-103,furugoutaisyoubo.pdf,p64,high,備考欄:カーサいづみ103
688,大字古国府166番地の1,古国府1組の6,古国府三丁目,11,32-105,furugoutaisyoubo.pdf,p64,high,備考欄:カーサいづみ105
689,大字古国府166番地の1,古国府1組の6,古国府三丁目,11,32-106,furugoutaisyoubo.pdf,p64,high,備考欄:カーサいづみ106
690,大字古国府166番地の1,古国府1組の6,古国府三丁目,11,32-201,furugoutaisyoubo.pdf,p64,high,備考欄:カーサいづみ201
691,大字古国府166番地の1,古国府1組の6,古国府三丁目,11,32-202,furugoutaisyoubo.pdf,p64,high,備考欄:カーサいづみ202
692,大字古国府166番地の1,古国府1組の6,古国府三丁目,11,32-203,furugoutaisyoubo.pdf,p64,high,備考欄:カーサいづみ203
693,大字古国府166番地の1,古国府1組の6,古国府三丁目,11,32-205,furugoutaisyoubo.pdf,p65,high,備考欄:カーサいづみ205
694,大字古国府166番地の1,古国府1組の6,古国府三丁目,11,32-206,furugoutaisyoubo.pdf,p65,high,備考欄:カーサいづみ206
695,大字古国府166番地の1,古国府1組の6,古国府三丁目,11,32-301,furugoutaisyoubo.pdf,p65,high,備考欄:カーサいづみ301
696,大字古国府166番地の1,古国府1組の6,古国府三丁目,11,32-302,furugoutaisyoubo.pdf,p65,high,備考欄:カーサいづみ302
697,大字古国府166番地の1,古国府1組の6,古国府三丁目,11,32-303,furugoutaisyoubo.pdf,p65,high,備考欄:カーサいづみ303
698,大字古国府166番地の1,古国府1組の6,古国府三丁目,11,32-305,furugoutaisyoubo.pdf,p65,high,備考欄:カーサいづみ305、資料上2回出現
699,大字古国府166番地の1,古国府1組の6,古国府三丁目,11,32-306,furugoutaisyoubo.pdf,p65,high,備考欄:カーサいづみ306
700,大字古国府166番地の1,古国府1組の6,古国府三丁目,11,32-401,furugoutaisyoubo.pdf,p65,high,備考欄:カーサいづみ401
701,大字古国府166番地の1,古国府1組の6,古国府三丁目,11,32-402,furugoutaisyoubo.pdf,p65,high,備考欄:カーサいづみ402
702,大字古国府166番地の1,古国府1組の6,古国府三丁目,11,32-403,furugoutaisyoubo.pdf,p65,high,備考欄:カーサいづみ403
703,大字古国府166番地の1,古国府1組の6,古国府三丁目,11,32-405,furugoutaisyoubo.pdf,p65,high,備考欄:カーサいづみ405
704,大字古国府166番地の1,古国府1組の6,古国府三丁目,11,32-406,furugoutaisyoubo.pdf,p65,high,備考欄:カーサいづみ406
705,大字古国府166番地の1,古国府1組の6,古国府三丁目,11,32-501,furugoutaisyoubo.pdf,p66,high,備考欄:カーサいづみ501
706,大字古国府166番地の1,古国府1組の6,古国府三丁目,11,32-502,furugoutaisyoubo.pdf,p66,high,備考欄:カーサいづみ502
707,大字古国府166番地の1,古国府1組の6,古国府三丁目,11,32-503,furugoutaisyoubo.pdf,p66,high,備考欄:カーサいづみ503
708,大字古国府166番地の1,古国府1組の6,古国府三丁目,11,32-505,furugoutaisyoubo.pdf,p66,high,備考欄:カーサいづみ505
709,大字古国府166番地の1,古国府1組の6,古国府三丁目,11,32-506,furugoutaisyoubo.pdf,p66,high,備考欄:カーサいづみ506
710,大字古国府166番地の1,古国府1組の6,古国府三丁目,11,32-601,furugoutaisyoubo.pdf,p66,high,備考欄:カーサいづみ601
711,大字古国府166番地の1,古国府1組の6,古国府三丁目,11,32-602,furugoutaisyoubo.pdf,p66,high,備考欄:カーサいづみ602
712,大字古国府166番地の1,古国府1組の6,古国府三丁目,11,32-603,furugoutaisyoubo.pdf,p66,high,備考欄:カーサいづみ603
713,大字古国府166番地の1,古国府1組の6,古国府三丁目,11,32-605,furugoutaisyoubo.pdf,p66,high,備考欄:カーサいづみ605
714,大字古国府166番地の5,古国府1組の8,古国府三丁目,11,34,furugoutaisyoubo.pdf,p66,high,備考欄:エタニティ古国府208
715,大字古国府166番地の6,古国府1組の3A,古国府三丁目,9,92,furugoutaisyoubo.pdf,p66,high,
716,大字古国府167番地の1,古国府1組の8,古国府三丁目,11,12,furugoutaisyoubo.pdf,p66,high,備考欄:スカイメゾン古国府101
717,大字古国府167番地の1,古国府1組の8,古国府三丁目,11,12,furugoutaisyoubo.pdf,p66,high,備考欄:スカイメゾン古国府102
718,大字古国府167番地の1,古国府1組の8,古国府三丁目,11,12,furugoutaisyoubo.pdf,p67,high,備考欄:スカイメゾン古国府103、資料上2回出現
719,大字古国府167番地の1,古国府1組の8,古国府三丁目,11,12,furugoutaisyoubo.pdf,p67,high,備考欄:スカイメゾン古国府105
720,大字古国府167番地の1,古国府1組の8,古国府三丁目,11,12,furugoutaisyoubo.pdf,p67,high,備考欄:スカイメゾン古国府106
721,大字古国府167番地の1,古国府1組の8,古国府三丁目,11,12,furugoutaisyoubo.pdf,p67,high,備考欄:スカイメゾン古国府201
722,大字古国府167番地の1,古国府1組の8,古国府三丁目,11,12,furugoutaisyoubo.pdf,p67,high,備考欄:スカイメゾン古国府202
723,大字古国府167番地の1,古国府1組の8,古国府三丁目,11,12,furugoutaisyoubo.pdf,p67,high,備考欄:スカイメゾン古国府203
724,大字古国府167番地の1,古国府1組の8,古国府三丁目,11,12,furugoutaisyoubo.pdf,p67,high,備考欄:スカイメゾン古国府205
725,大字古国府167番地の1,古国府1組の8,古国府三丁目,11,12,furugoutaisyoubo.pdf,p67,high,備考欄:スカイメゾン古国府206
726,大字古国府167番地の6,古国府1組の8,古国府三丁目,11,34,furugoutaisyoubo.pdf,p67,high,備考欄:エタニティ古国府101
727,大字古国府167番地の6,古国府1組の8,古国府三丁目,11,34,furugoutaisyoubo.pdf,p67,high,備考欄:エタニティ古国府102
728,大字古国府167番地の6,古国府1組の8,古国府三丁目,11,34,furugoutaisyoubo.pdf,p67,high,備考欄:エタニティ古国府103
729,大字古国府167番地の6,古国府1組の8,古国府三丁目,11,34,furugoutaisyoubo.pdf,p67,high,備考欄:エタニティ古国府105
730,大字古国府167番地の6,古国府1組の8,古国府三丁目,11,34,furugoutaisyoubo.pdf,p68,high,備考欄:エタニティ古国府106
731,大字古国府167番地の6,古国府1組の8,古国府三丁目,11,34,furugoutaisyoubo.pdf,p68,high,備考欄:エタニティ古国府107
732,大字古国府167番地の6,古国府1組の8,古国府三丁目,11,34,furugoutaisyoubo.pdf,p68,high,備考欄:エタニティ古国府108
733,大字古国府167番地の6,古国府1組の8,古国府三丁目,11,34,furugoutaisyoubo.pdf,p68,high,備考欄:エタニティ古国府110
734,大字古国府167番地の6,古国府1組の8,古国府三丁目,11,34,furugoutaisyoubo.pdf,p68,high,備考欄:エタニティ古国府201
735,大字古国府167番地の6,古国府1組の8,古国府三丁目,11,34,furugoutaisyoubo.pdf,p68,high,備考欄:エタニティ古国府202
736,大字古国府167番地の6,古国府1組の8,古国府三丁目,11,34,furugoutaisyoubo.pdf,p68,high,備考欄:エタニティ古国府203
737,大字古国府167番地の6,古国府1組の8,古国府三丁目,11,34,furugoutaisyoubo.pdf,p68,high,備考欄:エタニティ古国府205
738,大字古国府167番地の6,古国府1組の8,古国府三丁目,11,34,furugoutaisyoubo.pdf,p68,high,備考欄:エタニティ古国府206
739,大字古国府167番地の6,古国府1組の8,古国府三丁目,11,34,furugoutaisyoubo.pdf,p68,high,備考欄:エタニティ古国府207
740,大字古国府167番地の6,古国府1組の8,古国府三丁目,11,34,furugoutaisyoubo.pdf,p68,high,備考欄:エタニティ古国府210
741,大字古国府168番地の1,古国府1組の7,古国府三丁目,11,29,furugoutaisyoubo.pdf,p68,high,備考欄:レオパレス豊府101
742,大字古国府168番地の1,古国府1組の7,古国府三丁目,11,29,furugoutaisyoubo.pdf,p68,high,備考欄:レオパレス豊府102
743,大字古国府168番地の1,古国府1組の7,古国府三丁目,11,29,furugoutaisyoubo.pdf,p69,high,備考欄:レオパレス豊府103
744,大字古国府168番地の1,古国府1組の7,古国府三丁目,11,29,furugoutaisyoubo.pdf,p69,high,備考欄:レオパレス豊府104
745,大字古国府168番地の1,古国府1組の7,古国府三丁目,11,29,furugoutaisyoubo.pdf,p69,high,備考欄:レオパレス豊府105
746,大字古国府168番地の1,古国府1組の7,古国府三丁目,11,29,furugoutaisyoubo.pdf,p69,high,備考欄:レオパレス豊府106
747,大字古国府168番地の1,古国府1組の7,古国府三丁目,11,29,furugoutaisyoubo.pdf,p69,high,備考欄:レオパレス豊府107
748,大字古国府168番地の1,古国府1組の7,古国府三丁目,11,29,furugoutaisyoubo.pdf,p69,high,備考欄:レオパレス豊府108
749,大字古国府168番地の1,古国府1組の7,古国府三丁目,11,29,furugoutaisyoubo.pdf,p69,high,備考欄:レオパレス豊府201
750,大字古国府168番地の1,古国府1組の7,古国府三丁目,11,29,furugoutaisyoubo.pdf,p69,high,備考欄:レオパレス豊府202
751,大字古国府168番地の1,古国府1組の7,古国府三丁目,11,29,furugoutaisyoubo.pdf,p69,high,備考欄:レオパレス豊府203
752,大字古国府168番地の1,古国府1組の7,古国府三丁目,11,29,furugoutaisyoubo.pdf,p69,high,備考欄:レオパレス豊府204
753,大字古国府168番地の1,古国府1組の7,古国府三丁目,11,29,furugoutaisyoubo.pdf,p69,high,備考欄:レオパレス豊府205
754,大字古国府168番地の1,古国府1組の7,古国府三丁目,11,29,furugoutaisyoubo.pdf,p69,high,備考欄:レオパレス豊府206
755,大字古国府168番地の1,古国府1組の7,古国府三丁目,11,29,furugoutaisyoubo.pdf,p69,high,備考欄:レオパレス豊府207
756,大字古国府168番地の1,古国府1組の7,古国府三丁目,11,29,furugoutaisyoubo.pdf,p70,high,備考欄:レオパレス豊府208
757,大字古国府169番地の5,古国府1組の5,古国府三丁目,11,27,furugoutaisyoubo.pdf,p70,high,
758,大字古国府169番地の6,古国府1組の5,古国府三丁目,11,28,furugoutaisyoubo.pdf,p70,high,備考欄:高瀬アパート1F
759,大字古国府169番地の6,古国府1組の5,古国府三丁目,11,28,furugoutaisyoubo.pdf,p70,high,備考欄:高瀬アパート201、資料上2回出現
760,大字古国府169番地の6,古国府1組の5,古国府三丁目,11,28,furugoutaisyoubo.pdf,p70,high,備考欄:高瀬アパート202
761,大字古国府169番地の7,古国府1組の5,古国府三丁目,11,21,furugoutaisyoubo.pdf,p70,high,資料上2回出現
762,大字古国府169番地の8,古国府1組の5,古国府三丁目,11,22,furugoutaisyoubo.pdf,p70,high,
763,大字古国府169番地の9,古国府1組の5,古国府三丁目,11,23,furugoutaisyoubo.pdf,p70,high,
764,大字古国府169-9,,古国府三丁目,11,28,furugoutaisyoubo.pdf,p70,high,資料上通称の記載なし
765,大字古国府169番地の10,古国府1組の5,古国府三丁目,11,24,furugoutaisyoubo.pdf,p70,high,
766,大字古国府169番地の14,古国府1組の5,古国府三丁目,11,26,furugoutaisyoubo.pdf,p70,high,
767,大字古国府170番地の5,古国府1組の5,古国府三丁目,10,37,furugoutaisyoubo.pdf,p71,high,
768,大字古国府170番地の6,古国府1組の5,古国府三丁目,10,36,furugoutaisyoubo.pdf,p71,high,資料上2回出現
769,大字古国府170番地の7,古国府1組の5,古国府三丁目,10,35,furugoutaisyoubo.pdf,p71,high,
770,大字古国府170番地の8,古国府1組の5,古国府三丁目,10,34,furugoutaisyoubo.pdf,p71,high,
771,大字古国府170番地の9,古国府1組の5,古国府三丁目,10,33,furugoutaisyoubo.pdf,p71,high,
772,大字古国府170番地の10,古国府1組の5,古国府三丁目,10,32,furugoutaisyoubo.pdf,p71,high,
773,大字古国府170番地の11,古国府1組の5,古国府三丁目,10,31,furugoutaisyoubo.pdf,p71,high,
774,大字古国府170番地の12,古国府1組の5,古国府三丁目,10,30,furugoutaisyoubo.pdf,p71,high,
775,大字古国府171番地の3,古国府1組の5C,古国府三丁目,10,29,furugoutaisyoubo.pdf,p71,high,資料上7回出現
776,大字古国府171番地の5,古国府1組の5,古国府三丁目,10,21,furugoutaisyoubo.pdf,p72,high,
777,大字古国府171番地の6,古国府1組の5C,古国府三丁目,10,25,furugoutaisyoubo.pdf,p72,high,資料上7回出現
778,大字古国府172番地,古国府1組の5,古国府三丁目,10,19,furugoutaisyoubo.pdf,p72,high,
779,大字古国府172番地の3,古国府1組の5,古国府三丁目,10,13,furugoutaisyoubo.pdf,p72,high,
780,大字古国府172番地の4,古国府1組の5,古国府三丁目,10,14,furugoutaisyoubo.pdf,p73,high,
781,大字古国府172番地の5,古国府1組の5,古国府三丁目,10,15,furugoutaisyoubo.pdf,p73,high,
782,大字古国府172番地の6,古国府1組の5,古国府三丁目,10,16,furugoutaisyoubo.pdf,p73,high,
783,大字古国府172番地の9,古国府1組の5,古国府三丁目,10,20,furugoutaisyoubo.pdf,p73,high,
784,大字古国府172番地の11,古国府1組の5,古国府三丁目,10,18,furugoutaisyoubo.pdf,p73,high,
785,大字古国府173番地の1,古国府1組の4,古国府三丁目,10,8-307,furugoutaisyoubo.pdf,p73,high,
786,大字古国府173番地の4,古国府1組の4,古国府三丁目,10,8-102,furugoutaisyoubo.pdf,p73,high,
787,大字古国府173番地の1,古国府1組の4,古国府三丁目,10,8-308,furugoutaisyoubo.pdf,p73,high,
788,大字古国府173番地の1,古国府1組の4,古国府三丁目,10,8-406,furugoutaisyoubo.pdf,p73,high,
789,大字古国府173番地の1,古国府1組の5,古国府三丁目,10,5,furugoutaisyoubo.pdf,p73,high,
790,大字古国府173番地の4,古国府1組の4,古国府三丁目,10,8-101,furugoutaisyoubo.pdf,p73,high,
791,大字古国府173番地の1,古国府1組の4,古国府三丁目,10,8-102,furugoutaisyoubo.pdf,p73,high,
792,大字古国府173番地の4,古国府1組の4,古国府三丁目,10,8-103,furugoutaisyoubo.pdf,p73,high,
793,大字古国府173番地の4,古国府1組の4,古国府三丁目,10,8-105,furugoutaisyoubo.pdf,p74,high,
794,大字古国府173番地の4,古国府1組の4,古国府三丁目,10,8-106,furugoutaisyoubo.pdf,p74,high,
795,大字古国府173番地の4,古国府1組の4,古国府三丁目,10,8-107,furugoutaisyoubo.pdf,p74,high,
796,大字古国府173番地の4,古国府1組の4,古国府三丁目,10,8-108,furugoutaisyoubo.pdf,p74,high,
797,大字古国府173番地の4,古国府1組の4,古国府三丁目,10,8-201,furugoutaisyoubo.pdf,p74,high,
798,大字古国府173番地の4,古国府1組の4,古国府三丁目,10,8-202,furugoutaisyoubo.pdf,p74,high,
799,大字古国府173番地の4,古国府1組の4,古国府三丁目,10,8-203,furugoutaisyoubo.pdf,p74,high,
800,大字古国府173番地の4,古国府1組の4,古国府三丁目,10,8-205,furugoutaisyoubo.pdf,p74,high,
801,大字古国府173番地の4,古国府1組の4,古国府三丁目,10,8-206,furugoutaisyoubo.pdf,p74,high,
802,大字古国府173番地の4,古国府1組の4,古国府三丁目,10,8-207,furugoutaisyoubo.pdf,p74,high,
803,大字古国府173番地の4,古国府1組の4,古国府三丁目,10,8-208,furugoutaisyoubo.pdf,p74,high,
804,大字古国府173番地の4,古国府1組の4,古国府三丁目,10,8-301,furugoutaisyoubo.pdf,p74,high,資料上2回出現
805,大字古国府173番地の4,古国府1組の4,古国府三丁目,10,8-302,furugoutaisyoubo.pdf,p75,high,
806,大字古国府173番地の4,古国府1組の4,古国府三丁目,10,8-303,furugoutaisyoubo.pdf,p75,high,
807,大字古国府173番地の4,古国府1組の4,古国府三丁目,10,8-305,furugoutaisyoubo.pdf,p75,high,
808,大字古国府173番地の4,古国府1組の4,古国府三丁目,10,8-306,furugoutaisyoubo.pdf,p75,high,
809,大字古国府173番地の4,古国府1組の4,古国府三丁目,10,8-401,furugoutaisyoubo.pdf,p75,high,
810,大字古国府173番地の4,古国府1組の4,古国府三丁目,10,8-402,furugoutaisyoubo.pdf,p75,high,
811,大字古国府173番地の4,古国府1組の4,古国府三丁目,10,8-403,furugoutaisyoubo.pdf,p75,high,
812,大字古国府173番地の4,古国府1組の4,古国府三丁目,10,8-405,furugoutaisyoubo.pdf,p75,high,
813,大字古国府173番地の4,古国府1組の4,古国府三丁目,10,8-407,furugoutaisyoubo.pdf,p75,high,
814,大字古国府173番地の4,古国府1組の4,古国府三丁目,10,8-408,furugoutaisyoubo.pdf,p75,high,
815,大字古国府173番地の8,古国府1組の5,古国府三丁目,10,6,furugoutaisyoubo.pdf,p75,high,
816,大字古国府174番地の2,南太平寺8組の2,古国府三丁目,10,46,furugoutaisyoubo.pdf,p75,high,資料上12回出現
817,大字古国府174番地の2,,古国府三丁目,10,46,furugoutaisyoubo.pdf,p76,high,資料上通称の記載なし
818,大字古国府174番地の3,,古国府三丁目,10,1,furugoutaisyoubo.pdf,p76,high,資料上通称の記載なし
819,大字古国府174番地の3,古国府1組の5,古国府三丁目,10,1,furugoutaisyoubo.pdf,p76,high,
820,大字古国府190番地の8,南太平寺8組,古国府三丁目,13,27,furugoutaisyoubo.pdf,p77,high,
821,大字古国府190番地の9,南太平寺8組,古国府三丁目,13,26,furugoutaisyoubo.pdf,p77,high,
822,大字古国府190番地の10,南太平寺8組,古国府三丁目,13,21,furugoutaisyoubo.pdf,p77,high,
823,大字古国府190番地の11,南太平寺8組,古国府三丁目,13,22,furugoutaisyoubo.pdf,p77,high,
824,大字古国府190番地の12,南太平寺8組,古国府三丁目,13,23,furugoutaisyoubo.pdf,p77,high,
825,大字古国府190番地の13,南太平寺8組,古国府三丁目,13,24,furugoutaisyoubo.pdf,p77,high,
826,大字古国府190番地の14,南太平寺8組,古国府三丁目,13,25,furugoutaisyoubo.pdf,p77,high,
827,大字古国府192番地の7,古国府1組の1A,古国府三丁目,14,14,furugoutaisyoubo.pdf,p77,high,資料上2回出現
828,大字古国府192番地の8,古国府1組の1A,古国府三丁目,14,15,furugoutaisyoubo.pdf,p77,high,
829,大字古国府192番地の9,古国府1組の1A,古国府三丁目,14,16,furugoutaisyoubo.pdf,p77,high,
830,大字古国府192番地の10,古国府1組の1A,古国府三丁目,14,17,furugoutaisyoubo.pdf,p77,high,
831,大字古国府192番地の11,古国府1組の1A,古国府三丁目,14,18,furugoutaisyoubo.pdf,p77,high,
832,大字古国府193番地の1,古国府1組の1A,古国府三丁目,14,25,furugoutaisyoubo.pdf,p78,high,
833,大字古国府193番地の11,古国府1組の1A,古国府三丁目,14,23,furugoutaisyoubo.pdf,p78,high,
834,大字古国府193番地の13,古国府1組の1A,古国府三丁目,14,24,furugoutaisyoubo.pdf,p78,high,
835,大字古国府193番地の14,古国府1組の1A,古国府三丁目,14,19,furugoutaisyoubo.pdf,p78,high,
836,大字古国府193番地の15,古国府1組の1A,古国府三丁目,14,20,furugoutaisyoubo.pdf,p78,high,
837,大字古国府193番地の17,古国府1組の1A,古国府三丁目,14,21,furugoutaisyoubo.pdf,p78,high,
838,大字古国府193番地の18,古国府1組の1A,古国府三丁目,14,22,furugoutaisyoubo.pdf,p78,high,
839,大字古国府195番地の5,古国府1組の1,古国府三丁目,14,31,furugoutaisyoubo.pdf,p78,high,
840,大字古国府195番地の6,古国府1組の1,古国府三丁目,14,30,furugoutaisyoubo.pdf,p78,high,
841,大字古国府195番地の7,古国府1組の1,古国府三丁目,14,29,furugoutaisyoubo.pdf,p78,high,
842,大字古国府195番地の8,古国府1組の1,古国府三丁目,14,28,furugoutaisyoubo.pdf,p78,high,
843,大字古国府195番地の9,古国府1組の1,古国府三丁目,14,26,furugoutaisyoubo.pdf,p78,high,
844,大字古国府195番地の10,古国府1組の1,古国府三丁目,14,12,furugoutaisyoubo.pdf,p78,high,
845,大字古国府195番地の11,古国府1組の1,古国府三丁目,14,9,furugoutaisyoubo.pdf,p79,high,
846,大字古国府195番地の12,古国府1組の1,古国府三丁目,14,8,furugoutaisyoubo.pdf,p79,high,資料上3回出現
847,大字古国府195番地の13,古国府1組の1,古国府三丁目,14,7,furugoutaisyoubo.pdf,p79,high,
848,大字古国府195番地の14,古国府1組の1,古国府三丁目,14,5,furugoutaisyoubo.pdf,p79,high,
849,大字古国府195番地の15,古国府1組の1,古国府三丁目,14,4,furugoutaisyoubo.pdf,p79,high,資料上2回出現
850,大字古国府195番地の16,古国府1組の1,古国府三丁目,14,32,furugoutaisyoubo.pdf,p79,high,
851,大字古国府195番地の18,古国府1組の1,古国府三丁目,14,34,furugoutaisyoubo.pdf,p79,high,
852,大字古国府195番地の19,古国府1組の1,古国府三丁目,14,11,furugoutaisyoubo.pdf,p79,high,
853,大字古国府195番地の20,古国府1組の1,古国府三丁目,14,10,furugoutaisyoubo.pdf,p79,high,
854,大字古国府196番地の2,古国府1組の1,古国府三丁目,14,13,furugoutaisyoubo.pdf,p79,high,
855,大字古国府198番地の2,古国府1組の1B,古国府三丁目,13,1,furugoutaisyoubo.pdf,p80,high,
856,大字古国府198番地の3,古国府1組の1B,古国府三丁目,13,2,furugoutaisyoubo.pdf,p80,high,
857,大字古国府198番地の4,古国府1組の1B,古国府三丁目,13,3,furugoutaisyoubo.pdf,p80,high,
858,大字古国府198番地の5,古国府1組の1B,古国府三丁目,13,4,furugoutaisyoubo.pdf,p80,high,
859,大字古国府198番地の6,古国府1組の1B,古国府三丁目,13,5,furugoutaisyoubo.pdf,p80,high,
860,大字古国府198番地の7,,古国府三丁目,13,6,furugoutaisyoubo.pdf,p80,high,資料上通称の記載なし
861,大字古国府198番地の7,古国府1組の1B,古国府三丁目,13,6,furugoutaisyoubo.pdf,p80,high,資料上2回出現
862,大字古国府198番地の8,古国府1組の1B,古国府三丁目,13,7,furugoutaisyoubo.pdf,p80,high,
863,大字古国府198番地の9,古国府1組の1B,古国府三丁目,13,8,furugoutaisyoubo.pdf,p80,high,資料上2回出現
864,大字古国府198番地の10,古国府1組の1B,古国府三丁目,13,9,furugoutaisyoubo.pdf,p80,high,
865,大字古国府198番地の11,古国府1組の1B,古国府三丁目,13,10,furugoutaisyoubo.pdf,p80,high,
866,大字古国府198番地の12,古国府1組の1B,古国府三丁目,13,11,furugoutaisyoubo.pdf,p81,high,
867,大字古国府198番地の13,古国府1組の1B,古国府三丁目,13,12,furugoutaisyoubo.pdf,p81,high,
868,大字古国府198番地の15,古国府1組の1B,古国府三丁目,13,13,furugoutaisyoubo.pdf,p81,high,
869,大字古国府198番地の16,古国府1組の1B,古国府三丁目,13,14,furugoutaisyoubo.pdf,p81,high,
870,大字古国府198番地の17,古国府1組の1B,古国府三丁目,13,15,furugoutaisyoubo.pdf,p81,high,
871,大字古国府198番地の18,古国府1組の1B,古国府三丁目,13,16,furugoutaisyoubo.pdf,p81,high,
872,大字古国府198番地の19,古国府1組の1B,古国府三丁目,13,17,furugoutaisyoubo.pdf,p81,high,
873,大字古国府198番地の20,古国府1組の1B,古国府三丁目,13,18,furugoutaisyoubo.pdf,p81,high,
874,大字古国府198番地の21,古国府1組の1B,古国府三丁目,13,19,furugoutaisyoubo.pdf,p81,high,
875,大字古国府198番地の22,古国府1組の1B,古国府三丁目,13,20,furugoutaisyoubo.pdf,p81,high,
876,大字古国府198番地の23,古国府1組の1B,古国府三丁目,13,28,furugoutaisyoubo.pdf,p81,high,
877,大字古国府202番地の1,,古国府三丁目,12,9,furugoutaisyoubo.pdf,p81,high,資料上通称の記載なし
878,大字古国府205番地の1,古国府1組の2,古国府四丁目,4,18,furugoutaisyoubo.pdf,p81,high,
879,大字古国府208番地,古国府1組の2,古国府四丁目,4,21,furugoutaisyoubo.pdf,p82,high,資料上2回出現
880,大字古国府209番地の3,古国府1組の1,古国府四丁目,4,23,furugoutaisyoubo.pdf,p82,high,資料上2回出現
881,大字古国府209番地の5,古国府1組の1,古国府四丁目,4,26,furugoutaisyoubo.pdf,p82,high,
882,大字古国府209番地の7,,古国府四丁目,4,33,furugoutaisyoubo.pdf,p82,high,資料上通称の記載なし
883,大字古国府212-3,,古国府四丁目,4,35,furugoutaisyoubo.pdf,p82,high,資料上通称の記載なし
884,大字古国府213番地の5,古国府1組の1,古国府三丁目,12,5,furugoutaisyoubo.pdf,p82,high,
885,大字古国府213番地の7,古国府1組の1,古国府三丁目,12,3,furugoutaisyoubo.pdf,p82,high,
886,大字古国府214番地の3,古国府1組の1,古国府四丁目,4,41,furugoutaisyoubo.pdf,p82,high,
887,大字古国府214番地の4,古国府1組の1,古国府四丁目,4,40,furugoutaisyoubo.pdf,p82,high,資料上2回出現
888,大字古国府214番地の6,古国府1組の1,古国府三丁目,14,35,furugoutaisyoubo.pdf,p82,high,資料上6回出現
889,大字古国府214の6,古国府1組の1,古国府三丁目,14,36,furugoutaisyoubo.pdf,p83,high,資料上2回出現
890,大字古国府214番地の6,古国府1組の1,古国府三丁目,14,36,furugoutaisyoubo.pdf,p83,high,資料上2回出現
891,大字古国府214番地の7,古国府1組の1,古国府三丁目,14,2,furugoutaisyoubo.pdf,p83,high,
892,大字古国府214番地の7,古国府1組の1,古国府三丁目,14,3,furugoutaisyoubo.pdf,p83,high,資料上3回出現
893,大字古国府217番地の1,古国府1組の1C,古国府四丁目,4,37-101,furugoutaisyoubo.pdf,p84,high,
894,大字古国府217番地の1,古国府1組の1C,古国府四丁目,4,37-102,furugoutaisyoubo.pdf,p84,high,
895,大字古国府217番地の1,古国府1組の1C,古国府四丁目,4,37-103,furugoutaisyoubo.pdf,p84,high,
896,大字古国府217番地の1,古国府1組の1C,古国府四丁目,4,37-105,furugoutaisyoubo.pdf,p84,high,
897,大字古国府217番地の1,古国府1組の1C,古国府四丁目,4,37-106,furugoutaisyoubo.pdf,p84,high,
898,大字古国府217番地の1,古国府1組の1C,古国府四丁目,4,37-107,furugoutaisyoubo.pdf,p84,high,
899,大字古国府217番地の1,古国府1組の1C,古国府四丁目,4,37-201,furugoutaisyoubo.pdf,p84,high,
900,大字古国府217番地の1,古国府1組の1C,古国府四丁目,4,37-202,furugoutaisyoubo.pdf,p84,high,
901,大字古国府217番地の1,古国府1組の1C,古国府四丁目,4,37-203,furugoutaisyoubo.pdf,p84,high,
902,大字古国府217番地の1,古国府1組の1C,古国府四丁目,4,37-205,furugoutaisyoubo.pdf,p84,high,
903,大字古国府217番地の1,古国府1組の1C,古国府四丁目,4,37-206,furugoutaisyoubo.pdf,p84,high,
904,大字古国府217番地の1,古国府1組の1C,古国府四丁目,4,37-207,furugoutaisyoubo.pdf,p84,high,
905,大字古国府217番地の1,古国府1組の1C,古国府四丁目,4,37-301,furugoutaisyoubo.pdf,p84,high,
906,大字古国府217番地の1,古国府1組の1C,古国府四丁目,4,37-302,furugoutaisyoubo.pdf,p85,high,
907,大字古国府217番地の1,古国府1組の1C,古国府四丁目,4,37-303,furugoutaisyoubo.pdf,p85,high,
908,大字古国府217番地の1,古国府1組の1C,古国府四丁目,4,37-305,furugoutaisyoubo.pdf,p85,high,
909,大字古国府217番地の1,古国府1組の1C,古国府四丁目,4,37-306,furugoutaisyoubo.pdf,p85,high,
910,大字古国府217番地の1,古国府1組の1C,古国府四丁目,4,37-307,furugoutaisyoubo.pdf,p85,high,
911,大字古国府217番地の1,古国府1組の1C,古国府四丁目,4,37-401,furugoutaisyoubo.pdf,p85,high,
912,大字古国府217番地の1,古国府1組の1C,古国府四丁目,4,37-402,furugoutaisyoubo.pdf,p85,high,
913,大字古国府217番地の1,古国府1組の1C,古国府四丁目,4,37-403,furugoutaisyoubo.pdf,p85,high,
914,大字古国府217番地の1,古国府1組の1C,古国府四丁目,4,37-405,furugoutaisyoubo.pdf,p85,high,
915,大字古国府217番地の1,古国府1組の1C,古国府四丁目,4,37-406,furugoutaisyoubo.pdf,p85,high,
916,大字古国府217番地の1,古国府1組の1C,古国府四丁目,4,37-407,furugoutaisyoubo.pdf,p85,high,
917,大字古国府217番地の1,古国府1組の1C,古国府四丁目,4,37-501,furugoutaisyoubo.pdf,p85,high,
918,大字古国府217番地の1,古国府1組の1C,古国府四丁目,4,37-502,furugoutaisyoubo.pdf,p85,high,
919,大字古国府217番地の1,古国府1組の1C,古国府四丁目,4,37-503,furugoutaisyoubo.pdf,p86,high,
920,大字古国府217-1,,古国府四丁目,4,37-505,furugoutaisyoubo.pdf,p86,high,資料上通称の記載なし
921,大字古国府217番地の1,古国府1組の1C,古国府四丁目,4,37-506,furugoutaisyoubo.pdf,p86,high,
922,大字古国府217番地の1,古国府1組の1C,古国府四丁目,4,37-507,furugoutaisyoubo.pdf,p86,high,
923,大字古国府217番地の1,古国府1組の1C,古国府四丁目,4,37-601,furugoutaisyoubo.pdf,p86,high,
924,大字古国府217番地の1,古国府1組の1C,古国府四丁目,4,37-602,furugoutaisyoubo.pdf,p86,high,
925,大字古国府217番地の1,古国府1組の1C,古国府四丁目,4,37-603,furugoutaisyoubo.pdf,p86,high,
926,大字古国府217番地の1,古国府1組の1C,古国府四丁目,4,37-605,furugoutaisyoubo.pdf,p86,high,
927,大字古国府217番地の1,古国府1組の1C,古国府四丁目,4,37-606,furugoutaisyoubo.pdf,p86,high,
928,大字古国府217番地の1,古国府1組の1C,古国府四丁目,4,37-607,furugoutaisyoubo.pdf,p86,high,
929,大字古国府217番地の1,古国府1組の1C,古国府四丁目,4,37-701,furugoutaisyoubo.pdf,p86,high,
930,大字古国府217番地の1,古国府1組の1C,古国府四丁目,4,37-702,furugoutaisyoubo.pdf,p86,high,
931,大字古国府217番地の1,古国府1組の1C,古国府四丁目,4,37-703,furugoutaisyoubo.pdf,p86,high,
932,大字古国府217番地の1,古国府1組の1C,古国府四丁目,4,37-705,furugoutaisyoubo.pdf,p87,high,
933,大字古国府217番地の1,古国府1組の1C,古国府四丁目,4,37-706,furugoutaisyoubo.pdf,p87,high,
934,大字古国府217番地の1,古国府1組の1C,古国府四丁目,4,37-707,furugoutaisyoubo.pdf,p87,high,
935,大字古国府217番地の1,古国府1組の1C,古国府四丁目,4,37-801,furugoutaisyoubo.pdf,p87,high,
936,大字古国府217番地の1,古国府1組の1C,古国府四丁目,4,37-802,furugoutaisyoubo.pdf,p87,high,
937,大字古国府217番地の1,古国府1組の1C,古国府四丁目,4,37-803,furugoutaisyoubo.pdf,p87,high,
938,大字古国府217番地の1,古国府1組の1C,古国府四丁目,4,37-805,furugoutaisyoubo.pdf,p87,high,
939,大字古国府217番地の1,古国府1組の1C,古国府四丁目,4,37-806,furugoutaisyoubo.pdf,p87,high,
940,大字古国府217番地の1,古国府1組の1C,古国府四丁目,4,37-807,furugoutaisyoubo.pdf,p87,high,
941,大字古国府217-2,,古国府四丁目,4,48,furugoutaisyoubo.pdf,p87,high,資料上通称の記載なし
942,大字古国府236番地の1,古国府5組の2,古国府四丁目,6,7,furugoutaisyoubo.pdf,p87,high,資料上4回出現
943,大字古国府236番地の1,古国府5組の2,古国府四丁目,6,8,furugoutaisyoubo.pdf,p88,high,資料上4回出現
944,大字古国府237番地の2,古国府5組の2,古国府四丁目,6,11,furugoutaisyoubo.pdf,p88,high,
945,大字古国府237番地の6,古国府5組の2,古国府四丁目,6,13,furugoutaisyoubo.pdf,p88,high,
946,大字古国府239番地の2,古国府5組の2,古国府四丁目,7,20,furugoutaisyoubo.pdf,p88,high,
947,大字古国府239番地の2,古国府5組の2,古国府四丁目,7,21,furugoutaisyoubo.pdf,p88,high,
948,大字古国府239番地の3,古国府5組の2,古国府四丁目,7,22,furugoutaisyoubo.pdf,p88,high,
949,大字古国府243番地の5,古国府5組の2,古国府四丁目,7,17,furugoutaisyoubo.pdf,p88,high,資料上2回出現
950,大字古国府243番地9,,古国府四丁目,7,13,furugoutaisyoubo.pdf,p88,high,資料上通称の記載なし、資料上2回出現
951,大字古国府245番地の7,古国府5組の2,古国府四丁目,7,1,furugoutaisyoubo.pdf,p89,high,
952,大字古国府248番地の1,古国府5組の2,古国府四丁目,8,27,furugoutaisyoubo.pdf,p89,high,
953,大字古国府248番地の5,古国府5組の2,古国府四丁目,8,23,furugoutaisyoubo.pdf,p89,high,資料上6回出現
954,大字古国府248番地の6,古国府5組の2,古国府四丁目,8,25,furugoutaisyoubo.pdf,p89,high,
955,大字古国府248番地の7,古国府5組の2,古国府四丁目,8,30,furugoutaisyoubo.pdf,p89,high,
956,大字古国府248番地の8,古国府5組の2,古国府四丁目,8,28,furugoutaisyoubo.pdf,p89,high,
957,大字古国府248番地の10,古国府5組の10,古国府四丁目,8,24,furugoutaisyoubo.pdf,p89,high,資料上4回出現
958,大字古国府249番地の3,古国府5組の2,古国府四丁目,8,19,furugoutaisyoubo.pdf,p90,high,
959,大字古国府252番地の1,古国府5組の2,古国府四丁目,8,16,furugoutaisyoubo.pdf,p90,high,
960,大字古国府252番地の3,古国府5組の2,古国府四丁目,8,11,furugoutaisyoubo.pdf,p90,high,資料上2回出現
961,大字古国府252番地の5,古国府5組の2,古国府四丁目,8,18,furugoutaisyoubo.pdf,p90,high,
962,大字古国府253番地の1,古国府5組の2,古国府四丁目,8,3,furugoutaisyoubo.pdf,p90,high,
963,大字古国府253番地の3,古国府5組の2,古国府四丁目,8,10,furugoutaisyoubo.pdf,p90,high,
964,大字古国府253番地の7,古国府5組の2,古国府四丁目,8,7,furugoutaisyoubo.pdf,p90,high,
965,大字古国府253番地の14,古国府5組の2,古国府四丁目,8,1,furugoutaisyoubo.pdf,p90,high,資料上2回出現
966,大字古国府255番地,古国府3組の1,古国府四丁目,2,50,furugoutaisyoubo.pdf,p91,high,
967,大字古国府256-3,,古国府四丁目,2,52,furugoutaisyoubo.pdf,p91,high,資料上通称の記載なし
968,大字古国府256番地の3,古国府3組の1,古国府四丁目,2,53,furugoutaisyoubo.pdf,p91,high,
969,大字古国府257番地,古国府3組の1,古国府四丁目,2,55,furugoutaisyoubo.pdf,p91,high,
970,大字古国府258番地の1,古国府3組の1,古国府四丁目,2,57,furugoutaisyoubo.pdf,p91,high,
971,大字古国府261番地,古国府2組,古国府四丁目,2,59,furugoutaisyoubo.pdf,p91,high,
972,大字古国府262番地の1,古国府2組,古国府四丁目,2,62,furugoutaisyoubo.pdf,p91,high,
973,大字古国府265番地,古国府2組,古国府四丁目,3,4,furugoutaisyoubo.pdf,p91,high,
974,大字古国府266番地の3,古国府2組,古国府四丁目,3,9,furugoutaisyoubo.pdf,p91,high,資料上2回出現
975,大字古国府270番地の1,古国府2組,古国府四丁目,3,12,furugoutaisyoubo.pdf,p91,high,
976,大字古国府270番地の3,古国府2組,古国府四丁目,3,14,furugoutaisyoubo.pdf,p91,high,
977,大字古国府270番地の6,古国府2組,古国府四丁目,3,13,furugoutaisyoubo.pdf,p91,high,
978,大字古国府275番地,古国府2組,古国府四丁目,3,17,furugoutaisyoubo.pdf,p92,high,
979,大字古国府276番地の1,古国府2組,古国府四丁目,3,19,furugoutaisyoubo.pdf,p92,high,
980,大字古国府276番地の3,古国府2組,古国府四丁目,3,20,furugoutaisyoubo.pdf,p92,high,
981,大字古国府277番地,,古国府四丁目,3,19,furugoutaisyoubo.pdf,p92,high,資料上通称の記載なし
982,大字古国府277番地の1,古国府1組の3A,古国府四丁目,3,23,furugoutaisyoubo.pdf,p92,high,
983,大字古国府277番地の2,古国府1組の3,古国府四丁目,3,22,furugoutaisyoubo.pdf,p92,high,
984,大字古国府277番地の2,古国府1組の3A,古国府四丁目,3,24,furugoutaisyoubo.pdf,p92,high,
985,大字古国府277番地の4,古国府1組の3A,古国府四丁目,3,26-201,furugoutaisyoubo.pdf,p92,high,
986,大字古国府277番地の4,古国府1組の3A,古国府四丁目,3,26-202,furugoutaisyoubo.pdf,p92,high,
987,大字古国府277番地の4,古国府1組の3A,古国府四丁目,3,26-203,furugoutaisyoubo.pdf,p92,high,
988,大字古国府277番地の4,古国府1組の3A,古国府四丁目,3,26-301,furugoutaisyoubo.pdf,p92,high,
989,大字古国府277番地の4,古国府1組の3A,古国府四丁目,3,26-302,furugoutaisyoubo.pdf,p92,high,
990,大字古国府277番地の4,古国府1組の3A,古国府四丁目,3,26-303,furugoutaisyoubo.pdf,p92,high,
991,大字古国府277番地の4,古国府1組の3A,古国府四丁目,3,26,furugoutaisyoubo.pdf,p93,high,
992,大字古国府280番地の2,古国府1組の3A,古国府四丁目,3,32,furugoutaisyoubo.pdf,p93,high,
993,大字古国府281番地,古国府1組の3A,古国府四丁目,3,28,furugoutaisyoubo.pdf,p93,high,資料上2回出現
994,大字古国府283番地,古国府1組の2,古国府四丁目,4,1,furugoutaisyoubo.pdf,p93,high,
995,大字古国府285番地の1,古国府1組の2,古国府四丁目,4,6,furugoutaisyoubo.pdf,p93,high,資料上2回出現
996,大字古国府285番地の2,古国府1組の2,古国府四丁目,4,3,furugoutaisyoubo.pdf,p93,high,
997,大字古国府288番地の1,古国府1組の2,古国府四丁目,4,13,furugoutaisyoubo.pdf,p93,high,
998,大字古国府289番地,古国府1組の2,古国府四丁目,4,10,furugoutaisyoubo.pdf,p93,high,
999,大字古国府289番地の1,古国府1組の2,古国府四丁目,4,12,furugoutaisyoubo.pdf,p93,high,
1000,大字古国府289番地の3,古国府1組の2,古国府四丁目,4,11,furugoutaisyoubo.pdf,p93,high,
1001,大字古国府290番地の1,古国府1組の2,古国府三丁目,11,4,furugoutaisyoubo.pdf,p93,high,資料上2回出現
1002,大字古国府291番地の4,,古国府三丁目,11,10,furugoutaisyoubo.pdf,p94,high,資料上通称の記載なし
1003,大字古国府293番地の1,古国府1組の2,古国府三丁目,11,37,furugoutaisyoubo.pdf,p94,high,資料上3回出現
1004,大字古国府295番地の1,古国府1組の3A,古国府三丁目,1,55,furugoutaisyoubo.pdf,p94,high,資料上3回出現
1005,大字古国府2の96番地,古国府8組の1,古国府二丁目,2,67,furugoutaisyoubo.pdf,p94,high,
1006,大字古国府296番地の1,古国府1組の3A,古国府三丁目,1,49,furugoutaisyoubo.pdf,p94,high,資料上2回出現
1007,大字古国府296番地の2,古国府1組の3A,古国府三丁目,1,51,furugoutaisyoubo.pdf,p94,high,
1008,大字古国府298番地の1,古国府1組の3A,古国府三丁目,1,47,furugoutaisyoubo.pdf,p94,high,
1009,大字古国府298番地の3,古国府1組の3A,古国府三丁目,1,48,furugoutaisyoubo.pdf,p95,high,
1010,大字古国府299番地の1,古国府1組の3A,古国府三丁目,1,45,furugoutaisyoubo.pdf,p95,high,資料上2回出現
1011,大字古国府300番地の2,古国府1組の3A,古国府三丁目,1,41,furugoutaisyoubo.pdf,p95,high,
1012,大字古国府301番地,古国府2組,古国府三丁目,1,39,furugoutaisyoubo.pdf,p95,high,
1013,大字古国府301番地の1,古国府2組,古国府三丁目,1,37,furugoutaisyoubo.pdf,p95,high,
1014,大字古国府304番地の1,古国府2組,古国府三丁目,1,33,furugoutaisyoubo.pdf,p95,high,
1015,大字古国府304番地の1,,古国府三丁目,1,34,furugoutaisyoubo.pdf,p95,high,資料上通称の記載なし
1016,大字古国府304番地の1,古国府2組,古国府三丁目,1,34,furugoutaisyoubo.pdf,p95,high,
1017,大字古国府305番地の3,古国府2組,古国府三丁目,1,31,furugoutaisyoubo.pdf,p95,high,資料上2回出現
1018,大字古国府307番地の1,古国府2組,古国府三丁目,1,28,furugoutaisyoubo.pdf,p95,high,
1019,大字古国府307番地の1,古国府2組,古国府三丁目,1,30,furugoutaisyoubo.pdf,p95,high,
1020,大字古国府308番地の1,古国府2組,古国府三丁目,1,26,furugoutaisyoubo.pdf,p96,high,
1021,大字古国府309番地,古国府3組の1,古国府三丁目,1,23,furugoutaisyoubo.pdf,p96,high,
1022,大字古国府309番地の1,古国府3組の1,古国府三丁目,1,25,furugoutaisyoubo.pdf,p96,high,
1023,大字古国府309番地の5,古国府3組の1,古国府三丁目,1,24,furugoutaisyoubo.pdf,p96,high,
1024,大字古国府310番地,古国府3組の1,古国府三丁目,1,20,furugoutaisyoubo.pdf,p96,high,
1025,大字古国府310番地の1,古国府3組の1,古国府三丁目,1,21,furugoutaisyoubo.pdf,p96,high,資料上2回出現
1026,大字古国府310番地の1,古国府3組の1,古国府三丁目,1,22,furugoutaisyoubo.pdf,p96,high,
1027,大字古国府312番地,古国府3組の1,古国府三丁目,1,18,furugoutaisyoubo.pdf,p96,high,資料上3回出現
1028,大字古国府312番地,古国府3組の1,古国府三丁目,1,19,furugoutaisyoubo.pdf,p96,high,資料上2回出現
1029,大字古国府313番地,古国府3組の1,古国府三丁目,1,15,furugoutaisyoubo.pdf,p97,high,資料上2回出現
1030,大字古国府314番地,古国府3組の1,古国府三丁目,1,16,furugoutaisyoubo.pdf,p97,high,
1031,大字古国府316番地の1,古国府3組の1,古国府四丁目,2,47,furugoutaisyoubo.pdf,p97,high,
1032,大字古国府316番地の5,古国府3組の1,古国府四丁目,2,45,furugoutaisyoubo.pdf,p97,high,
1033,大字古国府317番地の1,古国府3組の4,古国府四丁目,2,44-201,furugoutaisyoubo.pdf,p97,high,
1034,大字古国府317番地の1,古国府3組の4,古国府四丁目,2,44-202,furugoutaisyoubo.pdf,p97,high,
1035,大字古国府317番地の1,古国府3組の4,古国府四丁目,2,44-203,furugoutaisyoubo.pdf,p97,high,
1036,大字古国府317番地の1,古国府3組の4,古国府四丁目,2,44-205,furugoutaisyoubo.pdf,p97,high,
1037,大字古国府317番地の1,古国府3組の4,古国府四丁目,2,44-206,furugoutaisyoubo.pdf,p97,high,
1038,大字古国府317番地の1,古国府3組の4,古国府四丁目,2,44-301,furugoutaisyoubo.pdf,p97,high,
1039,大字古国府317番地の1,古国府3組の4,古国府四丁目,2,44-302,furugoutaisyoubo.pdf,p97,high,
1040,大字古国府317番地の1,古国府3組の4,古国府四丁目,2,44-303,furugoutaisyoubo.pdf,p97,high,
1041,大字古国府317番地の1,古国府3組の4,古国府四丁目,2,44-305,furugoutaisyoubo.pdf,p98,high,
1042,大字古国府317番地の1,古国府3組の4,古国府四丁目,2,44-306,furugoutaisyoubo.pdf,p98,high,
1043,大字古国府317番地の1,古国府3組の4,古国府四丁目,2,44-401,furugoutaisyoubo.pdf,p98,high,
1044,大字古国府317番地の1,古国府3組の4,古国府四丁目,2,44-402,furugoutaisyoubo.pdf,p98,high,
1045,大字古国府317番地の1,古国府3組の4,古国府四丁目,2,44-403,furugoutaisyoubo.pdf,p98,high,
1046,大字古国府317番地の1,古国府3組の4,古国府四丁目,2,44-405,furugoutaisyoubo.pdf,p98,high,
1047,大字古国府317番地の1,古国府4組,古国府四丁目,2,44-406,furugoutaisyoubo.pdf,p98,high,
1048,大字古国府317番地の1,古国府3組の4,古国府四丁目,2,44-501,furugoutaisyoubo.pdf,p98,high,
1049,大字古国府317番地の1,古国府3組の4,古国府四丁目,2,44-502,furugoutaisyoubo.pdf,p98,high,
1050,大字古国府317番地の1,古国府3組の4,古国府四丁目,2,44-503,furugoutaisyoubo.pdf,p98,high,
1051,大字古国府317番地の1,古国府3組の4,古国府四丁目,2,44-505,furugoutaisyoubo.pdf,p98,high,
1052,大字古国府317番地の1,古国府3組の4,古国府四丁目,2,44-506,furugoutaisyoubo.pdf,p98,high,
1053,大字古国府319番地の1,古国府4組,古国府四丁目,2,39,furugoutaisyoubo.pdf,p98,high,
1054,大字古国府320番地の2,古国府4組,古国府四丁目,2,42,furugoutaisyoubo.pdf,p99,high,
1055,大字古国府320番地の3,古国府4組,古国府四丁目,2,40,furugoutaisyoubo.pdf,p99,high,
1056,大字古国府321番地の2,古国府4組,古国府三丁目,2,21,furugoutaisyoubo.pdf,p99,high,資料上4回出現
1057,大字古国府321番地の2,古国府4組,古国府三丁目,1,13,furugoutaisyoubo.pdf,p99,high,
1058,大字古国府322番地,古国府4組,古国府三丁目,2,22,furugoutaisyoubo.pdf,p99,high,資料上9回出現
1059,大字古国府322番地,古国府4組,古国府三丁目,1,9,furugoutaisyoubo.pdf,p100,high,
1060,大字古国府323番地,古国府4組,古国府三丁目,1,1,furugoutaisyoubo.pdf,p100,high,
1061,大字古国府323番地,,古国府三丁目,2,24,furugoutaisyoubo.pdf,p100,high,資料上通称の記載なし
1062,大字古国府323番地,古国府4組,古国府三丁目,2,24,furugoutaisyoubo.pdf,p100,high,資料上2回出現
1063,大字古国府325番地の1,古国府4組,古国府三丁目,1,6,furugoutaisyoubo.pdf,p100,high,資料上2回出現
1064,大字古国府327番地,古国府4組,古国府三丁目,1,1,furugoutaisyoubo.pdf,p100,high,
1065,大字古国府327,古国府4組,古国府三丁目,1,1,furugoutaisyoubo.pdf,p100,high,資料上2回出現
1066,大字古国府328番地,古国府7組の1,古国府四丁目,1,47,furugoutaisyoubo.pdf,p101,high,
1067,大字古国府329番地,古国府7組の1,古国府四丁目,1,48,furugoutaisyoubo.pdf,p101,high,
1068,大字古国府330番地の1,古国府7組の1,古国府四丁目,1,50,furugoutaisyoubo.pdf,p101,high,
1069,大字古国府331番地,古国府4組,古国府四丁目,1,52,furugoutaisyoubo.pdf,p101,high,
1070,大字古国府331番地の1,古国府4組,古国府四丁目,1,53,furugoutaisyoubo.pdf,p101,high,
1071,大字古国府332番地,古国府4組,古国府四丁目,1,54,furugoutaisyoubo.pdf,p101,high,
1072,大字古国府333番地の1,古国府4組,古国府四丁目,1,42,furugoutaisyoubo.pdf,p101,high,
1073,大字古国府333番地の2,古国府4組,古国府四丁目,1,43,furugoutaisyoubo.pdf,p101,high,
1074,大字古国府335番地,古国府4組,古国府四丁目,1,40,furugoutaisyoubo.pdf,p101,high,
1075,大字古国府336番地,古国府4組,古国府四丁目,1,38,furugoutaisyoubo.pdf,p101,high,
1076,大字古国府337番地の2,古国府4組,古国府四丁目,1,62,furugoutaisyoubo.pdf,p101,high,
1077,大字古国府338番地,古国府4組,古国府四丁目,1,36,furugoutaisyoubo.pdf,p101,high,
1078,大字古国府338番地,古国府4組,古国府四丁目,1,37,furugoutaisyoubo.pdf,p101,high,
1079,大字古国府339番地,古国府4組,古国府四丁目,1,34,furugoutaisyoubo.pdf,p102,high,
1080,大字古国府341番地の4,古国府5組の1,古国府四丁目,1,9,furugoutaisyoubo.pdf,p102,high,資料上8回出現
1081,大字古国府341番地の4,古国府5-1,古国府四丁目,1,9,furugoutaisyoubo.pdf,p102,high,
1082,大字古国府342番地の1,古国府4組,古国府四丁目,1,35,furugoutaisyoubo.pdf,p102,high,
1083,大字古国府343番地,古国府4組,古国府四丁目,2,32,furugoutaisyoubo.pdf,p102,high,
1084,大字古国府344番地の2,古国府4組,古国府四丁目,2,36,furugoutaisyoubo.pdf,p102,high,資料上2回出現
1085,大字古国府345番地,古国府5組の1,古国府四丁目,2,28,furugoutaisyoubo.pdf,p103,high,資料上2回出現
1086,大字古国府346番地,古国府5組の1,古国府四丁目,2,22,furugoutaisyoubo.pdf,p103,high,資料上2回出現
1087,大字古国府346番地の1,古国府5組の1,古国府四丁目,2,23,furugoutaisyoubo.pdf,p103,high,
1088,大字古国府346番地の1,古国府5組の1,古国府四丁目,2,24,furugoutaisyoubo.pdf,p103,high,
1089,大字古国府353番地の1,古国府5組の1,古国府四丁目,2,4,furugoutaisyoubo.pdf,p103,high,
1090,大字古国府353番地の2,古国府5組の1,古国府四丁目,2,2,furugoutaisyoubo.pdf,p103,high,
1091,大字古国府354番地の1,古国府5組の1,古国府四丁目,2,13,furugoutaisyoubo.pdf,p103,high,
1092,大字古国府356番地,古国府5組の1,古国府四丁目,1,31,furugoutaisyoubo.pdf,p103,high,資料上2回出現
1093,大字古国府358番地,,古国府四丁目,1,29,furugoutaisyoubo.pdf,p103,high,資料上通称の記載なし
1094,大字古国府358番地,古国府5組の1,古国府四丁目,1,29,furugoutaisyoubo.pdf,p104,high,資料上4回出現
1095,大字古国府359番地の1,,古国府四丁目,1,26,furugoutaisyoubo.pdf,p104,high,資料上通称の記載なし
1096,大字古国府359番地の1,古国府5組の1,古国府四丁目,1,26,furugoutaisyoubo.pdf,p104,high,
1097,大字古国府359番地の6,古国府5組の1,古国府四丁目,1,28,furugoutaisyoubo.pdf,p104,high,
1098,大字古国府359番地の11,古国府5組の1,古国府四丁目,1,27,furugoutaisyoubo.pdf,p104,high,
1099,大字古国府360番地の3,古国府5組の1,古国府四丁目,1,23,furugoutaisyoubo.pdf,p104,high,資料上2回出現
1100,大字古国府360番地の7,古国府5組の1,古国府四丁目,1,24-201,furugoutaisyoubo.pdf,p104,high,
1101,大字古国府360番地の7,古国府5組の1,古国府四丁目,1,24-202,furugoutaisyoubo.pdf,p104,high,
1102,大字古国府360番地の7,古国府5組の1,古国府四丁目,1,24-203,furugoutaisyoubo.pdf,p104,high,
1103,大字古国府360番地の7,古国府5組の1,古国府四丁目,1,24-205,furugoutaisyoubo.pdf,p105,high,
1104,大字古国府360番地の7,古国府5組の1,古国府四丁目,1,24-206,furugoutaisyoubo.pdf,p105,high,
1105,大字古国府360番地の7,古国府5組の1,古国府四丁目,1,24-207,furugoutaisyoubo.pdf,p105,high,
1106,大字古国府360番地の7,古国府5組の1,古国府四丁目,1,24-208,furugoutaisyoubo.pdf,p105,high,
1107,大字古国府360番地の7,古国府5組の1,古国府四丁目,1,24-301,furugoutaisyoubo.pdf,p105,high,
1108,大字古国府360番地の7,古国府5組の1,古国府四丁目,1,24-302,furugoutaisyoubo.pdf,p105,high,
1109,大字古国府360番地の7,古国府5組の1,古国府四丁目,1,24-303,furugoutaisyoubo.pdf,p105,high,
1110,大字古国府360番地の7,古国府5組の1,古国府四丁目,1,24-305,furugoutaisyoubo.pdf,p105,high,
1111,大字古国府360番地の7,古国府5組の1,古国府四丁目,1,24-306,furugoutaisyoubo.pdf,p105,high,
1112,大字古国府360番地の7,古国府5組の1,古国府四丁目,1,24-307,furugoutaisyoubo.pdf,p105,high,
1113,大字古国府360番地の7,古国府5組の1,古国府四丁目,1,24-308,furugoutaisyoubo.pdf,p105,high,
1114,大字古国府361番地の1,古国府5組の1,古国府四丁目,1,17,furugoutaisyoubo.pdf,p105,high,
1115,大字古国府362番地の1,古国府5組の1,古国府六丁目,2,52,furugoutaisyoubo.pdf,p105,high,
1116,大字古国府369番地,古国府5組の3,古国府四丁目,9,5,furugoutaisyoubo.pdf,104,high,
1117,大字古国府370番地の3,古国府5組の3,古国府四丁目,9,19,furugoutaisyoubo.pdf,104,high,
1118,大字古国府370番地の6,古国府5組の3,古国府四丁目,9,20,furugoutaisyoubo.pdf,104,high,資料上2回出現
1119,大字古国府370番地の9,古国府5組の3,古国府四丁目,9,22,furugoutaisyoubo.pdf,104,high,資料上2回出現
1120,大字古国府370番地の10,古国府5組の3,古国府四丁目,9,24,furugoutaisyoubo.pdf,104,high,資料上13回出現
1121,大字古国府370番地の11,古国府5組の4,古国府四丁目,9,24,furugoutaisyoubo.pdf,105,high,
1122,大字古国府375-1,古国府5組-3,古国府四丁目,9,10,furugoutaisyoubo.pdf,105,high,
1123,大字古国府379番地の1,古国府5組の3,古国府六丁目,5,81,furugoutaisyoubo.pdf,105,high,資料上10回出現
1124,大字古国府381番地の5,古国府5組の2,古国府四丁目,10,76,furugoutaisyoubo.pdf,106,high,
1125,大字古国府381番地の7,,古国府四丁目,10,2,furugoutaisyoubo.pdf,106,high,資料上通称の記載なし、資料上4回出現
1126,大字古国府381番地の8,,古国府四丁目,10,4,furugoutaisyoubo.pdf,107,high,資料上通称の記載なし
1127,大字古国府383番地の1,古国府6組の1,古国府五丁目,1,13-201,furugoutaisyoubo.pdf,107,high,
1128,大字古国府383番地の1,古国府6組の1,古国府五丁目,1,13-301,furugoutaisyoubo.pdf,107,high,
1129,大字古国府383番地の1,古国府6組の1,古国府五丁目,1,13-401,furugoutaisyoubo.pdf,107,high,
1130,大字古国府383番地の1,古国府6組の1,古国府五丁目,1,13-501,furugoutaisyoubo.pdf,107,high,
1131,大字古国府383番地の1,古国府6組の1,古国府五丁目,1,13-601,furugoutaisyoubo.pdf,107,high,
1132,大字古国府383番地の1,古国府6組の1,古国府五丁目,1,13-701,furugoutaisyoubo.pdf,107,high,
1133,大字古国府383番地の1,古国府6組の1,古国府五丁目,1,13-801,furugoutaisyoubo.pdf,107,high,
1134,大字古国府383番地の2,古国府5組の2,古国府四丁目,10,10,furugoutaisyoubo.pdf,107,high,
1135,大字古国府385番地の3,古国府5組の2,古国府四丁目,10,12,furugoutaisyoubo.pdf,107,high,
1136,大字古国府385番地の3,古国府5組の2,古国府四丁目,10,65,furugoutaisyoubo.pdf,107,high,
1137,大字古国府386番地の5,古国府6組の1,古国府五丁目,2,48,furugoutaisyoubo.pdf,108,high,
1138,大字古国府386番地の6,古国府6組の1,古国府五丁目,2,49,furugoutaisyoubo.pdf,108,high,資料上2回出現
1139,大字古国府386番地の7,古国府6組の1,古国府五丁目,2,50,furugoutaisyoubo.pdf,108,high,
1140,大字古国府386番地の8,古国府6組の1,古国府五丁目,2,51,furugoutaisyoubo.pdf,108,high,
1141,大字古国府386番地の11,古国府6組の1,古国府五丁目,2,47,furugoutaisyoubo.pdf,108,high,
1142,大字古国府386番地の12,古国府6組の1,古国府五丁目,2,46,furugoutaisyoubo.pdf,108,high,
1143,大字古国府387番地の1,古国府6組の1D,古国府五丁目,2,8,furugoutaisyoubo.pdf,108,high,資料上6回出現
1144,大字古国府387番地の1,古国府6組の1D,古国府五丁目,2,9,furugoutaisyoubo.pdf,109,high,資料上6回出現
1145,大字古国府387番地の1,古国府6組の1D,古国府五丁目,2,7,furugoutaisyoubo.pdf,109,high,資料上6回出現
1146,大字古国府388番地の1,古国府6組の1,古国府五丁目,2,1,furugoutaisyoubo.pdf,109,high,
1147,大字古国府388番地の3,古国府6組の1C,古国府五丁目,2,4,furugoutaisyoubo.pdf,110,high,資料上4回出現
1148,大字古国府391番地の5,古国府6組の1D,古国府五丁目,2,6-101,furugoutaisyoubo.pdf,110,high,
1149,大字古国府391番地の5,古国府6組の1D,古国府五丁目,2,6-102,furugoutaisyoubo.pdf,110,high,
1150,大字古国府391番地の5,古国府6組の1D,古国府五丁目,2,6-201,furugoutaisyoubo.pdf,110,high,
1151,大字古国府391番地の5,古国府6組の1D,古国府五丁目,2,6-202,furugoutaisyoubo.pdf,110,high,
1152,大字古国府391番地の5,古国府6組の1D,古国府五丁目,2,6-301,furugoutaisyoubo.pdf,110,high,資料上2回出現
1153,大字古国府391番地の5,古国府6組の1D,古国府五丁目,2,6-302,furugoutaisyoubo.pdf,110,high,
1154,大字古国府391番地の6,古国府6組の1C,古国府五丁目,2,5,furugoutaisyoubo.pdf,110,high,資料上8回出現
1155,大字古国府392番地,古国府6組の1,古国府五丁目,2,29,furugoutaisyoubo.pdf,111,high,
1156,大字古国府392番地の6,古国府6組の1,古国府五丁目,2,28,furugoutaisyoubo.pdf,111,high,
1157,大字古国府394番地,古国府6組の1,古国府五丁目,2,10,furugoutaisyoubo.pdf,111,high,
1158,大字古国府395番地の1,古国府6組の1,古国府五丁目,2,12,furugoutaisyoubo.pdf,111,high,
1159,大字古国府398番地の1,古国府6組の1,古国府五丁目,2,15,furugoutaisyoubo.pdf,111,high,
1160,大字古国府398番地の5,古国府6組の1B,古国府五丁目,2,16-101,furugoutaisyoubo.pdf,111,high,
1161,大字古国府398番地の5,古国府6組の1B,古国府五丁目,2,16-102,furugoutaisyoubo.pdf,111,high,
1162,大字古国府398番地の5,古国府6組の1B,古国府五丁目,2,16-103,furugoutaisyoubo.pdf,112,high,
1163,大字古国府398番地の5,古国府6組の1B,古国府五丁目,2,16-201,furugoutaisyoubo.pdf,112,high,
1164,大字古国府398番地の5,古国府6組の1B,古国府五丁目,2,16-202,furugoutaisyoubo.pdf,112,high,
1165,大字古国府398番地の5,古国府6組の1B,古国府五丁目,2,16-203,furugoutaisyoubo.pdf,112,high,
1166,大字古国府398番地の5,古国府6組の1B,古国府五丁目,2,16-301,furugoutaisyoubo.pdf,112,high,
1167,大字古国府398番地の5,古国府6組の1B,古国府五丁目,2,16-302,furugoutaisyoubo.pdf,112,high,
1168,大字古国府398番地の5,古国府6組の1B,古国府五丁目,2,16-303,furugoutaisyoubo.pdf,112,high,
1169,大字古国府400番地の1,古国府6組の1,古国府五丁目,2,33-102,furugoutaisyoubo.pdf,112,high,
1170,大字古国府400番地の1,古国府6組の1,古国府五丁目,2,33-202,furugoutaisyoubo.pdf,112,high,
1171,大字古国府400番地の1,古国府6組の1,古国府五丁目,2,33-101,furugoutaisyoubo.pdf,112,high,
1172,大字古国府400番地の1,古国府6組の1,古国府五丁目,2,33-103,furugoutaisyoubo.pdf,112,high,
1173,大字古国府400番地の1,古国府6組の1,古国府五丁目,2,33-105,furugoutaisyoubo.pdf,112,high,
1174,大字古国府400番地の1,古国府6組の1,古国府五丁目,2,33-201,furugoutaisyoubo.pdf,112,high,
1175,大字古国府400番地の1,古国府6組の1,古国府五丁目,2,33-203,furugoutaisyoubo.pdf,113,high,
1176,大字古国府400番地の1,古国府6組の1,古国府五丁目,2,33-205,furugoutaisyoubo.pdf,113,high,
1177,大字古国府400番地の1,古国府6組の1,古国府五丁目,2,33-301,furugoutaisyoubo.pdf,113,high,
1178,大字古国府400番地の1,古国府6組の1,古国府五丁目,2,33-302,furugoutaisyoubo.pdf,113,high,
1179,大字古国府400番地の1,古国府6組の1,古国府五丁目,2,33-303,furugoutaisyoubo.pdf,113,high,
1180,大字古国府400番地の1,古国府6組の1,古国府五丁目,2,33-305,furugoutaisyoubo.pdf,113,high,
1181,大字古国府400番地の1,古国府6組の1,古国府五丁目,2,32,furugoutaisyoubo.pdf,113,high,資料上2回出現
1182,大字古国府400番地の2,古国府6組の2,古国府五丁目,2,42,furugoutaisyoubo.pdf,113,high,
1183,大字古国府400番地の3,古国府6組の1,古国府五丁目,2,39,furugoutaisyoubo.pdf,113,high,
1184,大字古国府400番地の7,古国府6組の1A,古国府五丁目,2,38,furugoutaisyoubo.pdf,113,high,
1185,大字古国府401番地の1,古国府6組の1,古国府五丁目,2,43,furugoutaisyoubo.pdf,113,high,資料上2回出現
1186,大字古国府401番地の3,古国府6組の1,古国府五丁目,2,26,furugoutaisyoubo.pdf,114,high,
1187,大字古国府401番地の3,古国府6組の1,古国府五丁目,2,30,furugoutaisyoubo.pdf,114,high,
1188,大字古国府404-2,,古国府四丁目,10,14,furugoutaisyoubo.pdf,114,high,資料上通称の記載なし
1189,大字古国府405番地の2,古国府6組の1,古国府五丁目,1,77,furugoutaisyoubo.pdf,114,high,資料上2回出現
1190,大字古国府406番地の3,古国府6組の1,古国府五丁目,1,76,furugoutaisyoubo.pdf,114,high,資料上2回出現
1191,大字古国府406-4,,古国府四丁目,10,17,furugoutaisyoubo.pdf,114,high,資料上通称の記載なし
1192,大字古国府406番地の8,古国府6組の1A,古国府五丁目,1,75,furugoutaisyoubo.pdf,114,high,資料上3回出現
1193,大字古国府406番地の9,古国府6組の1A,古国府五丁目,1,21,furugoutaisyoubo.pdf,114,high,
1194,大字古国府407番地の4,古国府6-5組,古国府五丁目,1,73,furugoutaisyoubo.pdf,114,high,
1195,大字古国府407-5,,古国府四丁目,10,18,furugoutaisyoubo.pdf,115,high,資料上通称の記載なし
1196,大字古国府408番地,,古国府五丁目,1,24,furugoutaisyoubo.pdf,115,high,資料上通称の記載なし
1197,大字古国府409番地,,古国府四丁目,10,22,furugoutaisyoubo.pdf,115,high,資料上通称の記載なし
1198,大字古国府410-1,,古国府五丁目,1,29,furugoutaisyoubo.pdf,115,high,資料上通称の記載なし
1199,大字古国府412-1,,古国府五丁目,1,31,furugoutaisyoubo.pdf,115,high,資料上通称の記載なし
1200,大字古国府412番地の4,古国府6組の5,古国府五丁目,1,63,furugoutaisyoubo.pdf,115,high,
1201,大字古国府412番地の5,古国府6組の5,古国府五丁目,1,64,furugoutaisyoubo.pdf,115,high,
1202,大字古国府413番地の2,古国府6組の5,古国府五丁目,1,60,furugoutaisyoubo.pdf,115,high,
1203,大字古国府413番地の7,古国府6組の5,古国府五丁目,1,61,furugoutaisyoubo.pdf,115,high,
1204,大字古国府414番地の1,,古国府五丁目,1,34,furugoutaisyoubo.pdf,115,high,資料上通称の記載なし
1205,大字古国府414-1,,古国府五丁目,1,34,furugoutaisyoubo.pdf,115,high,資料上通称の記載なし、資料上2回出現
1206,大字古国府415番地の4,古国府6組の7,古国府五丁目,1,57,furugoutaisyoubo.pdf,115,high,資料上12回出現
1207,大字古国府416-1,,古国府五丁目,1,36-101,furugoutaisyoubo.pdf,116,high,資料上通称の記載なし
1208,大字古国府416-1,,古国府五丁目,1,36-102,furugoutaisyoubo.pdf,117,high,資料上通称の記載なし
1209,大字古国府416番地の1,古国府6組の7A,古国府五丁目,1,36-201,furugoutaisyoubo.pdf,117,high,
1210,大字古国府416番地の1,古国府6組の7A,古国府五丁目,1,36-202,furugoutaisyoubo.pdf,117,high,
1211,大字古国府416番地の1,古国府6組の7A,古国府五丁目,1,36-203,furugoutaisyoubo.pdf,117,high,
1212,大字古国府416番地の1,古国府6組の7A,古国府五丁目,1,36-205,furugoutaisyoubo.pdf,117,high,
1213,大字古国府416番地の1,古国府6組の7A,古国府五丁目,1,36-206,furugoutaisyoubo.pdf,117,high,
1214,大字古国府416番地の1,古国府6組の7A,古国府五丁目,1,36-207,furugoutaisyoubo.pdf,117,high,
1215,大字古国府416番地の1,古国府6組の7A,古国府五丁目,1,36-208,furugoutaisyoubo.pdf,117,high,
1216,大字古国府416番地の1,古国府6組の7A,古国府五丁目,1,36-210,furugoutaisyoubo.pdf,117,high,
1217,大字古国府416番地の1,古国府6組の7A,古国府五丁目,1,36-211,furugoutaisyoubo.pdf,117,high,
1218,大字古国府416番地の1,古国府6組の7A,古国府五丁目,1,36-212,furugoutaisyoubo.pdf,117,high,
1219,大字古国府416番地の1,古国府6組の7A,古国府五丁目,1,36-301,furugoutaisyoubo.pdf,117,high,
1220,大字古国府416番地の1,古国府6組の7A,古国府五丁目,1,36-302,furugoutaisyoubo.pdf,117,high,
1221,大字古国府416番地の1,古国府6組の7A,古国府五丁目,1,36-303,furugoutaisyoubo.pdf,118,high,
1222,大字古国府416番地の1,古国府6組の7A,古国府五丁目,1,36-305,furugoutaisyoubo.pdf,118,high,
1223,大字古国府416番地の1,古国府6組の7A,古国府五丁目,1,36-306,furugoutaisyoubo.pdf,118,high,
1224,大字古国府416番地の1,古国府6組の7A,古国府五丁目,1,36-307,furugoutaisyoubo.pdf,118,high,
1225,大字古国府416番地の1,古国府6組の7A,古国府五丁目,1,36-308,furugoutaisyoubo.pdf,118,high,
1226,大字古国府416番地の1,古国府6組の7A,古国府五丁目,1,36-310,furugoutaisyoubo.pdf,118,high,
1227,大字古国府416番地の1,古国府6組の7A,古国府五丁目,1,36-311,furugoutaisyoubo.pdf,118,high,
1228,大字古国府416番地の1,古国府6組の7A,古国府五丁目,1,36-312,furugoutaisyoubo.pdf,118,high,
1229,大字古国府416番地の1,古国府6組の7A,古国府五丁目,1,36-401,furugoutaisyoubo.pdf,118,high,
1230,大字古国府416番地の1,古国府6組の7A,古国府五丁目,1,36-402,furugoutaisyoubo.pdf,118,high,
1231,大字古国府416番地の1,古国府6組の7A,古国府五丁目,1,36-403,furugoutaisyoubo.pdf,118,high,
1232,大字古国府416番地の1,古国府6組の7A,古国府五丁目,1,36-405,furugoutaisyoubo.pdf,118,high,
1233,大字古国府416番地の1,古国府6組の7A,古国府五丁目,1,36-406,furugoutaisyoubo.pdf,118,high,
1234,大字古国府416番地の1,古国府6組の7A,古国府五丁目,1,36-407,furugoutaisyoubo.pdf,119,high,
1235,大字古国府416番地の1,古国府6組の7A,古国府五丁目,1,36-408,furugoutaisyoubo.pdf,119,high,
1236,大字古国府416番地の1,古国府6組の7A,古国府五丁目,1,36-410,furugoutaisyoubo.pdf,119,high,
1237,大字古国府416番地の1,古国府6組の7A,古国府五丁目,1,36-411,furugoutaisyoubo.pdf,119,high,
1238,大字古国府416番地の1,古国府6組の7A,古国府五丁目,1,36-412,furugoutaisyoubo.pdf,119,high,
1239,大字古国府416番地の2,古国府6組の5,古国府五丁目,1,38-201,furugoutaisyoubo.pdf,119,high,
1240,大字古国府416番地の2,古国府6組の5,古国府五丁目,1,38-202,furugoutaisyoubo.pdf,119,high,
1241,大字古国府416番地の2,古国府6組の5,古国府五丁目,1,38-301,furugoutaisyoubo.pdf,119,high,
1242,大字古国府416番地の2,古国府6組の5,古国府五丁目,1,38-302,furugoutaisyoubo.pdf,119,high,
1243,大字古国府416番地の2,古国府6組の5,古国府五丁目,1,38-401,furugoutaisyoubo.pdf,119,high,
1244,大字古国府416番地の2,古国府6組の5,古国府五丁目,1,38-402,furugoutaisyoubo.pdf,119,high,
1245,大字古国府416番地の2,古国府6組の5,古国府五丁目,1,38-501,furugoutaisyoubo.pdf,119,high,
1246,大字古国府416番地の2,古国府6組の5,古国府五丁目,1,38-502,furugoutaisyoubo.pdf,119,high,
1247,大字古国府416番地の2,古国府6組の5,古国府五丁目,1,38-601,furugoutaisyoubo.pdf,120,high,
1248,大字古国府416番地の2,古国府6組の5,古国府五丁目,1,38-602,furugoutaisyoubo.pdf,120,high,
1249,大字古国府416番地の2,古国府6組の5,古国府五丁目,1,38-701,furugoutaisyoubo.pdf,120,high,
1250,大字古国府416番地の2,古国府6組の5,古国府五丁目,1,38-702,furugoutaisyoubo.pdf,120,high,
1251,大字古国府416番地の7,,古国府四丁目,10,35,furugoutaisyoubo.pdf,120,high,資料上通称の記載なし
1252,大字古国府417-1,,古国府五丁目,1,40,furugoutaisyoubo.pdf,120,high,資料上通称の記載なし
1253,大字古国府418番地の1,古国府6組の7,古国府五丁目,1,44,furugoutaisyoubo.pdf,120,high,資料上8回出現
1254,大字古国府418-2,,古国府五丁目,1,41,furugoutaisyoubo.pdf,121,high,資料上通称の記載なし
1255,大字古国府419番地の1,古国府6組の5,古国府五丁目,1,47,furugoutaisyoubo.pdf,121,high,
1256,大字古国府419番地の6,古国府6組の5,古国府五丁目,1,53,furugoutaisyoubo.pdf,121,high,
1257,大字古国府419番地の7,古国府6組の5,古国府五丁目,1,51,furugoutaisyoubo.pdf,121,high,資料上2回出現
1258,大字古国府420番地の4,古国府6組の5,古国府五丁目,5,2,furugoutaisyoubo.pdf,121,high,
1259,大字古国府420番地の5,古国府6組の5,古国府五丁目,5,1,furugoutaisyoubo.pdf,121,high,
1260,大字古国府420番地の6,古国府6組の5A,古国府五丁目,5,4,furugoutaisyoubo.pdf,121,high,資料上4回出現
1261,大字古国府420番地の6,古国府6組の5A,古国府五丁目,5,3,furugoutaisyoubo.pdf,121,high,資料上4回出現
1262,大字古国府421番地の2,古国府6組の5,古国府五丁目,5,22,furugoutaisyoubo.pdf,122,high,資料上2回出現
1263,大字古国府421番地の3,古国府6組の5,古国府五丁目,5,19,furugoutaisyoubo.pdf,122,high,
1264,大字古国府421番地の12,古国府6組の5,古国府五丁目,5,18,furugoutaisyoubo.pdf,122,high,
1265,大字古国府421番地の14,古国府6組の5,古国府五丁目,5,13,furugoutaisyoubo.pdf,122,high,
1266,大字古国府422番地の1,古国府6組の5,古国府五丁目,5,23,furugoutaisyoubo.pdf,122,high,資料上12回出現
1267,大字古国府423番地の1,古国府6組の5,古国府五丁目,5,24,furugoutaisyoubo.pdf,123,high,資料上10回出現
1268,大字古国府423番地の3,古国府6組の5,古国府五丁目,5,25,furugoutaisyoubo.pdf,124,high,資料上4回出現
1269,大字古国府424番地の1,古国府6組の5,古国府五丁目,5,27,furugoutaisyoubo.pdf,124,high,資料上2回出現
1270,大字古国府425番地の1,古国府6組の5D,古国府五丁目,5,32,furugoutaisyoubo.pdf,124,high,資料上10回出現
1271,大字古国府425番地の3,古国府6組の5,古国府五丁目,5,28,furugoutaisyoubo.pdf,125,high,資料上2回出現
1272,大字古国府425番地の4,古国府6組の5,古国府五丁目,5,29,furugoutaisyoubo.pdf,125,high,
1273,大字古国府426番地の2,古国府6組の3,古国府五丁目,6,10,furugoutaisyoubo.pdf,125,high,
1274,大字古国府426番地の3,古国府6組の3,古国府五丁目,6,11,furugoutaisyoubo.pdf,125,high,
1275,大字古国府426番地の4,古国府6組の3,古国府五丁目,6,12,furugoutaisyoubo.pdf,126,high,資料上2回出現
1276,大字古国府426番地の5,古国府6組の3,古国府五丁目,6,13,furugoutaisyoubo.pdf,126,high,
1277,大字古国府426番地の6,古国府6組の3,古国府五丁目,6,14,furugoutaisyoubo.pdf,126,high,
1278,大字古国府427番地の2,古国府6組の4C,古国府五丁目,6,15,furugoutaisyoubo.pdf,126,high,資料上10回出現
1279,大字古国府428番地の1,古国府6組の5,古国府五丁目,5,34,furugoutaisyoubo.pdf,127,high,資料上6回出現
1280,大字古国府428番地の1,古国府6組の5,古国府五丁目,5,38,furugoutaisyoubo.pdf,127,high,資料上6回出現
1281,大字古国府428番地の1,古国府6組の5,古国府五丁目,5,40,furugoutaisyoubo.pdf,128,high,資料上8回出現
1282,大字古国府430番地の5,古国府6組の5,古国府五丁目,5,42,furugoutaisyoubo.pdf,128,high,資料上6回出現
1283,大字古国府431番地の4,古国府6組の5,古国府五丁目,4,40,furugoutaisyoubo.pdf,129,high,資料上2回出現
1284,大字古国府431番地の5,古国府6組の5,古国府五丁目,4,39,furugoutaisyoubo.pdf,129,high,
1285,大字古国府431番地の6,古国府6組の5,古国府五丁目,4,38,furugoutaisyoubo.pdf,129,high,
1286,大字古国府431番地の7,古国府6組の5,古国府五丁目,4,37,furugoutaisyoubo.pdf,129,high,
1287,大字古国府431番地の11,古国府6組の5,古国府五丁目,4,36,furugoutaisyoubo.pdf,129,high,
1288,大字古国府432番地の1,古国府6組の5,古国府五丁目,4,23,furugoutaisyoubo.pdf,129,high,
1289,大字古国府432番地の3,古国府6組の5,古国府五丁目,4,24,furugoutaisyoubo.pdf,129,high,
1290,大字古国府434番地の1,古国府6組の5,古国府五丁目,4,20,furugoutaisyoubo.pdf,129,high,
1291,大字古国府434番地の2,古国府6組の5,古国府五丁目,4,21,furugoutaisyoubo.pdf,129,high,
1292,大字古国府434番地の3,古国府6組の5,古国府五丁目,4,22,furugoutaisyoubo.pdf,129,high,
1293,大字古国府436番地の2,古国府6組の2,古国府五丁目,4,8,furugoutaisyoubo.pdf,129,high,
1294,大字古国府437番地の1,古国府6組の5B,古国府五丁目,4,10-101,furugoutaisyoubo.pdf,130,high,
1295,大字古国府437番地の1,古国府6組の5B,古国府五丁目,4,10-102,furugoutaisyoubo.pdf,130,high,
1296,大字古国府437番地の1,古国府6組の5B,古国府五丁目,4,10-103,furugoutaisyoubo.pdf,130,high,
1297,大字古国府437番地の1,古国府6組の5B,古国府五丁目,4,10-201,furugoutaisyoubo.pdf,130,high,
1298,大字古国府437番地の1,古国府6組の5B,古国府五丁目,4,10-202,furugoutaisyoubo.pdf,130,high,
1299,大字古国府437番地の1,古国府6組の5B,古国府五丁目,4,10-203,furugoutaisyoubo.pdf,130,high,資料上2回出現
1300,大字古国府437番地の1,古国府6組の5B,古国府五丁目,4,10-301,furugoutaisyoubo.pdf,130,high,
1301,大字古国府437番地の1,古国府6組の5B,古国府五丁目,4,10-302,furugoutaisyoubo.pdf,130,high,
1302,大字古国府437番地の1,古国府6組の5B,古国府五丁目,4,10-303,furugoutaisyoubo.pdf,130,high,
1303,大字古国府437番地の6,古国府6組の5,古国府五丁目,4,19,furugoutaisyoubo.pdf,130,high,
1304,大字古国府437番地の7,古国府6組の5,古国府五丁目,4,17,furugoutaisyoubo.pdf,130,high,
1305,大字古国府437番地の8,古国府6組の5,古国府五丁目,4,15,furugoutaisyoubo.pdf,130,high,
1306,大字古国府437番地の9,古国府6組の5,古国府五丁目,4,14,furugoutaisyoubo.pdf,131,high,
1307,大字古国府438番地の1,古国府6組の2,古国府五丁目,4,6,furugoutaisyoubo.pdf,131,high,資料上2回出現
1308,大字古国府440番地,古国府6組の2,古国府五丁目,4,5,furugoutaisyoubo.pdf,131,high,
1309,大字古国府440番地の2,古国府6組の2,古国府五丁目,4,2,furugoutaisyoubo.pdf,131,high,
1310,大字古国府441番地,古国府6組の2,古国府五丁目,4,1,furugoutaisyoubo.pdf,131,high,
1311,大字古国府442番地,古国府6組の2,古国府五丁目,3,50,furugoutaisyoubo.pdf,131,high,資料上9回出現
1312,大字古国府442番地,古国府6組の2,古国府五丁目,3,51,furugoutaisyoubo.pdf,132,high,
1313,大字古国府443番地,古国府6組の2,古国府五丁目,3,55,furugoutaisyoubo.pdf,132,high,
1314,大字古国府443番地,古国府6組の2,古国府五丁目,3,56,furugoutaisyoubo.pdf,132,high,
1315,大字古国府443番地の1,古国府6組の2,古国府五丁目,3,54,furugoutaisyoubo.pdf,132,high,資料上2回出現
1316,大字古国府444番地,古国府6組の2,古国府五丁目,3,45,furugoutaisyoubo.pdf,132,high,
1317,大字古国府444番地,古国府6組の2,古国府五丁目,3,46,furugoutaisyoubo.pdf,132,high,
1318,大字古国府444番地の1,古国府6組の2,古国府五丁目,3,46,furugoutaisyoubo.pdf,132,high,資料上2回出現
1319,大字古国府444番地の2,古国府6組の2A,古国府五丁目,3,42,furugoutaisyoubo.pdf,132,high,
1320,大字古国府445番地,古国府6組の2,古国府五丁目,3,38,furugoutaisyoubo.pdf,132,high,
1321,大字古国府445番地の2,古国府6組の2,古国府五丁目,3,41,furugoutaisyoubo.pdf,133,high,
1322,大字古国府447番地の1,古国府6組の2,古国府五丁目,3,21,furugoutaisyoubo.pdf,133,high,資料上4回出現
1323,大字古国府447番地の1,古国府6組の2,古国府五丁目,3,22,furugoutaisyoubo.pdf,133,high,資料上4回出現
1324,大字古国府447番地の1,古国府6組の2,古国府五丁目,3,20,furugoutaisyoubo.pdf,133,high,資料上4回出現
1325,大字古国府447番地の5,古国府6組の2A,古国府五丁目,3,29,furugoutaisyoubo.pdf,134,high,
1326,大字古国府447番地の6,古国府6組の2,古国府五丁目,3,31,furugoutaisyoubo.pdf,134,high,
1327,大字古国府447番地の8,古国府6組の2,古国府五丁目,3,32,furugoutaisyoubo.pdf,134,high,資料上3回出現
1328,大字古国府447番地の8,古国府6組の2,古国府五丁目,3,33,furugoutaisyoubo.pdf,134,high,資料上2回出現
1329,大字古国府448番地の4,古国府6組の6,古国府五丁目,3,12,furugoutaisyoubo.pdf,134,high,
1330,大字古国府448番地の6,古国府6組の6,古国府五丁目,3,13,furugoutaisyoubo.pdf,134,high,
1331,大字古国府448番地の10,古国府6組の6,古国府五丁目,3,15,furugoutaisyoubo.pdf,134,high,
1332,大字古国府448番地の11,古国府6組の6,古国府五丁目,3,14,furugoutaisyoubo.pdf,134,high,
1333,大字古国府449番地の1,古国府6組の6,古国府五丁目,3,8,furugoutaisyoubo.pdf,134,high,資料上2回出現
1334,大字古国府449番地の3,古国府6組の6,古国府五丁目,3,11,furugoutaisyoubo.pdf,135,high,
1335,大字古国府450番地,古国府6組の2C,古国府五丁目,15,11,furugoutaisyoubo.pdf,135,high,
1336,大字古国府450番地,古国府6組の2C,古国府五丁目,15,12,furugoutaisyoubo.pdf,135,high,
1337,大字古国府450番地,古国府6組の2C,古国府五丁目,15,13,furugoutaisyoubo.pdf,135,high,
1338,大字古国府450番地,古国府6組の2C,古国府五丁目,15,15,furugoutaisyoubo.pdf,135,high,
1339,大字古国府450番地,古国府6組の2C,古国府五丁目,15,14,furugoutaisyoubo.pdf,135,high,
1340,大字古国府450番地,古国府6組の2C,古国府五丁目,15,18,furugoutaisyoubo.pdf,135,high,
1341,大字古国府451番地の1,古国府6組の2C,古国府五丁目,15,16,furugoutaisyoubo.pdf,135,high,
1342,大字古国府451番地の1,古国府6組の2C,古国府五丁目,15,17,furugoutaisyoubo.pdf,135,high,
1343,大字古国府452番地の1,古国府6組の2C,古国府五丁目,12,1,furugoutaisyoubo.pdf,135,high,資料上4回出現
1344,大字古国府452番地の1,古国府6組の2C,古国府五丁目,12,3,furugoutaisyoubo.pdf,136,high,資料上4回出現
1345,大字古国府452番地の3,古国府6組の2C,古国府五丁目,12,4,furugoutaisyoubo.pdf,136,high,資料上2回出現
1346,大字古国府452番地の6,古国府6組の2C,古国府五丁目,12,4,furugoutaisyoubo.pdf,136,high,
1347,大字古国府453番地の1,古国府6組の5C,古国府五丁目,12,8,furugoutaisyoubo.pdf,136,high,資料上8回出現
1348,大字古国府453番地の3,古国府6組の5C,古国府五丁目,12,9,furugoutaisyoubo.pdf,137,high,資料上5回出現
1349,大字古国府453番地の3,古国府6組の2C,古国府五丁目,12,9,furugoutaisyoubo.pdf,137,high,資料上3回出現
1350,大字古国府454番地の6,古国府6組の5,古国府五丁目,4,34,furugoutaisyoubo.pdf,137,high,資料上2回出現
1351,大字古国府454番地の7,古国府6組の5,古国府五丁目,4,33,furugoutaisyoubo.pdf,137,high,
1352,大字古国府454番地の9,古国府6組の5,古国府五丁目,4,29,furugoutaisyoubo.pdf,138,high,資料上2回出現
1353,大字古国府454番地の10,古国府6組の5,古国府五丁目,4,30,furugoutaisyoubo.pdf,138,high,
1354,大字古国府454番地の14,古国府6組の5,古国府五丁目,4,35,furugoutaisyoubo.pdf,138,high,
1355,大字古国府454番地の16,古国府6組の5,古国府五丁目,4,32,furugoutaisyoubo.pdf,138,high,
1356,大字古国府454番地の21,古国府6組の5,古国府五丁目,4,25,furugoutaisyoubo.pdf,138,high,
1357,大字古国府454番地の22,古国府6組の5,古国府五丁目,4,26,furugoutaisyoubo.pdf,138,high,
1358,大字古国府454番地の23,古国府6組の5,古国府五丁目,4,27,furugoutaisyoubo.pdf,138,high,
1359,大字古国府454番地の24,古国府6組の5,古国府五丁目,4,28,furugoutaisyoubo.pdf,138,high,資料上2回出現
1360,大字古国府455番地の2,古国府6組の4A,古国府五丁目,11,19,furugoutaisyoubo.pdf,138,high,資料上2回出現
1361,大字古国府455番地の3,古国府6組の4A,古国府五丁目,11,18,furugoutaisyoubo.pdf,138,high,
1362,大字古国府455番地の5,古国府6組の4A,古国府五丁目,11,27,furugoutaisyoubo.pdf,p141,high,
1363,大字古国府455番地の6,古国府6組の4A,古国府五丁目,11,26,furugoutaisyoubo.pdf,p141,high,
1364,大字古国府455番地の7,古国府6組の4A,古国府五丁目,11,25,furugoutaisyoubo.pdf,p141,high,
1365,大字古国府455番地の8,古国府6組の4A,古国府五丁目,11,24,furugoutaisyoubo.pdf,p141,high,
1366,大字古国府455番地の10,古国府6組の4,古国府五丁目,11,23,furugoutaisyoubo.pdf,p141,high,
1367,大字古国府455番地の12,古国府6組の4A,古国府五丁目,11,21,furugoutaisyoubo.pdf,p141,high,
1368,大字古国府455番地の13,古国府6組の4,古国府五丁目,11,20,furugoutaisyoubo.pdf,p141,high,
1369,大字古国府456番地の2,古国府6組の4,古国府五丁目,11,17,furugoutaisyoubo.pdf,p141,high,
1370,大字古国府456番地の3,古国府6組の4,古国府五丁目,11,9,furugoutaisyoubo.pdf,p141,high,資料上2回出現
1371,大字古国府456番地の4,古国府6組の4,古国府五丁目,11,8,furugoutaisyoubo.pdf,p141,high,
1372,大字古国府456番地の5,古国府6組の4,古国府五丁目,11,7,furugoutaisyoubo.pdf,p141,high,
1373,大字古国府456番地の6,古国府6組の4B,古国府五丁目,11,10,furugoutaisyoubo.pdf,p141,high,
1374,大字古国府456番地の7,古国府6組の4,古国府五丁目,11,11,furugoutaisyoubo.pdf,p142,high,
1375,大字古国府456番地の8,古国府6組の4,古国府五丁目,11,12,furugoutaisyoubo.pdf,p142,high,
1376,大字古国府456番地の9,古国府6組の4,古国府五丁目,11,15,furugoutaisyoubo.pdf,p142,high,
1377,大字古国府456番地の10,古国府6組の4,古国府五丁目,11,16,furugoutaisyoubo.pdf,p142,high,資料上3回出現
1378,大字古国府457番地の1,古国府6組の4,古国府五丁目,8,5,furugoutaisyoubo.pdf,p142,high,
1379,大字古国府457番地の2,古国府6組の4A,古国府五丁目,8,6,furugoutaisyoubo.pdf,p142,high,
1380,大字古国府457番地の3,古国府6組の4,古国府五丁目,8,7,furugoutaisyoubo.pdf,p142,high,
1381,大字古国府459番地の3,古国府6組の3,古国府五丁目,6,4,furugoutaisyoubo.pdf,p142,high,
1382,大字古国府459番地の5,古国府6組の3,古国府五丁目,6,3,furugoutaisyoubo.pdf,p142,high,
1383,大字古国府459番地の7,古国府6組の3,古国府五丁目,9,2,furugoutaisyoubo.pdf,p142,high,
1384,大字古国府459番地の9,古国府6組の3,古国府五丁目,9,3,furugoutaisyoubo.pdf,p142,high,
1385,大字古国府459番地の10,古国府6組の3,古国府五丁目,6,5,furugoutaisyoubo.pdf,p143,high,
1386,大字古国府459番地の11,古国府6組の3,古国府五丁目,6,7,furugoutaisyoubo.pdf,p143,high,
1387,大字古国府459番地の12,古国府6組の3,古国府五丁目,6,6,furugoutaisyoubo.pdf,p143,high,
1388,大字古国府459番地の13,古国府6組の3,古国府五丁目,6,8,furugoutaisyoubo.pdf,p143,high,
1389,大字古国府459番地の14,古国府6組の3,古国府五丁目,6,9,furugoutaisyoubo.pdf,p143,high,
1390,大字古国府459番地の16,古国府6組の3,古国府五丁目,7,1,furugoutaisyoubo.pdf,p143,high,
1391,大字古国府459番地の17,古国府6組の3,古国府五丁目,7,2,furugoutaisyoubo.pdf,p143,high,
1392,大字古国府459番地の18,古国府6組の3,古国府五丁目,7,3,furugoutaisyoubo.pdf,p143,high,
1393,大字古国府459番地の19,古国府6組の3,古国府五丁目,7,4,furugoutaisyoubo.pdf,p143,high,
1394,大字古国府459番地の20,古国府6組の3,古国府五丁目,7,5,furugoutaisyoubo.pdf,p143,high,資料上3回出現
1395,大字古国府459番地の21,古国府6組の3,古国府五丁目,7,6,furugoutaisyoubo.pdf,p143,high,資料上3回出現
1396,大字古国府459番地の23,古国府6組の4,古国府五丁目,7,13,furugoutaisyoubo.pdf,p144,high,
1397,大字古国府459番地の24,古国府6組の4A,古国府五丁目,7,12,furugoutaisyoubo.pdf,p144,high,
1398,大字古国府459番地の25,古国府6組の4,古国府五丁目,7,11,furugoutaisyoubo.pdf,p144,high,
1399,大字古国府459番地の26,古国府6組の4A,古国府五丁目,7,10,furugoutaisyoubo.pdf,p144,high,
1400,大字古国府459番地の27,古国府6組の4,古国府五丁目,7,9,furugoutaisyoubo.pdf,p144,high,
1401,大字古国府459番地の29,古国府6組の4A,古国府五丁目,7,8,furugoutaisyoubo.pdf,p144,high,
1402,大字古国府459番地の30,古国府6組の4,古国府五丁目,9,5,furugoutaisyoubo.pdf,p144,high,
1403,大字古国府459番地の31,古国府6組の4,古国府五丁目,9,6,furugoutaisyoubo.pdf,p144,high,資料上2回出現
1404,大字古国府459番地の32,古国府6組の4,古国府五丁目,9,11,furugoutaisyoubo.pdf,p144,high,資料上2回出現
1405,大字古国府459番地の33,古国府6組の4,古国府五丁目,9,8,furugoutaisyoubo.pdf,p145,high,
1406,大字古国府459番地の34,古国府6組の4A,古国府五丁目,9,9,furugoutaisyoubo.pdf,p145,high,
1407,大字古国府459番地の35,古国府6組の4,古国府五丁目,9,13,furugoutaisyoubo.pdf,p145,high,
1408,大字古国府459番地の36,古国府6組の4,古国府五丁目,9,12,furugoutaisyoubo.pdf,p145,high,資料上2回出現
1409,大字古国府459番地の38,,古国府五丁目,9,10,furugoutaisyoubo.pdf,p145,high,資料上通称の記載なし
1410,大字古国府459番地の38,古国府6組の4,古国府五丁目,9,10,furugoutaisyoubo.pdf,p145,high,
1411,大字古国府459番地の40,古国府6組の4A,古国府五丁目,8,3,furugoutaisyoubo.pdf,p145,high,
1412,大字古国府459番地の41,古国府6組の4,古国府五丁目,8,2,furugoutaisyoubo.pdf,p145,high,
1413,大字古国府459番地の42,古国府6組の3,古国府五丁目,8,1,furugoutaisyoubo.pdf,p145,high,
1414,大字古国府459番地の48,古国府6組の3,古国府五丁目,6,1,furugoutaisyoubo.pdf,p145,high,
1415,大字古国府459番地の49,古国府6組の3,古国府五丁目,6,2,furugoutaisyoubo.pdf,p145,high,
1416,大字古国府459番地の50,古国府6組の3,古国府五丁目,9,1,furugoutaisyoubo.pdf,p145,high,
1417,大字古国府459番地の51,古国府6組の3,古国府五丁目,9,20,furugoutaisyoubo.pdf,p146,high,
1418,大字古国府465番地の2,古国府6組の3,古国府五丁目,9,16,furugoutaisyoubo.pdf,p146,high,
1419,大字古国府465番地の5,古国府6組の3,古国府五丁目,9,18-101,furugoutaisyoubo.pdf,p146,high,
1420,大字古国府465番地の5,古国府6組の3,古国府五丁目,9,18-102,furugoutaisyoubo.pdf,p146,high,
1421,大字古国府465番地の5,古国府6組の3,古国府五丁目,9,18-201,furugoutaisyoubo.pdf,p146,high,
1422,大字古国府465番地の5,古国府6組の3,古国府五丁目,9,18-202,furugoutaisyoubo.pdf,p146,high,
1423,大字古国府465番地の5,古国府6組の3,古国府五丁目,9,18-301,furugoutaisyoubo.pdf,p146,high,
1424,大字古国府465番地の5,古国府6組の3,古国府五丁目,9,18-302,furugoutaisyoubo.pdf,p146,high,
1425,大字古国府465番地の7,古国府6組の4A,古国府五丁目,9,14,furugoutaisyoubo.pdf,p146,high,
1426,大字古国府465番地の9,古国府6組の3,古国府五丁目,9,15,furugoutaisyoubo.pdf,p146,high,
1427,大字古国府466番地,古国府6組の4,古国府五丁目,10,20,furugoutaisyoubo.pdf,p146,high,資料上2回出現
1428,大字古国府466番地の2,古国府6組の4B,古国府五丁目,10,24,furugoutaisyoubo.pdf,p146,high,資料上3回出現
1429,大字古国府466番地の4,古国府6組の4B,古国府五丁目,10,17,furugoutaisyoubo.pdf,p147,high,資料上2回出現
1430,大字古国府466番地の4,古国府6組の4B,古国府五丁目,10,16,furugoutaisyoubo.pdf,p147,high,
1431,大字古国府466番地の4,古国府6組の4B,古国府五丁目,10,15,furugoutaisyoubo.pdf,p147,high,資料上2回出現
1432,大字古国府466番地の4,古国府6組の4B,古国府五丁目,10,14,furugoutaisyoubo.pdf,p147,high,
1433,大字古国府466番地の4,古国府6組の4B,古国府五丁目,10,13,furugoutaisyoubo.pdf,p147,high,
1434,大字古国府466番地の4,古国府6組の4B,古国府五丁目,10,12,furugoutaisyoubo.pdf,p147,high,
1435,大字古国府466番地の8,古国府6組の4B,古国府五丁目,10,10,furugoutaisyoubo.pdf,p147,high,資料上4回出現
1436,大字古国府466番地の12,古国府6組の4,古国府五丁目,10,8,furugoutaisyoubo.pdf,p148,high,
1437,大字古国府469番地の3,古国府6組の4,古国府五丁目,11,1,furugoutaisyoubo.pdf,p148,high,資料上2回出現
1438,大字古国府469番地の4,古国府6組の4,古国府五丁目,11,2,furugoutaisyoubo.pdf,p148,high,
1439,大字古国府469番地の5,古国府6組の4,古国府五丁目,11,3,furugoutaisyoubo.pdf,p148,high,
1440,大字古国府469番地の6,古国府6組の4,古国府五丁目,11,6,furugoutaisyoubo.pdf,p148,high,資料上3回出現
1441,大字古国府469番地の7,古国府6組の4,古国府五丁目,11,5,furugoutaisyoubo.pdf,p148,high,
1442,大字古国府469番地の8,古国府6組の4,古国府五丁目,11,4,furugoutaisyoubo.pdf,p148,high,
1443,大字古国府475番地の1,古国府6組の4B,古国府五丁目,10,3,furugoutaisyoubo.pdf,p148,high,資料上3回出現
1444,大字古国府475番地の1,古国府6組の4B,古国府五丁目,10,1,furugoutaisyoubo.pdf,p149,high,資料上3回出現
1445,大字古国府482番地の2,古国府6組の4,古国府五丁目,10,5,furugoutaisyoubo.pdf,p149,high,資料上10回出現
1446,大字古国府482番地の2,古国府6組の4B,古国府五丁目,10,6,furugoutaisyoubo.pdf,p150,high,資料上2回出現
1447,大字古国府647-1,,古国府六丁目,5,7,furugoutaisyoubo.pdf,p150,high,資料上通称の記載なし、資料上2回出現
1448,大字古国府647番地の1,,古国府六丁目,5,8,furugoutaisyoubo.pdf,p150,high,資料上通称の記載なし
1449,大字古国府650番地の1,古国府6組の6A,古国府六丁目,5,28,furugoutaisyoubo.pdf,p150,high,資料上6回出現
1450,大字古国府650番地の1,古国府6組の6A,古国府六丁目,5,27,furugoutaisyoubo.pdf,p150,high,資料上4回出現
1451,大字古国府650番地の1,古国府6組の6A,古国府六丁目,5,25,furugoutaisyoubo.pdf,p151,high,資料上6回出現
1452,大字古国府650番地の1,古国府6組の6A,古国府六丁目,5,24,furugoutaisyoubo.pdf,p151,high,資料上4回出現
1453,大字古国府650番地の5,古国府6組の6A,古国府六丁目,5,18,furugoutaisyoubo.pdf,p152,high,
1454,大字古国府650番地の8,古国府6組の6,古国府六丁目,5,22,furugoutaisyoubo.pdf,p152,high,
1455,大字古国府650番地の9,古国府6組の6,古国府六丁目,5,21,furugoutaisyoubo.pdf,p152,high,
1456,大字古国府651番地の1,古国府6組の8,古国府五丁目,16,1-101,furugoutaisyoubo.pdf,p152,high,
1457,大字古国府651番地の1,古国府6組の8,古国府五丁目,16,1-102,furugoutaisyoubo.pdf,p152,high,
1458,大字古国府651番地の1,古国府6組の8,古国府五丁目,16,1-103,furugoutaisyoubo.pdf,p152,high,資料上2回出現
1459,大字古国府651番地の1,古国府6組の8,古国府五丁目,16,1-201,furugoutaisyoubo.pdf,p152,high,
1460,大字古国府651番地の1,古国府6組の8,古国府五丁目,16,1-202,furugoutaisyoubo.pdf,p152,high,
1461,大字古国府651番地の1,古国府6組の8,古国府五丁目,16,1-203,furugoutaisyoubo.pdf,p152,high,
1462,大字古国府651番地の1,古国府6組の8,古国府五丁目,16,1-301,furugoutaisyoubo.pdf,p152,high,
1463,大字古国府651番地の1,古国府6組の8,古国府五丁目,16,1-302,furugoutaisyoubo.pdf,p152,high,
1464,大字古国府651番地の1,古国府6組の8,古国府五丁目,16,1-303,furugoutaisyoubo.pdf,p152,high,
1465,大字古国府651番地の1,古国府6組の8,古国府五丁目,16,5,furugoutaisyoubo.pdf,p153,high,資料上2回出現
1466,大字古国府652番地,花園11組の3,古国府五丁目,16,9-101,furugoutaisyoubo.pdf,p153,high,
1467,大字古国府652番地,花園11組の3,古国府五丁目,16,9-102,furugoutaisyoubo.pdf,p153,high,
1468,大字古国府652番地,花園11組の3,古国府五丁目,16,9-103,furugoutaisyoubo.pdf,p153,high,
1469,大字古国府652番地,花園11組の3,古国府五丁目,16,9-104,furugoutaisyoubo.pdf,p153,high,
1470,大字古国府652番地,花園11組の3,古国府五丁目,16,9-201,furugoutaisyoubo.pdf,p153,high,
1471,大字古国府652番地,花園11組の3,古国府五丁目,16,9-202,furugoutaisyoubo.pdf,p153,high,
1472,大字古国府652番地,花園11組の3,古国府五丁目,16,9-203,furugoutaisyoubo.pdf,p153,high,
1473,大字古国府652番地,花園11組の3,古国府五丁目,16,9-205,furugoutaisyoubo.pdf,p153,high,
1474,大字古国府652番地,花園11組の3,古国府五丁目,16,9-301,furugoutaisyoubo.pdf,p153,high,
1475,大字古国府652番地,花園11組の3,古国府五丁目,16,9-302,furugoutaisyoubo.pdf,p153,high,
1476,大字古国府652番地,花園11組の3,古国府五丁目,16,9-303,furugoutaisyoubo.pdf,p153,high,
1477,大字古国府652番地,花園11組の3,古国府五丁目,16,9-305,furugoutaisyoubo.pdf,p154,high,
1478,大字古国府652番地,花園11組の3,古国府五丁目,16,9-401,furugoutaisyoubo.pdf,p154,high,
1479,大字古国府652番地,花園11組の3,古国府五丁目,16,9-402,furugoutaisyoubo.pdf,p154,high,
1480,大字古国府652番地,花園11組の3,古国府五丁目,16,9-403,furugoutaisyoubo.pdf,p154,high,
1481,大字古国府652番地,花園11組の3,古国府五丁目,16,9-405,furugoutaisyoubo.pdf,p154,high,
1482,大字古国府652番地,花園11組の3,古国府五丁目,16,9-501,furugoutaisyoubo.pdf,p154,high,
1483,大字古国府652番地,花園11組の3,古国府五丁目,16,9-502,furugoutaisyoubo.pdf,p154,high,
1484,大字古国府652番地,花園11組の3,古国府五丁目,16,9-503,furugoutaisyoubo.pdf,p154,high,
1485,大字古国府652番地,花園11組の3,古国府五丁目,16,9-504,furugoutaisyoubo.pdf,p154,high,
1486,大字古国府652番地の4,古国府6組の6,古国府五丁目,16,13,furugoutaisyoubo.pdf,p154,high,資料上3回出現
1487,大字古国府655番地,,古国府五丁目,13,1,furugoutaisyoubo.pdf,p155,high,資料上通称の記載なし
1488,大字古国府659番地の2,古国府6組の6,古国府五丁目,12,20,furugoutaisyoubo.pdf,p155,high,
1489,大字古国府659番地の3,古国府6組の6,古国府五丁目,12,19,furugoutaisyoubo.pdf,p155,high,
1490,大字古国府659番地の4,古国府6組の6,古国府五丁目,12,18,furugoutaisyoubo.pdf,p155,high,
1491,大字古国府659番地の5,古国府6組の6,古国府五丁目,12,17,furugoutaisyoubo.pdf,p155,high,
1492,大字古国府659番地の6,古国府6組の6,古国府五丁目,12,16,furugoutaisyoubo.pdf,p155,high,
1493,大字古国府659番地の7,古国府6組の6,古国府五丁目,12,15,furugoutaisyoubo.pdf,p155,high,
1494,大字古国府659番地の8,古国府6組の6B,古国府五丁目,12,14,furugoutaisyoubo.pdf,p155,high,資料上4回出現
1495,大字古国府659番地の9,古国府6組の6,古国府五丁目,12,22,furugoutaisyoubo.pdf,p155,high,
1496,大字古国府659番地の10,古国府6組の6,古国府五丁目,12,21,furugoutaisyoubo.pdf,p155,high,
1497,大字古国府660番地の1,古国府6組の6,古国府五丁目,12,13,furugoutaisyoubo.pdf,p156,high,
1498,大字古国府661番地の3,古国府6組の6,古国府五丁目,14,8,furugoutaisyoubo.pdf,p156,high,
1499,大字古国府661番地の4,古国府6組の6,古国府五丁目,14,1,furugoutaisyoubo.pdf,p156,high,資料上2回出現
1500,大字古国府661番地の5,古国府6組の6,古国府五丁目,14,7,furugoutaisyoubo.pdf,p156,high,
1501,大字古国府661番地の6,古国府6-6B組,古国府五丁目,14,2,furugoutaisyoubo.pdf,p156,high,
1502,大字古国府661番地の7,古国府6組の6,古国府五丁目,14,6,furugoutaisyoubo.pdf,p156,high,
1503,大字古国府661番地の8,古国府6組の6,古国府五丁目,14,3,furugoutaisyoubo.pdf,p156,high,
1504,大字古国府661番地の9,古国府6組の2,古国府五丁目,14,5,furugoutaisyoubo.pdf,p156,high,
1505,大字古国府661番地の10,古国府6組の6B,古国府五丁目,14,4,furugoutaisyoubo.pdf,p156,high,
1506,大字古国府661番地の12,古国府6組の6,古国府五丁目,15,10,furugoutaisyoubo.pdf,p156,high,資料上4回出現
1507,大字古国府661番地の13,古国府6組の6,古国府五丁目,15,9,furugoutaisyoubo.pdf,p157,high,
1508,大字古国府661番地の14,古国府6組の6,古国府五丁目,15,8,furugoutaisyoubo.pdf,p157,high,
1509,大字古国府661番地の15,古国府6組の6,古国府五丁目,15,7,furugoutaisyoubo.pdf,p157,high,
1510,大字古国府661番地の21,古国府6-6B組,古国府五丁目,16,14,furugoutaisyoubo.pdf,p157,high,資料上2回出現
1511,大字古国府665番地の1,古国府6組の6A,古国府五丁目,3,1,furugoutaisyoubo.pdf,p157,high,資料上6回出現
1512,大字古国府665番地の1,古国府6組の6A,古国府五丁目,3,5,furugoutaisyoubo.pdf,p157,high,資料上7回出現
1513,大字古国府666番地の1,古国府6組の9,古国府六丁目,5,36,furugoutaisyoubo.pdf,p158,high,資料上6回出現
1514,大字古国府666番地の1,古国府6組の9,古国府六丁目,5,37,furugoutaisyoubo.pdf,p158,high,資料上6回出現
1515,大字古国府666番地の3,古国府6組の6,古国府六丁目,5,32,furugoutaisyoubo.pdf,p159,high,
1516,大字古国府666番地の4,古国府6組の6,古国府六丁目,5,31,furugoutaisyoubo.pdf,p159,high,
1517,大字古国府666番地の5,古国府6組の9,古国府六丁目,5,34,furugoutaisyoubo.pdf,p159,high,資料上2回出現
1518,大字古国府669番地の1,古国府6組の2B,古国府六丁目,5,40,furugoutaisyoubo.pdf,p159,high,
1519,大字古国府669番地の3,古国府6組の2,古国府六丁目,5,46,furugoutaisyoubo.pdf,p159,high,資料上6回出現
1520,大字古国府669番地の3,古国府6組の2B,古国府六丁目,5,42,furugoutaisyoubo.pdf,p160,high,資料上8回出現
1521,大字古国府673番地の3,古国府6組の2,古国府六丁目,5,50,furugoutaisyoubo.pdf,p160,high,
1522,大字古国府674番地の1,古国府6組の1D,古国府六丁目,5,58-101,furugoutaisyoubo.pdf,p160,high,
1523,大字古国府674番地の1,古国府6組の1D,古国府六丁目,5,58-102,furugoutaisyoubo.pdf,p161,high,
1524,大字古国府674番地の1,古国府6組の1D,古国府六丁目,5,58-201,furugoutaisyoubo.pdf,p161,high,
1525,大字古国府674番地の1,古国府6組の1D,古国府六丁目,5,58-202,furugoutaisyoubo.pdf,p161,high,
1526,大字古国府674番地の1,古国府6組の1D,古国府六丁目,5,58-301,furugoutaisyoubo.pdf,p161,high,
1527,大字古国府674番地の1,古国府6組の1D,古国府六丁目,5,58-302,furugoutaisyoubo.pdf,p161,high,
1528,大字古国府674番地の1,古国府6組の1D,古国府六丁目,5,57-101,furugoutaisyoubo.pdf,p161,high,
1529,大字古国府674番地の1,古国府6組の1D,古国府六丁目,5,57-102,furugoutaisyoubo.pdf,p161,high,
1530,大字古国府674番地の1,古国府6組の1D,古国府六丁目,5,57-201,furugoutaisyoubo.pdf,p161,high,
1531,大字古国府674番地の1,古国府6組の1D,古国府六丁目,5,57-202,furugoutaisyoubo.pdf,p161,high,
1532,大字古国府674番地の1,古国府6組の1D,古国府六丁目,5,57-301,furugoutaisyoubo.pdf,p161,high,
1533,大字古国府674番地の1,古国府6組の1D,古国府六丁目,5,57-302,furugoutaisyoubo.pdf,p161,high,
1534,大字古国府674番地の1,古国府6組の1D,古国府六丁目,5,60,furugoutaisyoubo.pdf,p161,high,資料上6回出現
1535,大字古国府674番地の4,古国府6組の1A,古国府六丁目,5,56,furugoutaisyoubo.pdf,p162,high,
1536,大字古国府674番地の7,古国府6組の1D,古国府六丁目,5,54-101,furugoutaisyoubo.pdf,p162,high,
1537,大字古国府674番地の7,古国府6組の1D,古国府六丁目,5,54-102,furugoutaisyoubo.pdf,p162,high,
1538,大字古国府674番地の7,古国府6組の1D,古国府六丁目,5,54-201,furugoutaisyoubo.pdf,p162,high,
1539,大字古国府674番地の7,古国府6組の1D,古国府六丁目,5,54-202,furugoutaisyoubo.pdf,p162,high,
1540,大字古国府674番地の7,古国府6組の1D,古国府六丁目,5,54-301,furugoutaisyoubo.pdf,p162,high,
1541,大字古国府674番地の7,古国府6組の1D,古国府六丁目,5,54-302,furugoutaisyoubo.pdf,p162,high,
1542,大字古国府677番地の1,古国府6組の1C,古国府六丁目,5,62-101,furugoutaisyoubo.pdf,p162,high,資料上2回出現
1543,大字古国府677番地の1,古国府6組の1C,古国府六丁目,5,62-102,furugoutaisyoubo.pdf,p163,high,
1544,大字古国府677番地の1,古国府6組の1C,古国府六丁目,5,62-103,furugoutaisyoubo.pdf,p163,high,
1545,大字古国府677番地の1,古国府6組の1C,古国府六丁目,5,62-105,furugoutaisyoubo.pdf,p163,high,
1546,大字古国府677番地の1,古国府6組の1C,古国府六丁目,5,62-106,furugoutaisyoubo.pdf,p163,high,
1547,大字古国府677番地の1,古国府6組の1C,古国府六丁目,5,62-201,furugoutaisyoubo.pdf,p163,high,
1548,大字古国府677番地の1,古国府6組の1C,古国府六丁目,5,62-202,furugoutaisyoubo.pdf,p163,high,
1549,大字古国府677番地の1,古国府6組の1C,古国府六丁目,5,62-203,furugoutaisyoubo.pdf,p163,high,
1550,大字古国府677番地の1,古国府6組の1C,古国府六丁目,5,62-205,furugoutaisyoubo.pdf,p163,high,
1551,大字古国府677番地の1,古国府6組の1C,古国府六丁目,5,62-206,furugoutaisyoubo.pdf,p163,high,
1552,大字古国府677番地の1,古国府6組の1C,古国府六丁目,5,62-301,furugoutaisyoubo.pdf,p163,high,
1553,大字古国府677番地の1,古国府6組の1C,古国府六丁目,5,62-302,furugoutaisyoubo.pdf,p163,high,
1554,大字古国府677番地の1,古国府6組の1C,古国府六丁目,5,62-303,furugoutaisyoubo.pdf,p163,high,
1555,大字古国府677番地の1,古国府6組の1C,古国府六丁目,5,62-305,furugoutaisyoubo.pdf,p163,high,
1556,大字古国府677番地の1,古国府6組の1C,古国府六丁目,5,62-306,furugoutaisyoubo.pdf,p164,high,
1557,大字古国府678番地の2,,古国府六丁目,5,65,furugoutaisyoubo.pdf,p164,high,資料上通称の記載なし
1558,大字古国府678番地の9,古国府5組の3,古国府六丁目,5,69,furugoutaisyoubo.pdf,p164,high,
1559,大字古国府679-1,,古国府六丁目,5,87,furugoutaisyoubo.pdf,p164,high,資料上通称の記載なし
1560,大字古国府679番地の2,古国府5組の3,古国府六丁目,5,74,furugoutaisyoubo.pdf,p164,high,資料上2回出現
1561,大字古国府679番地の5,古国府5組の3,古国府六丁目,5,70,furugoutaisyoubo.pdf,p164,high,
1562,大字古国府679番地の6,,古国府六丁目,5,72,furugoutaisyoubo.pdf,p164,high,資料上通称の記載なし
1563,大字古国府679番地の6,古国府5組の3,古国府六丁目,5,72,furugoutaisyoubo.pdf,p164,high,
1564,大字古国府775番地の3,古国府10組の2B,古国府六丁目,2,65,furugoutaisyoubo.pdf,p164,high,資料上4回出現
1565,大字古国府781番地の3,古国府10組の2,古国府六丁目,2,47,furugoutaisyoubo.pdf,p165,high,資料上3回出現
1566,大字古国府781番地の3,,古国府六丁目,2,47,furugoutaisyoubo.pdf,p165,high,資料上通称の記載なし
1567,大字古国府800番地の2,古国府10組の2B,古国府六丁目,2,29,furugoutaisyoubo.pdf,p165,high,資料上2回出現
1568,大字古国府800番地の3,古国府10組の2,古国府六丁目,2,28,furugoutaisyoubo.pdf,p165,high,
1569,大字古国府800番地の5,古国府10組の2B,古国府六丁目,2,27,furugoutaisyoubo.pdf,p165,high,資料上2回出現
1570,大字古国府800番地の7,古国府10組の2B,古国府六丁目,2,31,furugoutaisyoubo.pdf,p165,high,
1571,大字古国府800番地の8,古国府10組の2B,古国府六丁目,2,26,furugoutaisyoubo.pdf,p165,high,
1572,大字古国府800番地の10,古国府10組の2B,古国府六丁目,2,32,furugoutaisyoubo.pdf,p165,high,資料上2回出現
1573,大字古国府800番地の11,古国府10組の2B,古国府六丁目,2,28,furugoutaisyoubo.pdf,p166,high,
1574,大字古国府801番地の3,古国府10組の2B,古国府六丁目,2,35,furugoutaisyoubo.pdf,p166,high,
1575,大字古国府801番地の3,,古国府六丁目,2,35,furugoutaisyoubo.pdf,p166,high,資料上通称の記載なし
1576,大字古国府801番地の4,古国府10組の2B,古国府六丁目,2,34,furugoutaisyoubo.pdf,p166,high,
1577,大字古国府801番地の6,古国府10組の2B,古国府六丁目,2,24,furugoutaisyoubo.pdf,p166,high,
1578,大字古国府808番地の2,古国府10組の2,古国府六丁目,2,82-107,furugoutaisyoubo.pdf,p166,high,
1579,大字古国府808番地の2,古国府10組の2,古国府六丁目,2,82-108,furugoutaisyoubo.pdf,p166,high,
1580,大字古国府808番地の2,古国府10組の2,古国府六丁目,2,82-202,furugoutaisyoubo.pdf,p166,high,
1581,大字古国府808番地の2,古国府10組の2,古国府六丁目,2,82-203,furugoutaisyoubo.pdf,p166,high,
1582,大字古国府808番地の2,古国府10組の2,古国府六丁目,2,82-205,furugoutaisyoubo.pdf,p166,high,
1583,大字古国府808番地の2,古国府10組の2,古国府六丁目,2,82-303,furugoutaisyoubo.pdf,p166,high,
1584,大字古国府808番地の2,古国府10組の2,古国府六丁目,2,82-307,furugoutaisyoubo.pdf,p166,high,
1585,大字古国府808番地の2,古国府10組の2,古国府六丁目,2,82-308,furugoutaisyoubo.pdf,p166,high,
1586,大字古国府810番地の1,,古国府六丁目,2,6,furugoutaisyoubo.pdf,p167,high,資料上通称の記載なし
1587,大字古国府812-2,,古国府六丁目,2,15,furugoutaisyoubo.pdf,p167,high,資料上通称の記載なし
1588,大字古国府820-2,大字古国府10-2,古国府六丁目,2,1,furugoutaisyoubo.pdf,p167,high,
1589,大字古国府821番地の1,古国府10組の2,古国府六丁目,2,82-101,furugoutaisyoubo.pdf,p167,high,
1590,大字古国府821番地の1,古国府10組の2,古国府六丁目,2,82-102,furugoutaisyoubo.pdf,p167,high,
1591,大字古国府821番地の1,古国府10組の2,古国府六丁目,2,82-103,furugoutaisyoubo.pdf,p167,high,
1592,大字古国府821番地の1,古国府10組の2,古国府六丁目,2,82-105,furugoutaisyoubo.pdf,p167,high,
1593,大字古国府821番地の1,古国府10組の2,古国府六丁目,2,82-106,furugoutaisyoubo.pdf,p167,high,
1594,大字古国府821番地の1,古国府10組の2,古国府六丁目,2,82-201,furugoutaisyoubo.pdf,p167,high,
1595,大字古国府821番地の1,古国府10組の2,古国府六丁目,2,82-206,furugoutaisyoubo.pdf,p167,high,
1596,大字古国府821番地の1,古国府10組の2,古国府六丁目,2,82-207,furugoutaisyoubo.pdf,p167,high,
1597,大字古国府821番地の1,古国府10組の2,古国府六丁目,2,82-208,furugoutaisyoubo.pdf,p167,high,
1598,大字古国府821番地の1,古国府10組の2,古国府六丁目,2,82-301,furugoutaisyoubo.pdf,p167,high,
1599,大字古国府821番地の1,古国府10組の2,古国府六丁目,2,82-302,furugoutaisyoubo.pdf,p168,high,
1600,大字古国府821番地の1,古国府10組の2,古国府六丁目,2,82-305,furugoutaisyoubo.pdf,p168,high,
1601,大字古国府821番地の1,古国府10組の2,古国府六丁目,2,82-306,furugoutaisyoubo.pdf,p168,high,
1602,大字古国府821番地の3,古国府10組の1,古国府六丁目,2,81,furugoutaisyoubo.pdf,p168,high,
1603,大字古国府822番地の2,古国府10組の1,古国府六丁目,2,75,furugoutaisyoubo.pdf,p168,high,
1604,大字古国府822番地の3,古国府10組,古国府六丁目,2,80,furugoutaisyoubo.pdf,p168,high,
1605,大字古国府822番地の5,古国府10組,古国府六丁目,2,76,furugoutaisyoubo.pdf,p168,high,
1606,大字古国府822番地の6,古国府10組の1,古国府六丁目,2,77,furugoutaisyoubo.pdf,p168,high,
1607,大字古国府836番地の2,古国府10組の1,古国府六丁目,2,55,furugoutaisyoubo.pdf,p168,high,
1608,大字古国府838-1,,古国府六丁目,2,54,furugoutaisyoubo.pdf,p168,high,資料上通称の記載なし
1609,大字古国府844番地,古国府4組,古国府四丁目,1,6,furugoutaisyoubo.pdf,p168,high,資料上10回出現
1610,大字古国府844番地,,古国府四丁目,1,1,furugoutaisyoubo.pdf,p169,high,資料上通称の記載なし
1611,大字古国府844番地,,古国府四丁目,1,6,furugoutaisyoubo.pdf,p169,high,資料上通称の記載なし
1612,大字古国府844,,古国府四丁目,1,6,furugoutaisyoubo.pdf,p169,high,資料上通称の記載なし
1613,大字古国府845番地の2,古国府7組の1,古国府一丁目,3,62,furugoutaisyoubo.pdf,p169,high,資料上2回出現
1614,大字古国府845番地の3,古国府7組の1,古国府一丁目,3,58,furugoutaisyoubo.pdf,p169,high,
1615,大字古国府845番地の4,古国府7組の1,古国府一丁目,3,59,furugoutaisyoubo.pdf,p170,high,資料上2回出現
1616,大字古国府845番地の5,古国府7組の1,古国府一丁目,3,60,furugoutaisyoubo.pdf,p170,high,
1617,大字古国府845番地の7,古国府7組の1,古国府一丁目,3,69,furugoutaisyoubo.pdf,p170,high,
1618,大字古国府845番地の8,古国府7組の1,古国府一丁目,3,68,furugoutaisyoubo.pdf,p170,high,
1619,大字古国府845番地の9,古国府7組の1,古国府一丁目,3,67,furugoutaisyoubo.pdf,p170,high,
1620,大字古国府847番地の2,古国府7組,古国府一丁目,3,63,furugoutaisyoubo.pdf,p170,high,
1621,大字古国府848番地の1,古国府9組のC,古国府一丁目,3,12,furugoutaisyoubo.pdf,p170,high,
1622,大字古国府848番地の4,古国府9組のC,古国府一丁目,3,13,furugoutaisyoubo.pdf,p170,high,
1623,大字古国府848番地の5,古国府9組のC,古国府一丁目,3,14,furugoutaisyoubo.pdf,p170,high,
1624,大字古国府848番地の6,古国府9組のC,古国府一丁目,3,15,furugoutaisyoubo.pdf,p170,high,
1625,大字古国府848番地の7,古国府9組のC,古国府一丁目,3,16,furugoutaisyoubo.pdf,p170,high,
1626,大字古国府848番地の8,古国府9組のC,古国府一丁目,3,17,furugoutaisyoubo.pdf,p170,high,
1627,大字古国府848番地の9,古国府9組のC,古国府一丁目,3,18,furugoutaisyoubo.pdf,p171,high,
1628,大字古国府851番15,,古国府一丁目,2,35,furugoutaisyoubo.pdf,p171,high,資料上通称の記載なし
1629,大字古国府856番地の3,,古国府一丁目,2,16,furugoutaisyoubo.pdf,p171,high,資料上通称の記載なし
1630,大字古国府858番地の2,古国府9組のA,古国府一丁目,1,5,furugoutaisyoubo.pdf,p171,high,
1631,大字古国府858番地の2,,古国府一丁目,1,5,furugoutaisyoubo.pdf,p171,high,資料上通称の記載なし
1632,大字古国府911番地の1,古国府9組のA,古国府一丁目,2,12,furugoutaisyoubo.pdf,p171,high,
1633,大字古国府911番地の1,古国府9組のA,古国府一丁目,2,13,furugoutaisyoubo.pdf,p171,high,
1634,大字古国府911番地の6,古国府東9組の5,古国府一丁目,2,6-1108,furugoutaisyoubo.pdf,p171,high,資料上2回出現
1635,大字古国府911番地の6,古国府東9組の5,古国府一丁目,2,6-203,furugoutaisyoubo.pdf,p171,high,
1636,大字古国府911番地の6,古国府東9組の5,古国府一丁目,2,6-205,furugoutaisyoubo.pdf,p171,high,
1637,大字古国府911番地の6,古国府東9組の5,古国府一丁目,2,6-303,furugoutaisyoubo.pdf,p171,high,
1638,大字古国府911番地の6,古国府東9組の5,古国府一丁目,2,6-310,furugoutaisyoubo.pdf,p171,high,
1639,大字古国府911番地の6,古国府東9組の5,古国府一丁目,2,6-407,furugoutaisyoubo.pdf,p172,high,
1640,大字古国府911番地の6,古国府東9組の5,古国府一丁目,2,6-501,furugoutaisyoubo.pdf,p172,high,
1641,大字古国府911番地の6,古国府東9組の5,古国府一丁目,2,6-601,furugoutaisyoubo.pdf,p172,high,資料上3回出現
1642,大字古国府911番地の6,古国府東9組の5,古国府一丁目,2,6-608,furugoutaisyoubo.pdf,p172,high,
1643,大字古国府911番地の6,古国府東9組の5,古国府一丁目,2,6-802,furugoutaisyoubo.pdf,p172,high,
1644,大字古国府911番地の6,古国府東9組の5,古国府一丁目,2,6-905,furugoutaisyoubo.pdf,p172,high,
1645,大字古国府911番地の6,古国府東9組の5,古国府一丁目,2,6-906,furugoutaisyoubo.pdf,p172,high,
1646,大字古国府911番地の6,,古国府一丁目,2,6-908,furugoutaisyoubo.pdf,p172,high,資料上通称の記載なし
1647,大字古国府911番地の6,古国府東9組の5,古国府一丁目,2,6-908,furugoutaisyoubo.pdf,p172,high,
1648,大字古国府911番地の6,古国府東9組の5,古国府一丁目,2,6-910,furugoutaisyoubo.pdf,p172,high,
1649,大字古国府911番地の6,古国府東9組の5,古国府一丁目,2,6-1001,furugoutaisyoubo.pdf,p172,high,
1650,大字古国府911番地の6,古国府東9組の5,古国府一丁目,2,6-1002,furugoutaisyoubo.pdf,p172,high,
1651,大字古国府911番地の6,古国府東9組の5,古国府一丁目,2,6-1003,furugoutaisyoubo.pdf,p172,high,
1652,大字古国府911番地の6,古国府東9組の5,古国府一丁目,2,6-1005,furugoutaisyoubo.pdf,p173,high,
1653,大字古国府911番地の6,古国府東9組の5,古国府一丁目,2,6-1006,furugoutaisyoubo.pdf,p173,high,
1654,大字古国府911番地の6,古国府東9組の5,古国府一丁目,2,6-1007,furugoutaisyoubo.pdf,p173,high,
1655,大字古国府911番地の6,古国府東9組の5,古国府一丁目,2,6-1008,furugoutaisyoubo.pdf,p173,high,
1656,大字古国府911番地の6,古国府東9組の5,古国府一丁目,2,6-101,furugoutaisyoubo.pdf,p173,high,
1657,大字古国府911番地の6,古国府東9組の5,古国府一丁目,2,6-1010,furugoutaisyoubo.pdf,p173,high,資料上2回出現
1658,大字古国府911番地の6,古国府東9組の5,古国府一丁目,2,6-1101,furugoutaisyoubo.pdf,p173,high,
1659,大字古国府911番地の6,古国府東9組の5,古国府一丁目,2,6-102,furugoutaisyoubo.pdf,p173,high,
1660,大字古国府911番地の6,古国府東9組の5,古国府一丁目,2,6-103,furugoutaisyoubo.pdf,p173,high,
1661,大字古国府911番地の6,古国府東9組の5,古国府一丁目,2,6-105,furugoutaisyoubo.pdf,p173,high,
1662,大字古国府911番地の6,古国府東9組の5,古国府一丁目,2,6-106,furugoutaisyoubo.pdf,p173,high,
1663,大字古国府911番地の6,古国府東9組の5,古国府一丁目,2,6-107,furugoutaisyoubo.pdf,p173,high,
1664,大字古国府911番地の6,古国府東9組の5,古国府一丁目,2,6-108,furugoutaisyoubo.pdf,p174,high,
1665,大字古国府911番地の6,古国府東9組の5,古国府一丁目,2,6-110,furugoutaisyoubo.pdf,p174,high,
1666,大字古国府911番地の6,古国府東9組の5,古国府一丁目,2,6-1102,furugoutaisyoubo.pdf,p174,high,
1667,大字古国府911番地の6,古国府東9組の5,古国府一丁目,2,6-1103,furugoutaisyoubo.pdf,p174,high,
1668,大字古国府911番地の6,古国府東9組の5,古国府一丁目,2,6-1105,furugoutaisyoubo.pdf,p174,high,
1669,大字古国府911番地の6,古国府東9組の5,古国府一丁目,2,6-1106,furugoutaisyoubo.pdf,p174,high,
1670,大字古国府911番地の6,古国府東9組の5,古国府一丁目,2,6-1107,furugoutaisyoubo.pdf,p174,high,
1671,大字古国府911番地の6,古国府東9組の5,古国府一丁目,2,6-1110,furugoutaisyoubo.pdf,p174,high,
1672,大字古国府911番地の6,古国府東9組の5,古国府一丁目,2,6-201,furugoutaisyoubo.pdf,p174,high,
1673,大字古国府911番地の6,古国府東9組の5,古国府一丁目,2,6-202,furugoutaisyoubo.pdf,p174,high,
1674,大字古国府911番地の6,古国府東9組の5,古国府一丁目,2,6-206,furugoutaisyoubo.pdf,p174,high,
1675,大字古国府911番地の6,古国府東9組の5,古国府一丁目,2,6-207,furugoutaisyoubo.pdf,p174,high,
1676,大字古国府911番地の6,古国府9組の5,古国府一丁目,2,6-208,furugoutaisyoubo.pdf,p174,high,
1677,大字古国府911番地の6,古国府東9組の5,古国府一丁目,2,6-210,furugoutaisyoubo.pdf,p175,high,
1678,大字古国府911番地の6,古国府東9組の5,古国府一丁目,2,6-301,furugoutaisyoubo.pdf,p175,high,資料上2回出現
1679,大字古国府911番地の6,古国府東9組の5,古国府一丁目,2,6-302,furugoutaisyoubo.pdf,p175,high,
1680,大字古国府911番地の6,古国府東9組の5,古国府一丁目,2,6-305,furugoutaisyoubo.pdf,p175,high,資料上2回出現
1681,大字古国府911番地の6,古国府東9組の5,古国府一丁目,2,6-306,furugoutaisyoubo.pdf,p175,high,
1682,大字古国府911番地の6,古国府東9組の5,古国府一丁目,2,6-307,furugoutaisyoubo.pdf,p175,high,
1683,大字古国府911番地の6,古国府東9組の5,古国府一丁目,2,6-308,furugoutaisyoubo.pdf,p175,high,資料上2回出現
1684,大字古国府911番地の6,古国府東9組の5,古国府一丁目,2,6-401,furugoutaisyoubo.pdf,p175,high,
1685,大字古国府911番地の6,古国府東9組の5,古国府一丁目,2,6-402,furugoutaisyoubo.pdf,p175,high,
1686,大字古国府911番地の6,古国府東9組の5,古国府一丁目,2,6-403,furugoutaisyoubo.pdf,p175,high,号室表記を正規化(6-403号室→6-403)
1687,大字古国府911番地の6,古国府東9組の5,古国府一丁目,2,6-405,furugoutaisyoubo.pdf,176,high,
1688,大字古国府911番地の6,古国府東9組の5,古国府一丁目,2,6-406,furugoutaisyoubo.pdf,176,high,資料上3回出現
1689,大字古国府911番地の6,古国府東9組の5,古国府一丁目,2,6-408,furugoutaisyoubo.pdf,176,high,
1690,大字古国府911番地の6,古国府東9組の5,古国府一丁目,2,6-410,furugoutaisyoubo.pdf,176,high,
1691,大字古国府911番地の6,古国府東9組の5,古国府一丁目,2,6-502,furugoutaisyoubo.pdf,176,high,
1692,大字古国府911番地の6,古国府東9組の5,古国府一丁目,2,6-503,furugoutaisyoubo.pdf,176,high,
1693,大字古国府911番地の6,古国府東9組の5,古国府一丁目,2,6-505,furugoutaisyoubo.pdf,176,high,
1694,大字古国府911番地の6,古国府東9組の5,古国府一丁目,2,6-506,furugoutaisyoubo.pdf,176,high,
1695,大字古国府911番地の6,古国府東9組の5,古国府一丁目,2,6-507,furugoutaisyoubo.pdf,176,high,
1696,大字古国府911番地の6,古国府東9組の5,古国府一丁目,2,6-508,furugoutaisyoubo.pdf,176,high,
1697,大字古国府911番地の6,古国府東9組の5,古国府一丁目,2,6-510,furugoutaisyoubo.pdf,176,high,
1698,大字古国府911番地の6,古国府東9組の5,古国府一丁目,2,6-602,furugoutaisyoubo.pdf,176,high,
1699,大字古国府911番地の6,古国府東9組の6,古国府一丁目,2,6-603,furugoutaisyoubo.pdf,176,high,
1700,大字古国府911番地の6,古国府東9組の5,古国府一丁目,2,6-605,furugoutaisyoubo.pdf,176,high,
1701,大字古国府911番地の6,古国府東9組の5,古国府一丁目,2,6-606,furugoutaisyoubo.pdf,176,high,
1702,大字古国府911番地の6,古国府東9組の5,古国府一丁目,2,6-607,furugoutaisyoubo.pdf,176,high,
1703,大字古国府911番地の6,古国府東9組の5,古国府一丁目,2,6-610,furugoutaisyoubo.pdf,176,high,
1704,大字古国府911番地の6,古国府東9組の5,古国府一丁目,2,6-701,furugoutaisyoubo.pdf,176,high,
1705,大字古国府911番地の6,古国府東9組の5,古国府一丁目,2,6-702,furugoutaisyoubo.pdf,176,high,
1706,大字古国府911番地の6,古国府東9組の5,古国府一丁目,2,6-703,furugoutaisyoubo.pdf,176,high,
1707,大字古国府911番地の6,古国府東9組の5,古国府一丁目,2,6-705,furugoutaisyoubo.pdf,176,high,
1708,大字古国府911番地の6,古国府東9組の5,古国府一丁目,2,6-706,furugoutaisyoubo.pdf,176,high,
1709,大字古国府911番地の6,古国府東9組の5,古国府一丁目,2,6-707,furugoutaisyoubo.pdf,177,high,資料上2回出現
1710,大字古国府911番地の6,古国府東9組の5,古国府一丁目,2,6-708,furugoutaisyoubo.pdf,177,high,
1711,大字古国府911番地の6,古国府東9組の5,古国府一丁目,2,6-710,furugoutaisyoubo.pdf,177,high,
1712,大字古国府911番地の6,古国府東9組の5,古国府一丁目,2,6-801,furugoutaisyoubo.pdf,177,high,
1713,大字古国府911番地の6,古国府東9組の5,古国府一丁目,2,6-803,furugoutaisyoubo.pdf,177,high,
1714,大字古国府911番地の6,古国府東9組の5,古国府一丁目,2,6-805,furugoutaisyoubo.pdf,177,high,
1715,大字古国府911番地の6,古国府東9組の5,古国府一丁目,2,6-806,furugoutaisyoubo.pdf,177,high,
1716,大字古国府911番地の6,古国府東9組の5,古国府一丁目,2,6-807,furugoutaisyoubo.pdf,177,high,
1717,大字古国府911番地の6,古国府東9組の5,古国府一丁目,2,6-808,furugoutaisyoubo.pdf,177,high,
1718,大字古国府911番地の6,古国府東9組の5,古国府一丁目,2,6-810,furugoutaisyoubo.pdf,177,high,
1719,大字古国府911番地の6,古国府東9組の5,古国府一丁目,2,6-901,furugoutaisyoubo.pdf,177,high,
1720,大字古国府911番地の6,古国府東9組の5,古国府一丁目,2,6-902,furugoutaisyoubo.pdf,177,high,
1721,大字古国府911番地の6,古国府東9組の5,古国府一丁目,2,6-903,furugoutaisyoubo.pdf,177,high,
1722,大字古国府911番地の6,古国府東9組の5,古国府一丁目,2,6-907,furugoutaisyoubo.pdf,177,high,
1723,大字古国府911番地の6,古国府東9組の6,古国府一丁目,2,7,furugoutaisyoubo.pdf,177,high,
1724,大字古国府911番地の6,古国府東9組の6,古国府一丁目,2,7-1001,furugoutaisyoubo.pdf,177,high,
1725,大字古国府911番地の6,古国府東9組の6,古国府一丁目,2,7-1002,furugoutaisyoubo.pdf,177,high,資料上3回出現
1726,大字古国府911番地の6,古国府9組の6,古国府一丁目,2,7-1003,furugoutaisyoubo.pdf,177,high,
1727,大字古国府911番地の6,古国府東9組の6,古国府一丁目,2,7-1005,furugoutaisyoubo.pdf,177,high,
1728,大字古国府911番地の6,古国府東9組の6,古国府一丁目,2,7-1006,furugoutaisyoubo.pdf,177,high,
1729,大字古国府911番地の6,古国府東9組の6,古国府一丁目,2,7-1007,furugoutaisyoubo.pdf,177,high,
1730,大字古国府911番地の6,古国府東9組の6,古国府一丁目,2,7-1008,furugoutaisyoubo.pdf,177,high,
1731,大字古国府911番地の6,古国府東9組の6,古国府一丁目,2,7-101,furugoutaisyoubo.pdf,177,high,
1732,大字古国府911番地の6,古国府東9組の6,古国府一丁目,2,7-1010,furugoutaisyoubo.pdf,178,high,
1733,大字古国府911番地の6,古国府東9組の6,古国府一丁目,2,7-102,furugoutaisyoubo.pdf,178,high,
1734,大字古国府911番地の6,古国府東9組の6,古国府一丁目,2,7-103,furugoutaisyoubo.pdf,178,high,
1735,大字古国府911番地の6,古国府東9組の6,古国府一丁目,2,7-105,furugoutaisyoubo.pdf,178,high,
1736,大字古国府911番地の6,古国府東9組の6,古国府一丁目,2,7-106,furugoutaisyoubo.pdf,178,high,
1737,大字古国府911番地の6,古国府東9組の6,古国府一丁目,2,7-107,furugoutaisyoubo.pdf,178,high,
1738,大字古国府911番地の6,古国府東9組の6,古国府一丁目,2,7-108,furugoutaisyoubo.pdf,178,high,
1739,大字古国府911番地の6,古国府東9組の6,古国府一丁目,2,7-110,furugoutaisyoubo.pdf,178,high,
1740,大字古国府911番地の6,古国府9組の6,古国府一丁目,2,7-1101,furugoutaisyoubo.pdf,178,high,
1741,大字古国府911番地の6,古国府東9組の6,古国府一丁目,2,7-1102,furugoutaisyoubo.pdf,178,high,
1742,大字古国府911番地の6,古国府東9組の6,古国府一丁目,2,7-1103,furugoutaisyoubo.pdf,178,high,
1743,大字古国府911番地の6,古国府東9組の6,古国府一丁目,2,7-1105,furugoutaisyoubo.pdf,178,high,
1744,大字古国府911番地の6,古国府東9組の6,古国府一丁目,2,7-1106,furugoutaisyoubo.pdf,178,high,
1745,大字古国府911番地の6,古国府東9組の6,古国府一丁目,2,7-1107,furugoutaisyoubo.pdf,179,high,
1746,大字古国府911番地の6,古国府東9組の6,古国府一丁目,2,7-1108,furugoutaisyoubo.pdf,179,high,
1747,大字古国府911番地の6,古国府東9組の6,古国府一丁目,2,7-201,furugoutaisyoubo.pdf,179,high,
1748,大字古国府911番地の6,古国府東9組の6,古国府一丁目,2,7-202,furugoutaisyoubo.pdf,179,high,
1749,大字古国府911番地の6,古国府東9組の6,古国府一丁目,2,7-203,furugoutaisyoubo.pdf,179,high,
1750,大字古国府911番地の6,古国府東9組の6,古国府一丁目,2,7-205,furugoutaisyoubo.pdf,179,high,
1751,大字古国府911番地の6,古国府東9組の6,古国府一丁目,2,7-206,furugoutaisyoubo.pdf,179,high,
1752,大字古国府911番地の6,古国府東9組の6,古国府一丁目,2,7-207,furugoutaisyoubo.pdf,179,high,
1753,大字古国府911番地の6,古国府東9組の6,古国府一丁目,2,7-208,furugoutaisyoubo.pdf,179,high,資料上2回出現
1754,大字古国府911番地の6,古国府東9組の6,古国府一丁目,2,7-210,furugoutaisyoubo.pdf,179,high,
1755,大字古国府911番地の6,古国府東9組の6,古国府一丁目,2,7-301,furugoutaisyoubo.pdf,179,high,
1756,大字古国府911番地の6,古国府東9組の6,古国府一丁目,2,7-302,furugoutaisyoubo.pdf,179,high,
1757,大字古国府911番地の6,古国府東9組の6,古国府一丁目,2,7-303,furugoutaisyoubo.pdf,180,high,
1758,大字古国府911番地の6,古国府東9組の6,古国府一丁目,2,7-305,furugoutaisyoubo.pdf,180,high,
1759,大字古国府911番地の6,古国府東9組の6,古国府一丁目,2,7-306,furugoutaisyoubo.pdf,180,high,
1760,大字古国府911番地の6,古国府東9組の6,古国府一丁目,2,7-307,furugoutaisyoubo.pdf,180,high,
1761,大字古国府911番地の6,古国府東9組の6,古国府一丁目,2,7-308,furugoutaisyoubo.pdf,180,high,
1762,大字古国府911番地の6,古国府東9組の6,古国府一丁目,2,7-310,furugoutaisyoubo.pdf,180,high,資料上2回出現
1763,大字古国府911番地の6,古国府東9組の6,古国府一丁目,2,7-401,furugoutaisyoubo.pdf,180,high,資料上2回出現
1764,大字古国府911番地の6,古国府東9組の6,古国府一丁目,2,7-402,furugoutaisyoubo.pdf,180,high,
1765,大字古国府911番地の6,古国府東9組の6,古国府一丁目,2,7-403,furugoutaisyoubo.pdf,180,high,
1766,大字古国府911番地の6,古国府東9組の6,古国府一丁目,2,7-405,furugoutaisyoubo.pdf,180,high,資料上2回出現
1767,大字古国府911番地の6,古国府東9組6,古国府一丁目,2,7-406,furugoutaisyoubo.pdf,181,high,
1768,大字古国府911番地の6,古国府東9組の6,古国府一丁目,2,7-407,furugoutaisyoubo.pdf,181,high,
1769,大字古国府911番地の6,古国府東9組の6,古国府一丁目,2,7-408,furugoutaisyoubo.pdf,181,high,
1770,大字古国府911番地の6,古国府東9組の6,古国府一丁目,2,7-410,furugoutaisyoubo.pdf,181,high,
1771,大字古国府911番地の6,古国府東9組の6,古国府一丁目,2,7-501,furugoutaisyoubo.pdf,181,high,資料上2回出現
1772,大字古国府911番地の6,古国府東9組の6,古国府一丁目,2,7-502,furugoutaisyoubo.pdf,181,high,
1773,大字古国府911番地の6,古国府東9組の6,古国府一丁目,2,7-503,furugoutaisyoubo.pdf,181,high,
1774,大字古国府911番地の6,古国府東9組の6,古国府一丁目,2,7-505,furugoutaisyoubo.pdf,181,high,
1775,大字古国府911番地の6,古国府東9組の6,古国府一丁目,2,7-506,furugoutaisyoubo.pdf,181,high,
1776,大字古国府911番地の6,古国府東9組の6,古国府一丁目,2,7-507,furugoutaisyoubo.pdf,181,high,
1777,大字古国府911番地の6,古国府東9組の6,古国府一丁目,2,7-508,furugoutaisyoubo.pdf,181,high,
1778,大字古国府911番地の6,古国府東9組の6,古国府一丁目,2,7-510,furugoutaisyoubo.pdf,181,high,
1779,大字古国府911番地の6,古国府東9組の6,古国府一丁目,2,7-601,furugoutaisyoubo.pdf,182,high,
1780,大字古国府911番地の6,古国府東9組の6,古国府一丁目,2,7-602,furugoutaisyoubo.pdf,182,high,
1781,大字古国府911番地の6,古国府東9組の6,古国府一丁目,2,7-603,furugoutaisyoubo.pdf,182,high,
1782,大字古国府911番地の6,古国府東9組の6,古国府一丁目,2,7-605,furugoutaisyoubo.pdf,182,high,
1783,大字古国府911番地の6,古国府東9組の6,古国府一丁目,2,7-606,furugoutaisyoubo.pdf,182,high,資料上2回出現
1784,大字古国府911番地の6,古国府東9組の6,古国府一丁目,2,7-607,furugoutaisyoubo.pdf,182,high,
1785,大字古国府911番地の6,古国府東9組の6,古国府一丁目,2,7-608,furugoutaisyoubo.pdf,182,high,
1786,大字古国府911番地の6,古国府東9組の6,古国府一丁目,2,7-610,furugoutaisyoubo.pdf,182,high,
1787,大字古国府911番地の6,古国府東9組の6,古国府一丁目,2,7-701,furugoutaisyoubo.pdf,182,high,
1788,大字古国府911番地の6,古国府東9組の6,古国府一丁目,2,7-702,furugoutaisyoubo.pdf,182,high,
1789,大字古国府911番地の6,古国府東9組の6,古国府一丁目,2,7-703,furugoutaisyoubo.pdf,182,high,
1790,大字古国府911番地の6,古国府東9組の6,古国府一丁目,2,7-705,furugoutaisyoubo.pdf,182,high,
1791,大字古国府911番地の6,古国府東9組の6,古国府一丁目,2,7-706,furugoutaisyoubo.pdf,183,high,
1792,大字古国府911番地の6,古国府東9組の6,古国府一丁目,2,7-707,furugoutaisyoubo.pdf,183,high,
1793,大字古国府911番地の6,古国府東9組の6,古国府一丁目,2,7-708,furugoutaisyoubo.pdf,183,high,
1794,大字古国府911番地の6,古国府東9組の6,古国府一丁目,2,7-710,furugoutaisyoubo.pdf,183,high,
1795,大字古国府911番地の6,古国府東9組の6,古国府一丁目,2,7-801,furugoutaisyoubo.pdf,183,high,
1796,大字古国府911番地の6,古国府東9組の6,古国府一丁目,2,7-802,furugoutaisyoubo.pdf,183,high,
1797,大字古国府911番地の6,古国府東9組の6,古国府一丁目,2,7-803,furugoutaisyoubo.pdf,183,high,
1798,大字古国府911番地の6,古国府東9組の6,古国府一丁目,2,7-805,furugoutaisyoubo.pdf,183,high,
1799,大字古国府911番地の6,古国府東9組の6,古国府一丁目,2,7-806,furugoutaisyoubo.pdf,183,high,
1800,大字古国府911番地の6,古国府東9組の6,古国府一丁目,2,7-807,furugoutaisyoubo.pdf,183,high,
1801,大字古国府911番地の6,古国府東9組の6,古国府一丁目,2,7-808,furugoutaisyoubo.pdf,183,high,
1802,大字古国府911番地の6,古国府東9組の6,古国府一丁目,2,7-810,furugoutaisyoubo.pdf,183,high,資料上2回出現
1803,大字古国府911番地の6,古国府東9組の6,古国府一丁目,2,7-901,furugoutaisyoubo.pdf,184,high,
1804,大字古国府911番地の6,古国府東9組の6,古国府一丁目,2,7-902,furugoutaisyoubo.pdf,184,high,
1805,大字古国府911番地の6,古国府東9組の6,古国府一丁目,2,7-903,furugoutaisyoubo.pdf,184,high,
1806,大字古国府911番地の6,古国府東9組の6,古国府一丁目,2,7-905,furugoutaisyoubo.pdf,184,high,
1807,大字古国府911番地の6,古国府東9組の6,古国府一丁目,2,7-906,furugoutaisyoubo.pdf,184,high,
1808,大字古国府911番地の6,古国府東9組の6,古国府一丁目,2,7-907,furugoutaisyoubo.pdf,184,high,
1809,大字古国府911番地の6,古国府東9組の5,古国府一丁目,2,7-908,furugoutaisyoubo.pdf,184,high,
1810,大字古国府911番地の6,古国府東9組の6,古国府一丁目,2,7-908,furugoutaisyoubo.pdf,184,high,
1811,大字古国府911番地の6,古国府東9組の6,古国府一丁目,2,7-910,furugoutaisyoubo.pdf,184,high,
1812,大字古国府918番地の1,古国府7組の8,古国府一丁目,3,71-101,furugoutaisyoubo.pdf,184,high,
1813,大字古国府918番地の1,古国府7組の8,古国府一丁目,3,71-102,furugoutaisyoubo.pdf,184,high,
1814,大字古国府918番地の1,古国府7組の8,古国府一丁目,3,71-103,furugoutaisyoubo.pdf,184,high,
1815,大字古国府918番地の1,古国府7組の8,古国府一丁目,3,71-105,furugoutaisyoubo.pdf,184,high,
1816,大字古国府918番地の1,古国府7組の8,古国府一丁目,3,71-106,furugoutaisyoubo.pdf,185,high,
1817,大字古国府918番地の1,古国府7組の8,古国府一丁目,3,71-107,furugoutaisyoubo.pdf,185,high,
1818,大字古国府918番地の1,古国府7組の8,古国府一丁目,3,71-201,furugoutaisyoubo.pdf,185,high,資料上2回出現
1819,大字古国府918番地の1,古国府7組の8,古国府一丁目,3,71-202,furugoutaisyoubo.pdf,185,high,
1820,大字古国府918番地の1,古国府7組の8,古国府一丁目,3,71-203,furugoutaisyoubo.pdf,185,high,
1821,大字古国府918番地の1,古国府7組の8,古国府一丁目,3,71-205,furugoutaisyoubo.pdf,185,high,
1822,大字古国府918番地の1,古国府7組の8,古国府一丁目,3,71-206,furugoutaisyoubo.pdf,185,high,
1823,大字古国府918番地の1,古国府7組の8,古国府一丁目,3,71-207,furugoutaisyoubo.pdf,185,high,
1824,大字古国府918番地の1,古国府7組の8,古国府一丁目,3,71-301,furugoutaisyoubo.pdf,185,high,
1825,大字古国府918番地の1,古国府7組の8,古国府一丁目,3,71-302,furugoutaisyoubo.pdf,185,high,
1826,大字古国府918番地の1,古国府7組の8,古国府一丁目,3,71-303,furugoutaisyoubo.pdf,185,high,
1827,大字古国府918番地の1,古国府7組の8,古国府一丁目,3,71-305,furugoutaisyoubo.pdf,185,high,
1828,大字古国府918番地の1,古国府7組の8,古国府一丁目,3,71-306,furugoutaisyoubo.pdf,186,high,
1829,大字古国府918番地の1,古国府7組の8,古国府一丁目,3,71-307,furugoutaisyoubo.pdf,186,high,
1830,大字古国府923番地,古国府7組の9,古国府一丁目,3,73,furugoutaisyoubo.pdf,186,high,資料上4回出現
1831,大字古国府923番地,,古国府一丁目,3,73,furugoutaisyoubo.pdf,186,high,資料上通称の記載なし、資料上3回出現
1832,大字古国府927番地の7,古国府7組の1,古国府一丁目,3,77,furugoutaisyoubo.pdf,186,high,
1833,大字古国府952番地の1,古国府東9組の3,古国府一丁目,2,5-101,furugoutaisyoubo.pdf,186,high,
1834,大字古国府952番地の1,古国府東9組の3,古国府一丁目,2,5-102,furugoutaisyoubo.pdf,186,high,
1835,大字古国府952番地の1,古国府東9組の3,古国府一丁目,2,5-103,furugoutaisyoubo.pdf,186,high,
1836,大字古国府952番地の1,古国府東9組の3,古国府一丁目,2,5-105,furugoutaisyoubo.pdf,187,high,
1837,大字古国府952番地の1,古国府東9組の3,古国府一丁目,2,5-106,furugoutaisyoubo.pdf,187,high,
1838,大字古国府952番地の1,古国府東9組の3,古国府一丁目,2,5-107,furugoutaisyoubo.pdf,187,high,
1839,大字古国府952番地の1,古国府9組の3,古国府一丁目,2,5-108,furugoutaisyoubo.pdf,187,high,
1840,大字古国府952番地の1,古国府東9組の3,古国府一丁目,2,5-110,furugoutaisyoubo.pdf,187,high,
1841,大字古国府952番地の1,古国府東9組の3,古国府一丁目,2,5-201,furugoutaisyoubo.pdf,187,high,資料上2回出現
1842,大字古国府952番地の1,古国府東9組の3,古国府一丁目,2,5-202,furugoutaisyoubo.pdf,187,high,
1843,大字古国府952番地の1,古国府東9組の3,古国府一丁目,2,5-203,furugoutaisyoubo.pdf,187,high,
1844,大字古国府952番地の1,古国府東9組の3,古国府一丁目,2,5-205,furugoutaisyoubo.pdf,187,high,
1845,大字古国府952番地の1,古国府東9組の3,古国府一丁目,2,5-206,furugoutaisyoubo.pdf,187,high,
1846,大字古国府952番地の1,古国府東9組の3,古国府一丁目,2,5-207,furugoutaisyoubo.pdf,187,high,
1847,大字古国府952番地の1,古国府東9組の3,古国府一丁目,2,5-208,furugoutaisyoubo.pdf,187,high,資料上2回出現
1848,大字古国府952番地の1,古国府東9組の3,古国府一丁目,2,5-210,furugoutaisyoubo.pdf,188,high,
1849,大字古国府952番地の1,古国府東9組の3,古国府一丁目,2,5-301,furugoutaisyoubo.pdf,188,high,
1850,大字古国府952番地の1,古国府東9組の3,古国府一丁目,2,5-302,furugoutaisyoubo.pdf,188,high,
1851,大字古国府952番地の1,古国府東9組の3,古国府一丁目,2,5-303,furugoutaisyoubo.pdf,188,high,
1852,大字古国府952番地の1,古国府東9組の5,古国府一丁目,2,5-305,furugoutaisyoubo.pdf,188,high,
1853,大字古国府952番地の1,古国府東9組の3,古国府一丁目,2,5-306,furugoutaisyoubo.pdf,188,high,
1854,大字古国府952番地の1,古国府東9組の3,古国府一丁目,2,5-307,furugoutaisyoubo.pdf,188,high,資料上2回出現
1855,大字古国府952番地の1,古国府東9組の3,古国府一丁目,2,5-308,furugoutaisyoubo.pdf,188,high,
1856,大字古国府952番地の1,古国府東9組の3,古国府一丁目,2,5-310,furugoutaisyoubo.pdf,188,high,
1857,大字古国府952番地の1,古国府東9組の3,古国府一丁目,2,5-401,furugoutaisyoubo.pdf,188,high,
1858,大字古国府952番地の1,古国府東9組の3,古国府一丁目,2,5-402,furugoutaisyoubo.pdf,188,high,
1859,大字古国府952番地の1,古国府東9組の3,古国府一丁目,2,5-403,furugoutaisyoubo.pdf,189,high,
1860,大字古国府952番地の1,古国府東9組の3,古国府一丁目,2,5-405,furugoutaisyoubo.pdf,189,high,
1861,大字古国府952番地の1,古国府東9組の3,古国府一丁目,2,5-406,furugoutaisyoubo.pdf,189,high,
1862,大字古国府952番地の1,古国府東9組の3,古国府一丁目,2,5-407,furugoutaisyoubo.pdf,189,high,
1863,大字古国府952番地の1,古国府東9組の3,古国府一丁目,2,5-408,furugoutaisyoubo.pdf,189,high,資料上2回出現
1864,大字古国府952番地の1,古国府東9組の3,古国府一丁目,2,5-410,furugoutaisyoubo.pdf,189,high,
1865,大字古国府952番地の1,古国府東9組の3,古国府一丁目,2,5-501,furugoutaisyoubo.pdf,189,high,資料上2回出現
1866,大字古国府952番地の1,古国府東9組の3,古国府一丁目,2,5-502,furugoutaisyoubo.pdf,189,high,
1867,大字古国府952番地の1,古国府東9組の3,古国府一丁目,2,5-503,furugoutaisyoubo.pdf,189,high,
1868,大字古国府952番地の1,古国府東9組の3,古国府一丁目,2,5-505,furugoutaisyoubo.pdf,189,high,
1869,大字古国府952番地の1,古国府東9組の3,古国府一丁目,2,5-506,furugoutaisyoubo.pdf,189,high,
1870,大字古国府952番地の1,古国府東9組の3,古国府一丁目,2,5-507,furugoutaisyoubo.pdf,190,high,資料上2回出現
1871,大字古国府952番地の1,古国府東9組の3,古国府一丁目,2,5-508,furugoutaisyoubo.pdf,190,high,
1872,大字古国府952番地の1,古国府東9組の3,古国府一丁目,2,5-510,furugoutaisyoubo.pdf,190,high,
1873,大字古国府952番地の1,古国府東9組の3,古国府一丁目,2,5-601,furugoutaisyoubo.pdf,190,high,
1874,大字古国府952番地の1,古国府東9組の3,古国府一丁目,2,5-602,furugoutaisyoubo.pdf,190,high,
1875,大字古国府952番地の1,古国府東9組の3,古国府一丁目,2,5-603,furugoutaisyoubo.pdf,190,high,
1876,大字古国府952番地の1,古国府東9組の3,古国府一丁目,2,5-605,furugoutaisyoubo.pdf,190,high,
1877,大字古国府952番地の1,古国府東9組の3,古国府一丁目,2,5-606,furugoutaisyoubo.pdf,190,high,
1878,大字古国府952番地の1,古国府東9組の3,古国府一丁目,2,5-607,furugoutaisyoubo.pdf,190,high,
1879,大字古国府952番地の1,古国府9組の3,古国府一丁目,2,5-608,furugoutaisyoubo.pdf,190,high,
1880,大字古国府952番地の1,古国府東9組の3,古国府一丁目,2,5-610,furugoutaisyoubo.pdf,190,high,
1881,大字古国府952番地の1,古国府東9組の3,古国府一丁目,2,5-701,furugoutaisyoubo.pdf,190,high,資料上2回出現
1882,大字古国府952番地の1,古国府東9組の3,古国府一丁目,2,5-702,furugoutaisyoubo.pdf,191,high,
1883,大字古国府952番地の1,古国府東9組の3,古国府一丁目,2,5-703,furugoutaisyoubo.pdf,191,high,
1884,大字古国府952番地の1,古国府東9組の3,古国府一丁目,2,5-705,furugoutaisyoubo.pdf,191,high,
1885,大字古国府952番地の1,古国府東9組の3,古国府一丁目,2,5-706,furugoutaisyoubo.pdf,191,high,
1886,大字古国府952番地の1,古国府東9組の3,古国府一丁目,2,5-707,furugoutaisyoubo.pdf,191,high,
1887,大字古国府952番地の1,古国府東9組の3,古国府一丁目,2,5-708,furugoutaisyoubo.pdf,191,high,
1888,大字古国府952番地の1,,古国府一丁目,2,5-710,furugoutaisyoubo.pdf,191,high,資料上通称の記載なし
1889,大字古国府952番地の1,古国府東9組の3,古国府一丁目,2,5-710,furugoutaisyoubo.pdf,191,high,
1890,大字古国府973番地の2,古国府東9組の2,古国府一丁目,2,2-101,furugoutaisyoubo.pdf,191,high,
1891,大字古国府973番地の2,古国府東9組の2,古国府一丁目,2,2-102,furugoutaisyoubo.pdf,191,high,
1892,大字古国府973番地の2,古国府東9組の2,古国府一丁目,2,2-103,furugoutaisyoubo.pdf,191,high,
1893,大字古国府973番地の2,古国府東9組の2,古国府一丁目,2,2-105,furugoutaisyoubo.pdf,191,high,
1894,大字古国府973番地の2,古国府東9組の2,古国府一丁目,2,2-106,furugoutaisyoubo.pdf,192,high,
1895,大字古国府973番地の2,古国府東9組の2,古国府一丁目,2,2-107,furugoutaisyoubo.pdf,192,high,
1896,大字古国府973番地の2,古国府東9組の2,古国府一丁目,2,2-108,furugoutaisyoubo.pdf,192,high,
1897,大字古国府973番地の2,古国府東9組の2,古国府一丁目,2,2-405,furugoutaisyoubo.pdf,192,high,
1898,大字古国府973番地の2,古国府東9組の2,古国府一丁目,2,2-201,furugoutaisyoubo.pdf,192,high,
1899,大字古国府973番地の2,古国府東9組の2,古国府一丁目,2,2-202,furugoutaisyoubo.pdf,192,high,資料上2回出現
1900,大字古国府973番地の2,古国府東9組の2,古国府一丁目,2,2-203,furugoutaisyoubo.pdf,192,high,
1901,大字古国府973番地の2,古国府東9組の2,古国府一丁目,2,2-205,furugoutaisyoubo.pdf,192,high,
1902,大字古国府973番地の2,古国府東9組の2,古国府一丁目,2,2-206,furugoutaisyoubo.pdf,192,high,
1903,大字古国府973番地の2,古国府東9組の2,古国府一丁目,2,2-207,furugoutaisyoubo.pdf,192,high,
1904,大字古国府973番地の2,古国府東9組の2,古国府一丁目,2,2-208,furugoutaisyoubo.pdf,192,high,
1905,大字古国府973番地の2,古国府東9組の2,古国府一丁目,2,2-301,furugoutaisyoubo.pdf,192,high,
1906,大字古国府973番地の2,古国府東9組の2,古国府一丁目,2,2-302,furugoutaisyoubo.pdf,193,high,
1907,大字古国府973番地の2,古国府東9組の2,古国府一丁目,2,2-303,furugoutaisyoubo.pdf,193,high,
1908,大字古国府973番地の2,古国府東9組の2,古国府一丁目,2,2-305,furugoutaisyoubo.pdf,193,high,
1909,大字古国府973番地の2,古国府東9組の2,古国府一丁目,2,2-306,furugoutaisyoubo.pdf,193,high,
1910,大字古国府973番地の2,古国府東9組の2,古国府一丁目,2,2-307,furugoutaisyoubo.pdf,193,high,資料上2回出現
1911,大字古国府973番地の2,古国府東9組の2,古国府一丁目,2,2-308,furugoutaisyoubo.pdf,193,high,
1912,大字古国府973番地の2,古国府東9組の2,古国府一丁目,2,2-401,furugoutaisyoubo.pdf,193,high,
1913,大字古国府973番地の2,古国府東9組の2,古国府一丁目,2,2-402,furugoutaisyoubo.pdf,193,high,
1914,大字古国府973番地の2,古国府東9組の2,古国府一丁目,2,2-403,furugoutaisyoubo.pdf,193,high,
1915,大字古国府973番地の2,古国府東9組の2,古国府一丁目,2,2-406,furugoutaisyoubo.pdf,193,high,
1916,大字古国府973番地の2,古国府東9組の2,古国府一丁目,2,2-407,furugoutaisyoubo.pdf,193,high,
1917,大字古国府973番地の2,古国府東9組の2,古国府一丁目,2,2-408,furugoutaisyoubo.pdf,193,high,
1918,大字古国府1003番地の2,,古国府一丁目,4,5,furugoutaisyoubo.pdf,194,high,資料上通称の記載なし、資料上5回出現
1919,大字古国府1015番地の1,古国府10組,古国府六丁目,1,1-201,furugoutaisyoubo.pdf,194,high,
1920,大字古国府1015番地の1,古国府10組,古国府六丁目,1,1-202,furugoutaisyoubo.pdf,194,high,
1921,大字古国府1015番地の1,古国府10組,古国府六丁目,1,1-203,furugoutaisyoubo.pdf,194,high,
1922,大字古国府1015番地の1,古国府10組,古国府六丁目,1,1-205,furugoutaisyoubo.pdf,194,high,
1923,大字古国府1015番地の1,古国府10組,古国府六丁目,1,1-206,furugoutaisyoubo.pdf,194,high,
1924,大字古国府1015番地の1,古国府10組,古国府六丁目,1,1-301,furugoutaisyoubo.pdf,194,high,
1925,大字古国府1015番地の1,古国府10組,古国府六丁目,1,1-302,furugoutaisyoubo.pdf,194,high,
1926,大字古国府1015番地の1,古国府10組,古国府六丁目,1,1-303,furugoutaisyoubo.pdf,194,high,
1927,大字古国府1015番地の1,古国府10組,古国府六丁目,1,1-305,furugoutaisyoubo.pdf,195,high,
1928,大字古国府1015番地の1,古国府10組,古国府六丁目,1,1-306,furugoutaisyoubo.pdf,195,high,
1929,大字古国府1015番地の1,古国府10組,古国府六丁目,1,1-401,furugoutaisyoubo.pdf,195,high,
1930,大字古国府1015番地の1,古国府10組,古国府六丁目,1,1-402,furugoutaisyoubo.pdf,195,high,
1931,大字古国府1015番地の1,古国府10組,古国府六丁目,1,1-403,furugoutaisyoubo.pdf,195,high,
1932,大字古国府1015番地の1,古国府10組,古国府六丁目,1,1-405,furugoutaisyoubo.pdf,195,high,
1933,大字古国府1015番地の1,古国府10組,古国府六丁目,1,1-406,furugoutaisyoubo.pdf,195,high,資料上2回出現
1934,大字古国府1017番地の4,古国府10組の1,古国府六丁目,1,15,furugoutaisyoubo.pdf,195,high,
1935,大字古国府1017番地の4,古国府10組の1,古国府六丁目,1,16,furugoutaisyoubo.pdf,195,high,資料上2回出現
1936,大字古国府1174番地の1,,古国府六丁目,3,25,furugoutaisyoubo.pdf,195,high,資料上通称の記載なし
1937,大字古国府1174-1,,古国府六丁目,3,27,furugoutaisyoubo.pdf,195,high,資料上通称の記載なし、資料上2回出現
1938,大字古国府1180番地1,,古国府六丁目,3,17,furugoutaisyoubo.pdf,196,high,資料上通称の記載なし
1939,大字古国府1186番地の3,,古国府六丁目,3,13,furugoutaisyoubo.pdf,196,high,資料上通称の記載なし
1940,大字古国府1190番地,,古国府六丁目,3,15,furugoutaisyoubo.pdf,196,high,資料上通称の記載なし
1941,大字古国府1197番地,古国府10組の4,古国府六丁目,3,21-101,furugoutaisyoubo.pdf,196,high,
1942,大字古国府1197番地,古国府10組の4,古国府六丁目,3,21-102,furugoutaisyoubo.pdf,196,high,
1943,大字古国府1197番地,古国府10組の4,古国府六丁目,3,21-103,furugoutaisyoubo.pdf,196,high,
1944,大字古国府1197番地,古国府10組の4,古国府六丁目,3,21-104,furugoutaisyoubo.pdf,196,high,
1945,大字古国府1197番地,古国府10組の4,古国府六丁目,3,21-201,furugoutaisyoubo.pdf,196,high,
1946,大字古国府1197番地,古国府10組の4,古国府六丁目,3,21-202,furugoutaisyoubo.pdf,196,high,
1947,大字古国府1197番地,古国府10組の4,古国府六丁目,3,21-203,furugoutaisyoubo.pdf,196,high,
1948,大字古国府1197番地,古国府10組の4,古国府六丁目,3,21-204,furugoutaisyoubo.pdf,196,high,
1949,大字古国府1197番地,古国府10組の4,古国府六丁目,3,21-301,furugoutaisyoubo.pdf,196,high,
1950,大字古国府1197番地,古国府10組の4,古国府六丁目,3,21-302,furugoutaisyoubo.pdf,197,high,
1951,大字古国府1197番地,古国府10組の4,古国府六丁目,3,21-303,furugoutaisyoubo.pdf,197,high,
1952,大字古国府1197番地,古国府10組の4,古国府六丁目,3,21-304,furugoutaisyoubo.pdf,197,high,
1953,大字古国府1197番地,古国府10組の4,古国府六丁目,3,21-401,furugoutaisyoubo.pdf,197,high,
1954,大字古国府1197番地,古国府10組の4,古国府六丁目,3,21-402,furugoutaisyoubo.pdf,197,high,
1955,大字古国府1197番地,古国府10組の4,古国府六丁目,3,21-403,furugoutaisyoubo.pdf,197,high,
1956,大字古国府1197番地,古国府10組の4,古国府六丁目,3,21-404,furugoutaisyoubo.pdf,197,high,
1957,大字古国府1197番地,古国府10組の4,古国府六丁目,3,21-501,furugoutaisyoubo.pdf,197,high,
1958,大字古国府1197番地,古国府10組の4,古国府六丁目,3,21-502,furugoutaisyoubo.pdf,197,high,
1959,大字古国府1197番地,古国府10組の4,古国府六丁目,3,21-503,furugoutaisyoubo.pdf,197,high,
1960,大字古国府1197番地,古国府10組の4,古国府六丁目,3,21-504,furugoutaisyoubo.pdf,197,high,
1961,大字古国府1203番地の1,,古国府六丁目,3,5,furugoutaisyoubo.pdf,197,high,資料上通称の記載なし、資料上2回出現
1962,大字古国府1203番地の1,古国府10組の2B,古国府六丁目,3,5,furugoutaisyoubo.pdf,198,high,
1963,大字古国府1205-2,,古国府六丁目,3,3,furugoutaisyoubo.pdf,198,high,資料上通称の記載なし
1964,大字古国府1220番地,,古国府六丁目,4,1,furugoutaisyoubo.pdf,198,high,資料上通称の記載なし、資料上13回出現
1965,大字古国府1254,,古国府六丁目,3,35,furugoutaisyoubo.pdf,198,high,資料上通称の記載なし
1966,大字古国府1256番地の4,,古国府六丁目,3,31,furugoutaisyoubo.pdf,198,high,資料上通称の記載なし、資料上2回出現
1967,大字古国府149の7番地,古国府7組の2,古国府三丁目,2,15,furugoutaisyoubo.pdf,198,high,
1968,大字古国府158番地の3の1,古国府3組の2A,古国府三丁目,9,25,furugoutaisyoubo.pdf,198,high,資料上3回出現
1969,大字古国府158-3-1,,古国府三丁目,9,25,furugoutaisyoubo.pdf,198,high,資料上通称の記載なし
1970,大字古国府158番地の3の2,古国府3組の2A,古国府三丁目,9,31,furugoutaisyoubo.pdf,198,high,
1971,大字古国府286の1番地,古国府1組の2,古国府四丁目,4,8,furugoutaisyoubo.pdf,198,high,
1972,大字古国府290番地の3の2,古国府1組の2,古国府三丁目,11,3,furugoutaisyoubo.pdf,199,high,
1973,大字古国府851番4号,,古国府一丁目,2,35,furugoutaisyoubo.pdf,199,high,資料上通称の記載なし
1974,大字古国府201-1-2F,,古国府三丁目,12,6,furugoutaisyoubo.pdf,199,high,資料上通称の記載なし
1975,大字古国府399番地の6・399番地の7合併番地,古国府6組の1,古国府五丁目,2,21,furugoutaisyoubo.pdf,199,high,旧住所欄に合筆注記あり(399番地の7合併番地)を旧住所欄に統合
1976,大字古国府熊田414番地の1,,古国府四丁目,10,30,furugoutaisyoubo.pdf,199,high,資料上通称の記載なし
1977,大字古国府字下新田973番地2,,古国府一丁目,2,1,furugoutaisyoubo.pdf,199,high,資料上通称の記載なし
1978,大字古国府宇刈田409番1,,古国府五丁目,1,26,furugoutaisyoubo.pdf,199,high,資料上通称の記載なし
1979,大字古国府字熊田413の6,古国府6組の5,古国府五丁目,1,32,furugoutaisyoubo.pdf,199,high,
1980,大字古国府字熊田413番の6,古国府6組の5,古国府五丁目,1,33,furugoutaisyoubo.pdf,199,high,
1981,大字古国府字甲尺面694-6,,古国府六丁目,5,1,furugoutaisyoubo.pdf,199,high,資料上通称の記載なし
1982,大字古国府字上新田1172番地1,,古国府六丁目,3,29,furugoutaisyoubo.pdf,199,high,資料上通称の記載なし
1983,大字古国府字上新田1179の1,,古国府六丁目,3,20,furugoutaisyoubo.pdf,199,high,資料上通称の記載なし
1984,大字古国府字田中380番4,,古国府五丁目,1,1,furugoutaisyoubo.pdf,199,high,資料上通称の記載なし
1985,大字古国府字田中383番地の2,,古国府四丁目,10,10,furugoutaisyoubo.pdf,200,high,資料上通称の記載なし
1986,,,古国府一丁目,2,14,furugoutaisyoubo.pdf,200,low,旧住所欄が欠落・空白、資料上通称の記載なし
1987,,,古国府一丁目,2,21,furugoutaisyoubo.pdf,200,low,旧住所欄が欠落・空白、資料上通称の記載なし
1988,,,古国府一丁目,2,25,furugoutaisyoubo.pdf,200,low,旧住所欄が欠落・空白、資料上通称の記載なし
1989,,,古国府一丁目,2,40,furugoutaisyoubo.pdf,200,low,旧住所欄が欠落・空白、資料上通称の記載なし
1990,,,古国府一丁目,3,61,furugoutaisyoubo.pdf,200,low,旧住所欄が欠落・空白、資料上通称の記載なし
1991,,,古国府二丁目,1,31,furugoutaisyoubo.pdf,200,low,旧住所欄が欠落・空白、資料上通称の記載なし
1992,,,古国府二丁目,1,46,furugoutaisyoubo.pdf,200,low,旧住所欄が欠落・空白、資料上通称の記載なし
1993,,,古国府二丁目,1,48,furugoutaisyoubo.pdf,200,low,旧住所欄が欠落・空白、資料上通称の記載なし
1994,,,古国府二丁目,1,52,furugoutaisyoubo.pdf,200,low,旧住所欄が欠落・空白、資料上通称の記載なし
1995,,,古国府二丁目,2,52,furugoutaisyoubo.pdf,200,low,旧住所欄が欠落・空白、資料上通称の記載なし
1996,,,古国府二丁目,2,75,furugoutaisyoubo.pdf,200,low,旧住所欄が欠落・空白、資料上通称の記載なし
1997,,,古国府二丁目,2,76,furugoutaisyoubo.pdf,200,low,旧住所欄が欠落・空白、資料上通称の記載なし
1998,,,古国府三丁目,1,8,furugoutaisyoubo.pdf,201,low,旧住所欄が欠落・空白、資料上通称の記載なし
1999,,,古国府三丁目,1,17,furugoutaisyoubo.pdf,201,low,旧住所欄が欠落・空白、資料上通称の記載なし
2000,,,古国府三丁目,2,4,furugoutaisyoubo.pdf,201,low,旧住所欄が欠落・空白、資料上通称の記載なし
2001,,,古国府三丁目,2,5,furugoutaisyoubo.pdf,201,low,旧住所欄が欠落・空白、資料上通称の記載なし
2002,,,古国府三丁目,2,9,furugoutaisyoubo.pdf,201,low,旧住所欄が欠落・空白、資料上通称の記載なし
2003,,,古国府三丁目,4,5,furugoutaisyoubo.pdf,201,low,旧住所欄が欠落・空白、資料上通称の記載なし
2004,,,古国府三丁目,4,13,furugoutaisyoubo.pdf,201,low,旧住所欄が欠落・空白、資料上通称の記載なし
2005,,,古国府三丁目,7,18,furugoutaisyoubo.pdf,201,low,旧住所欄が欠落・空白、資料上通称の記載なし
2006,,,古国府三丁目,7,22,furugoutaisyoubo.pdf,201,low,旧住所欄が欠落・空白、資料上通称の記載なし
2007,,,古国府三丁目,8,43,furugoutaisyoubo.pdf,201,low,旧住所欄が欠落・空白、資料上通称の記載なし
2008,,,古国府三丁目,8,48,furugoutaisyoubo.pdf,201,low,旧住所欄が欠落・空白、資料上通称の記載なし
2009,,,古国府三丁目,9,88,furugoutaisyoubo.pdf,201,low,旧住所欄が欠落・空白、資料上通称の記載なし
2010,,,古国府三丁目,9,89,furugoutaisyoubo.pdf,201,low,旧住所欄が欠落・空白、資料上通称の記載なし
2011,,,古国府三丁目,10,7,furugoutaisyoubo.pdf,202,low,旧住所欄が欠落・空白、資料上通称の記載なし
2012,,,古国府三丁目,10,17,furugoutaisyoubo.pdf,202,low,旧住所欄が欠落・空白、資料上通称の記載なし
2013,,,古国府三丁目,10,38,furugoutaisyoubo.pdf,202,low,旧住所欄が欠落・空白、資料上通称の記載なし
2014,,,古国府三丁目,11,25,furugoutaisyoubo.pdf,202,low,旧住所欄が欠落・空白、資料上通称の記載なし
2015,,,古国府三丁目,11,35,furugoutaisyoubo.pdf,202,low,旧住所欄が欠落・空白、資料上通称の記載なし
2016,,,古国府三丁目,14,27,furugoutaisyoubo.pdf,202,low,旧住所欄が欠落・空白、資料上通称の記載なし
2017,,,古国府三丁目,14,33,furugoutaisyoubo.pdf,202,low,旧住所欄が欠落・空白、資料上通称の記載なし
2018,,,古国府四丁目,2,12,furugoutaisyoubo.pdf,202,low,旧住所欄が欠落・空白、資料上通称の記載なし
2019,,,古国府四丁目,2,21,furugoutaisyoubo.pdf,202,low,旧住所欄が欠落・空白、資料上通称の記載なし
2020,,,古国府四丁目,2,25,furugoutaisyoubo.pdf,202,low,旧住所欄が欠落・空白、資料上通称の記載なし
2021,,,古国府四丁目,2,27,furugoutaisyoubo.pdf,202,low,旧住所欄が欠落・空白、資料上通称の記載なし
2022,,,古国府四丁目,2,51,furugoutaisyoubo.pdf,202,low,旧住所欄が欠落・空白、資料上通称の記載なし
2023,,,古国府四丁目,2,56,furugoutaisyoubo.pdf,202,low,旧住所欄が欠落・空白、資料上通称の記載なし
2024,,,古国府四丁目,2,61,furugoutaisyoubo.pdf,203,low,旧住所欄が欠落・空白、資料上通称の記載なし
2025,,,古国府五丁目,1,59,furugoutaisyoubo.pdf,203,low,旧住所欄が欠落・空白、資料上通称の記載なし
2026,,,古国府五丁目,2,25,furugoutaisyoubo.pdf,203,low,旧住所欄が欠落・空白、資料上通称の記載なし
2027,古国府6-1,,古国府五丁目,2,51,furugoutaisyoubo.pdf,203,high,旧住所の「大字」記載省略、資料上通称の記載なし
2028,,,古国府五丁目,4,31,furugoutaisyoubo.pdf,203,low,旧住所欄が欠落・空白、資料上通称の記載なし
2029,,,古国府五丁目,7,7,furugoutaisyoubo.pdf,203,low,旧住所欄が欠落・空白、資料上通称の記載なし
2030,,,古国府六丁目,2,25,furugoutaisyoubo.pdf,203,low,旧住所欄が欠落・空白、資料上通称の記載なし
2031,古国府1組の3,,古国府六丁目,5,20,furugoutaisyoubo.pdf,203,high,旧住所が組名表記、資料上通称の記載なし
2032,古国府1組の3,,古国府三丁目,9,85,furugoutaisyoubo.pdf,203,high,旧住所が組名表記、資料上通称の記載なし
2033,古国府2組,,古国府三丁目,1,4,furugoutaisyoubo.pdf,203,high,旧住所が組名表記、資料上通称の記載なし
2034,古国府3-3,,古国府三丁目,6,13-506,furugoutaisyoubo.pdf,203,high,旧住所が組名略記、資料上通称の記載なし
2035,古国府5の1,,古国府四丁目,1,13,furugoutaisyoubo.pdf,203,high,旧住所が組名略記、資料上通称の記載なし
2036,古国府6組の1,,古国府五丁目,1,15,furugoutaisyoubo.pdf,203,high,旧住所が組名表記、資料上通称の記載なし
2037,古国府6組の5,,古国府五丁目,1,39,furugoutaisyoubo.pdf,204,high,旧住所が組名表記、資料上通称の記載なし
2038,古国府6-5,,古国府五丁目,1,52,furugoutaisyoubo.pdf,204,high,旧住所が組名略記、資料上通称の記載なし
2039,古国府7組の5,,古国府二丁目,2,48,furugoutaisyoubo.pdf,204,high,旧住所が組名表記、資料上通称の記載なし
2040,古国府8組の1,,古国府二丁目,4,36,furugoutaisyoubo.pdf,204,high,旧住所が組名表記、資料上通称の記載なし
2041,古国府8組の2,,古国府一丁目,1,22-201,furugoutaisyoubo.pdf,204,high,旧住所が組名表記、資料上通称の記載なし
2042,古国府8組の2,,古国府一丁目,1,16,furugoutaisyoubo.pdf,204,high,旧住所が組名表記、資料上通称の記載なし
2043,大字古国府8組2,,古国府一丁目,1,22,furugoutaisyoubo.pdf,204,high,旧住所が組名表記、資料上通称の記載なし
2044,古国府8-3,,古国府二丁目,4,17-106,furugoutaisyoubo.pdf,204,high,旧住所が組名略記、資料上通称の記載なし
2045,大字古国府9組の1,,古国府一丁目,2,35,furugoutaisyoubo.pdf,204,high,旧住所が組名表記、資料上通称の記載なし
2046,古国府9組のA,,古国府二丁目,1,1,furugoutaisyoubo.pdf,204,high,旧住所が組名表記、資料上通称の記載なし
2047,古国府1組3-C,,古国府三丁目,9,52,furugoutaisyoubo.pdf,204,high,旧住所が組名略記、資料上通称の記載なし
2048,古国府1番6号,,古国府三丁目,11,32-606,furugoutaisyoubo.pdf,204,high,旧住所欄に新住所的表記、資料上通称の記載なし
2049,古国府3-3-B,,古国府三丁目,6,8-403,furugoutaisyoubo.pdf,204,high,旧住所が組名略記、資料上通称の記載なし
2050,古国府40番4,,古国府二丁目,2,18,furugoutaisyoubo.pdf,205,high,旧住所の「大字」記載省略、資料上通称の記載なし
2051,古国府6組の2C,,古国府五丁目,15,15,furugoutaisyoubo.pdf,205,high,旧住所が組名表記、資料上通称の記載なし
2052,古国府6-6-B,,古国府五丁目,15,5,furugoutaisyoubo.pdf,205,high,旧住所が組名略記、資料上通称の記載なし
2053,古国府6-6B,古国府6-6B,古国府五丁目,15,6,furugoutaisyoubo.pdf,205,high,旧住所が組名略記
2054,古国府6-7A組,,古国府五丁目,1,41,furugoutaisyoubo.pdf,205,high,旧住所が組名略記、資料上通称の記載なし
2055,古国府117-1,,古国府三丁目,6,13-411,furugoutaisyoubo.pdf,205,high,旧住所の「大字」記載省略、資料上通称の記載なし
2056,古国府162番地の3,古国府1組-3,古国府三丁目,9,76,furugoutaisyoubo.pdf,205,high,旧住所の「大字」記載省略
2057,古国府212番3,,古国府四丁目,4,36,furugoutaisyoubo.pdf,205,high,旧住所の「大字」記載省略、資料上通称の記載なし
2058,古国府212-3,,古国府四丁目,4,36,furugoutaisyoubo.pdf,205,high,旧住所の「大字」記載省略、資料上通称の記載なし、資料上2回出現
2059,古国府212番3,,古国府四丁目,4,35,furugoutaisyoubo.pdf,205,high,旧住所の「大字」記載省略、資料上通称の記載なし
2060,古国府222番地1,,古国府四丁目,5,22,furugoutaisyoubo.pdf,205,high,旧住所の「大字」記載省略、資料上通称の記載なし、資料上2回出現
2061,古国府225,,古国府四丁目,5,11,furugoutaisyoubo.pdf,206,high,旧住所の「大字」記載省略、資料上通称の記載なし
2062,古国府234,,古国府四丁目,6,20,furugoutaisyoubo.pdf,206,high,旧住所の「大字」記載省略、資料上通称の記載なし
2063,古国府385-1,,古国府五丁目,1,17,furugoutaisyoubo.pdf,206,high,旧住所の「大字」記載省略、資料上通称の記載なし
2064,古国府404-1,,古国府五丁目,1,18,furugoutaisyoubo.pdf,206,high,旧住所の「大字」記載省略、資料上通称の記載なし
2065,古国府409番地の2,,古国府四丁目,10,22,furugoutaisyoubo.pdf,206,high,旧住所の「大字」記載省略、資料上通称の記載なし
2066,古国府416-5,,古国府四丁目,10,32,furugoutaisyoubo.pdf,206,high,旧住所の「大字」記載省略、資料上通称の記載なし
2067,古国府418-3,,古国府四丁目,10,36,furugoutaisyoubo.pdf,206,high,旧住所の「大字」記載省略、資料上通称の記載なし
2068,古国府419-1,古国府6組5,古国府五丁目,1,47,furugoutaisyoubo.pdf,206,high,旧住所の「大字」記載省略
2069,古国府800-6,,古国府六丁目,2,30,furugoutaisyoubo.pdf,206,high,旧住所の「大字」記載省略、資料上通称の記載なし
2070,古国府801-9,,古国府六丁目,2,33,furugoutaisyoubo.pdf,206,high,旧住所の「大字」記載省略、資料上通称の記載なし
2071,古国府809番地の3,,古国府六丁目,2,5,furugoutaisyoubo.pdf,206,high,旧住所の「大字」記載省略、資料上通称の記載なし
2072,古国府832-1,,古国府四丁目,1,7,furugoutaisyoubo.pdf,206,high,旧住所の「大字」記載省略、資料上通称の記載なし、資料上2回出現
2073,古国府911番地の6,,古国府一丁目,2,6-106,furugoutaisyoubo.pdf,207,high,旧住所の「大字」記載省略、資料上通称の記載なし
2074,古国府943,,古国府六丁目,1,30,furugoutaisyoubo.pdf,207,high,旧住所の「大字」記載省略、資料上通称の記載なし
2075,古国府952番地の1,古国府東9組の3,古国府一丁目,2,5-201,furugoutaisyoubo.pdf,207,high,旧住所の「大字」記載省略
2076,古国府953,,古国府一丁目,4,12,furugoutaisyoubo.pdf,207,high,旧住所の「大字」記載省略、資料上通称の記載なし
2077,古国府1010-4,,古国府六丁目,1,1,furugoutaisyoubo.pdf,207,high,旧住所の「大字」記載省略、資料上通称の記載なし
2078,古国府刈田410-2,,古国府四丁目,10,25,furugoutaisyoubo.pdf,207,high,旧住所の「大字」記載省略、資料上通称の記載なし
2079,古国府田中383-2,,古国府四丁目,10,10,furugoutaisyoubo.pdf,207,high,旧住所の「大字」記載省略、資料上通称の記載なし
2080,古国府東9-3,,古国府一丁目,2,5-706,furugoutaisyoubo.pdf,207,high,旧住所が組名略記、資料上通称の記載なし
2081,古国府東9-5,,古国府一丁目,2,6-410,furugoutaisyoubo.pdf,207,high,旧住所が組名略記、資料上通称の記載なし、資料上2回出現
2082,古国府東9組の6,,古国府一丁目,2,7-406,furugoutaisyoubo.pdf,207,high,旧住所が組名表記、資料上通称の記載なし
2083,大字羽屋845番地の10,古国府7組の1,古国府一丁目,3,66,furugoutaisyoubo.pdf,207,high,旧住所の大字が「羽屋」のイレギュラー行
2084,大字永興2062-1,,古国府三丁目,5,2,furugoutaisyoubo.pdf,208,high,資料上通称の記載なし
2085,大字永興2094-1,,古国府三丁目,5,1,furugoutaisyoubo.pdf,208,high,資料上通称の記載なし
