seq,old_address,alias,new_town,block,house,source_doc,source_page,confidence,note
1,大字永興604番地の2,城南南町3組,城南南二丁目,4,32,jyonan.pdf,永興-1,high,
2,大字永興604番地の3,城南南町3組,城南南二丁目,4,29,jyonan.pdf,永興-1,high,
3,大字永興604番地の5,城南南町3組,城南南二丁目,6,6,jyonan.pdf,永興-1,high,
4,大字永興604番地の6,城南南町3組,城南南一丁目,9,1,jyonan.pdf,永興-1,high,
5,大字永興604番地の7,城南南町3組,城南南一丁目,9,24,jyonan.pdf,永興-1,high,
6,大字永興604番地の8,城南南町3組,城南南一丁目,9,23,jyonan.pdf,永興-1,high,
7,大字永興604番地の9,城南南町3組,城南南一丁目,9,21,jyonan.pdf,永興-1,high,
8,大字永興604番地の10,城南南町3組,城南南一丁目,9,19,jyonan.pdf,永興-1,high,資料上2回出現
9,大字永興604番地の11,城南南町3組,城南南一丁目,9,17,jyonan.pdf,永興-1,high,
10,大字永興604番地の12,城南南町3組,城南南一丁目,9,12,jyonan.pdf,永興-1,high,
11,大字永興604番地の13,城南南町4組,城南南一丁目,7,16,jyonan.pdf,永興-1,high,
12,大字永興604番地の14,城南南町4組,城南南一丁目,7,14,jyonan.pdf,永興-1,high,
13,大字永興604番地の15,城南南町4組,城南南一丁目,7,13,jyonan.pdf,永興-2,high,資料上2回出現
14,大字永興604番地の16,城南南町4組,城南南一丁目,7,24,jyonan.pdf,永興-2,high,資料上2回出現
15,大字永興604番地の17,城南南町4組,城南南一丁目,7,26,jyonan.pdf,永興-2,high,資料上3回出現
16,大字永興604番地の19,城南南町4組,城南南一丁目,7,30,jyonan.pdf,永興-2,high,
17,大字永興604番地の20,城南南町4組,城南南一丁目,7,32,jyonan.pdf,永興-2,high,
18,大字永興604番地の21,城南南町4組,城南南一丁目,7,36,jyonan.pdf,永興-2,high,
19,大字永興604番地の22,城南南町4組,城南南一丁目,7,1,jyonan.pdf,永興-2,high,
20,大字永興604番地の23,城南南町4組,城南南一丁目,7,4,jyonan.pdf,永興-2,high,
21,大字永興604番地の24,城南南町4組,城南南一丁目,7,5,jyonan.pdf,永興-2,high,
22,大字永興604番地の25,城南南町4組,城南南一丁目,7,7,jyonan.pdf,永興-3,high,
23,大字永興604番地の26,城南南町4組,城南南一丁目,7,9,jyonan.pdf,永興-3,high,資料上2回出現
24,大字永興604番地の27,城南南町4組,城南南一丁目,7,11,jyonan.pdf,永興-3,high,
25,大字永興字弁財天604番30号,城南団地南町1組,城南南一丁目,1,8,jyonan.pdf,永興-3,high,書式外住所(小字付き)
26,大字永興604番地の37,城南南町2組,城南南二丁目,1,4,jyonan.pdf,永興-3,high,資料上2回出現
27,大字永興604番地の38,城南南町2組,城南南二丁目,1,6,jyonan.pdf,永興-3,high,
28,大字永興604番地の39,城南南町2組,城南南二丁目,1,1,jyonan.pdf,永興-3,high,
29,大字永興604番地の59,城南南町4組,城南南一丁目,7,27,jyonan.pdf,永興-3,high,
30,大字永興604番地の60,城南南町3組,城南南一丁目,9,22,jyonan.pdf,永興-3,high,
31,大字永興609番地の2,城南南町2組,城南南二丁目,2,3,jyonan.pdf,永興-3,high,
32,大字永興609番地の3,城南南町2組,城南南二丁目,2,7,jyonan.pdf,永興-3,high,
33,大字永興609番地の4,城南南町2組,城南南二丁目,2,10,jyonan.pdf,永興-4,high,
34,大字永興609番地の5,城南南町2組,城南南二丁目,2,11,jyonan.pdf,永興-4,high,
35,大字永興609番地の6,城南南町2組,城南南二丁目,2,1,jyonan.pdf,永興-4,high,
36,大字永興609番地の7,城南南町2組,城南南二丁目,2,21,jyonan.pdf,永興-4,high,
37,大字永興609番地の8,城南南町2組,城南南二丁目,2,19,jyonan.pdf,永興-4,high,資料上2回出現
38,大字永興609番地の9,城南南町2組,城南南二丁目,2,16,jyonan.pdf,永興-4,high,
39,大字永興609番地の10,城南南町1組,城南南一丁目,8,11,jyonan.pdf,永興-4,high,
40,大字永興609番地の11,城南南町1組,城南南一丁目,8,9,jyonan.pdf,永興-4,high,
41,大字永興609番地の12,城南南町1組,城南南一丁目,8,7,jyonan.pdf,永興-4,high,
42,大字永興609番地の13,城南南町1組,城南南一丁目,8,5,jyonan.pdf,永興-4,high,
43,大字永興609番地の14,城南南町1組,城南南一丁目,8,3,jyonan.pdf,永興-4,high,
44,大字永興609番地の15,城南南町1組,城南南一丁目,8,1,jyonan.pdf,永興-4,high,
45,大字永興609番地の16,城南南町1組,城南南一丁目,8,14,jyonan.pdf,永興-5,high,
46,大字永興609番地の16,,城南南一丁目,8,14,jyonan.pdf,永興-5,high,資料上通称の記載なし
47,大字永興609番地の17,城南南町1組,城南南一丁目,8,18,jyonan.pdf,永興-5,high,資料上2回出現
48,大字永興609番地の18,城南南町1組,城南南一丁目,8,19,jyonan.pdf,永興-5,high,資料上2回出現
49,大字永興609番地の19,城南南町1組,城南南一丁目,8,21,jyonan.pdf,永興-5,high,
50,大字永興609番地の20,城南南町1組,城南南一丁目,2,10,jyonan.pdf,永興-5,high,
51,大字永興609番地の21,城南南町1組,城南南一丁目,2,6,jyonan.pdf,永興-5,high,
52,大字永興609番地の23,城南南町1組,城南南一丁目,2,16,jyonan.pdf,永興-5,high,
53,大字永興609番地の25,城南南町2組,城南南二丁目,2,14,jyonan.pdf,永興-5,high,
54,大字永興609番地の26,城南南町2組,城南南二丁目,2,17,jyonan.pdf,永興-5,high,資料上2回出現
55,大字永興609番地の27,城南南町1組,城南南一丁目,2,12,jyonan.pdf,永興-6,high,
56,大字永興609番地の28,城南南町2組,城南南二丁目,2,9,jyonan.pdf,永興-6,high,
57,大字永興634番地の3,竹の上3組の1,城南南二丁目,3,1,jyonan.pdf,永興-6,high,
58,大字永興634番地の5,城南南町2組,城南南二丁目,3,3,jyonan.pdf,永興-6,high,
59,大字永興653番地の6,城南南町2組,城南南二丁目,3,7,jyonan.pdf,永興-6,high,
60,大字永興656番地の2,城南南町2組,城南南二丁目,4,45,jyonan.pdf,永興-6,high,
61,大字永興657番地の1,城南南町2組,城南南二丁目,4,37,jyonan.pdf,永興-6,high,
62,大字永興657-2,,城南南二丁目,4,33,jyonan.pdf,永興-6,high,資料上通称の記載なし
63,大字永興657番地の3,城南南町2組,城南南二丁目,4,38,jyonan.pdf,永興-6,high,資料上2回出現
64,大字永興658番地の4,城南南町3組,城南南二丁目,4,28,jyonan.pdf,永興-6,high,
65,大字永興658番地の6,城南南町3組,城南南二丁目,4,23,jyonan.pdf,永興-6,high,
66,大字永興658番地の7,城南南町3組,城南南二丁目,6,12,jyonan.pdf,永興-6,high,
67,大字永興658番地の8,城南南町3組,城南南二丁目,6,11,jyonan.pdf,永興-7,high,
68,大字永興658番地の9,城南南町3組,城南南二丁目,6,9,jyonan.pdf,永興-7,high,
69,大字永興664番地の1,城南南町5組の1,城南南二丁目,4,20,jyonan.pdf,永興-7,high,
70,大字永興664番地の2,城南南町5組,城南南二丁目,4,19,jyonan.pdf,永興-7,high,資料上2回出現
71,大字永興665番地の2,城南南町5組の1,城南南二丁目,4,14,jyonan.pdf,永興-7,high,
72,大字永興665番地の6,城南南町5組,城南南二丁目,4,2,jyonan.pdf,永興-7,high,
73,大字永興665番地の7,城南南町5組の1,城南南二丁目,4,1,jyonan.pdf,永興-7,high,
74,大字永興665番地の8,城南南町5組,城南南二丁目,4,5,jyonan.pdf,永興-7,high,
75,大字永興665番地の9,城南南町5組の1,城南南二丁目,4,6,jyonan.pdf,永興-7,high,
76,大字永興665番地の10,城南南町5組の1,城南南二丁目,4,11,jyonan.pdf,永興-7,high,
77,大字永興665番地の11,城南南町5組,城南南二丁目,4,12,jyonan.pdf,永興-7,high,
78,大字永興673番地の1,,城南南二丁目,5,59,jyonan.pdf,永興-7,high,資料上通称の記載なし、資料上2回出現(改ページ跨ぎ)
79,大字永興673番地の4,城南南町5組,城南南二丁目,5,57,jyonan.pdf,永興-8,high,
80,大字永興673番地の7,城南南町5組の1,城南南二丁目,5,50,jyonan.pdf,永興-8,high,
81,大字永興673番地の8,城南南町5組の1,城南南二丁目,5,49,jyonan.pdf,永興-8,high,
82,大字永興673番地の9,城南南町5組の1,城南南二丁目,5,48,jyonan.pdf,永興-8,high,
83,大字永興673番地の10,城南南町5組,城南南二丁目,5,44,jyonan.pdf,永興-8,high,
84,大字永興673番地の11,城南南町5組の1,城南南二丁目,5,54,jyonan.pdf,永興-8,high,
85,大字永興673番地の12,城南南町5組の1,城南南二丁目,5,51,jyonan.pdf,永興-8,high,
86,大字永興674番地,城南南町5組の1,城南南二丁目,5,58,jyonan.pdf,永興-8,high,
87,大字永興675番地,城南南町5組の1,城南南二丁目,5,32,jyonan.pdf,永興-8,high,
88,大字永興675番地の2,城南南町5組の1,城南南二丁目,5,35,jyonan.pdf,永興-8,high,資料上2回出現
89,大字永興675番地の6,城南南町5組の1,城南南二丁目,5,38,jyonan.pdf,永興-8,high,
90,大字永興675番地の8,城南南町5組の1,城南南二丁目,5,37,jyonan.pdf,永興-9,high,
91,大字永興675番地の9,城南南町5組の1,城南南二丁目,5,36,jyonan.pdf,永興-9,high,
92,大字永興676番地の3,城南南町5組の2,城南南二丁目,5,28,jyonan.pdf,永興-9,high,
93,大字永興676番地の5,城南南町5組の2,城南南二丁目,5,19,jyonan.pdf,永興-9,high,
94,大字永興676番地の19,城南南町5組の2,城南南二丁目,5,29,jyonan.pdf,永興-9,high,
95,大字永興677番地の2,城南南町5組の2,城南南二丁目,5,24,jyonan.pdf,永興-9,high,
96,大字永興677番地の6,城南南町5組の2,城南南二丁目,5,8,jyonan.pdf,永興-9,high,
97,大字永興677番地の7,城南南町5組の2,城南南二丁目,5,10,jyonan.pdf,永興-9,high,
98,大字永興677番地の13,城南南町5組の2,城南南二丁目,5,25,jyonan.pdf,永興-9,high,
99,大字永興677番地の14,城南南町5組の2,城南南二丁目,5,27,jyonan.pdf,永興-9,high,
100,大字永興677番地の25,城南南町5組の2,城南南二丁目,5,9,jyonan.pdf,永興-9,high,
101,大字永興678番地の1,城南南町5組の2,城南南二丁目,6,19,jyonan.pdf,永興-9,high,
102,大字永興678番地の2,城南南町5組の2,城南南二丁目,6,16,jyonan.pdf,永興-9,high,資料上2回出現(改ページ跨ぎ)
103,大字永興678番地の4,城南南町5組の2,城南南二丁目,6,18,jyonan.pdf,永興-10,high,
104,大字永興679番地の6,城南南町5組の2,城南南二丁目,5,5,jyonan.pdf,永興-10,high,
105,大字永興679番地の8,城南南町5組の2,城南南二丁目,5,2,jyonan.pdf,永興-10,high,
106,大字永興682番地の8,城南南町5組の2,城南南二丁目,6,21,jyonan.pdf,永興-10,high,
107,大字永興682番地の9,城南南町5組の2,城南南二丁目,6,24,jyonan.pdf,永興-10,high,
108,大字永興682番地の10,城南南町5組の2,城南南二丁目,6,25,jyonan.pdf,永興-10,high,資料上2回出現
109,大字永興682番地の11,城南南町5組の2,城南南二丁目,6,30,jyonan.pdf,永興-10,high,
110,大字永興682番地の12,城南南町5組の2,城南南二丁目,6,29,jyonan.pdf,永興-10,high,
111,大字永興682番地の13,城南南町5組の2,城南南二丁目,6,28,jyonan.pdf,永興-10,high,
112,大字永興682番地の14,城南南町5組の2,城南南二丁目,6,27,jyonan.pdf,永興-10,high,
113,大字永興683番地,城南南町3組,城南南二丁目,6,1,jyonan.pdf,永興-10,high,資料上2回出現(改ページ跨ぎ)
114,大字永興691番地の6,城南南町5組の2,城南南二丁目,5,15,jyonan.pdf,永興-11,high,
115,大字永興691番地の7,城南南町5組の2,城南南二丁目,5,16,jyonan.pdf,永興-11,high,資料上2回出現
116,大字永興692番地の4,城南南町5組,城南南二丁目,5,45,jyonan.pdf,永興-11,high,
117,大字永興692番地の8,城南南町5組の2,城南南二丁目,5,17,jyonan.pdf,永興-11,high,
118,大字永興692番地の9,城南南町5組の1,城南南二丁目,5,46,jyonan.pdf,永興-11,high,
119,大字永興695番地,城南南町5組の1,城南南二丁目,5,43,jyonan.pdf,永興-11,high,1対多
120,大字永興695番地,,城南南二丁目,5,43,jyonan.pdf,永興-11,high,資料上通称の記載なし、1対多
121,大字永興700番地の9,城南西町 尼ｹ城ﾊｲﾂ53,城南西二丁目,5,23,jyonan.pdf,永興-11,high,
122,大字永興700番地の10,城南西町 尼ｹ城ﾊｲﾂ54号,城南西二丁目,5,24,jyonan.pdf,永興-11,high,
123,大字永興700番地の14,城南西町,城南西二丁目,5,14,jyonan.pdf,永興-11,high,
124,大字永興700番地の16,城南西町 尼ｹ城ﾊｲﾂ49,城南西二丁目,5,17,jyonan.pdf,永興-11,high,
125,大字永興700番地の19,城南西町 尼ｹ城ﾊｲﾂ61号,城南西二丁目,4,2,jyonan.pdf,永興-12,high,
126,大字永興700番地の20,城南西町 尼ｹ城ﾊｲﾂ62号,城南西二丁目,4,1,jyonan.pdf,永興-12,high,
127,大字永興700番地の22,城南西町 尼ｹ城ﾊｲﾂ55,城南西二丁目,4,8,jyonan.pdf,永興-12,high,
128,大字永興700番地の23,城南西町 尼ｹ城ﾊｲﾂ56号,城南西二丁目,4,7,jyonan.pdf,永興-12,high,資料上2回出現
129,大字永興700番地の24,城南西町 尼ｹ城ﾊｲﾂ57,城南西二丁目,4,6,jyonan.pdf,永興-12,high,
130,大字永興700番地の25,城南西町 尼ｹ城ﾊｲﾂ58,城南西二丁目,4,5,jyonan.pdf,永興-12,high,
131,大字永興700番地の26,城南西町 尼ｹ城ﾊｲﾂ59,城南西二丁目,4,4,jyonan.pdf,永興-12,high,
132,大字永興700番地の27,城南西町 尼ｹ城ﾊｲﾂ60,城南西二丁目,4,3,jyonan.pdf,永興-12,high,
133,大字永興700番地の27,城南西町 尼ｹ城ﾊｲﾂ60号,城南西二丁目,4,3,jyonan.pdf,永興-12,high,
134,大字永興700番地の29,城南西町 尼ｹ城ﾊｲﾂ65,城南西二丁目,3,1,jyonan.pdf,永興-12,high,1対多
135,大字永興700番地の29,,城南西二丁目,3,1,jyonan.pdf,永興-12,high,資料上通称の記載なし、1対多
136,大字永興700番地の43,城南西町1組 尼ｹ城ﾊｲﾂ28,城南西二丁目,6,9,jyonan.pdf,永興-12,high,
137,大字永興700番地の46,城南西町 尼ｹ城ﾊｲﾂ31,城南西二丁目,6,6,jyonan.pdf,永興-13,high,
138,大字永興700番地の47,城南西町 尼ｹ城ﾊｲﾂ32,城南西二丁目,6,5,jyonan.pdf,永興-13,high,
139,大字永興700番地の48,城南西町 尼ｹ城ﾊｲﾂ33,城南西二丁目,6,4,jyonan.pdf,永興-13,high,
140,大字永興700番地の49,城南西町 尼ｹ城ﾊｲﾂ34,城南西二丁目,6,3,jyonan.pdf,永興-13,high,
141,大字永興702番地の3,城南南町3組,城南南二丁目,6,2,jyonan.pdf,永興-13,high,
142,大字永興734番地の1,城南西町,城南西二丁目,10,12,jyonan.pdf,永興-13,high,
143,大字永興734-1,城南西町734-1,城南西二丁目,10,12,jyonan.pdf,永興-13,high,
144,大字永興737番地の2,城南西町 尼ｹ城ﾊｲﾂ42,城南西二丁目,5,11,jyonan.pdf,永興-13,high,
145,大字永興737番地の6,城南西町 尼ｹ城ﾊｲﾂ26,城南西二丁目,6,7,jyonan.pdf,永興-13,high,
146,大字永興737番地の7,城南西町 尼ｹ城ﾊｲﾂ27,城南西二丁目,6,8,jyonan.pdf,永興-13,high,資料上2回出現
147,大字永興737番地の9,城南西町 尼ｹ城ﾊｲﾂ29,城南西二丁目,6,10,jyonan.pdf,永興-13,high,
148,大字永興737番地の10,城南西町 尼ｹ城ﾊｲﾂ30,城南西二丁目,6,11,jyonan.pdf,永興-13,high,
149,大字永興737番地の11,城南西町 尼ｹ城ﾊｲﾂ35,城南西二丁目,6,2,jyonan.pdf,永興-14,high,
150,大字永興737番地の12,城南西町 尼ｹ城ﾊｲﾂ36,城南西二丁目,6,1,jyonan.pdf,永興-14,high,
151,大字永興737番地の14,城南西町 尼ｹ城ﾊｲﾂ11,城南西二丁目,7,19,jyonan.pdf,永興-14,high,資料上4回出現
152,大字永興737番地の16,城南西町 尼ｹ城ﾊｲﾂ13,城南西二丁目,7,13,jyonan.pdf,永興-14,high,
153,大字永興737番地の17,城南西町 尼ヶ城ﾊｲﾂ14,城南西二丁目,7,12,jyonan.pdf,永興-14,high,
154,大字永興737番地の23,城南西町 尼ｹ城ﾊｲﾂ1号,城南西二丁目,8,6,jyonan.pdf,永興-14,high,
155,大字永興737番地の24,城南西町 尼ｹ城ﾊｲﾂ2,城南西二丁目,8,7,jyonan.pdf,永興-14,high,
156,大字永興737番地の25,城南西町 尼ｹ城ﾊｲﾂ3号,城南西二丁目,8,8,jyonan.pdf,永興-14,high,
157,大字永興737番地の26,城南西町 尼ｹ城ﾊｲﾂ4号,城南西二丁目,8,9,jyonan.pdf,永興-14,high,
158,大字永興737番地の27,城南西町 尼ｹ城ﾊｲﾂ5,城南西二丁目,8,10,jyonan.pdf,永興-14,high,
159,大字永興737番地の28,城南西町 尼ｹ城ﾊｲﾂ6号,城南西二丁目,8,5,jyonan.pdf,永興-15,high,
160,大字永興737番地の30,城南西町 尼ｹ城ﾊｲﾂ8,城南西二丁目,8,3,jyonan.pdf,永興-15,high,
161,大字永興737番地の32,城南西町 尼ｹ城ﾊｲﾂ16,城南西二丁目,9,6,jyonan.pdf,永興-15,high,
162,大字永興737番地の33,城南西町 尼ｹ城ﾊｲﾂ17号,城南西二丁目,9,7,jyonan.pdf,永興-15,high,
163,大字永興737番地の34,城南西町 尼ｹ城ﾊｲﾂ18,城南西二丁目,9,8,jyonan.pdf,永興-15,high,
164,大字永興737番地の35,城南西町 尼ｹ城ﾊｲﾂ19,城南西二丁目,9,9,jyonan.pdf,永興-15,high,
165,大字永興737番地の36,城南西町 尼ｹ城ﾊｲﾂ20,城南西二丁目,9,10,jyonan.pdf,永興-15,high,資料上2回出現
166,大字永興737番地の37,城南西町 尼ｹ城ﾊｲﾂ21,城南西二丁目,9,5,jyonan.pdf,永興-15,high,
167,大字永興737番地の38,城南西町 尼ｹ城ﾊｲﾂ22,城南西二丁目,9,4,jyonan.pdf,永興-15,high,
168,大字永興737番地の39,城南西町,城南西二丁目,9,3,jyonan.pdf,永興-15,high,
169,大字永興737番地の40,城南西町 尼ｹ城ﾊｲﾂ24,城南西二丁目,9,2,jyonan.pdf,永興-15,high,資料上2回出現
170,大字永興737番地の41,城南西町 尼ｹ城ﾊｲﾂ25,城南西二丁目,9,1,jyonan.pdf,永興-16,high,
171,大字永興737番地の47,城南西町 尼ｹ城ﾊｲﾂ38,城南西二丁目,10,6,jyonan.pdf,永興-16,high,
172,大字永興737番地の49,城南西町 尼ｹ城ﾊｲﾂ39,城南西二丁目,10,4,jyonan.pdf,永興-16,high,
173,大字永興737番地の51,城南西町 尼ｹ城ﾊｲﾂ40,城南西二丁目,10,2,jyonan.pdf,永興-16,high,
174,大字永興744番地の2,城南西町20組 NEXCO大分職員宿舎101,城南西二丁目,7,22-101,jyonan.pdf,永興-16,high,
175,大字永興744番地の2,城南西町20組 NEXCO大分職員宿舎102,城南西二丁目,7,22-102,jyonan.pdf,永興-16,high,
176,大字永興744番地の2,城南西町20組 NEXCO大分職員宿舎201,城南西二丁目,7,22-201,jyonan.pdf,永興-16,high,
177,大字永興744番地の2,城南西町20組 NEXCO大分職員宿舎202,城南西二丁目,7,22-202,jyonan.pdf,永興-16,high,
178,大字永興744番地の2,城南西町20組 NEXCO大分職員宿舎301,城南西二丁目,7,22-301,jyonan.pdf,永興-16,high,
179,大字永興744番地の2,城南西町20組 NEXCO大分職員宿舎302,城南西二丁目,7,22-302,jyonan.pdf,永興-16,high,
180,大字永興744番地の2,城南西町20組 NEXCO大分寮101,城南西二丁目,7,21,jyonan.pdf,永興-16,high,
181,大字永興744番地の2,城南西町20組 NEXCO大分寮102,城南西二丁目,7,21,jyonan.pdf,永興-16,high,
182,大字永興744番地の2,城南西町20組 NEXCO大分寮103,城南西二丁目,7,21,jyonan.pdf,永興-16,high,
183,大字永興744番地の2,城南西町20組 NEXCO大分寮104,城南西二丁目,7,21,jyonan.pdf,永興-17,high,
184,大字永興744番地の2,城南西町20組 NEXCO大分寮201,城南西二丁目,7,21,jyonan.pdf,永興-17,high,
185,大字永興744番地の2,城南西町20組 NEXCO大分寮202,城南西二丁目,7,21,jyonan.pdf,永興-17,high,
186,大字永興744番地の2,城南西町20組 NEXCO大分寮203,城南西二丁目,7,21,jyonan.pdf,永興-17,high,
187,大字永興744番地の2,城南西町20組 NEXCO大分寮204,城南西二丁目,7,21,jyonan.pdf,永興-17,high,
188,大字永興744番地の2,城南西町20組 NEXCO大分寮205,城南西二丁目,7,21,jyonan.pdf,永興-17,high,
189,大字永興744番地の2,城南西町20組 NEXCO大分寮206,城南西二丁目,7,21,jyonan.pdf,永興-17,high,
190,大字永興745番地の6,城南西町1組,城南西二丁目,7,1,jyonan.pdf,永興-17,high,資料上2回出現
191,大字永興779番地,,城南西一丁目,4,24,jyonan.pdf,永興-17,high,資料上通称の記載なし
192,大字永興779番地,城南西町 1A24-2410,城南西一丁目,4,24-2410,jyonan.pdf,永興-17,high,
193,大字永興779番地,城南西町 1A24-2411,城南西一丁目,4,24-2411,jyonan.pdf,永興-17,high,
194,大字永興779番地,城南西町 1A24-2412,城南西一丁目,4,24-2412,jyonan.pdf,永興-17,high,
195,大字永興779番地,城南西町 1A24-2413,城南西一丁目,4,24-2413,jyonan.pdf,永興-18,high,
196,大字永興779番地,城南西町 1A-24-2420,城南西一丁目,4,24-2420,jyonan.pdf,永興-18,high,
197,大字永興779番地,城南西町 1A-24-2421,城南西一丁目,4,24-2421,jyonan.pdf,永興-18,high,
198,大字永興779番地,城南西町 1A24-2422,城南西一丁目,4,24-2422,jyonan.pdf,永興-18,high,
199,大字永興779番地,城南西町 1A24-2423,城南西一丁目,4,24-2423,jyonan.pdf,永興-18,high,
200,大字永興779番地,城南西町 1A24-2430,城南西一丁目,4,24-2430,jyonan.pdf,永興-18,high,
201,大字永興779番地,城南西町 1A-24-2431,城南西一丁目,4,24-2431,jyonan.pdf,永興-18,high,
202,大字永興779番地,城南西町 1A24-2432,城南西一丁目,4,24-2432,jyonan.pdf,永興-18,high,
203,大字永興779番地,城南西町 1A-24-2433,城南西一丁目,4,24-2433,jyonan.pdf,永興-18,high,
204,大字永興779番地,城南西町 1A24-2440,城南西一丁目,4,24-2440,jyonan.pdf,永興-18,high,
205,大字永興779番地,城南西町 1A24-2441,城南西一丁目,4,24-2441,jyonan.pdf,永興-18,high,
206,大字永興779番地,城南西町 1A-24-2442,城南西一丁目,4,24-2442,jyonan.pdf,永興-18,high,
207,大字永興779番地,城南西町 1A-24-2443,城南西一丁目,4,24-2443,jyonan.pdf,永興-18,high,
208,大字永興779番地,,城南西一丁目,4,25,jyonan.pdf,永興-19,high,資料上通称の記載なし
209,大字永興779番地,城南西町 1A25-2510,城南西一丁目,4,25-2510,jyonan.pdf,永興-19,high,
210,大字永興779番地,城南西町 1A25-2511,城南西一丁目,4,25-2511,jyonan.pdf,永興-19,high,
211,大字永興779番地,城南西町 1A25-2512,城南西一丁目,4,25-2512,jyonan.pdf,永興-19,high,
212,大字永興779番地,城南西町 1A25-2513,城南西一丁目,4,25-2513,jyonan.pdf,永興-19,high,
213,大字永興779番地,城南西町 1A25-2520,城南西一丁目,4,25-2520,jyonan.pdf,永興-19,high,
214,大字永興779番地,城南西町 1A25-2521,城南西一丁目,4,25-2521,jyonan.pdf,永興-19,high,
215,大字永興779番地,城南西町 1A-25-2522,城南西一丁目,4,25-2522,jyonan.pdf,永興-19,high,
216,大字永興779番地,城南西町 1A25-2523,城南西一丁目,4,25-2523,jyonan.pdf,永興-19,high,
217,大字永興779番地,城南西町 1A-25-2530,城南西一丁目,4,25-2530,jyonan.pdf,永興-19,high,
218,大字永興779番地,城南西町 1A25-2531,城南西一丁目,4,25-2531,jyonan.pdf,永興-19,high,
219,大字永興779番地,城南西町 1A-25-2532,城南西一丁目,4,25-2532,jyonan.pdf,永興-19,high,
220,大字永興779番地,城南西町 1A25-2533,城南西一丁目,4,25-2533,jyonan.pdf,永興-19,high,
221,大字永興779番地,城南西町 1A-25-2540,城南西一丁目,4,25-2540,jyonan.pdf,永興-20,high,
222,大字永興779番地,城南西町 1A-25-2541,城南西一丁目,4,25-2541,jyonan.pdf,永興-20,high,
223,大字永興779番地,城南西町 1A25-2542,城南西一丁目,4,25-2542,jyonan.pdf,永興-20,high,
224,大字永興779番地,城南西町 1A25-2543,城南西一丁目,4,25-2543,jyonan.pdf,永興-20,high,
225,大字永興779番地,,城南西一丁目,4,26,jyonan.pdf,永興-20,high,資料上通称の記載なし
226,大字永興779番地,城南西町 1A26-2610,城南西一丁目,4,26-2610,jyonan.pdf,永興-20,high,
227,大字永興779番地,城南西町 1A26-2611,城南西一丁目,4,26-2611,jyonan.pdf,永興-20,high,
228,大字永興779番地,城南西町 1A26-2612,城南西一丁目,4,26-2612,jyonan.pdf,永興-20,high,
229,大字永興779番地,城南西町 1A26-2613,城南西一丁目,4,26-2613,jyonan.pdf,永興-20,high,
230,大字永興779番地,城南西町 1A26-2620,城南西一丁目,4,26-2620,jyonan.pdf,永興-20,high,
231,大字永興779番地,城南西町 1A26-2621,城南西一丁目,4,26-2621,jyonan.pdf,永興-20,high,
232,大字永興779番地,城南西町 1A26-2622,城南西一丁目,4,26-2622,jyonan.pdf,永興-20,high,
233,大字永興779番地,城南西町 1A26-2623,城南西一丁目,4,26-2623,jyonan.pdf,永興-20,high,
234,大字永興779番地,城南西町 1A26-2630,城南西一丁目,4,26-2630,jyonan.pdf,永興-21,high,
235,大字永興779番地,城南西町 1A26-2631,城南西一丁目,4,26-2631,jyonan.pdf,永興-21,high,
236,大字永興779番地,城南西町 1A-26-2632,城南西一丁目,4,26-2632,jyonan.pdf,永興-21,high,
237,大字永興779番地,城南西町 1A-26-2633,城南西一丁目,4,26-2633,jyonan.pdf,永興-21,high,
238,大字永興779番地,城南西町 1A-26-2640,城南西一丁目,4,26-2640,jyonan.pdf,永興-21,high,
239,大字永興779番地,城南西町 1A26-2641,城南西一丁目,4,26-2641,jyonan.pdf,永興-21,high,
240,大字永興779番地,城南西町 1A-26-2642,城南西一丁目,4,26-2642,jyonan.pdf,永興-21,high,
241,大字永興779番地,城南西町 1A26-2643,城南西一丁目,4,26-2643,jyonan.pdf,永興-21,high,
242,大字永興779番地,,城南西一丁目,4,29,jyonan.pdf,永興-21,high,資料上通称の記載なし
243,大字永興779番地,城南西町 1A29-2910,城南西一丁目,4,29-2910,jyonan.pdf,永興-21,high,
244,大字永興779番地,城南西町 1A29-2911,城南西一丁目,4,29-2911,jyonan.pdf,永興-21,high,
245,大字永興779番地,城南西町 1A29-2912,城南西一丁目,4,29-2912,jyonan.pdf,永興-21,high,
246,大字永興779番地,城南西町 1A29-2913,城南西一丁目,4,29-2913,jyonan.pdf,永興-21,high,
247,大字永興779番地,城南西町 1A29-2920,城南西一丁目,4,29-2920,jyonan.pdf,永興-22,high,
248,大字永興779番地,城南西町 1A29-2921,城南西一丁目,4,29-2921,jyonan.pdf,永興-22,high,
249,大字永興779番地,城南西町 1A29-2922,城南西一丁目,4,29-2922,jyonan.pdf,永興-22,high,
250,大字永興779番地,城南西町 1A29-2923,城南西一丁目,4,29-2923,jyonan.pdf,永興-22,high,
251,大字永興779番地,城南西町 1A29-2930,城南西一丁目,4,29-2930,jyonan.pdf,永興-22,high,
252,大字永興779番地,城南西町 1A29-2931,城南西一丁目,4,29-2931,jyonan.pdf,永興-22,high,
253,大字永興779番地,城南西町 1A29-2932,城南西一丁目,4,29-2932,jyonan.pdf,永興-22,high,資料上2回出現
254,大字永興779番地,城南西町 1A-29-2933,城南西一丁目,4,29-2933,jyonan.pdf,永興-22,high,
255,大字永興779番地,城南西町 1A29-2940,城南西一丁目,4,29-2940,jyonan.pdf,永興-22,high,
256,大字永興779番地,城南西町 1A29-2941,城南西一丁目,4,29-2941,jyonan.pdf,永興-22,high,
257,大字永興779番地,城南西町 1A-29-2942,城南西一丁目,4,29-2942,jyonan.pdf,永興-22,high,
258,大字永興779番地,城南西町 1A29-2943,城南西一丁目,4,29-2943,jyonan.pdf,永興-22,high,
259,大字永興779番地,,城南西一丁目,2,31,jyonan.pdf,永興-23,high,資料上通称の記載なし
260,大字永興779番地,城南西町 1A-31-3110,城南西一丁目,2,31-3110,jyonan.pdf,永興-23,high,
261,大字永興779番地,城南西町 1A-31-3111,城南西一丁目,2,31-3111,jyonan.pdf,永興-23,high,
262,大字永興779番地,城南西町 1A31-3112,城南西一丁目,2,31-3112,jyonan.pdf,永興-23,high,
263,大字永興779番地,城南西町 1A31-3113,城南西一丁目,2,31-3113,jyonan.pdf,永興-23,high,
264,大字永興779番地,城南西町 1A31-3114,城南西一丁目,2,31-3114,jyonan.pdf,永興-23,high,
265,大字永興779番地,城南西町 1A31-3115,城南西一丁目,2,31-3115,jyonan.pdf,永興-23,high,
266,大字永興779番地,城南西町 1A31-3120,城南西一丁目,2,31-3120,jyonan.pdf,永興-23,high,
267,大字永興779番地,城南西町 1A-31-3121号,城南西一丁目,2,31-3121,jyonan.pdf,永興-23,high,
268,大字永興779番地,城南西町 1A31-3122,城南西一丁目,2,31-3122,jyonan.pdf,永興-23,high,
269,大字永興779番地,城南西町 1A-31-3123,城南西一丁目,2,31-3123,jyonan.pdf,永興-23,high,
270,大字永興779番地,城南西町 1A31-3124,城南西一丁目,2,31-3124,jyonan.pdf,永興-23,high,
271,大字永興779番地,城南西町 1A31-3125,城南西一丁目,2,31-3125,jyonan.pdf,永興-23,high,
272,大字永興779番地,城南西町 1A31-3130,城南西一丁目,2,31-3130,jyonan.pdf,永興-24,high,
273,大字永興779番地,城南西町 1A31-3131,城南西一丁目,2,31-3131,jyonan.pdf,永興-24,high,
274,大字永興779番地,城南西町 1A31-3132,城南西一丁目,2,31-3132,jyonan.pdf,永興-24,high,
275,大字永興779番地,城南西町 1A31-3133,城南西一丁目,2,31-3133,jyonan.pdf,永興-24,high,
276,大字永興779番地,城南西町 1A-31-3134,城南西一丁目,2,31-3134,jyonan.pdf,永興-24,high,
277,大字永興779番地,城南西町 1A-31-3135,城南西一丁目,2,31-3135,jyonan.pdf,永興-24,high,
278,大字永興779番地,城南西町 1A31-3140,城南西一丁目,2,31-3140,jyonan.pdf,永興-24,high,
279,大字永興779番地,城南西町 1A31-3141,城南西一丁目,2,31-3141,jyonan.pdf,永興-24,high,
280,大字永興779番地,城南西町 1A31-3142,城南西一丁目,2,31-3142,jyonan.pdf,永興-24,high,
281,大字永興779番地,城南西町 1A31-3143,城南西一丁目,2,31-3143,jyonan.pdf,永興-24,high,
282,大字永興779番地,城南西町 1A31-3144,城南西一丁目,2,31-3144,jyonan.pdf,永興-24,high,
283,大字永興779番地,城南西町 1A-31-3145,城南西一丁目,2,31-3145,jyonan.pdf,永興-24,high,
284,大字永興779番地,,城南西一丁目,2,32,jyonan.pdf,永興-24,high,資料上通称の記載なし
285,大字永興779番地,城南西町 1A-32-3210,城南西一丁目,2,32-3210,jyonan.pdf,永興-25,high,
286,大字永興779番地,城南西町 1A32-3211,城南西一丁目,2,32-3211,jyonan.pdf,永興-25,high,
287,大字永興779番地,城南西町 県営1A32ｰ3212,城南西一丁目,2,32-3212,jyonan.pdf,永興-25,high,
288,大字永興779番地,城南西町 1A32-3213,城南西一丁目,2,32-3213,jyonan.pdf,永興-25,high,
289,大字永興779番地,城南西町 1A32-3214,城南西一丁目,2,32-3214,jyonan.pdf,永興-25,high,
290,大字永興779番地,城南西町 1A32-3215,城南西一丁目,2,32-3215,jyonan.pdf,永興-25,high,
291,大字永興779番地,城南西町 1A-32-3220,城南西一丁目,2,32-3220,jyonan.pdf,永興-25,high,
292,大字永興779番地,城南西町 1A32-3221,城南西一丁目,2,32-3221,jyonan.pdf,永興-25,high,
293,大字永興779番地,城南西町 1A32-3222,城南西一丁目,2,32-3222,jyonan.pdf,永興-25,high,
294,大字永興779番地,城南西町 1A32-3223,城南西一丁目,2,32-3223,jyonan.pdf,永興-25,high,
295,大字永興779番地,城南西町 1A32-3224,城南西一丁目,2,32-3224,jyonan.pdf,永興-25,high,
296,大字永興779番地,城南西町 1A-32-3225,城南西一丁目,2,32-3225,jyonan.pdf,永興-25,high,
297,大字永興779番地,城南西町 県営1A32-3230,城南西一丁目,2,32-3230,jyonan.pdf,永興-25,high,
298,大字永興779番地,城南西町 1A-32-3231,城南西一丁目,2,32-3231,jyonan.pdf,永興-26,high,
299,大字永興779番地,城南西町 1A32-3232,城南西一丁目,2,32-3232,jyonan.pdf,永興-26,high,
300,大字永興779番地,城南西町 1A32-3233,城南西一丁目,2,32-3233,jyonan.pdf,永興-26,high,
301,大字永興779番地,城南西町 1A32-3234,城南西一丁目,2,32-3234,jyonan.pdf,永興-26,high,
302,大字永興779番地,城南西町 1A-32-3235,城南西一丁目,2,32-3235,jyonan.pdf,永興-26,high,
303,大字永興779番地,城南西町 1A32-3240,城南西一丁目,2,32-3240,jyonan.pdf,永興-26,high,資料上2回出現
304,大字永興779番地,城南西町 1A-32-3241,城南西一丁目,2,32-3241,jyonan.pdf,永興-26,high,
305,大字永興779番地,城南西町 1A-32-3242,城南西一丁目,2,32-3242,jyonan.pdf,永興-26,high,
306,大字永興779番地,城南西町 県営1A32-3243,城南西一丁目,2,32-3243,jyonan.pdf,永興-26,high,資料上2回出現
307,大字永興779番地,城南西町 1A-32-3244,城南西一丁目,2,32-3244,jyonan.pdf,永興-26,high,
308,大字永興779番地,城南西町 1A-32-3245,城南西一丁目,2,32-3245,jyonan.pdf,永興-26,high,
309,大字永興779番地,,城南西一丁目,2,33,jyonan.pdf,永興-27,high,資料上通称の記載なし
310,大字永興779番地,城南西町 1A33-3310,城南西一丁目,2,33-3310,jyonan.pdf,永興-27,high,
311,大字永興779番地,城南西町 1A33-3311,城南西一丁目,2,33-3311,jyonan.pdf,永興-27,high,
312,大字永興779番地,城南西町 1A33-3312,城南西一丁目,2,33-3312,jyonan.pdf,永興-27,high,
313,大字永興779番地,城南西町 1A33-3313,城南西一丁目,2,33-3313,jyonan.pdf,永興-27,high,
314,大字永興779番地,城南西町 1A33-3320,城南西一丁目,2,33-3320,jyonan.pdf,永興-27,high,
315,大字永興779番地,城南西町 1A33-3321,城南西一丁目,2,33-3321,jyonan.pdf,永興-27,high,
316,大字永興779番地,城南西町 1A33-3322,城南西一丁目,2,33-3322,jyonan.pdf,永興-27,high,資料上2回出現
317,大字永興779番地,城南西町 1A-33-3323,城南西一丁目,2,33-3323,jyonan.pdf,永興-27,high,
318,大字永興779番地,城南西町 1A33-3330,城南西一丁目,2,33-3330,jyonan.pdf,永興-27,high,
319,大字永興779番地,城南西町 県営1A33-3331,城南西一丁目,2,33-3331,jyonan.pdf,永興-27,high,
320,大字永興779番地,城南西町 1A-33-3332,城南西一丁目,2,33-3332,jyonan.pdf,永興-27,high,
321,大字永興779番地,城南西町 1A33-3333,城南西一丁目,2,33-3333,jyonan.pdf,永興-28,high,
322,大字永興779番地,城南西町 1A33-3340,城南西一丁目,2,33-3340,jyonan.pdf,永興-28,high,
323,大字永興779番地,城南西町 1A33-3341,城南西一丁目,2,33-3341,jyonan.pdf,永興-28,high,
324,大字永興779番地,城南西町 1A-33-3342,城南西一丁目,2,33-3342,jyonan.pdf,永興-28,high,
325,大字永興779番地,城南西町 1A-33-3343,城南西一丁目,2,33-3343,jyonan.pdf,永興-28,high,
326,大字永興779番地,,城南西一丁目,3,34,jyonan.pdf,永興-28,high,資料上通称の記載なし
327,大字永興779番地,城南西町 1A-34-3410,城南西一丁目,3,34-3410,jyonan.pdf,永興-28,high,
328,大字永興779番地,城南西町 1A34-3411,城南西一丁目,3,34-3411,jyonan.pdf,永興-28,high,
329,大字永興779番地,城南西町 1A34-3420,城南西一丁目,3,34-3420,jyonan.pdf,永興-28,high,
330,大字永興779番地,城南西町 1A34-3421,城南西一丁目,3,34-3421,jyonan.pdf,永興-28,high,
331,大字永興779番地,城南西町 1A34-3430,城南西一丁目,3,34-3430,jyonan.pdf,永興-28,high,
332,大字永興779番地,城南西町 1A34-3431,城南西一丁目,3,34-3431,jyonan.pdf,永興-28,high,
333,大字永興779番地,城南西町 1A34-3440,城南西一丁目,3,34-3440,jyonan.pdf,永興-28,high,
334,大字永興779番地,城南西町 1A-34-3441,城南西一丁目,3,34-3441,jyonan.pdf,永興-29,high,
335,大字永興779番地,,城南西一丁目,4,27,jyonan.pdf,永興-29,high,資料上通称の記載なし
336,大字永興779番地,城南西町 2A27-2710,城南西一丁目,4,27-2710,jyonan.pdf,永興-29,high,
337,大字永興779番地,城南西町 2A-27-2711,城南西一丁目,4,27-2711,jyonan.pdf,永興-29,high,
338,大字永興779番地,城南西町 2A27-2712,城南西一丁目,4,27-2712,jyonan.pdf,永興-29,high,
339,大字永興779番地,城南西町 2A27-2713,城南西一丁目,4,27-2713,jyonan.pdf,永興-29,high,
340,大字永興779番地,城南西町 2A27-2714,城南西一丁目,4,27-2714,jyonan.pdf,永興-29,high,
341,大字永興779番地,城南西町 2A27-2720,城南西一丁目,4,27-2720,jyonan.pdf,永興-29,high,
342,大字永興779番地,城南西町 2A27-2721,城南西一丁目,4,27-2721,jyonan.pdf,永興-29,high,
343,大字永興779番地,城南西町 2A27-2722,城南西一丁目,4,27-2722,jyonan.pdf,永興-29,high,
344,大字永興779番地,城南西町 2A27-2723,城南西一丁目,4,27-2723,jyonan.pdf,永興-29,high,
345,大字永興779番地,城南西町 2A27-2730,城南西一丁目,4,27-2730,jyonan.pdf,永興-29,high,
346,大字永興779番地,城南西町 2A27-2731,城南西一丁目,4,27-2731,jyonan.pdf,永興-29,high,
347,大字永興779番地,城南西町 2A27-2732,城南西一丁目,4,27-2732,jyonan.pdf,永興-30,high,
348,大字永興779番地,城南西町 2A27-2733,城南西一丁目,4,27-2733,jyonan.pdf,永興-30,high,
349,大字永興779番地,,城南西一丁目,4,28,jyonan.pdf,永興-30,high,資料上通称の記載なし
350,大字永興779番地,城南西町 2A28-2810,城南西一丁目,4,28-2810,jyonan.pdf,永興-30,high,
351,大字永興779番地,城南西町 2A28-2811,城南西一丁目,4,28-2811,jyonan.pdf,永興-30,high,
352,大字永興779番地,城南西町 2A28-2812,城南西一丁目,4,28-2812,jyonan.pdf,永興-30,high,
353,大字永興779番地,城南西町 2A28-2813,城南西一丁目,4,28-2813,jyonan.pdf,永興-30,high,
354,大字永興779番地,城南西町 2A28-2814,城南西一丁目,4,28-2814,jyonan.pdf,永興-30,high,
355,大字永興779番地,城南西町 2A28-2820,城南西一丁目,4,28-2820,jyonan.pdf,永興-30,high,
356,大字永興779番地,城南西町 2A28-2821,城南西一丁目,4,28-2821,jyonan.pdf,永興-30,high,
357,大字永興779番地,城南西町 2A28-2822,城南西一丁目,4,28-2822,jyonan.pdf,永興-30,high,
358,大字永興779番地,城南西町 2A-28-2823,城南西一丁目,4,28-2823,jyonan.pdf,永興-30,high,
359,大字永興779番地,城南西町 2A-28-2830,城南西一丁目,4,28-2830,jyonan.pdf,永興-30,high,
360,大字永興779番地,城南西町 2A28-2831,城南西一丁目,4,28-2831,jyonan.pdf,永興-31,high,
361,大字永興779番地,城南西町 2A28-2832,城南西一丁目,4,28-2832,jyonan.pdf,永興-31,high,
362,大字永興779番地,城南西町 2A-28-2833,城南西一丁目,4,28-2833,jyonan.pdf,永興-31,high,
363,大字永興779番地,,城南西一丁目,4,30,jyonan.pdf,永興-31,high,資料上通称の記載なし
364,大字永興779番地,城南西町 2A30-3010,城南西一丁目,4,30-3010,jyonan.pdf,永興-31,high,
365,大字永興779番地,城南西町 2A30-3011,城南西一丁目,4,30-3011,jyonan.pdf,永興-31,high,
366,大字永興779番地,城南西町 2A30-3012,城南西一丁目,4,30-3012,jyonan.pdf,永興-31,high,
367,大字永興779番地,城南西町 2A30-3013,城南西一丁目,4,30-3013,jyonan.pdf,永興-31,high,
368,大字永興779番地,城南西町 2A30-3014,城南西一丁目,4,30-3014,jyonan.pdf,永興-31,high,
369,大字永興779番地,城南西町 2A30-3020,城南西一丁目,4,30-3020,jyonan.pdf,永興-31,high,
370,大字永興779番地,城南西町 2A30-3021,城南西一丁目,4,30-3021,jyonan.pdf,永興-31,high,
371,大字永興779番地,城南西町 2A-30-3022,城南西一丁目,4,30-3022,jyonan.pdf,永興-31,high,
372,大字永興779番地,城南西町 2A30-3023,城南西一丁目,4,30-3023,jyonan.pdf,永興-31,high,
373,大字永興779番地,城南西町 2A30-3030,城南西一丁目,4,30-3030,jyonan.pdf,永興-32,high,
374,大字永興779番地,城南西町 2A30-3031,城南西一丁目,4,30-3031,jyonan.pdf,永興-32,high,
375,大字永興779番地,城南西町 2A30-3032,城南西一丁目,4,30-3032,jyonan.pdf,永興-32,high,資料上2回出現
376,大字永興779番地,城南西町 2A-30-3033,城南西一丁目,4,30-3033,jyonan.pdf,永興-32,high,
377,大字永興779番地,城南西町 2A30-3040,城南西一丁目,4,30-3040,jyonan.pdf,永興-32,high,
378,大字永興779番地,城南西町 2A30-3041,城南西一丁目,4,30-3041,jyonan.pdf,永興-32,high,1対多
379,大字永興779番地,,城南西一丁目,4,30-3041,jyonan.pdf,永興-32,high,資料上通称の記載なし、1対多
380,大字永興779番地,城南西町 2A-30-3042,城南西一丁目,4,30-3042,jyonan.pdf,永興-32,high,
381,大字永興779番地,城南西町 2A30-3043,城南西一丁目,4,30-3043,jyonan.pdf,永興-32,high,
382,大字永興779番地,,城南西一丁目,2,35,jyonan.pdf,永興-32,high,資料上通称の記載なし
383,大字永興779番地,城南西町 2A35-3510,城南西一丁目,2,35-3510,jyonan.pdf,永興-32,high,
384,大字永興779番地,城南西町 2A35-3511,城南西一丁目,2,35-3511,jyonan.pdf,永興-32,high,
385,大字永興779番地,城南西町 2A35-3512,城南西一丁目,2,35-3512,jyonan.pdf,永興-33,high,
386,大字永興779番地,城南西町 2A35-3513,城南西一丁目,2,35-3513,jyonan.pdf,永興-33,high,
387,大字永興779番地,城南西町 2A35-3514,城南西一丁目,2,35-3514,jyonan.pdf,永興-33,high,
388,大字永興779番地,城南西町 2A-35-3520,城南西一丁目,2,35-3520,jyonan.pdf,永興-33,high,
389,大字永興779番地,城南西町 2A-35-3521,城南西一丁目,2,35-3521,jyonan.pdf,永興-33,high,
390,大字永興779番地,城南西町 2A35-3522,城南西一丁目,2,35-3522,jyonan.pdf,永興-33,high,
391,大字永興779番地,城南西町 2A35-3523,城南西一丁目,2,35-3523,jyonan.pdf,永興-33,high,
392,大字永興779番地,城南西町 2A35-3530,城南西一丁目,2,35-3530,jyonan.pdf,永興-33,high,
393,大字永興779番地,城南西町 2A-35-3531,城南西一丁目,2,35-3531,jyonan.pdf,永興-33,high,
394,大字永興779番地,城南西町 2A35-3532,城南西一丁目,2,35-3532,jyonan.pdf,永興-33,high,
395,大字永興779番地,城南西町 2A35-3533,城南西一丁目,2,35-3533,jyonan.pdf,永興-33,high,
396,大字永興779番地,,城南西一丁目,2,36,jyonan.pdf,永興-33,high,資料上通称の記載なし
397,大字永興779番地,城南西町 2A-36-3610,城南西一丁目,2,36-3610,jyonan.pdf,永興-33,high,
398,大字永興779番地,城南西町 2A36-3611,城南西一丁目,2,36-3611,jyonan.pdf,永興-34,high,
399,大字永興779番地,城南西町 2A36-3612,城南西一丁目,2,36-3612,jyonan.pdf,永興-34,high,
400,大字永興779番地,城南西町 2A36-3613,城南西一丁目,2,36-3613,jyonan.pdf,永興-34,high,
401,大字永興779番地,城南西町 2A36-3614,城南西一丁目,2,36-3614,jyonan.pdf,永興-34,high,
402,大字永興779番地,城南西町 2A-36-3620,城南西一丁目,2,36-3620,jyonan.pdf,永興-34,high,資料上2回出現
403,大字永興779番地,城南西町 2A-36-3621,城南西一丁目,2,36-3621,jyonan.pdf,永興-34,high,
404,大字永興779番地,城南西町 2A-36-3622,城南西一丁目,2,36-3622,jyonan.pdf,永興-34,high,
405,大字永興779番地,城南西町 2A-36-3623,城南西一丁目,2,36-3623,jyonan.pdf,永興-34,high,
406,大字永興779番地,城南西町 2A36-3630,城南西一丁目,2,36-3630,jyonan.pdf,永興-34,high,
407,大字永興779番地,城南西町 2A-36-3631,城南西一丁目,2,36-3631,jyonan.pdf,永興-34,high,
408,大字永興779番地,城南西町 2A36-32,城南西一丁目,2,36-32,jyonan.pdf,永興-34,high,
409,大字永興779番地,城南西町 2A-36-3633,城南西一丁目,2,36-3633,jyonan.pdf,永興-34,high,
410,大字永興779番地,,城南西一丁目,2,37,jyonan.pdf,永興-35,high,資料上通称の記載なし
411,大字永興779番地,城南西町 2A37-3710,城南西一丁目,2,37-3710,jyonan.pdf,永興-35,high,
412,大字永興779番地,城南西町 2A37-3711,城南西一丁目,2,37-3711,jyonan.pdf,永興-35,high,
413,大字永興779番地,城南西町 2A37-3712,城南西一丁目,2,37-3712,jyonan.pdf,永興-35,high,
414,大字永興779番地,城南西町 2A37-3713,城南西一丁目,2,37-3713,jyonan.pdf,永興-35,high,
415,大字永興779番地,城南西町 県営2A37-3714,城南西一丁目,2,37-3714,jyonan.pdf,永興-35,high,
416,大字永興779番地,城南西町 2A37-3715,城南西一丁目,2,37-3715,jyonan.pdf,永興-35,high,
417,大字永興779番地,城南西町 2A37-3716,城南西一丁目,2,37-3716,jyonan.pdf,永興-35,high,
418,大字永興779番地,城南西町 2A37-3717,城南西一丁目,2,37-3717,jyonan.pdf,永興-35,high,
419,大字永興779番地,城南西町 2A-37-3720,城南西一丁目,2,37-3720,jyonan.pdf,永興-35,high,
420,大字永興779番地,城南西町 2A-37-3721,城南西一丁目,2,37-3721,jyonan.pdf,永興-35,high,
421,大字永興779番地,城南西町 2A-37-3722,城南西一丁目,2,37-3722,jyonan.pdf,永興-35,high,
422,大字永興779番地,城南西町 2A-37-3723,城南西一丁目,2,37-3723,jyonan.pdf,永興-35,high,
423,大字永興779番地,城南西町 2A-37-3724,城南西一丁目,2,37-3724,jyonan.pdf,永興-36,high,
424,大字永興779番地,城南西町 2A37-3725,城南西一丁目,2,37-3725,jyonan.pdf,永興-36,high,
425,大字永興779番地,城南西町 2A-37-3730,城南西一丁目,2,37-3730,jyonan.pdf,永興-36,high,
426,大字永興779番地,城南西町 2A-37-3731,城南西一丁目,2,37-3731,jyonan.pdf,永興-36,high,資料上2回出現
427,大字永興779番地,城南西町 2A-37-3732,城南西一丁目,2,37-3732,jyonan.pdf,永興-36,high,
428,大字永興779番地,城南西町 2A37-3733,城南西一丁目,2,37-3733,jyonan.pdf,永興-36,high,
429,大字永興779番地,城南西町 2A-37-3734,城南西一丁目,2,37-3734,jyonan.pdf,永興-36,high,
430,大字永興779番地,城南西町 2A-37-3735,城南西一丁目,2,37-3735,jyonan.pdf,永興-36,high,
431,大字永興779番地,,城南西一丁目,2,38,jyonan.pdf,永興-36,high,資料上通称の記載なし
432,大字永興779番地,城南西町 2A-38-3810,城南西一丁目,2,38-3810,jyonan.pdf,永興-36,high,
433,大字永興779番地,城南西町 2A-38-3811,城南西一丁目,2,38-3811,jyonan.pdf,永興-36,high,
434,大字永興779番地,城南西町 2A38-3812,城南西一丁目,2,38-3812,jyonan.pdf,永興-36,high,
435,大字永興779番地,城南西町 2A38-3813,城南西一丁目,2,38-3813,jyonan.pdf,永興-37,high,
436,大字永興779番地,城南西町 2A-38-3820,城南西一丁目,2,38-3820,jyonan.pdf,永興-37,high,
437,大字永興779番地,城南西町 2A-38-3821,城南西一丁目,2,38-3821,jyonan.pdf,永興-37,high,
438,大字永興779番地,城南西町 2A-38-3822,城南西一丁目,2,38-3822,jyonan.pdf,永興-37,high,
439,大字永興779番地,城南西町 2A38-3823,城南西一丁目,2,38-3823,jyonan.pdf,永興-37,high,
440,大字永興779番地,城南西町 2A38-3830,城南西一丁目,2,38-3830,jyonan.pdf,永興-37,high,
441,大字永興779番地,城南西町 2A-38-3831,城南西一丁目,2,38-3831,jyonan.pdf,永興-37,high,
442,大字永興779番地,城南西町 2A38-3832,城南西一丁目,2,38-3832,jyonan.pdf,永興-37,high,
443,大字永興779番地,城南西町 2A-38-3833,城南西一丁目,2,38-3833,jyonan.pdf,永興-37,high,
444,大字永興779番地,,城南西一丁目,3,39,jyonan.pdf,永興-37,high,資料上通称の記載なし
445,大字永興779番地,城南西町 2A39-3910,城南西一丁目,3,39-3910,jyonan.pdf,永興-37,high,
446,大字永興779番地,城南西町 2A-39-3911,城南西一丁目,3,39-3911,jyonan.pdf,永興-37,high,
447,大字永興779番地,城南西町 2A39-3920,城南西一丁目,3,39-3920,jyonan.pdf,永興-37,high,
448,大字永興779番地,城南西町 2A39-3921,城南西一丁目,3,39-3921,jyonan.pdf,永興-38,high,
449,大字永興779番地,城南西町 2A39-3930,城南西一丁目,3,39-3930,jyonan.pdf,永興-38,high,
450,大字永興779番地,城南西町 2A39-3931,城南西一丁目,3,39-3931,jyonan.pdf,永興-38,high,
451,大字永興779番地,,城南西一丁目,2,40,jyonan.pdf,永興-38,high,資料上通称の記載なし
452,大字永興779番地,,城南南一丁目,3,1,jyonan.pdf,永興-38,high,資料上通称の記載なし
453,大字永興779番地,城南南町 県営城南住宅S-1-101,城南南一丁目,3,1-101,jyonan.pdf,永興-38,high,
454,大字永興779番地,城南南町 県営城南住宅S-1-102,城南南一丁目,3,1-102,jyonan.pdf,永興-38,high,
455,大字永興779番地,城南南町 県営城南住宅S-1-103,城南南一丁目,3,1-103,jyonan.pdf,永興-38,high,
456,大字永興779番地,城南南町 県営城南住宅S-1-201,城南南一丁目,3,1-201,jyonan.pdf,永興-38,high,
457,大字永興779番地,城南南町 県営城南住宅S-1-202,城南南一丁目,3,1-202,jyonan.pdf,永興-38,high,
458,大字永興779番地,城南南町 県営城南住宅S-1-203,城南南一丁目,3,1-203,jyonan.pdf,永興-38,high,
459,大字永興779番地,城南南町 県営城南住宅S-1-204,城南南一丁目,3,1-204,jyonan.pdf,永興-38,high,
460,大字永興779番地,城南南町 県営城南住宅S-1-205,城南南一丁目,3,1-205,jyonan.pdf,永興-38,high,
461,大字永興779番地,城南南町 県営城南住宅S-1-206,城南南一丁目,3,1-206,jyonan.pdf,永興-39,high,
462,大字永興779番地,城南南町 県営城南住宅S-1-207,城南南一丁目,3,1-207,jyonan.pdf,永興-39,high,
463,大字永興779番地,城南南町 県営城南住宅S-1-208,城南南一丁目,3,1-208,jyonan.pdf,永興-39,high,
464,大字永興779番地,城南南町 県営城南住宅S-1-209,城南南一丁目,3,1-209,jyonan.pdf,永興-39,high,
465,大字永興779番地,城南南町 県営城南住宅S-1-210,城南南一丁目,3,1-210,jyonan.pdf,永興-39,high,
466,大字永興779番地,城南南町 県営城南住宅S-1-301,城南南一丁目,3,1-301,jyonan.pdf,永興-39,high,
467,大字永興779番地,城南南町 県営城南住宅S-1-302,城南南一丁目,3,1-302,jyonan.pdf,永興-39,high,
468,大字永興779番地,城南南町 県営城南住宅S-1-303,城南南一丁目,3,1-303,jyonan.pdf,永興-39,high,
469,大字永興779番地,城南南町 県営城南住宅S-1-304,城南南一丁目,3,1-304,jyonan.pdf,永興-39,high,
470,大字永興779番地,城南南町 県営城南住宅S-1-305,城南南一丁目,3,1-305,jyonan.pdf,永興-39,high,
471,大字永興779番地,城南南町 県営城南住宅S-1-306,城南南一丁目,3,1-306,jyonan.pdf,永興-39,high,
472,大字永興779番地,城南南町 県営城南住宅S-1-307,城南南一丁目,3,1-307,jyonan.pdf,永興-39,high,
473,大字永興779番地,城南南町 県営城南住宅S-1-308,城南南一丁目,3,1-308,jyonan.pdf,永興-39,high,
474,大字永興779番地,城南南町 県営城南住宅S-1-309,城南南一丁目,3,1-309,jyonan.pdf,永興-40,high,
475,大字永興779番地,城南南町 県営城南住宅S-1-310,城南南一丁目,3,1-310,jyonan.pdf,永興-40,high,
476,大字永興779番地,城南南町 県営城南住宅S-1-401,城南南一丁目,3,1-401,jyonan.pdf,永興-40,high,
477,大字永興779番地,城南南町 県営城南住宅S-1-402,城南南一丁目,3,1-402,jyonan.pdf,永興-40,high,
478,大字永興779番地,城南南町 県営城南住宅S-1-403,城南南一丁目,3,1-403,jyonan.pdf,永興-40,high,
479,大字永興779番地,城南南町 県営城南住宅S-1-404,城南南一丁目,3,1-404,jyonan.pdf,永興-40,high,
480,大字永興779番地,城南南町 県営城南住宅S-1-405,城南南一丁目,3,1-405,jyonan.pdf,永興-40,high,
481,大字永興779番地,城南南町 県営城南住宅S-1-406,城南南一丁目,3,1-406,jyonan.pdf,永興-40,high,
482,大字永興779番地,城南南町 県営城南住宅S-1-407,城南南一丁目,3,1-407,jyonan.pdf,永興-40,high,
483,大字永興779番地,城南南町 県営城南住宅S-1-408,城南南一丁目,3,1-408,jyonan.pdf,永興-40,high,
484,大字永興779番地,城南南町 県営城南住宅S-1-409,城南南一丁目,3,1-409,jyonan.pdf,永興-40,high,
485,大字永興779番地,城南南町 県営城南住宅S-1-410,城南南一丁目,3,1-410,jyonan.pdf,永興-40,high,
486,大字永興779番地,城南南町 県営城南住宅S-1-501,城南南一丁目,3,1-501,jyonan.pdf,永興-40,high,
487,大字永興779番地,城南南町 県営城南住宅S-1-502,城南南一丁目,3,1-502,jyonan.pdf,永興-41,high,
488,大字永興779番地,城南南町 県営城南住宅S-1-503,城南南一丁目,3,1-503,jyonan.pdf,永興-41,high,
489,大字永興779番地,城南南町 県営城南住宅S-1-504,城南南一丁目,3,1-504,jyonan.pdf,永興-41,high,
490,大字永興779番地,城南南町 県営城南住宅S-1-505,城南南一丁目,3,1-505,jyonan.pdf,永興-41,high,
491,大字永興779番地,城南南町 県営城南住宅S-1-506,城南南一丁目,3,1-506,jyonan.pdf,永興-41,high,
492,大字永興779番地,城南南町 県営城南住宅S-1-507,城南南一丁目,3,1-507,jyonan.pdf,永興-41,high,
493,大字永興779番地,城南南町 県営城南住宅S-1-508,城南南一丁目,3,1-508,jyonan.pdf,永興-41,high,
494,大字永興779番地,城南南町 県営城南住宅S-1-509,城南南一丁目,3,1-509,jyonan.pdf,永興-41,high,
495,大字永興779番地,城南南町 県営城南住宅S-1-510,城南南一丁目,3,1-510,jyonan.pdf,永興-41,high,資料上2回出現
496,大字永興779番地,城南南町 県営城南住宅S-1-601,城南南一丁目,3,1-601,jyonan.pdf,永興-41,high,
497,大字永興779番地,城南南町 県営城南住宅S-1-602,城南南一丁目,3,1-602,jyonan.pdf,永興-41,high,資料上2回出現
498,大字永興779番地,城南南町 県営城南住宅S-1-603,城南南一丁目,3,1-603,jyonan.pdf,永興-42,high,
499,大字永興779番地,城南南町 県営城南住宅S-1-604,城南南一丁目,3,1-604,jyonan.pdf,永興-42,high,
500,大字永興779番地,城南南町 県営城南住宅S-1-605,城南南一丁目,3,1-605,jyonan.pdf,永興-42,high,
501,大字永興779番地,城南南町 県営城南住宅S-1-606,城南南一丁目,3,1-606,jyonan.pdf,永興-42,high,
502,大字永興779番地,城南南町 県営城南住宅S-1-607,城南南一丁目,3,1-607,jyonan.pdf,永興-42,high,
503,大字永興779番地,城南南町 県営城南住宅S-1-608,城南南一丁目,3,1-608,jyonan.pdf,永興-42,high,
504,大字永興779番地,城南南町 県営城南住宅S-1-609,城南南一丁目,3,1-609,jyonan.pdf,永興-42,high,
505,大字永興779番地,城南南町 県営城南住宅S-1-610,城南南一丁目,3,1-610,jyonan.pdf,永興-42,high,
506,大字永興779番地,城南南町 県営城南住宅S-1-701,城南南一丁目,3,1-701,jyonan.pdf,永興-42,high,
507,大字永興779番地,城南南町 県営城南住宅S-1-702,城南南一丁目,3,1-702,jyonan.pdf,永興-42,high,
508,大字永興779番地,城南南町 県営城南住宅S-1-703,城南南一丁目,3,1-703,jyonan.pdf,永興-42,high,
509,大字永興779番地,城南南町 県営城南住宅S-1-704,城南南一丁目,3,1-704,jyonan.pdf,永興-42,high,
510,大字永興779番地,城南南町 県営城南住宅S-1-705,城南南一丁目,3,1-705,jyonan.pdf,永興-42,high,
511,大字永興779番地,城南南町 県営城南住宅S-1-706,城南南一丁目,3,1-706,jyonan.pdf,永興-43,high,
512,大字永興779番地,城南南町 県営城南住宅S-1-707,城南南一丁目,3,1-707,jyonan.pdf,永興-43,high,
513,大字永興779番地,城南南町 県営城南住宅S-1-708,城南南一丁目,3,1-708,jyonan.pdf,永興-43,high,
514,大字永興779番地,城南南町 県営城南住宅S-1-709,城南南一丁目,3,1-709,jyonan.pdf,永興-43,high,
515,大字永興779番地,城南南町 県営城南住宅S-1-710,城南南一丁目,3,1-710,jyonan.pdf,永興-43,high,
516,大字永興779番地,,城南南一丁目,3,2,jyonan.pdf,永興-43,high,資料上通称の記載なし
517,大字永興779番地,城南南町 県営城南住宅S-2-101,城南南一丁目,3,2-101,jyonan.pdf,永興-43,high,
518,大字永興779番地,城南南町 県営城南住宅S-2-102,城南南一丁目,3,2-102,jyonan.pdf,永興-43,high,
519,大字永興779番地,城南南町 県営城南住宅S-2-103,城南南一丁目,3,2-103,jyonan.pdf,永興-43,high,
520,大字永興779番地,城南南町 県営城南住宅S-2-104,城南南一丁目,3,2-104,jyonan.pdf,永興-43,high,
521,大字永興779番地,城南南町 県営城南住宅S-2-201,城南南一丁目,3,2-201,jyonan.pdf,永興-43,high,
522,大字永興779番地,城南南町 県営城南住宅S-2-202,城南南一丁目,3,2-202,jyonan.pdf,永興-43,high,
523,大字永興779番地,城南南町 県営城南住宅S-2-203,城南南一丁目,3,2-203,jyonan.pdf,永興-43,high,
524,大字永興779番地,城南南町 県営城南住宅S-2-204,城南南一丁目,3,2-204,jyonan.pdf,永興-44,high,
525,大字永興779番地,城南南町 県営城南住宅S-2-205,城南南一丁目,3,2-205,jyonan.pdf,永興-44,high,
526,大字永興779番地,城南南町 県営城南住宅S-2-206,城南南一丁目,3,2-206,jyonan.pdf,永興-44,high,
527,大字永興779番地,城南南町 県営城南住宅S-2-207,城南南一丁目,3,2-207,jyonan.pdf,永興-44,high,
528,大字永興779番地,城南南町 県営城南住宅S-2-208,城南南一丁目,3,2-208,jyonan.pdf,永興-44,high,
529,大字永興779番地,城南南町 県営城南住宅S-2-209,城南南一丁目,3,2-209,jyonan.pdf,永興-44,high,
530,大字永興779番地,城南南町 県営城南住宅S-2-301,城南南一丁目,3,2-301,jyonan.pdf,永興-44,high,
531,大字永興779番地,城南南町 県営城南住宅S-2-302,城南南一丁目,3,2-302,jyonan.pdf,永興-44,high,
532,大字永興779番地,城南南町 県営城南住宅S-2-303,城南南一丁目,3,2-303,jyonan.pdf,永興-44,high,
533,大字永興779番地,城南南町 県営城南住宅S-2-304,城南南一丁目,3,2-304,jyonan.pdf,永興-44,high,
534,大字永興779番地,城南南町 県営城南住宅S-2-305,城南南一丁目,3,2-305,jyonan.pdf,永興-44,high,
535,大字永興779番地,城南南町 県営城南住宅S-2-306,城南南一丁目,3,2-306,jyonan.pdf,永興-44,high,
536,大字永興779番地,城南南町 県営城南住宅S-2-307,城南南一丁目,3,2-307,jyonan.pdf,永興-44,high,
537,大字永興779番地,城南南町 県営城南住宅S-2-308,城南南一丁目,3,2-308,jyonan.pdf,永興-45,high,
538,大字永興779番地,城南南町 県営城南住宅S-2-309,城南南一丁目,3,2-309,jyonan.pdf,永興-45,high,
539,大字永興779番地,城南南町 県営城南住宅S-2-401,城南南一丁目,3,2-401,jyonan.pdf,永興-45,high,
540,大字永興779番地,城南南町 県営城南住宅S-2-402,城南南一丁目,3,2-402,jyonan.pdf,永興-45,high,
541,大字永興779番地,城南南町 県営城南住宅S-2-403,城南南一丁目,3,2-403,jyonan.pdf,永興-45,high,
542,大字永興779番地,城南南町 県営城南住宅S-2-404,城南南一丁目,3,2-404,jyonan.pdf,永興-45,high,
543,大字永興779番地,城南南町 県営城南住宅S-2-405,城南南一丁目,3,2-405,jyonan.pdf,永興-45,high,
544,大字永興779番地,城南南町 県営城南住宅S-2-406,城南南一丁目,3,2-406,jyonan.pdf,永興-45,high,
545,大字永興779番地,城南南町 県営城南住宅S-2-407,城南南一丁目,3,2-407,jyonan.pdf,永興-45,high,
546,大字永興779番地,城南南町 県営城南住宅S-2-408,城南南一丁目,3,2-408,jyonan.pdf,永興-45,high,
547,大字永興779番地,城南南町 県営城南住宅S-2-409,城南南一丁目,3,2-409,jyonan.pdf,永興-45,high,
548,大字永興779番地,城南南町 県営城南住宅S-2-501,城南南一丁目,3,2-501,jyonan.pdf,永興-45,high,
549,大字永興779番地,城南南町 県営城南住宅S-2-502,城南南一丁目,3,2-502,jyonan.pdf,永興-45,high,
550,大字永興779番地,城南南町 県営城南住宅S-2-503,城南南一丁目,3,2-503,jyonan.pdf,永興-46,high,
551,大字永興779番地,城南南町 県営城南住宅S-2-504,城南南一丁目,3,2-504,jyonan.pdf,永興-46,high,
552,大字永興779番地,城南南町 県営城南住宅S-2-505,城南南一丁目,3,2-505,jyonan.pdf,永興-46,high,
553,大字永興779番地,城南南町 県営城南住宅S-2-506,城南南一丁目,3,2-506,jyonan.pdf,永興-46,high,
554,大字永興779番地,城南南町 県営城南住宅S-2-507,城南南一丁目,3,2-507,jyonan.pdf,永興-46,high,
555,大字永興779番地,城南南町 県営城南住宅S-2-508,城南南一丁目,3,2-508,jyonan.pdf,永興-46,high,
556,大字永興779番地,城南南町 県営城南住宅S-2-509,城南南一丁目,3,2-509,jyonan.pdf,永興-46,high,
557,大字永興779番地,城南南町 県営城南住宅S-2-601,城南南一丁目,3,2-601,jyonan.pdf,永興-46,high,
558,大字永興779番地,城南南町 県営城南住宅S-2-602,城南南一丁目,3,2-602,jyonan.pdf,永興-46,high,
559,大字永興779番地,城南南町 県営城南住宅S-2-603,城南南一丁目,3,2-603,jyonan.pdf,永興-46,high,
560,大字永興779番地,城南南町 県営城南住宅S-2-604,城南南一丁目,3,2-604,jyonan.pdf,永興-46,high,
561,大字永興779番地,城南南町 県営城南住宅S-2-605,城南南一丁目,3,2-605,jyonan.pdf,永興-46,high,
562,大字永興779番地,城南南町 県営城南住宅S-2-606,城南南一丁目,3,2-606,jyonan.pdf,永興-46,high,
563,大字永興779番地,城南南町 県営城南住宅S-2-607,城南南一丁目,3,2-607,jyonan.pdf,永興-47,high,
564,大字永興779番地,城南南町 県営城南住宅S-2-608,城南南一丁目,3,2-608,jyonan.pdf,永興-47,high,
565,大字永興779番地,城南南町 県営城南住宅S-2-609,城南南一丁目,3,2-609,jyonan.pdf,永興-47,high,
566,大字永興779番地,城南南町 県営城南住宅S-2-701,城南南一丁目,3,2-701,jyonan.pdf,永興-47,high,
567,大字永興779番地,城南南町 県営城南住宅S-2-702,城南南一丁目,3,2-702,jyonan.pdf,永興-47,high,
568,大字永興779番地,城南南町 県営城南住宅S-2-703,城南南一丁目,3,2-703,jyonan.pdf,永興-47,high,
569,大字永興779番地,城南南町 県営城南住宅S-2-704,城南南一丁目,3,2-704,jyonan.pdf,永興-47,high,
570,大字永興779番地,城南南町 県営城南住宅S-2-705,城南南一丁目,3,2-705,jyonan.pdf,永興-47,high,
571,大字永興779番地,城南南町 県営城南住宅S-2-706,城南南一丁目,3,2-706,jyonan.pdf,永興-47,high,
572,大字永興779番地,城南南町 県営城南住宅S-2-707,城南南一丁目,3,2-707,jyonan.pdf,永興-47,high,
573,大字永興779番地,城南南町 県営城南住宅S-2-708,城南南一丁目,3,2-708,jyonan.pdf,永興-47,high,
574,大字永興779番地,城南南町 県営城南住宅S-2-709,城南南一丁目,3,2-709,jyonan.pdf,永興-47,high,
575,大字永興779番地,,城南南一丁目,3,3,jyonan.pdf,永興-49,high,資料上通称の記載なし
576,大字永興779番地,,城南北二丁目,6,4,jyonan.pdf,永興-50,high,資料上通称の記載なし
577,大字永興779番地,城南北町 1A4-416,城南北二丁目,6,4-416,jyonan.pdf,永興-50,high,
578,大字永興779番地,城南北町 1A-4-417,城南北二丁目,6,4-417,jyonan.pdf,永興-50,high,
579,大字永興779番地,城南北町 1A-4-418,城南北二丁目,6,4-418,jyonan.pdf,永興-50,high,
580,大字永興779番地,城南北町 1A4-419,城南北二丁目,6,4-419,jyonan.pdf,永興-50,high,
581,大字永興779番地,城南北町 1A-4-420,城南北二丁目,6,4-420,jyonan.pdf,永興-50,high,
582,大字永興779番地,城南北町 1A-4-421,城南北二丁目,6,4-421,jyonan.pdf,永興-50,high,
583,大字永興779番地,城南北町 1A-4-422,城南北二丁目,6,4-422,jyonan.pdf,永興-50,high,
584,大字永興779番地,城南北町 1A4-423,城南北二丁目,6,4-423,jyonan.pdf,永興-50,high,
585,大字永興779番地,城南北町 1A4-424,城南北二丁目,6,4-424,jyonan.pdf,永興-50,high,
586,大字永興779番地,城南北町 1A-4-425,城南北二丁目,6,4-425,jyonan.pdf,永興-50,high,
587,大字永興779番地,城南北町16班 1A4-426,城南北二丁目,6,4-426,jyonan.pdf,永興-50,high,
588,大字永興779番地,城南北町 1A-4-427,城南北二丁目,6,4-427,jyonan.pdf,永興-50,high,
589,大字永興779番地,城南北町 1A-4-428,城南北二丁目,6,4-428,jyonan.pdf,永興-51,high,
590,大字永興779番地,城南北町 1A-4-429,城南北二丁目,6,4-429,jyonan.pdf,永興-51,high,
591,大字永興779番地,城南北町 1A4-430,城南北二丁目,6,4-430,jyonan.pdf,永興-51,high,
592,大字永興779番地,城南北町 1A4-431,城南北二丁目,6,4-431,jyonan.pdf,永興-51,high,
593,大字永興779番地,,城南北二丁目,6,5,jyonan.pdf,永興-51,high,資料上通称の記載なし
594,大字永興779番地,城南北町 1A-5-432,城南北二丁目,6,5-432,jyonan.pdf,永興-51,high,
595,大字永興779番地,城南北町 1A5-433,城南北二丁目,6,5-433,jyonan.pdf,永興-51,high,
596,大字永興779番地,城南北町 1A-5-434,城南北二丁目,6,5-434,jyonan.pdf,永興-51,high,
597,大字永興779番地,城南北町 1A-5-435,城南北二丁目,6,5-435,jyonan.pdf,永興-51,high,
598,大字永興779番地,城南北町 1A-5-436,城南北二丁目,6,5-436,jyonan.pdf,永興-51,high,
599,大字永興779番地,城南北町 1A-5-437,城南北二丁目,6,5-437,jyonan.pdf,永興-51,high,
600,大字永興779番地,城南北町 1A-5-438,城南北二丁目,6,5-438,jyonan.pdf,永興-51,high,
601,大字永興779番地,城南北町 1A-5-439,城南北二丁目,6,5-439,jyonan.pdf,永興-51,high,
602,大字永興779番地,城南北町 1A-5-440,城南北二丁目,6,5-440,jyonan.pdf,永興-52,high,
603,大字永興779番地,城南北町 1A-5-441,城南北二丁目,6,5-441,jyonan.pdf,永興-52,high,
604,大字永興779番地,城南北町 1A-5-442,城南北二丁目,6,5-442,jyonan.pdf,永興-52,high,
605,大字永興779番地,城南北町 1A5-443,城南北二丁目,6,5-443,jyonan.pdf,永興-52,high,
606,大字永興779番地,城南北町 1A5-444,城南北二丁目,6,5-444,jyonan.pdf,永興-52,high,
607,大字永興779番地,城南北町 1A5-445,城南北二丁目,6,5-445,jyonan.pdf,永興-52,high,
608,大字永興779番地,城南北町 1A5-446,城南北二丁目,6,5-446,jyonan.pdf,永興-52,high,
609,大字永興779番地,城南北町 1A-5-447,城南北二丁目,6,5-447,jyonan.pdf,永興-52,high,
610,大字永興779番地,,城南北二丁目,9,15,jyonan.pdf,永興-52,high,資料上通称の記載なし
611,大字永興779番地,城南北町 1A-15-1510,城南北二丁目,9,15-1510,jyonan.pdf,永興-52,high,
612,大字永興779番地,城南北町 1A15-1511,城南北二丁目,9,15-1511,jyonan.pdf,永興-52,high,
613,大字永興779番地,城南北町 1A15-1512,城南北二丁目,9,15-1512,jyonan.pdf,永興-52,high,
614,大字永興779番地,城南北町 1A15-1513,城南北二丁目,9,15-1513,jyonan.pdf,永興-52,high,
615,大字永興779番地,城南北町 1A15-1520,城南北二丁目,9,15-1520,jyonan.pdf,永興-53,high,
616,大字永興779番地,城南北町 1A15-1521,城南北二丁目,9,15-1521,jyonan.pdf,永興-53,high,
617,大字永興779番地,城南北町 1A15-1522,城南北二丁目,9,15-1522,jyonan.pdf,永興-53,high,
618,大字永興779番地,城南北町 1A-15-1523,城南北二丁目,9,15-1523,jyonan.pdf,永興-53,high,
619,大字永興779番地,城南北町 1A15-1530,城南北二丁目,9,15-1530,jyonan.pdf,永興-53,high,
620,大字永興779番地,城南北町 1A15-1531,城南北二丁目,9,15-1531,jyonan.pdf,永興-53,high,
621,大字永興779番地,城南北町 1A15-1532,城南北二丁目,9,15-1532,jyonan.pdf,永興-53,high,
622,大字永興779番地,城南北町 1A15-1533,城南北二丁目,9,15-1533,jyonan.pdf,永興-53,high,
623,大字永興779番地,城南北町 1A15-1540,城南北二丁目,9,15-1540,jyonan.pdf,永興-53,high,
624,大字永興779番地,城南北町 1A-15-1541,城南北二丁目,9,15-1541,jyonan.pdf,永興-53,high,
625,大字永興779番地,城南北町 1A15-1542,城南北二丁目,9,15-1542,jyonan.pdf,永興-53,high,
626,大字永興779番地,城南北町 1A15-1543,城南北二丁目,9,15-1543,jyonan.pdf,永興-53,high,
627,大字永興779番地,,城南北二丁目,9,16,jyonan.pdf,永興-53,high,資料上通称の記載なし
628,大字永興779番地,城南北町 1A16-1610,城南北二丁目,9,16-1610,jyonan.pdf,永興-54,high,
629,大字永興779番地,城南北町 1A16-1611,城南北二丁目,9,16-1611,jyonan.pdf,永興-54,high,
630,大字永興779番地,城南北町 1A16-1612,城南北二丁目,9,16-1612,jyonan.pdf,永興-54,high,
631,大字永興779番地,城南北町 1A-16-1613,城南北二丁目,9,16-1613,jyonan.pdf,永興-54,high,
632,大字永興779番地,城南北町 1A16-1620,城南北二丁目,9,16-1620,jyonan.pdf,永興-54,high,
633,大字永興779番地,城南北町 1A-16-1621,城南北二丁目,9,16-1621,jyonan.pdf,永興-54,high,
634,大字永興779番地,城南北町 1A16-1622,城南北二丁目,9,16-1622,jyonan.pdf,永興-54,high,
635,大字永興779番地,城南北町 1A16-1623,城南北二丁目,9,16-1623,jyonan.pdf,永興-54,high,
636,大字永興779番地,城南北町 1A16-1630,城南北二丁目,9,16-1630,jyonan.pdf,永興-54,high,
637,大字永興779番地,城南北町 1A-16-1632,城南北二丁目,9,16-1632,jyonan.pdf,永興-54,high,
638,大字永興779番地,城南北町 1A16-1633,城南北二丁目,9,16-1633,jyonan.pdf,永興-54,high,
639,大字永興779番地,城南北町 1A16-1640,城南北二丁目,9,16-1640,jyonan.pdf,永興-54,high,
640,大字永興779番地,城南北町 1A16-1641,城南北二丁目,9,16-1641,jyonan.pdf,永興-54,high,
641,大字永興779番地,城南北町 1A16-1642,城南北二丁目,9,16-1642,jyonan.pdf,永興-55,high,
642,大字永興779番地,城南北町 1A16-1643,城南北二丁目,9,16-1643,jyonan.pdf,永興-55,high,
643,大字永興779番地,,城南北二丁目,10,1,jyonan.pdf,永興-55,high,資料上通称の記載なし
644,大字永興779番地,城南北町 1H-101,城南北二丁目,10,1-101,jyonan.pdf,永興-55,high,
645,大字永興779番地,城南北町 1H-102,城南北二丁目,10,1-102,jyonan.pdf,永興-55,high,
646,大字永興779番地,城南北町 1H-103,城南北二丁目,10,1-103,jyonan.pdf,永興-55,high,資料上2回出現
647,大字永興779番地,城南北町 1H-104,城南北二丁目,10,1-104,jyonan.pdf,永興-55,high,
648,大字永興779番地,城南北町 1H-105,城南北二丁目,10,1-105,jyonan.pdf,永興-55,high,
649,大字永興779番地,城南北町 1H-106,城南北二丁目,10,1-106,jyonan.pdf,永興-55,high,
650,大字永興779番地,城南北町 1H-107,城南北二丁目,10,1-107,jyonan.pdf,永興-55,high,
651,大字永興779番地,城南北町 1H-108,城南北二丁目,10,1-108,jyonan.pdf,永興-55,high,
652,大字永興779番地,城南北町 1H-201,城南北二丁目,10,1-201,jyonan.pdf,永興-55,high,
653,大字永興779番地,城南北町 1H-202,城南北二丁目,10,1-202,jyonan.pdf,永興-56,high,
654,大字永興779番地,城南北町 1H-203,城南北二丁目,10,1-203,jyonan.pdf,永興-56,high,
655,大字永興779番地,城南北町 1H-204,城南北二丁目,10,1-204,jyonan.pdf,永興-56,high,
656,大字永興779番地,城南北町 1H-205,城南北二丁目,10,1-205,jyonan.pdf,永興-56,high,
657,大字永興779番地,城南北町 1H-206,城南北二丁目,10,1-206,jyonan.pdf,永興-56,high,
658,大字永興779番地,城南北町 1H-207,城南北二丁目,10,1-207,jyonan.pdf,永興-56,high,
659,大字永興779番地,城南北町 1H-208,城南北二丁目,10,1-208,jyonan.pdf,永興-56,high,
660,大字永興779番地,城南北町 1H-301,城南北二丁目,10,1-301,jyonan.pdf,永興-56,high,
661,大字永興779番地,城南北町 1H-302,城南北二丁目,10,1-302,jyonan.pdf,永興-56,high,
662,大字永興779番地,城南北町 1H-303,城南北二丁目,10,1-303,jyonan.pdf,永興-56,high,
663,大字永興779番地,城南北町 1H-304,城南北二丁目,10,1-304,jyonan.pdf,永興-56,high,
664,大字永興779番地,城南北町 1H-305,城南北二丁目,10,1-305,jyonan.pdf,永興-56,high,
665,大字永興779番地,城南北町 1H-306,城南北二丁目,10,1-306,jyonan.pdf,永興-56,high,
666,大字永興779番地,城南北町 1H-307,城南北二丁目,10,1-307,jyonan.pdf,永興-57,high,
667,大字永興779番地,城南北町 1H-308,城南北二丁目,10,1-308,jyonan.pdf,永興-57,high,
668,大字永興779番地,城南北町 1H-401,城南北二丁目,10,1-401,jyonan.pdf,永興-57,high,
669,大字永興779番地,城南北町 1H-402,城南北二丁目,10,1-402,jyonan.pdf,永興-57,high,
670,大字永興779番地,城南北町 1H-403,城南北二丁目,10,1-403,jyonan.pdf,永興-57,high,
671,大字永興779番地,城南北町 1H-404,城南北二丁目,10,1-404,jyonan.pdf,永興-57,high,
672,大字永興779番地,城南北町 1H-405,城南北二丁目,10,1-405,jyonan.pdf,永興-57,high,
673,大字永興779番地,城南北町 1H-406,城南北二丁目,10,1-406,jyonan.pdf,永興-57,high,
674,大字永興779番地,城南北町 1H-407,城南北二丁目,10,1-407,jyonan.pdf,永興-57,high,
675,大字永興779番地,城南北町 1H-408,城南北二丁目,10,1-408,jyonan.pdf,永興-57,high,
676,大字永興779番地,城南北町 1H-501,城南北二丁目,10,1-501,jyonan.pdf,永興-57,high,
677,大字永興779番地,城南北町 1H-502,城南北二丁目,10,1-502,jyonan.pdf,永興-57,high,
678,大字永興779番地,城南北町 1H-503,城南北二丁目,10,1-503,jyonan.pdf,永興-57,high,
679,大字永興779番地,城南北町 1H-504,城南北二丁目,10,1-504,jyonan.pdf,永興-58,high,
680,大字永興779番地,城南北町 1H-505,城南北二丁目,10,1-505,jyonan.pdf,永興-58,high,資料上2回出現
681,大字永興779番地,城南北町 1H-506,城南北二丁目,10,1-506,jyonan.pdf,永興-58,high,
682,大字永興779番地,城南北町 1H-507,城南北二丁目,10,1-507,jyonan.pdf,永興-58,high,
683,大字永興779番地,城南北町 1H-508号,城南北二丁目,10,1-508,jyonan.pdf,永興-58,high,
684,大字永興779番地,城南北町 1H-601,城南北二丁目,10,1-601,jyonan.pdf,永興-58,high,
685,大字永興779番地,城南北町 1H-602,城南北二丁目,10,1-602,jyonan.pdf,永興-58,high,
686,大字永興779番地,城南北町 1H-603,城南北二丁目,10,1-603,jyonan.pdf,永興-58,high,資料上2回出現
687,大字永興779番地,城南北町 1H-604,城南北二丁目,10,1-604,jyonan.pdf,永興-58,high,
688,大字永興779番地,城南北町 1H-605,城南北二丁目,10,1-605,jyonan.pdf,永興-58,high,資料上2回出現
689,大字永興779番地,城南北町 1H-606,城南北二丁目,10,1-606,jyonan.pdf,永興-59,high,
690,大字永興779番地,城南北町 1H-607,城南北二丁目,10,1-607,jyonan.pdf,永興-59,high,
691,大字永興779番地,城南北町 1H-608,城南北二丁目,10,1-608,jyonan.pdf,永興-59,high,
692,大字永興779番地,城南北町 1H-701,城南北二丁目,10,1-701,jyonan.pdf,永興-59,high,
693,大字永興779番地,城南北町 1H-702,城南北二丁目,10,1-702,jyonan.pdf,永興-59,high,
694,大字永興779番地,城南北町 1H-703,城南北二丁目,10,1-703,jyonan.pdf,永興-59,high,
695,大字永興779番地,城南北町 1H-704,城南北二丁目,10,1-704,jyonan.pdf,永興-59,high,
696,大字永興779番地,城南北町 1H705,城南北二丁目,10,1-705,jyonan.pdf,永興-59,high,
697,大字永興779番地,城南北町 1H-706,城南北二丁目,10,1-706,jyonan.pdf,永興-59,high,
698,大字永興779番地,城南北町 1H-707,城南北二丁目,10,1-707,jyonan.pdf,永興-59,high,
699,大字永興779番地,城南北町 1H-708,城南北二丁目,10,1-708,jyonan.pdf,永興-59,high,
700,大字永興779番地,,城南北二丁目,9,10,jyonan.pdf,永興-59,high,資料上通称の記載なし
701,大字永興779番地,,城南北二丁目,9,11,jyonan.pdf,永興-59,high,資料上通称の記載なし
702,大字永興779番地,城南北町 2A11-1110,城南北二丁目,9,11-1110,jyonan.pdf,永興-60,high,
703,大字永興779番地,城南北町 2A11-1111,城南北二丁目,9,11-1111,jyonan.pdf,永興-60,high,
704,大字永興779番地,城南北町 2A11-1112,城南北二丁目,9,11-1112,jyonan.pdf,永興-60,high,
705,大字永興779番地,城南北町 2A11-1113,城南北二丁目,9,11-1113,jyonan.pdf,永興-60,high,
706,大字永興779番地,城南北町 2A11-1114,城南北二丁目,9,11-1114,jyonan.pdf,永興-60,high,
707,大字永興779番地,城南北町 2A11-1115,城南北二丁目,9,11-1115,jyonan.pdf,永興-60,high,
708,大字永興779番地,城南北町 2A11-1116,城南北二丁目,9,11-1116,jyonan.pdf,永興-60,high,
709,大字永興779番地,城南北町 2A11-1117,城南北二丁目,9,11-1117,jyonan.pdf,永興-60,high,
710,大字永興779番地,城南北町 2A11-1120,城南北二丁目,9,11-1120,jyonan.pdf,永興-60,high,
711,大字永興779番地,城南北町 2A11-1121,城南北二丁目,9,11-1121,jyonan.pdf,永興-60,high,
712,大字永興779番地,城南北町 2A11-1122,城南北二丁目,9,11-1122,jyonan.pdf,永興-60,high,
713,大字永興779番地,城南北町 2A11-1123,城南北二丁目,9,11-1123,jyonan.pdf,永興-60,high,
714,大字永興779番地,城南北町 2A-11-1124,城南北二丁目,9,11-1124,jyonan.pdf,永興-60,high,
715,大字永興779番地,城南北町 2A11-1125,城南北二丁目,9,11-1125,jyonan.pdf,永興-61,high,
716,大字永興779番地,城南北町 2A11-1130,城南北二丁目,9,11-1130,jyonan.pdf,永興-61,high,
717,大字永興779番地,城南北町 2A-11-1131,城南北二丁目,9,11-1131,jyonan.pdf,永興-61,high,
718,大字永興779番地,城南北町 2A-11-1132,城南北二丁目,9,11-1132,jyonan.pdf,永興-61,high,
719,大字永興779番地,城南北町 2A11-1133,城南北二丁目,9,11-1133,jyonan.pdf,永興-61,high,
720,大字永興779番地,城南北町 2A11-1134,城南北二丁目,9,11-1134,jyonan.pdf,永興-61,high,
721,大字永興779番地,城南北町 2A11-1135,城南北二丁目,9,11-1135,jyonan.pdf,永興-61,high,
722,大字永興779番地,,城南北二丁目,9,12,jyonan.pdf,永興-61,high,資料上通称の記載なし
723,大字永興779番地,城南北町 2A-12-1210,城南北二丁目,9,12-1210,jyonan.pdf,永興-61,high,
724,大字永興779番地,城南北町 2A12-1211,城南北二丁目,9,12-1211,jyonan.pdf,永興-61,high,
725,大字永興779番地,城南北町 2A-12-1212,城南北二丁目,9,12-1212,jyonan.pdf,永興-61,high,
726,大字永興779番地,城南北町 2A12-1213,城南北二丁目,9,12-1213,jyonan.pdf,永興-61,high,
727,大字永興779番地,城南北町 2A12-1214,城南北二丁目,9,12-1214,jyonan.pdf,永興-61,high,
728,大字永興779番地,城南北町 2A-12-1220,城南北二丁目,9,12-1220,jyonan.pdf,永興-62,high,
729,大字永興779番地,城南北町 2A12-1221,城南北二丁目,9,12-1221,jyonan.pdf,永興-62,high,
730,大字永興779番地,城南北町 2A12-1222,城南北二丁目,9,12-1222,jyonan.pdf,永興-62,high,
731,大字永興779番地,城南北町 2A12-1223,城南北二丁目,9,12-1223,jyonan.pdf,永興-62,high,
732,大字永興779番地,城南北町 2A12-1230,城南北二丁目,9,12-1230,jyonan.pdf,永興-62,high,資料上2回出現
733,大字永興779番地,城南北町 2A12-1231,城南北二丁目,9,12-1231,jyonan.pdf,永興-62,high,
734,大字永興779番地,城南北町 2A-12-1232,城南北二丁目,9,12-1232,jyonan.pdf,永興-62,high,
735,大字永興779番地,城南北町 2A12-1233,城南北二丁目,9,12-1233,jyonan.pdf,永興-62,high,
736,大字永興779番地,,城南北二丁目,9,13,jyonan.pdf,永興-62,high,資料上通称の記載なし
737,大字永興779番地,城南北町 2A13-1310,城南北二丁目,9,13-1310,jyonan.pdf,永興-62,high,
738,大字永興779番地,城南北町 2A-13-1311,城南北二丁目,9,13-1311,jyonan.pdf,永興-62,high,
739,大字永興779番地,城南北町 2A13-1312,城南北二丁目,9,13-1312,jyonan.pdf,永興-62,high,
740,大字永興779番地,城南北町 2A13-1313,城南北二丁目,9,13-1313,jyonan.pdf,永興-63,high,
741,大字永興779番地,城南北町 2A13-1314,城南北二丁目,9,13-1314,jyonan.pdf,永興-63,high,
742,大字永興779番地,城南北町 2A13-1320,城南北二丁目,9,13-1320,jyonan.pdf,永興-63,high,
743,大字永興779番地,城南北町 2A-13-1321,城南北二丁目,9,13-1321,jyonan.pdf,永興-63,high,
744,大字永興779番地,城南北町 2A13-1322,城南北二丁目,9,13-1322,jyonan.pdf,永興-63,high,
745,大字永興779番地,城南北町 2A13-1323,城南北二丁目,9,13-1323,jyonan.pdf,永興-63,high,
746,大字永興779番地,城南北町 2A-13-1330,城南北二丁目,9,13-1330,jyonan.pdf,永興-63,high,
747,大字永興779番地,城南北町 2A-13-1331,城南北二丁目,9,13-1331,jyonan.pdf,永興-63,high,
748,大字永興779番地,城南北町 2A13-1332,城南北二丁目,9,13-1332,jyonan.pdf,永興-63,high,
749,大字永興779番地,城南北町 2A-13-1333,城南北二丁目,9,13-1333,jyonan.pdf,永興-63,high,
750,大字永興779番地,,城南北二丁目,9,14,jyonan.pdf,永興-63,high,資料上通称の記載なし
751,大字永興779番地,城南北町 2A14-1410,城南北二丁目,9,14-1410,jyonan.pdf,永興-63,high,
752,大字永興779番地,城南北町 2A-14-1411,城南北二丁目,9,14-1411,jyonan.pdf,永興-63,high,
753,大字永興779番地,城南北町 2A14-1412,城南北二丁目,9,14-1412,jyonan.pdf,永興-64,high,
754,大字永興779番地,城南北町 2A14-1413,城南北二丁目,9,14-1413,jyonan.pdf,永興-64,high,
755,大字永興779番地,城南北町 2A14-1414,城南北二丁目,9,14-1414,jyonan.pdf,永興-64,high,
756,大字永興779番地,城南北町 2A-14-1420,城南北二丁目,9,14-1420,jyonan.pdf,永興-64,high,
757,大字永興779番地,城南北町 2A-14-1421,城南北二丁目,9,14-1421,jyonan.pdf,永興-64,high,
758,大字永興779番地,城南北町 2A-14-1422,城南北二丁目,9,14-1422,jyonan.pdf,永興-64,high,
759,大字永興779番地,城南北町 2A-14-1423,城南北二丁目,9,14-1423,jyonan.pdf,永興-64,high,
760,大字永興779番地,城南北町 2A14-1430,城南北二丁目,9,14-1430,jyonan.pdf,永興-64,high,
761,大字永興779番地,城南北町 2A-14-1431,城南北二丁目,9,14-1431,jyonan.pdf,永興-64,high,
762,大字永興779番地,城南北町 2A-14-1432,城南北二丁目,9,14-1432,jyonan.pdf,永興-64,high,
763,大字永興779番地,城南北町 2A-14-1433,城南北二丁目,9,14-1433,jyonan.pdf,永興-64,high,
764,大字永興779番地,城南北町 2A-14-1440,城南北二丁目,9,14-1440,jyonan.pdf,永興-64,high,
765,大字永興779番地,城南北町 2A-14-1441,城南北二丁目,9,14-1441,jyonan.pdf,永興-64,high,
766,大字永興779番地,城南北町 2A14-1442,城南北二丁目,9,14-1442,jyonan.pdf,永興-65,high,
767,大字永興779番地,城南北町 2A-14-1443,城南北二丁目,9,14-1443,jyonan.pdf,永興-65,high,
768,大字永興779番地,,城南北二丁目,10,2,jyonan.pdf,永興-65,high,資料上通称の記載なし
769,大字永興779番地,城南北町 2H-101,城南北二丁目,10,2-101,jyonan.pdf,永興-65,high,
770,大字永興779番地,城南北町 2H-102,城南北二丁目,10,2-102,jyonan.pdf,永興-65,high,
771,大字永興779番地,城南北町 2H-103,城南北二丁目,10,2-103,jyonan.pdf,永興-65,high,
772,大字永興779番地,城南北町 2H-104,城南北二丁目,10,2-104,jyonan.pdf,永興-65,high,
773,大字永興779番地,城南北町 2H-201,城南北二丁目,10,2-201,jyonan.pdf,永興-65,high,
774,大字永興779番地,城南北町 2H-202,城南北二丁目,10,2-202,jyonan.pdf,永興-65,high,
775,大字永興779番地,城南北町 2H-203,城南北二丁目,10,2-203,jyonan.pdf,永興-65,high,
776,大字永興779番地,城南北町 2H-204,城南北二丁目,10,2-204,jyonan.pdf,永興-65,high,
777,大字永興779番地,城南北町 2H-205,城南北二丁目,10,2-205,jyonan.pdf,永興-65,high,
778,大字永興779番地,城南北町 2H-206,城南北二丁目,10,2-206,jyonan.pdf,永興-65,high,
779,大字永興779番地,城南北町 2H-301,城南北二丁目,10,2-301,jyonan.pdf,永興-66,high,
780,大字永興779番地,城南北町 2H-302,城南北二丁目,10,2-302,jyonan.pdf,永興-66,high,資料上2回出現
781,大字永興779番地,城南北町 2H-303,城南北二丁目,10,2-303,jyonan.pdf,永興-66,high,
782,大字永興779番地,城南北町 2H-304,城南北二丁目,10,2-304,jyonan.pdf,永興-66,high,
783,大字永興779番地,城南北町 2H-305,城南北二丁目,10,2-305,jyonan.pdf,永興-66,high,
784,大字永興779番地,城南北町 1A2H-306,城南北二丁目,10,2-306,jyonan.pdf,永興-66,high,
785,大字永興779番地,城南北町 2H-401,城南北二丁目,10,2-401,jyonan.pdf,永興-66,high,
786,大字永興779番地,城南北町 2H-402,城南北二丁目,10,2-402,jyonan.pdf,永興-66,high,
787,大字永興779番地,城南北町 2H-403,城南北二丁目,10,2-403,jyonan.pdf,永興-66,high,
788,大字永興779番地,城南北町 2H-404,城南北二丁目,10,2-404,jyonan.pdf,永興-66,high,
789,大字永興779番地,城南北町 2H-405,城南北二丁目,10,2-405,jyonan.pdf,永興-66,high,
790,大字永興779番地,城南北町 2H-406,城南北二丁目,10,2-406,jyonan.pdf,永興-66,high,
791,大字永興779番地,城南北町 2H-501,城南北二丁目,10,2-501,jyonan.pdf,永興-67,high,
792,大字永興779番地,城南北町 2Hｰ502,城南北二丁目,10,2-502,jyonan.pdf,永興-67,high,
793,大字永興779番地,城南北町 2H-503,城南北二丁目,10,2-503,jyonan.pdf,永興-67,high,
794,大字永興779番地,城南北町 2H-504,城南北二丁目,10,2-504,jyonan.pdf,永興-67,high,
795,大字永興779番地,城南北町 2H-505,城南北二丁目,10,2-505,jyonan.pdf,永興-67,high,
796,大字永興779番地,城南北町 2H-506,城南北二丁目,10,2-506,jyonan.pdf,永興-67,high,
797,大字永興779番地,城南北町 2H-601,城南北二丁目,10,2-601,jyonan.pdf,永興-67,high,
798,大字永興779番地,城南北町 2H-602,城南北二丁目,10,2-602,jyonan.pdf,永興-67,high,
799,大字永興779番地,城南北町 2H-603,城南北二丁目,10,2-603,jyonan.pdf,永興-67,high,
800,大字永興779番地,城南北町 2H-604,城南北二丁目,10,2-604,jyonan.pdf,永興-67,high,
801,大字永興779番地,城南北町 2H-605,城南北二丁目,10,2-605,jyonan.pdf,永興-67,high,
802,大字永興779番地,城南北町 2H-606,城南北二丁目,10,2-606,jyonan.pdf,永興-67,high,
803,大字永興779番地,城南北町 2H-701,城南北二丁目,10,2-701,jyonan.pdf,永興-67,high,
804,大字永興779番地,城南北町 2H-702,城南北二丁目,10,2-702,jyonan.pdf,永興-68,high,
805,大字永興779番地,城南北町 2H-703,城南北二丁目,10,2-703,jyonan.pdf,永興-68,high,
806,大字永興779番地,城南北町 2H-704,城南北二丁目,10,2-704,jyonan.pdf,永興-68,high,
807,大字永興779番地,城南北町 2H-705,城南北二丁目,10,2-705,jyonan.pdf,永興-68,high,
808,大字永興779番地,城南北町 2H-706,城南北二丁目,10,2-706,jyonan.pdf,永興-68,high,
809,大字永興779番地,城南北町 2H-801,城南北二丁目,10,2-801,jyonan.pdf,永興-68,high,
810,大字永興779番地,城南北町 2H-802,城南北二丁目,10,2-802,jyonan.pdf,永興-68,high,
811,大字永興779番地,城南北町 2H-803,城南北二丁目,10,2-803,jyonan.pdf,永興-68,high,
812,大字永興779番地,城南北町 2H-804,城南北二丁目,10,2-804,jyonan.pdf,永興-68,high,
813,大字永興779番地,城南北町 2H-805,城南北二丁目,10,2-805,jyonan.pdf,永興-68,high,
814,大字永興779番地,城南北町 2H-806,城南北二丁目,10,2-806,jyonan.pdf,永興-68,high,
815,大字永興779番地,城南北町 2H-901,城南北二丁目,10,2-901,jyonan.pdf,永興-68,high,
816,大字永興779番地,城南北町 2H-902,城南北二丁目,10,2-902,jyonan.pdf,永興-68,high,
817,大字永興779番地,城南北町 2H-903,城南北二丁目,10,2-903,jyonan.pdf,永興-69,high,
818,大字永興779番地,城南北町 2H-904,城南北二丁目,10,2-904,jyonan.pdf,永興-69,high,
819,大字永興779番地,城南北町 2H-905,城南北二丁目,10,2-905,jyonan.pdf,永興-69,high,
820,大字永興779番地,城南北町 2H-906,城南北二丁目,10,2-906,jyonan.pdf,永興-69,high,資料上2回出現
821,大字永興779番地,城南北町 2H-1001,城南北二丁目,10,2-1001,jyonan.pdf,永興-69,high,
822,大字永興779番地,城南北町 2H-1002,城南北二丁目,10,2-1002,jyonan.pdf,永興-69,high,
823,大字永興779番地,城南北町 2H-1003,城南北二丁目,10,2-1003,jyonan.pdf,永興-69,high,
824,大字永興779番地,城南北町 2H-1004,城南北二丁目,10,2-1004,jyonan.pdf,永興-69,high,
825,大字永興779番地,城南北町 2H-1005,城南北二丁目,10,2-1005,jyonan.pdf,永興-69,high,
826,大字永興779番地,城南北町 2H-1006,城南北二丁目,10,2-1006,jyonan.pdf,永興-69,high,
827,大字永興779番地,,城南北一丁目,12,1,jyonan.pdf,永興-69,high,資料上通称の記載なし
828,大字永興779番地,城南北町19班 HRR1-101,城南北一丁目,12,1-101,jyonan.pdf,永興-69,high,
829,大字永興779番地,城南北町19班 HRR1-102,城南北一丁目,12,1-102,jyonan.pdf,永興-70,high,
830,大字永興779番地,城南北町19班 HRR1-103,城南北一丁目,12,1-103,jyonan.pdf,永興-70,high,
831,大字永興779番地,城南北町19班 HRR1-104,城南北一丁目,12,1-104,jyonan.pdf,永興-70,high,
832,大字永興779番地,城南北町19班 HRR1-201,城南北一丁目,12,1-201,jyonan.pdf,永興-70,high,
833,大字永興779番地,城南北町19班 HRR1-202,城南北一丁目,12,1-202,jyonan.pdf,永興-70,high,
834,大字永興779番地,城南北町19班 HRR1-203,城南北一丁目,12,1-203,jyonan.pdf,永興-70,high,
835,大字永興779番地,城南北町19班 HRR1-204,城南北一丁目,12,1-204,jyonan.pdf,永興-70,high,
836,大字永興779番地,城南北町19班 HRR1-301,城南北一丁目,12,1-301,jyonan.pdf,永興-70,high,
837,大字永興779番地,城南北町19班 HRR1-302,城南北一丁目,12,1-302,jyonan.pdf,永興-70,high,
838,大字永興779番地,城南北町19班 HRR1-303,城南北一丁目,12,1-303,jyonan.pdf,永興-70,high,
839,大字永興779番地,城南北町19班 HRR1-304,城南北一丁目,12,1-304,jyonan.pdf,永興-70,high,
840,大字永興779番地,城南北町19班 HRR1-401,城南北一丁目,12,1-401,jyonan.pdf,永興-70,high,
841,大字永興779番地,城南北町19班 HRR1-402,城南北一丁目,12,1-402,jyonan.pdf,永興-70,high,
842,大字永興779番地,城南北町19班 HRR1-403,城南北一丁目,12,1-403,jyonan.pdf,永興-71,high,
843,大字永興779番地,城南北町19班 HRR1-404,城南北一丁目,12,1-404,jyonan.pdf,永興-71,high,
844,大字永興779番地,城南北町19班 HRR1-501,城南北一丁目,12,1-501,jyonan.pdf,永興-71,high,
845,大字永興779番地,城南北町19班 HRR1-502,城南北一丁目,12,1-502,jyonan.pdf,永興-71,high,
846,大字永興779番地,城南北町19班 HRR1-503,城南北一丁目,12,1-503,jyonan.pdf,永興-71,high,
847,大字永興779番地,城南北町19班 HRR1-504,城南北一丁目,12,1-504,jyonan.pdf,永興-71,high,
848,大字永興779番地,城南北町19班 HRR1-601,城南北一丁目,12,1-601,jyonan.pdf,永興-71,high,
849,大字永興779番地,城南北町19班 HRR1-602,城南北一丁目,12,1-602,jyonan.pdf,永興-71,high,
850,大字永興779番地,城南北町19班 HRR1-603,城南北一丁目,12,1-603,jyonan.pdf,永興-71,high,
851,大字永興779番地,城南北町19班 HRR1-604,城南北一丁目,12,1-604,jyonan.pdf,永興-71,high,
852,大字永興779番地,,城南北二丁目,8,2,jyonan.pdf,永興-71,high,資料上通称の記載なし
853,大字永興779番地,城南北町 HRR2-101,城南北二丁目,8,2-101,jyonan.pdf,永興-71,high,
854,大字永興779番地,城南北町 HRR2-102,城南北二丁目,8,2-102,jyonan.pdf,永興-71,high,
855,大字永興779番地,城南北町 HRR2-103,城南北二丁目,8,2-103,jyonan.pdf,永興-72,high,
856,大字永興779番地,城南北町 HRR2-104,城南北二丁目,8,2-104,jyonan.pdf,永興-72,high,
857,大字永興779番地,城南北町 HRR2-105,城南北二丁目,8,2-105,jyonan.pdf,永興-72,high,
858,大字永興779番地,城南北町 HRR2-106,城南北二丁目,8,2-106,jyonan.pdf,永興-72,high,
859,大字永興779番地,城南北町 HRR2-201,城南北二丁目,8,2-201,jyonan.pdf,永興-72,high,
860,大字永興779番地,城南北町 HRR2-202,城南北二丁目,8,2-202,jyonan.pdf,永興-72,high,
861,大字永興779番地,城南北町 HRR2-203,城南北二丁目,8,2-203,jyonan.pdf,永興-72,high,
862,大字永興779番地,城南北町 HRR2-204,城南北二丁目,8,2-204,jyonan.pdf,永興-72,high,
863,大字永興779番地,城南北町 HRR2-205,城南北二丁目,8,2-205,jyonan.pdf,永興-72,high,
864,大字永興779番地,城南北町 HRR2-206,城南北二丁目,8,2-206,jyonan.pdf,永興-72,high,
865,大字永興779番地,城南北町 HRR2-301,城南北二丁目,8,2-301,jyonan.pdf,永興-72,high,
866,大字永興779番地,城南北町 HRR2-302,城南北二丁目,8,2-302,jyonan.pdf,永興-72,high,
867,大字永興779番地,城南北町 HRR2-303,城南北二丁目,8,2-303,jyonan.pdf,永興-72,high,
868,大字永興779番地,城南北町 HRR2-304,城南北二丁目,8,2-304,jyonan.pdf,永興-73,high,
869,大字永興779番地,城南北町 HRR2-305,城南北二丁目,8,2-305,jyonan.pdf,永興-73,high,
870,大字永興779番地,城南北町 HRR2-306,城南北二丁目,8,2-306,jyonan.pdf,永興-73,high,
871,大字永興779番地,城南北町 HRR2-401,城南北二丁目,8,2-401,jyonan.pdf,永興-73,high,
872,大字永興779番地,城南北町 HRR2-402,城南北二丁目,8,2-402,jyonan.pdf,永興-73,high,
873,大字永興779番地,城南北町 HRR2-403,城南北二丁目,8,2-403,jyonan.pdf,永興-73,high,
874,大字永興779番地,城南北町 HRR2-404,城南北二丁目,8,2-404,jyonan.pdf,永興-73,high,
875,大字永興779番地,城南北町 HRR2-405,城南北二丁目,8,2-405,jyonan.pdf,永興-73,high,
876,大字永興779番地,城南北町 HRR2-406,城南北二丁目,8,2-406,jyonan.pdf,永興-73,high,
877,大字永興779番地,城南北町 HRR2-501,城南北二丁目,8,2-501,jyonan.pdf,永興-73,high,
878,大字永興779番地,城南北町 HRR2-502,城南北二丁目,8,2-502,jyonan.pdf,永興-73,high,
879,大字永興779番地,城南北町 HRR2-503,城南北二丁目,8,2-503,jyonan.pdf,永興-73,high,
880,大字永興779番地,城南北町 HRR2-504,城南北二丁目,8,2-504,jyonan.pdf,永興-73,high,
881,大字永興779番地,城南北町 HRR2-505,城南北二丁目,8,2-505,jyonan.pdf,永興-74,high,
882,大字永興779番地,城南北町 HRR2-506,城南北二丁目,8,2-506,jyonan.pdf,永興-74,high,
883,大字永興779番地,城南北町 HRR2-601,城南北二丁目,8,2-601,jyonan.pdf,永興-74,high,
884,大字永興779番地,城南北町 HRR2-602,城南北二丁目,8,2-602,jyonan.pdf,永興-74,high,
885,大字永興779番地,城南北町 HRR2-603,城南北二丁目,8,2-603,jyonan.pdf,永興-74,high,
886,大字永興779番地,城南北町 HRR2-604,城南北二丁目,8,2-604,jyonan.pdf,永興-74,high,
887,大字永興779番地,城南北町 HRR2-605,城南北二丁目,8,2-605,jyonan.pdf,永興-74,high,
888,大字永興779番地,城南北町 HRR2-606,城南北二丁目,8,2-606,jyonan.pdf,永興-74,high,
889,大字永興779番地,城南北町 HRR2-701,城南北二丁目,8,2-701,jyonan.pdf,永興-74,high,
890,大字永興779番地,城南北町 HRR2-702,城南北二丁目,8,2-702,jyonan.pdf,永興-74,high,
891,大字永興779番地,城南北町 HRR2-703,城南北二丁目,8,2-703,jyonan.pdf,永興-74,high,
892,大字永興779番地,城南北町 HRR2-704,城南北二丁目,8,2-704,jyonan.pdf,永興-74,high,
893,大字永興779番地,城南北町 HRR2-705,城南北二丁目,8,2-705,jyonan.pdf,永興-74,high,
894,大字永興779番地,城南北町 HRR2-706,城南北二丁目,8,2-706,jyonan.pdf,永興-75,high,
895,大字永興779番地,,城南北二丁目,8,3,jyonan.pdf,永興-75,high,資料上通称の記載なし
896,大字永興779番地,城南北町 HRR3-101,城南北二丁目,8,3-101,jyonan.pdf,永興-75,high,
897,大字永興779番地,城南北町 HRR3-102,城南北二丁目,8,3-102,jyonan.pdf,永興-75,high,
898,大字永興779番地,城南北町 HRR3-103,城南北二丁目,8,3-103,jyonan.pdf,永興-75,high,
899,大字永興779番地,城南北町 HRR3-104,城南北二丁目,8,3-104,jyonan.pdf,永興-75,high,
900,大字永興779番地,城南北町 HRR3-105,城南北二丁目,8,3-105,jyonan.pdf,永興-75,high,
901,大字永興779番地,城南北町 HRR3-201,城南北二丁目,8,3-201,jyonan.pdf,永興-75,high,
902,大字永興779番地,城南北町 HRR3-202,城南北二丁目,8,3-202,jyonan.pdf,永興-75,high,
903,大字永興779番地,城南北町 HRR3-203,城南北二丁目,8,3-203,jyonan.pdf,永興-75,high,
904,大字永興779番地,城南北町 HRR3-204,城南北二丁目,8,3-204,jyonan.pdf,永興-75,high,
905,大字永興779番地,城南北町 HRR3-205,城南北二丁目,8,3-205,jyonan.pdf,永興-75,high,
906,大字永興779番地,城南北町 HRR3-301,城南北二丁目,8,3-301,jyonan.pdf,永興-75,high,
907,大字永興779番地,城南北町 HRR3-302,城南北二丁目,8,3-302,jyonan.pdf,永興-76,high,
908,大字永興779番地,城南北町 HRR3-303,城南北二丁目,8,3-303,jyonan.pdf,永興-76,high,
909,大字永興779番地,城南北町 HRR3-304,城南北二丁目,8,3-304,jyonan.pdf,永興-76,high,
910,大字永興779番地,城南北町 HRR3-305,城南北二丁目,8,3-305,jyonan.pdf,永興-76,high,
911,大字永興779番地,城南北町 HRR3-401,城南北二丁目,8,3-401,jyonan.pdf,永興-76,high,
912,大字永興779番地,城南北町 HRR3-402,城南北二丁目,8,3-402,jyonan.pdf,永興-76,high,
913,大字永興779番地,城南北町 HRR3-403,城南北二丁目,8,3-403,jyonan.pdf,永興-76,high,
914,大字永興779番地,城南北町 HRR3-404,城南北二丁目,8,3-404,jyonan.pdf,永興-76,high,
915,大字永興779番地,城南北町 HRR3-405,城南北二丁目,8,3-405,jyonan.pdf,永興-76,high,
916,大字永興779番地,城南北町 HRR3-501,城南北二丁目,8,3-501,jyonan.pdf,永興-76,high,
917,大字永興779番地,城南北町 HRR3-502,城南北二丁目,8,3-502,jyonan.pdf,永興-76,high,
918,大字永興779番地,城南北町 HRR3-503,城南北二丁目,8,3-503,jyonan.pdf,永興-76,high,
919,大字永興779番地,城南北町 HRR3-504,城南北二丁目,8,3-504,jyonan.pdf,永興-76,high,
920,大字永興779番地,城南北町 HRR3-505,城南北二丁目,8,3-505,jyonan.pdf,永興-77,high,
921,大字永興779番地,城南北町 HRR3-601,城南北二丁目,8,3-601,jyonan.pdf,永興-77,high,
922,大字永興779番地,城南北町 HRR3-602,城南北二丁目,8,3-602,jyonan.pdf,永興-77,high,
923,大字永興779番地,城南北町 HRR3-603,城南北二丁目,8,3-603,jyonan.pdf,永興-77,high,
924,大字永興779番地,城南北町 HRR3-604,城南北二丁目,8,3-604,jyonan.pdf,永興-77,high,
925,大字永興779番地,城南北町 HRR3-605,城南北二丁目,8,3-605,jyonan.pdf,永興-77,high,
926,大字永興779番地,,城南北二丁目,9,17,jyonan.pdf,永興-77,high,資料上通称の記載なし
927,大字永興779番地の1,城南北町 1A16-1631,城南北二丁目,9,16-1631,jyonan.pdf,永興-77,high,
928,大字永興782番地の4,城南西町 尼ｹ城ﾊｲﾂ12号,城南西二丁目,7,16,jyonan.pdf,永興-77,high,
929,大字永興782番地の5,城南西町 尼ｹ城ﾊｲﾂ10,城南西二丁目,8,1,jyonan.pdf,永興-77,high,
930,大字永興787番地の1,城南西町 尼ｹ城ﾊｲﾂ1,城南西二丁目,7,6,jyonan.pdf,永興-77,high,
931,大字永興811番地の7,城南西町 尼ｹ城ﾊｲﾂ43,城南西二丁目,5,9,jyonan.pdf,永興-77,high,
932,大字永興811番地の10,城南西町 尼ｹ城ﾊｲﾂ46号,城南西二丁目,5,5,jyonan.pdf,永興-77,high,
933,大字永興811番地の14,城南西町 尼ｹ城ﾊｲﾂ50,城南西二丁目,5,18,jyonan.pdf,永興-78,high,
934,大字永興811番地の15,城南西町 尼ｹ城ﾊｲﾂ51,城南西二丁目,5,20,jyonan.pdf,永興-78,high,
935,大字永興811番地の16,城南西町 尼ｹ城ﾊｲﾂ52,城南西二丁目,5,21,jyonan.pdf,永興-78,high,
936,大字永興819番地の3,城南西町7組,城南西一丁目,1,8,jyonan.pdf,永興-78,high,資料上2回出現
937,大字永興819番地の3,城南西町7組 小野ﾋﾞﾙ2F,城南西一丁目,1,4,jyonan.pdf,永興-78,high,
938,大字永興819番地の4,城南西町3組,城南西一丁目,1,1,jyonan.pdf,永興-78,high,資料上2回出現、1対多
939,大字永興819番地の4,,城南西一丁目,1,1,jyonan.pdf,永興-78,high,資料上通称の記載なし、1対多
940,大字永興827番地の2,城南西町12組,城南西一丁目,5,9,jyonan.pdf,永興-78,high,資料上3回出現、1対多
941,大字永興827番地の2,,城南西一丁目,5,9,jyonan.pdf,永興-78,high,資料上通称の記載なし、1対多
942,大字永興827番地の5,城南西町12組,城南西一丁目,5,10,jyonan.pdf,永興-79,high,
943,大字永興828番地の4,城南西町12組,城南西一丁目,5,1,jyonan.pdf,永興-79,high,
944,大字永興828番地の6,城南西町12組,城南西一丁目,5,3,jyonan.pdf,永興-79,high,
945,大字永興828番地の8,城南西町12組,城南西一丁目,5,4,jyonan.pdf,永興-79,high,
946,大字永興829番地,城南西町12組,城南西一丁目,6,1,jyonan.pdf,永興-79,high,
947,大字永興829番地,城南西町12組,城南西一丁目,6,3,jyonan.pdf,永興-79,high,
948,大字永興829,,城南西一丁目,6,2,jyonan.pdf,永興-79,high,資料上通称の記載なし
949,大字永興829番地の5,城南西町12組,城南西一丁目,6,2,jyonan.pdf,永興-79,high,
950,大字永興881番地の1,城南北町30班 ｴｸｾﾙ悦和7-101,城南北二丁目,1,1-101,jyonan.pdf,永興-79,high,
951,大字永興881番地の1,城南北町30班 ｴｸｾﾙ悦和7-102,城南北二丁目,1,1-102,jyonan.pdf,永興-79,high,
952,大字永興881番地の1,城南北町30班 ｴｸｾﾙ悦和7-103,城南北二丁目,1,1-103,jyonan.pdf,永興-79,high,
953,大字永興881番地の1,城南北町30班 ｴｸｾﾙ悦和7-201,城南北二丁目,1,1-201,jyonan.pdf,永興-79,high,
954,大字永興881番地の1,城南北町30班 ｴｸｾﾙ悦和7-202,城南北二丁目,1,1-202,jyonan.pdf,永興-79,high,
955,大字永興881番地の1,城南北町30班 ｴｸｾﾙ悦和7-203,城南北二丁目,1,1-203,jyonan.pdf,永興-80,high,
956,大字永興881番地の1,城南北町30班 ｴｸｾﾙ悦和7-301,城南北二丁目,1,1-301,jyonan.pdf,永興-80,high,
957,大字永興881番地の1,城南北町30班 ｴｸｾﾙ悦和7-302,城南北二丁目,1,1-302,jyonan.pdf,永興-80,high,
958,大字永興881番地の1,城南北町30班 ｴｸｾﾙ悦和7-303,城南北二丁目,1,1-303,jyonan.pdf,永興-80,high,
959,大字永興881番地の1,城南北町30班 ｴｸｾﾙ悦和8-101,城南北二丁目,1,3-101,jyonan.pdf,永興-80,high,
960,大字永興881番地の1,城南北町30班 ｴｸｾﾙ悦和8-102,城南北二丁目,1,3-102,jyonan.pdf,永興-80,high,
961,大字永興881番地の1,城南北町30班 ｴｸｾﾙ悦和8-103,城南北二丁目,1,3-103,jyonan.pdf,永興-80,high,
962,大字永興881番地の1,城南北町30班 ｴｸｾﾙ悦和8-201,城南北二丁目,1,3-201,jyonan.pdf,永興-80,high,
963,大字永興881番地の1,城南北町30班 ｴｸｾﾙ悦和8-202,城南北二丁目,1,3-202,jyonan.pdf,永興-80,high,
964,大字永興881番地の1,城南北町30班 ｴｸｾﾙ悦和8-203,城南北二丁目,1,3-203,jyonan.pdf,永興-80,high,
965,大字永興881番地の1,城南北町30班 ｴｸｾﾙ悦和8-301,城南北二丁目,1,3-301,jyonan.pdf,永興-80,high,
966,大字永興881番地の1,城南北町31班 ｴｸｾﾙ悦和8-302,城南北二丁目,1,3-302,jyonan.pdf,永興-80,high,
967,大字永興881番地の1,城南北町31班 ｴｸｾﾙ悦和8-303,城南北二丁目,1,3-303,jyonan.pdf,永興-80,high,
968,大字永興884番地の2,城南北町23班,城南北二丁目,2,22,jyonan.pdf,永興-81,high,
969,大字永興884番地の4,城南北町23班,城南北二丁目,3,5,jyonan.pdf,永興-81,high,
970,大字永興884番地の5,城南北町23班,城南北二丁目,3,3,jyonan.pdf,永興-81,high,1対多
971,大字永興884番地の5,,城南北二丁目,3,3,jyonan.pdf,永興-81,high,資料上通称の記載なし、1対多
972,大字永興884番地の6,城南北町23班,城南北二丁目,3,9,jyonan.pdf,永興-81,high,資料上2回出現
973,大字永興884番地の7,城南北町23組,城南北二丁目,3,12,jyonan.pdf,永興-81,high,
974,大字永興884番地の7,城南北町23班,城南北二丁目,3,12,jyonan.pdf,永興-81,high,
975,大字永興884番地の8,城南北町23班,城南北二丁目,3,19,jyonan.pdf,永興-81,high,
976,大字永興884番地の9,城南北町23班,城南北二丁目,3,17,jyonan.pdf,永興-81,high,
977,大字永興884番地の10,城南北町23班,城南北二丁目,3,21,jyonan.pdf,永興-81,high,
978,大字永興884番地の11,城南北町23班,城南北二丁目,3,22,jyonan.pdf,永興-81,high,
979,大字永興884番地の13,城南北町24班,城南北二丁目,5,1,jyonan.pdf,永興-81,high,
980,大字永興910番地の2,城南南町 RUI城南Ⅱ B101,城南南一丁目,5,1,jyonan.pdf,永興-82,high,
981,大字永興910番地の2,城南南町 RUI城南Ⅱ B102,城南南一丁目,5,1,jyonan.pdf,永興-82,high,
982,大字永興910番地の2,城南南町 RUI城南Ⅱ B103,城南南一丁目,5,1,jyonan.pdf,永興-82,high,
983,大字永興910番地の2,城南南町 RUI城南Ⅱ B105,城南南一丁目,5,1,jyonan.pdf,永興-82,high,
984,大字永興910番地の2,城南南町 RUI城南Ⅱ B201,城南南一丁目,5,1,jyonan.pdf,永興-82,high,
985,大字永興910番地の2,城南南町 RUI城南Ⅱ B202,城南南一丁目,5,1,jyonan.pdf,永興-82,high,
986,大字永興910番地の2,城南南町 RUI城南Ⅱ B203,城南南一丁目,5,1,jyonan.pdf,永興-82,high,
987,大字永興910番地の2,城南南町 RUI城南Ⅱ B205,城南南一丁目,5,1,jyonan.pdf,永興-82,high,
988,大字永興字早田910-42,城南団地南,城南南一丁目,6,15,jyonan.pdf,永興-82,high,書式外住所(小字付き)
989,大字永興910番地の43,城南南町4組,城南南一丁目,5,7,jyonan.pdf,永興-82,high,
990,大字永興910番地の44,城南南町 ｻｻﾞﾝﾌﾞﾗｲﾄ城南101,城南南一丁目,5,18-101,jyonan.pdf,永興-82,high,
991,大字永興910番地の44,城南南町 ｻｻﾞﾝﾌﾞﾗｲﾄ城南102,城南南一丁目,5,18-102,jyonan.pdf,永興-82,high,
992,大字永興910番地の44,城南南町 ｻｻﾞﾝﾌﾞﾗｲﾄ城南103,城南南一丁目,5,18-103,jyonan.pdf,永興-82,high,
993,大字永興910番地の44,城南南町 ｻｻﾞﾝﾌﾞﾗｲﾄ城南201,城南南一丁目,5,18-201,jyonan.pdf,永興-83,high,
994,大字永興910番地の44,城南南町 ｻｻﾞﾝﾌﾞﾗｲﾄ城南202,城南南一丁目,5,18-202,jyonan.pdf,永興-83,high,資料上2回出現
995,大字永興910番地の44,城南南町 ｻｻﾞﾝﾌﾞﾗｲﾄ城南203,城南南一丁目,5,18-203,jyonan.pdf,永興-83,high,
996,大字永興910番地の44,城南南町 ｻｻﾞﾝﾌﾞﾗｲﾄ城南205,城南南一丁目,5,18-205,jyonan.pdf,永興-83,high,
997,大字永興910番地の44,城南南町 ｻｻﾞﾝﾌﾞﾗｲﾄ城南206,城南南一丁目,5,18-206,jyonan.pdf,永興-83,high,
998,大字永興910番地の44,城南南町 ｻｻﾞﾝﾌﾞﾗｲﾄ城南301,城南南一丁目,5,18-301,jyonan.pdf,永興-83,high,
999,大字永興910番地の44,城南南町 ｻｻﾞﾝﾌﾞﾗｲﾄ城南302,城南南一丁目,5,18-302,jyonan.pdf,永興-83,high,
1000,大字永興910番地の44,城南南町 ｻｻﾞﾝﾌﾞﾗｲﾄ城南303,城南南一丁目,5,18-303,jyonan.pdf,永興-83,high,資料上2回出現
1001,大字永興910番地の44,城南南町 ｻｻﾞﾝﾌﾞﾗｲﾄ城南305,城南南一丁目,5,18-305,jyonan.pdf,永興-83,high,
1002,大字永興910番地の44,城南南町 ｻｻﾞﾝﾌﾞﾗｲﾄ城南306,城南南一丁目,5,18-306,jyonan.pdf,永興-83,high,
1003,大字永興910番地の44,城南南町 ｻｻﾞﾝﾌﾞﾗｲﾄ城南307,城南南一丁目,5,18-307,jyonan.pdf,永興-83,high,
1004,大字永興910番地の44,城南南町 ｻｻﾞﾝﾌﾞﾗｲﾄ城南308,城南南一丁目,5,18-308,jyonan.pdf,永興-84,high,
1005,大字永興910番地の44,城南南町 ｻｻﾞﾝﾌﾞﾗｲﾄ城南401,城南南一丁目,5,18-401,jyonan.pdf,永興-84,high,
1006,大字永興910番地の44,城南南町 ｻｻﾞﾝﾌﾞﾗｲﾄ城南402,城南南一丁目,5,18-402,jyonan.pdf,永興-84,high,資料上2回出現
1007,大字永興910番地の44,城南南町 ｻｻﾞﾝﾌﾞﾗｲﾄ城南403,城南南一丁目,5,18-403,jyonan.pdf,永興-84,high,
1008,大字永興910番地の44,城南南町 ｻｻﾞﾝﾌﾞﾗｲﾄ城南405,城南南一丁目,5,18-405,jyonan.pdf,永興-84,high,
1009,大字永興910番地の44,城南南町 ｻｻﾞﾝﾌﾞﾗｲﾄ城南406,城南南一丁目,5,18-406,jyonan.pdf,永興-84,high,
1010,大字永興910番地の44,城南南町 ｻｻﾞﾝﾌﾞﾗｲﾄ城南407,城南南一丁目,5,18-407,jyonan.pdf,永興-84,high,
1011,大字永興910番地の44,城南南町 ｻｻﾞﾝﾌﾞﾗｲﾄ城南408,城南南一丁目,5,18-408,jyonan.pdf,永興-84,high,
1012,大字永興910番地の45,城南南町4組,城南南一丁目,6,2,jyonan.pdf,永興-84,high,
1013,大字永興910番地の56,城南南町4組,城南南一丁目,5,6,jyonan.pdf,永興-84,high,
1014,大字永興910番地の57,城南南町4組,城南南一丁目,5,5,jyonan.pdf,永興-84,high,
1015,大字永興910番地の58,城南南町4組,城南南一丁目,6,29,jyonan.pdf,永興-84,high,
1016,大字永興910番地の59,城南南町4組,城南南一丁目,6,26,jyonan.pdf,永興-85,high,
1017,大字永興910番地の60,城南南町4組,城南南一丁目,6,1,jyonan.pdf,永興-85,high,
1018,大字永興910番地の61,城南南町4組,城南南一丁目,6,30,jyonan.pdf,永興-85,high,
1019,大字永興910番地の62,城南南町4組,城南南一丁目,6,28,jyonan.pdf,永興-85,high,
1020,大字永興910番地の67,城南南町 RUI城南Ⅰ A101,城南南一丁目,5,4,jyonan.pdf,永興-85,high,
1021,大字永興910番地の67,城南南町 RUI城南Ⅰ A102,城南南一丁目,5,4,jyonan.pdf,永興-85,high,
1022,大字永興910番地の67,城南南町 RUI城南Ⅰ A103,城南南一丁目,5,4,jyonan.pdf,永興-85,high,
1023,大字永興910番地の67,城南南町 RUI城南Ⅰ A105,城南南一丁目,5,4,jyonan.pdf,永興-85,high,
1024,大字永興910番地の67,城南南町 RUI城南Ⅰ A201,城南南一丁目,5,4,jyonan.pdf,永興-85,high,
1025,大字永興910番地の67,城南南町 RUI城南Ⅰ A202,城南南一丁目,5,4,jyonan.pdf,永興-85,high,
1026,大字永興910番地の67,城南南町 RUI城南Ⅰ A203,城南南一丁目,5,4,jyonan.pdf,永興-85,high,
1027,大字永興910番地の67,城南南町 RUI城南Ⅰ A205,城南南一丁目,5,4,jyonan.pdf,永興-85,high,
1028,大字永興941-2,城南南町1組 城南ｶﾞｰﾃﾞﾝ2F,城南南一丁目,2,3,jyonan.pdf,永興-83,high,資料上2回出現(改ページ跨ぎ)、1対多
1029,大字永興941-2,,城南南一丁目,2,23,jyonan.pdf,永興-84,high,資料上通称の記載なし、1対多
1030,大字永興941番地の3,城南南町 大分ﾄﾖﾀ社宅101,城南南一丁目,1,10-101,jyonan.pdf,永興-84,high,
1031,大字永興941番地の3,城南南町 大分ﾄﾖﾀ社宅102,城南南一丁目,1,10-102,jyonan.pdf,永興-84,high,
1032,大字永興941番地の3,城南南町 大分ﾄﾖﾀ社宅103,城南南一丁目,1,10-103,jyonan.pdf,永興-84,high,
1033,大字永興941番地の3,城南南町 大分ﾄﾖﾀ社宅104,城南南一丁目,1,10-104,jyonan.pdf,永興-84,high,
1034,大字永興941番地の3,城南南町 大分ﾄﾖﾀ社宅201,城南南一丁目,1,10-201,jyonan.pdf,永興-84,high,
1035,大字永興941番地の3,城南南町 大分ﾄﾖﾀ社宅202,城南南一丁目,1,10-202,jyonan.pdf,永興-84,high,
1036,大字永興941番地の3,城南南町 大分ﾄﾖﾀ社宅203,城南南一丁目,1,10-203,jyonan.pdf,永興-84,high,
1037,大字永興941番地の3,城南南町 大分ﾄﾖﾀ社宅204,城南南一丁目,1,10-204,jyonan.pdf,永興-84,high,
1038,大字永興941番地の3,城南南町 大分ﾄﾖﾀ社宅301,城南南一丁目,1,10-301,jyonan.pdf,永興-84,high,
1039,大字永興941番地の3,城南南町 大分ﾄﾖﾀ社宅302,城南南一丁目,1,10-302,jyonan.pdf,永興-84,high,
1040,大字永興941番地の3,城南南町 大分ﾄﾖﾀ社宅303,城南南一丁目,1,10-303,jyonan.pdf,永興-84,high,
1041,大字永興941番地の3,城南南町 大分ﾄﾖﾀ社宅304,城南南一丁目,1,10-304,jyonan.pdf,永興-85,high,
1042,大字永興941番地の3,城南南町 大分ﾄﾖﾀ社宅401,城南南一丁目,1,10-401,jyonan.pdf,永興-85,high,
1043,大字永興941番地の3,城南南町 大分ﾄﾖﾀ社宅402,城南南一丁目,1,10-402,jyonan.pdf,永興-85,high,
1044,大字永興941番地の3,城南南町 大分ﾄﾖﾀ社宅403,城南南一丁目,1,10-403,jyonan.pdf,永興-85,high,
1045,大字永興941番地の3,城南南町 大分ﾄﾖﾀ社宅404,城南南一丁目,1,10-404,jyonan.pdf,永興-85,high,
1046,大字永興941番地の5,城南南町,城南南一丁目,1,18,jyonan.pdf,永興-85,high,
1047,大字永興941番地の5,城南南町 裁判所宿舎2 101,城南南一丁目,1,18-101,jyonan.pdf,永興-85,high,
1048,大字永興941番地の5,城南南町 裁判所宿舎2 102,城南南一丁目,1,18-102,jyonan.pdf,永興-85,high,
1049,大字永興941番地の5,城南南町 裁判所宿舎2 103,城南南一丁目,1,18-103,jyonan.pdf,永興-85,high,
1050,大字永興941番地の5,城南南町 裁判所宿舎2 201,城南南一丁目,1,18-201,jyonan.pdf,永興-85,high,
1051,大字永興941番地の5,城南南町 裁判所宿舎2 202,城南南一丁目,1,18-202,jyonan.pdf,永興-85,high,
1052,大字永興941番地の5,城南南町 裁判所宿舎2 203,城南南一丁目,1,18-203,jyonan.pdf,永興-85,high,
1053,大字永興941番地の5,城南南町 裁判所宿舎2 301,城南南一丁目,1,18-301,jyonan.pdf,永興-85,high,
1054,大字永興941番地の5,城南南町 裁判所宿舎2 302,城南南一丁目,1,18-302,jyonan.pdf,永興-86,high,
1055,大字永興941番地の5,城南南町 裁判所宿舎2 303,城南南一丁目,1,18-303,jyonan.pdf,永興-86,high,
1056,大字永興961番地の5,城南北町20班,城南北一丁目,6,6,jyonan.pdf,永興-86,high,
1057,大字永興961番地の6,城南北町20班,城南北一丁目,6,4,jyonan.pdf,永興-86,high,
1058,大字永興961番地の7,城南北町20班,城南北一丁目,6,3,jyonan.pdf,永興-86,high,資料上2回出現
1059,大字永興961番地の9,城南北町20班,城南北一丁目,7,21,jyonan.pdf,永興-86,high,
1060,大字永興961番地の10,城南北町20班,城南北一丁目,7,23,jyonan.pdf,永興-86,high,資料上2回出現
1061,大字永興961番地の11,城南北町20班,城南北一丁目,7,25,jyonan.pdf,永興-86,high,
1062,大字永興961番地の12,城南北町20班,城南北一丁目,7,17,jyonan.pdf,永興-86,high,
1063,大字永興961番地の13,城南北町20班,城南北一丁目,7,14,jyonan.pdf,永興-86,high,
1064,大字永興961番地の14,城南北町20班,城南北一丁目,7,13,jyonan.pdf,永興-86,high,
1065,大字永興961番地の15,城南北町20班,城南北一丁目,7,11,jyonan.pdf,永興-87,high,
1066,大字永興961番地の16,城南北町20班,城南北一丁目,8,11,jyonan.pdf,永興-87,high,
1067,大字永興961番地の17,城南北町20班,城南北一丁目,8,9,jyonan.pdf,永興-87,high,
1068,大字永興961番地の19,城南北町20班,城南北一丁目,8,5,jyonan.pdf,永興-87,high,
1069,大字永興961番地の20,城南北町20班,城南北一丁目,8,4,jyonan.pdf,永興-87,high,
1070,大字永興961番地の21,城南北町22班 ｸﾞﾗﾝﾄﾞﾎｰﾑ八雲,城南北二丁目,2,10,jyonan.pdf,永興-87,high,資料上7回出現
1071,大字永興961番地の21,城南北町22班,城南北二丁目,2,10,jyonan.pdf,永興-87,high,資料上2回出現(改ページ跨ぎ)
1072,大字永興961番地の21,城南北町22班,城南北二丁目,2,11,jyonan.pdf,永興-88,high,
1073,大字永興961番地の23,城南北町29班,城南北一丁目,5,25,jyonan.pdf,永興-88,high,
1074,大字永興961番地の25,城南北町20班,城南北一丁目,8,7,jyonan.pdf,永興-88,high,
1075,大字永興961番地の28,城南北町26班 ﾏﾙｿ城南101,城南北一丁目,5,31-101,jyonan.pdf,永興-88,high,
1076,大字永興961番地の28,城南北町26班 ﾏﾙｿ城南102,城南北一丁目,5,31-102,jyonan.pdf,永興-88,high,
1077,大字永興961番地の28,城南北町26班 ﾏﾙｿ城南103,城南北一丁目,5,31-103,jyonan.pdf,永興-88,high,
1078,大字永興961番地の28,城南北町26班 ﾏﾙｿ城南104,城南北一丁目,5,31-104,jyonan.pdf,永興-88,high,
1079,大字永興961番地の28,城南北町26班 ﾏﾙｿ城南201,城南北一丁目,5,31-201,jyonan.pdf,永興-88,high,
1080,大字永興961番地の28,城南北町26班 ﾏﾙｿ城南202,城南北一丁目,5,31-202,jyonan.pdf,永興-88,high,
1081,大字永興961番地の28,城南北町26班 ﾏﾙｿ城南203,城南北一丁目,5,31-203,jyonan.pdf,永興-88,high,
1082,大字永興961番地の28,城南北町26班 ﾏﾙｿ城南204,城南北一丁目,5,31-204,jyonan.pdf,永興-88,high,
1083,大字永興961番地の28,城南北町26班 ﾏﾙｿ城南301,城南北一丁目,5,31-301,jyonan.pdf,永興-88,high,資料上2回出現(改ページ跨ぎ)
1084,大字永興961番地の28,城南北町26班 ﾏﾙｿ城南302,城南北一丁目,5,31-302,jyonan.pdf,永興-89,high,
1085,大字永興961番地の28,城南北町26班 ﾏﾙｿ城南303,城南北一丁目,5,31-303,jyonan.pdf,永興-89,high,
1086,大字永興961番地の28,城南北町26班 ﾏﾙｿ城南304,城南北一丁目,5,31-304,jyonan.pdf,永興-89,high,
1087,大字永興961番地の29,城南北町23班,城南北二丁目,2,21,jyonan.pdf,永興-89,high,
1088,大字永興961番地の30,城南北町23班,城南北二丁目,2,20,jyonan.pdf,永興-89,high,資料上3回出現
1089,大字永興961番地の31,城南北町23組,城南北二丁目,2,19,jyonan.pdf,永興-89,high,
1090,大字永興961番地の31,城南北町23班,城南北二丁目,2,19,jyonan.pdf,永興-89,high,
1091,大字永興961番地の32,城南北町23班,城南北二丁目,2,17,jyonan.pdf,永興-89,high,
1092,大字永興961番地の33,城南北町23班,城南北二丁目,2,24,jyonan.pdf,永興-89,high,
1093,大字永興961番地の34,城南北町23班,城南北二丁目,2,25,jyonan.pdf,永興-89,high,
1094,大字永興961番地の35,城南北町23班,城南北二丁目,2,26,jyonan.pdf,永興-90,high,
1095,大字永興961番地の36,城南北町23班,城南北二丁目,3,1,jyonan.pdf,永興-90,high,
1096,大字永興961番地の37,城南北町24班,城南北二丁目,4,9,jyonan.pdf,永興-90,high,資料上2回出現
1097,大字永興961番地の38,城南北町24班,城南北二丁目,4,10,jyonan.pdf,永興-90,high,資料上2回出現
1098,大字永興961番地の40,城南北町24班,城南北二丁目,4,23,jyonan.pdf,永興-90,high,
1099,大字永興961番地の41,城南北町24班,城南北二丁目,4,21,jyonan.pdf,永興-90,high,
1100,大字永興961番地の43,城南北町24班,城南北二丁目,4,24,jyonan.pdf,永興-90,high,
1101,大字永興961番地の45,城南北町24班,城南北二丁目,4,30,jyonan.pdf,永興-90,high,
1102,大字永興961番地の46,城南北町24班,城南北二丁目,4,26,jyonan.pdf,永興-90,high,
1103,大字永興961番地の48,城南北町27班 ﾘﾙｰﾑｽ城南101,城南北二丁目,4,1-101,jyonan.pdf,永興-90,high,
1104,大字永興961番地の48,城南北町27班 ﾘﾙｰﾑｽ城南102,城南北二丁目,4,1-102,jyonan.pdf,永興-90,high,
1105,大字永興961番地の48,城南北町27班 ﾘﾙｰﾑｽ城南103,城南北二丁目,4,1-103,jyonan.pdf,永興-91,high,
1106,大字永興961番地の48,城南北町27班 ﾘﾙｰﾑｽ城南104,城南北二丁目,4,1-104,jyonan.pdf,永興-91,high,
1107,大字永興961番地の48,城南北町27班 ﾘﾙｰﾑｽ城南201,城南北二丁目,4,1-201,jyonan.pdf,永興-91,high,
1108,大字永興961番地の48,城南北町27班 ﾘﾙｰﾑｽ城南202,城南北二丁目,4,1-202,jyonan.pdf,永興-91,high,
1109,大字永興961番地の48,城南北町27班 ﾘﾙｰﾑｽ城南203,城南北二丁目,4,1-203,jyonan.pdf,永興-91,high,
1110,大字永興961番地の48,城南北町27班 ﾘﾙｰﾑｽ城南204,城南北二丁目,4,1-204,jyonan.pdf,永興-91,high,
1111,大字永興961番地の48,城南北町27班 ﾘﾙｰﾑｽ城南301,城南北二丁目,4,1-301,jyonan.pdf,永興-91,high,
1112,大字永興961番地の48,城南北町27班 ﾘﾙｰﾑｽ城南302,城南北二丁目,4,1-302,jyonan.pdf,永興-91,high,
1113,大字永興961番地の48,城南北町27班 ﾘﾙｰﾑｽ城南303,城南北二丁目,4,1-303,jyonan.pdf,永興-91,high,
1114,大字永興961番地の48,城南北町27班 ﾘﾙｰﾑｽ城南304,城南北二丁目,4,1-304,jyonan.pdf,永興-91,high,
1115,大字永興961番地の48,城南北町27班 ﾘﾙｰﾑｽ城南401,城南北二丁目,4,1-401,jyonan.pdf,永興-91,high,
1116,大字永興961番地の48,城南北町27班 ﾘﾙｰﾑｽ城南402,城南北二丁目,4,1-402,jyonan.pdf,永興-91,high,
1117,大字永興961番地の48,城南北町27班 ﾘﾙｰﾑｽ城南403,城南北二丁目,4,1-403,jyonan.pdf,永興-91,high,
1118,大字永興961番地の48,城南北町27班 ﾘﾙｰﾑｽ城南404,城南北二丁目,4,1-404,jyonan.pdf,永興-92,high,
1119,大字永興961番地の49,城南北町29班,城南北一丁目,5,22,jyonan.pdf,永興-92,high,
1120,大字永興961番地の50,城南北町24組,城南北二丁目,4,20,jyonan.pdf,永興-92,high,
1121,大字永興961番地の53,城南北町27班,城南北二丁目,4,6,jyonan.pdf,永興-92,high,
1122,大字永興961番地の54,城南北町29班,城南北一丁目,5,34,jyonan.pdf,永興-92,high,
1123,大字永興961番地の55,城南北町29班,城南北一丁目,5,35,jyonan.pdf,永興-92,high,
1124,大字永興961番地の58,城南北町29班,城南北一丁目,5,18,jyonan.pdf,永興-92,high,資料上2回出現
1125,大字永興961番地の64,城南北町20組,城南北一丁目,6,7,jyonan.pdf,永興-92,high,資料上2回出現
1126,大字永興961番地の65,城南北町20組,城南北一丁目,5,21,jyonan.pdf,永興-92,high,
1127,大字永興961番地の81,城南北町23班,城南北二丁目,2,14,jyonan.pdf,永興-92,high,
1128,大字永興961番地の82,城南北町23班,城南北二丁目,2,13,jyonan.pdf,永興-92,high,
1129,大字永興961番地の83,城南北町23班,城南北二丁目,2,12,jyonan.pdf,永興-93,high,
1130,大字永興992番地の5,城南北町25班,城南北一丁目,11,16,jyonan.pdf,永興-93,high,
1131,大字永興992番地の6,城南北町25班1 ｻｳｽﾋﾙｽﾞ城南A,城南北一丁目,11,18,jyonan.pdf,永興-93,high,
1132,大字永興992番地の6,城南北町25班1 ｻｳｽﾋﾙｽﾞ城南B,城南北一丁目,11,18,jyonan.pdf,永興-93,high,
1133,大字永興992番地の6,城南北町25班1 ｻｳｽﾋﾙｽﾞ城南C,城南北一丁目,11,18,jyonan.pdf,永興-93,high,
1134,大字永興992番地の6,城南北町25班1 ｻｳｽﾋﾙｽﾞ城南D,城南北一丁目,11,18,jyonan.pdf,永興-93,high,
1135,大字永興992番地の7,城南北町25班,城南北一丁目,11,20,jyonan.pdf,永興-93,high,資料上2回出現
1136,大字永興992番地の8,城南北町25班,城南北一丁目,11,4,jyonan.pdf,永興-93,high,
1137,大字永興992番地の9,城南北町25班,城南北一丁目,11,8,jyonan.pdf,永興-93,high,資料上2回出現
1138,大字永興992番地の10,城南北町25班,城南北一丁目,9,14,jyonan.pdf,永興-93,high,資料上2回出現、1対多
1139,大字永興992番地10,,城南北一丁目,9,14,jyonan.pdf,永興-94,high,資料上通称の記載なし、1対多
1140,大字永興992番地の11,城南北町25班,城南北一丁目,9,8,jyonan.pdf,永興-94,high,
1141,大字永興992番地の12,城南北町25班,城南北一丁目,9,6,jyonan.pdf,永興-94,high,
1142,大字永興992番地の13,城南北町25班,城南北一丁目,9,4,jyonan.pdf,永興-94,high,
1143,大字永興992番地の14,城南北町25班,城南北一丁目,9,1,jyonan.pdf,永興-94,high,
1144,大字永興992番地の15,城南北町20班,城南北一丁目,8,1,jyonan.pdf,永興-94,high,
1145,大字永興992番地の17,城南北町25班,城南北一丁目,11,10,jyonan.pdf,永興-94,high,
1146,大字永興992番地の19,城南北町25班,城南北一丁目,11,12,jyonan.pdf,永興-94,high,資料上2回出現
1147,大字永興992番地の21,城南北町25班,城南北一丁目,11,3,jyonan.pdf,永興-94,high,
1148,大字永興992番地の27,城南北町25班,城南北一丁目,11,23,jyonan.pdf,永興-94,high,資料上2回出現
1149,大字永興992番地の30,城南北町25班,城南北一丁目,11,24,jyonan.pdf,永興-94,high,
1150,大字永興992番地の33,城南北町25班,城南北一丁目,11,26,jyonan.pdf,永興-95,high,資料上2回出現
1151,大字永興992番地の43,城南北町25班,城南北一丁目,11,13,jyonan.pdf,永興-95,high,
1152,大字永興992番地の44,城南北町25班,城南北一丁目,11,14,jyonan.pdf,永興-95,high,1対多
1153,大字永興992番地の44,,城南北一丁目,11,14,jyonan.pdf,永興-95,high,資料上通称の記載なし、1対多
1154,大字永興992番地の63,城南北町25班,城南北一丁目,11,6,jyonan.pdf,永興-95,high,
1155,大字永興992番地の64,城南北町25班,城南北一丁目,11,5,jyonan.pdf,永興-95,high,
1156,大字永興字北平1049番地2,,城南東一丁目,2,30,jyonan.pdf,永興-95,high,書式外住所(小字付き)、資料上通称の記載なし、1対多
1157,大字永興1049番地の2,城南団地東町9組 城南独身･単身者住宅101,城南東一丁目,2,30-101,jyonan.pdf,永興-95,high,
1158,大字永興1049番地の2,城南団地東町9組 城南独身･単身者住宅102,城南東一丁目,2,30-102,jyonan.pdf,永興-95,high,
1159,大字永興1049番地の2,城南団地東町9組 城南独身･単身者住宅103,城南東一丁目,2,30-103,jyonan.pdf,永興-95,high,
1160,大字永興1049番地の2,城南団地東町9組 城南独身･単身者住宅104,城南東一丁目,2,30-104,jyonan.pdf,永興-95,high,
1161,大字永興1049番地の2,城南団地東町9組 城南独身･単身者住宅201,城南東一丁目,2,30-201,jyonan.pdf,永興-95,high,
1162,大字永興1049番地の2,城南団地東町9組 城南独身･単身者住宅202,城南東一丁目,2,30-202,jyonan.pdf,永興-96,high,
1163,大字永興1049番地の2,城南団地東町9組 城南独身･単身者住宅203,城南東一丁目,2,30-203,jyonan.pdf,永興-96,high,
1164,大字永興1049番地の2,城南団地東町9組 城南独身･単身者住宅204,城南東一丁目,2,30-204,jyonan.pdf,永興-96,high,
1165,大字永興1049番地の2,城南団地東町9組 城南独身･単身者住宅205,城南東一丁目,2,30-205,jyonan.pdf,永興-96,high,
1166,大字永興1049番地の2,城南団地東町9組 城南独身･単身者住宅206,城南東一丁目,2,30-206,jyonan.pdf,永興-96,high,
1167,大字永興1049番地の2,城南団地東町9組 城南独身･単身者住宅207,城南東一丁目,2,30-207,jyonan.pdf,永興-96,high,
1168,大字永興1049番地の2,城南団地東町9組 城南独身･単身者住宅208,城南東一丁目,2,30-208,jyonan.pdf,永興-96,high,
1169,大字永興1049番地の2,城南団地東町9組 城南独身･単身者住宅301,城南東一丁目,2,30-301,jyonan.pdf,永興-96,high,
1170,大字永興1049番地の2,城南団地東町9組 城南独身･単身者住宅302,城南東一丁目,2,30-302,jyonan.pdf,永興-96,high,
1171,大字永興1049番地の2,城南団地東町9組 城南独身･単身者住宅303,城南東一丁目,2,30-303,jyonan.pdf,永興-96,high,
1172,大字永興1049番地の2,城南団地東町9組 城南独身･単身者住宅304,城南東一丁目,2,30-304,jyonan.pdf,永興-96,high,
1173,大字永興1049番地の2,城南団地東町9組 城南独身･単身者住宅305,城南東一丁目,2,30-305,jyonan.pdf,永興-96,high,
1174,大字永興1049番地の2,城南団地東町9組 城南独身･単身者住宅306,城南東一丁目,2,30-306,jyonan.pdf,永興-96,high,
1175,大字永興1049番地の2,城南団地東町9組 城南独身･単身者住宅307,城南東一丁目,2,30-307,jyonan.pdf,永興-97,high,
1176,大字永興1049番地の2,城南団地東町9組 城南独身･単身者住宅308,城南東一丁目,2,30-308,jyonan.pdf,永興-97,high,
1177,大字永興1049番地の2,城南団地東町9組 城南独身･単身者住宅401,城南東一丁目,2,30-401,jyonan.pdf,永興-97,high,
1178,大字永興1049番地の2,城南団地東町9組 城南独身･単身者住宅402,城南東一丁目,2,30-402,jyonan.pdf,永興-97,high,
1179,大字永興1049番地の2,城南団地東町9組 城南独身･単身者住宅403,城南東一丁目,2,30-403,jyonan.pdf,永興-97,high,
1180,大字永興1049番地の2,城南団地東町9組 城南独身･単身者住宅404,城南東一丁目,2,30-404,jyonan.pdf,永興-97,high,
1181,大字永興1049番地の2,城南団地東町9組 城南独身･単身者住宅405,城南東一丁目,2,30-405,jyonan.pdf,永興-97,high,
1182,大字永興1049番地の2,城南団地東町9組 城南独身･単身者住宅406,城南東一丁目,2,30-406,jyonan.pdf,永興-97,high,
1183,大字永興1049番地の2,城南団地東町9組 城南独身･単身者住宅407,城南東一丁目,2,30-407,jyonan.pdf,永興-97,high,
1184,大字永興1049番地の2,城南団地東町9組 城南独身･単身者住宅408,城南東一丁目,2,30-408,jyonan.pdf,永興-97,high,
1185,大字永興字北平1049番地3,,城南東一丁目,6,1,jyonan.pdf,永興-97,high,書式外住所(小字付き)、資料上通称の記載なし
1186,大字永興1049番地の3,城南団地東町8組 城南県職員住宅101,城南東一丁目,6,1-101,jyonan.pdf,永興-97,high,
1187,大字永興1049番地の3,城南団地東町8組 城南県職員住宅102,城南東一丁目,6,1-102,jyonan.pdf,永興-97,high,
1188,大字永興1049番地の3,城南団地東町8組 城南県職員住宅103,城南東一丁目,6,1-103,jyonan.pdf,永興-98,high,
1189,大字永興1049番地の3,城南団地東町8組 城南県職員住宅104,城南東一丁目,6,1-104,jyonan.pdf,永興-98,high,
1190,大字永興1049番地の3,城南団地東町8組 城南県職員住宅105,城南東一丁目,6,1-105,jyonan.pdf,永興-98,high,
1191,大字永興1049番地の3,城南団地東町8組 城南県職員住宅201,城南東一丁目,6,1-201,jyonan.pdf,永興-98,high,
1192,大字永興1049番地の3,城南団地東町8組 城南県職員住宅202,城南東一丁目,6,1-202,jyonan.pdf,永興-98,high,
1193,大字永興1049番地の3,城南団地東町8組 城南県職員住宅203,城南東一丁目,6,1-203,jyonan.pdf,永興-98,high,
1194,大字永興1049番地の3,城南団地東町8組 城南県職員住宅204,城南東一丁目,6,1-204,jyonan.pdf,永興-98,high,
1195,大字永興1049番地の3,城南団地東町8組 城南県職員住宅205,城南東一丁目,6,1-205,jyonan.pdf,永興-98,high,
1196,大字永興1049番地の3,城南団地東町8組 城南県職員住宅301,城南東一丁目,6,1-301,jyonan.pdf,永興-98,high,
1197,大字永興1049番地の3,城南団地東町8組 城南県職員住宅302,城南東一丁目,6,1-302,jyonan.pdf,永興-98,high,
1198,大字永興1049番地の3,城南団地東町8組 城南県職員住宅303,城南東一丁目,6,1-303,jyonan.pdf,永興-98,high,
1199,大字永興1049番地の3,城南団地東町8組 城南県職員住宅304,城南東一丁目,6,1-304,jyonan.pdf,永興-98,high,
1200,大字永興1049番地の3,城南団地東町8組 城南県職員住宅305,城南東一丁目,6,1-305,jyonan.pdf,永興-98,high,
1201,大字永興1049番地の3,城南団地東町8組 城南県職員住宅401,城南東一丁目,6,1-401,jyonan.pdf,永興-99,high,
1202,大字永興1049番地の3,城南団地東町8組 城南県職員住宅402,城南東一丁目,6,1-402,jyonan.pdf,永興-99,high,
1203,大字永興1049番地の3,城南団地東町8組 城南県職員住宅403,城南東一丁目,6,1-403,jyonan.pdf,永興-99,high,
1204,大字永興1049番地の3,城南団地東町8組 城南県職員住宅404,城南東一丁目,6,1-404,jyonan.pdf,永興-99,high,
1205,大字永興1049番地の3,城南団地東町8組 城南県職員住宅405,城南東一丁目,6,1-405,jyonan.pdf,永興-99,high,
1206,大字永興1049番地の3,城南団地東町8組 城南県職員住宅501,城南東一丁目,6,1-501,jyonan.pdf,永興-99,high,
1207,大字永興1049番地の3,城南団地東町8組 城南県職員住宅502,城南東一丁目,6,1-502,jyonan.pdf,永興-99,high,
1208,大字永興1049番地の3,城南団地東町8組 城南県職員住宅503,城南東一丁目,6,1-503,jyonan.pdf,永興-99,high,
1209,大字永興1049番地の3,城南団地東町8組 城南県職員住宅504,城南東一丁目,6,1-504,jyonan.pdf,永興-99,high,
1210,大字永興1049番地の3,城南団地東町8組 城南県職員住宅505,城南東一丁目,6,1-505,jyonan.pdf,永興-99,high,
1211,大字永興1049番地の4,城南団地東町10組 ｱﾃﾞｨα城南101,城南東一丁目,2,26-101,jyonan.pdf,永興-99,high,
1212,大字永興1049番地の4,城南団地東町10組 ｱﾃﾞｨα城南102,城南東一丁目,2,26-102,jyonan.pdf,永興-99,high,
1213,大字永興1049番地の4,城南団地東町10組 ｱﾃﾞｨα城南103,城南東一丁目,2,26-103,jyonan.pdf,永興-99,high,
1214,大字永興1049番地の4,城南団地東町10組 ｱﾃﾞｨα城南201,城南東一丁目,2,26-201,jyonan.pdf,永興-100,high,
1215,大字永興1049番地の4,城南団地東町10組 ｱﾃﾞｨα城南202,城南東一丁目,2,26-202,jyonan.pdf,永興-100,high,
1216,大字永興1049番地の4,城南団地東町10組 ｱﾃﾞｨα城南203,城南東一丁目,2,26-203,jyonan.pdf,永興-100,high,
1217,大字永興1049番地の4,城南団地東町10組 ｱﾃﾞｨα城南301,城南東一丁目,2,26-301,jyonan.pdf,永興-100,high,
1218,大字永興1049番地の4,城南団地東町10組 ｱﾃﾞｨα城南302,城南東一丁目,2,26-302,jyonan.pdf,永興-100,high,
1219,大字永興1049番地の4,城南団地東町10組 ｱﾃﾞｨα城南303,城南東一丁目,2,26-303,jyonan.pdf,永興-100,high,
1220,大字永興字北平1059番地3,,城南東一丁目,5,1,jyonan.pdf,永興-100,high,書式外住所(小字付き)、資料上通称の記載なし
1221,大字永興1059番地の3,城南団地東町1組 教職員住宅KR1-1,城南東一丁目,5,1-1,jyonan.pdf,永興-100,high,
1222,大字永興1059番地の3,城南団地東町1組 教職員住宅KR1-2,城南東一丁目,5,1-2,jyonan.pdf,永興-100,high,
1223,大字永興1059番地の3,城南団地東町1組 教職員住宅KR1-3,城南東一丁目,5,1-3,jyonan.pdf,永興-100,high,
1224,大字永興1059番地の3,城南団地東町1組 教職員住宅KR1-4,城南東一丁目,5,1-4,jyonan.pdf,永興-100,high,
1225,大字永興1059番地の3,城南団地東町1組 教職員住宅KR1-5,城南東一丁目,5,1-5,jyonan.pdf,永興-100,high,
1226,大字永興1059番地の3,城南団地東町1組 教職員住宅KR1-6,城南東一丁目,5,1-6,jyonan.pdf,永興-100,high,
1227,大字永興1059番地の3,城南団地東町1組 教職員住宅KR1-7,城南東一丁目,5,1-7,jyonan.pdf,永興-101,high,
1228,大字永興1059番地の3,城南団地東町1組 教職員住宅KR1-8,城南東一丁目,5,1-8,jyonan.pdf,永興-101,high,
1229,大字永興1059番地の3,城南団地東町1組 教職員住宅KR1-9,城南東一丁目,5,1-9,jyonan.pdf,永興-101,high,
1230,大字永興1059番地の3,城南団地東町1組 教職員住宅KR1-10,城南東一丁目,5,1-10,jyonan.pdf,永興-101,high,
1231,大字永興1059番地の3,城南団地東町1組 教職員住宅KR1-11,城南東一丁目,5,1-11,jyonan.pdf,永興-101,high,
1232,大字永興1059番地の3,城南団地東町1組 教職員住宅KR1-12,城南東一丁目,5,1-12,jyonan.pdf,永興-101,high,
1233,大字永興1059番地の3,城南団地東町1組 教職員住宅KR1-13,城南東一丁目,5,1-13,jyonan.pdf,永興-101,high,
1234,大字永興1059番地の3,城南団地東町1組 教職員住宅KR1-14,城南東一丁目,5,1-14,jyonan.pdf,永興-101,high,
1235,大字永興1059番地の3,城南団地東町1組 教職員住宅KR1-15,城南東一丁目,5,1-15,jyonan.pdf,永興-101,high,
1236,大字永興1059番地の3,城南団地東町1組 教職員住宅KR1-16,城南東一丁目,5,1-16,jyonan.pdf,永興-101,high,
1237,大字永興1059番地の3,城南団地東町1組 教職員住宅KR1-17,城南東一丁目,5,1-17,jyonan.pdf,永興-101,high,
1238,大字永興1059番地の3,城南団地東町1組 教職員住宅KR1-18,城南東一丁目,5,1-18,jyonan.pdf,永興-101,high,
1239,大字永興1059番地の3,城南団地東町2組 教職員住宅KR2-5,城南東一丁目,5,2-5,jyonan.pdf,永興-101,high,
1240,大字永興字北平1059番地3,,城南東一丁目,5,3,jyonan.pdf,永興-102,high,書式外住所(小字付き)、資料上通称の記載なし
1241,大字永興字北平1059番地3,,城南東一丁目,5,4,jyonan.pdf,永興-102,high,書式外住所(小字付き)、資料上通称の記載なし
1242,大字永興1059番地の3,城南団地東町2組 教職員住宅KR4-1,城南東一丁目,5,4,jyonan.pdf,永興-102,high,
1243,大字永興1059番地の3,城南団地東町2組 教職員住宅KR4-2,城南東一丁目,5,4,jyonan.pdf,永興-102,high,
1244,大字永興1059番地の3,城南団地東町2組 教職員住宅KR4-3,城南東一丁目,5,4,jyonan.pdf,永興-102,high,
1245,大字永興1059番地の3,城南団地東町2組 教職員住宅KR4-4,城南東一丁目,5,4,jyonan.pdf,永興-102,high,
1246,大字永興1059番地の5,城南団地東町7組 ｽﾃｲﾌﾞﾙ城南101,城南東一丁目,2,15-101,jyonan.pdf,永興-102,high,
1247,大字永興1059番地の5,城南団地東町7組 ｽﾃｲﾌﾞﾙ城南102,城南東一丁目,2,15-102,jyonan.pdf,永興-102,high,
1248,大字永興1059番地の5,城南団地東町7組 ｽﾃｲﾌﾞﾙ城南103,城南東一丁目,2,15-103,jyonan.pdf,永興-102,high,
1249,大字永興1059番地の5,城南団地東町7組 ｽﾃｲﾌﾞﾙ城南105,城南東一丁目,2,15-105,jyonan.pdf,永興-102,high,
1250,大字永興1059番地の5,城南団地東町7組 ｽﾃｲﾌﾞﾙ城南106,城南東一丁目,2,15-106,jyonan.pdf,永興-102,high,
1251,大字永興1059番地の5,城南団地東町7組 ｽﾃｲﾌﾞﾙ城南201,城南東一丁目,2,15-201,jyonan.pdf,永興-102,high,
1252,大字永興1059番地の5,城南団地東町7組 ｽﾃｲﾌﾞﾙ城南202,城南東一丁目,2,15-202,jyonan.pdf,永興-102,high,
1253,大字永興1059番地の5,城南団地東町7組 ｽﾃｲﾌﾞﾙ城南203,城南東一丁目,2,15-203,jyonan.pdf,永興-103,high,
1254,大字永興1059番地の5,城南団地東町7組 ｽﾃｲﾌﾞﾙ城南205,城南東一丁目,2,15-205,jyonan.pdf,永興-103,high,資料上2回出現
1255,大字永興1059番地の5,城南団地東町7組 ｽﾃｲﾌﾞﾙ城南206,城南東一丁目,2,15-206,jyonan.pdf,永興-103,high,
1256,大字永興1059番地の5,城南団地東町7組 ｽﾃｲﾌﾞﾙ城南301,城南東一丁目,2,15-301,jyonan.pdf,永興-103,high,
1257,大字永興1059番地の5,城南団地東町7組 ｽﾃｲﾌﾞﾙ城南302,城南東一丁目,2,15-302,jyonan.pdf,永興-103,high,
1258,大字永興1059番地の5,城南団地東町7組 ｽﾃｲﾌﾞﾙ城南303,城南東一丁目,2,15-303,jyonan.pdf,永興-103,high,
1259,大字永興1059番地の5,城南団地東町7組 ｽﾃｲﾌﾞﾙ城南305,城南東一丁目,2,15-305,jyonan.pdf,永興-103,high,
1260,大字永興1059番地の5,城南団地東町7組 ｽﾃｲﾌﾞﾙ城南306,城南東一丁目,2,15-306,jyonan.pdf,永興-103,high,
1261,大字永興1059番地の5,城南団地東町7組 ｽﾃｲﾌﾞﾙ城南401,城南東一丁目,2,15-401,jyonan.pdf,永興-103,high,
1262,大字永興1059番地の5,城南団地東町7組 ｽﾃｲﾌﾞﾙ城南402,城南東一丁目,2,15-402,jyonan.pdf,永興-103,high,
1263,大字永興1059番地の5,城南団地東町7組 ｽﾃｲﾌﾞﾙ城南403,城南東一丁目,2,15-403,jyonan.pdf,永興-103,high,
1264,大字永興1059番地の5,城南団地東町7組 ｽﾃｲﾌﾞﾙ城南405,城南東一丁目,2,15-405,jyonan.pdf,永興-103,high,
1265,大字永興1059番地の5,城南団地東町7組 ｽﾃｲﾌﾞﾙ城南406,城南東一丁目,2,15-406,jyonan.pdf,永興-104,high,
1266,大字永興1059番地の5,城南団地東町7組 ｽﾃｲﾌﾞﾙ城南501,城南東一丁目,2,15-501,jyonan.pdf,永興-104,high,
1267,大字永興1059番地の5,城南団地東町7組 ｽﾃｲﾌﾞﾙ城南502,城南東一丁目,2,15-502,jyonan.pdf,永興-104,high,資料上2回出現
1268,大字永興1059番地の5,城南団地東町7組 ｽﾃｲﾌﾞﾙ城南503,城南東一丁目,2,15-503,jyonan.pdf,永興-104,high,
1269,大字永興1059番地の5,城南団地東町7組 ｽﾃｲﾌﾞﾙ城南505,城南東一丁目,2,15-505,jyonan.pdf,永興-104,high,
1270,大字永興1059番地の5,城南団地東町7組 ｽﾃｲﾌﾞﾙ城南506,城南東一丁目,2,15-506,jyonan.pdf,永興-104,high,
1271,大字永興1059番地の5,城南団地東町7組 ｽﾃｲﾌﾞﾙ城南601,城南東一丁目,2,15-601,jyonan.pdf,永興-104,high,
1272,大字永興1059番地の5,城南団地東町7組 ｽﾃｲﾌﾞﾙ城南602,城南東一丁目,2,15-602,jyonan.pdf,永興-104,high,
1273,大字永興1059番地の5,城南団地東町7組 ｽﾃｲﾌﾞﾙ城南603,城南東一丁目,2,15-603,jyonan.pdf,永興-104,high,
1274,大字永興1059番地の5,城南団地東町7組 ｽﾃｲﾌﾞﾙ城南605,城南東一丁目,2,15-605,jyonan.pdf,永興-104,high,
1275,大字永興1059番地の5,城南団地東町7組 ｽﾃｲﾌﾞﾙ城南606,城南東一丁目,2,15-606,jyonan.pdf,永興-104,high,
1276,大字永興字北平1059番地7,,城南東一丁目,5,2,jyonan.pdf,永興-104,high,書式外住所(小字付き)、資料上通称の記載なし
1277,大字永興1059番地の7,城南団地東町2組 教職員住宅KR2-1,城南東一丁目,5,2-1,jyonan.pdf,永興-105,high,
1278,大字永興1059番地の7,城南団地東町2組 教職員住宅KR2-2,城南東一丁目,5,2-2,jyonan.pdf,永興-105,high,
1279,大字永興1059番地の7,城南団地東町2組 教職員住宅KR2-3,城南東一丁目,5,2-3,jyonan.pdf,永興-105,high,
1280,大字永興1059番地の7,城南団地東町2組 教職員住宅KR2-4,城南東一丁目,5,2-4,jyonan.pdf,永興-105,high,
1281,大字永興1059番地の7,城南団地東町2組 教職員住宅KR2-6,城南東一丁目,5,2-6,jyonan.pdf,永興-105,high,
1282,大字永興1059番地の7,城南団地東町2組 教職員住宅KR2-7,城南東一丁目,5,2-7,jyonan.pdf,永興-105,high,
1283,大字永興1059番地の7,城南団地東町2組 教職員住宅KR2-8,城南東一丁目,5,2-8,jyonan.pdf,永興-105,high,
1284,大字永興1059番地の7,城南団地東町2組 教職員住宅KR2-9,城南東一丁目,5,2-9,jyonan.pdf,永興-105,high,
1285,大字永興1059番地の7,城南団地東町2組 教職員住宅KR2-10,城南東一丁目,5,2-10,jyonan.pdf,永興-105,high,
1286,大字永興1059番地の7,城南団地東町2組 教職員住宅KR2-11,城南東一丁目,5,2-11,jyonan.pdf,永興-105,high,
1287,大字永興1059番地の7,城南団地東町2組 教職員住宅KR2-12,城南東一丁目,5,2-12,jyonan.pdf,永興-105,high,
1288,大字永興1059番地の7,城南団地東町2組 教職員住宅KR2-13,城南東一丁目,5,2-13,jyonan.pdf,永興-105,high,
1289,大字永興1059番地の7,城南団地東町2組 教職員住宅KR2-14,城南東一丁目,5,2-14,jyonan.pdf,永興-105,high,
1290,大字永興1059番地の7,城南団地東町2組 教職員住宅KR2-15,城南東一丁目,5,2-15,jyonan.pdf,永興-106,high,
1291,大字永興1059番地の7,城南団地東町2組 教職員住宅KR2-16,城南東一丁目,5,2-16,jyonan.pdf,永興-106,high,
1292,大字永興1059番地の7,城南団地東町2組 教職員住宅KR2-17,城南東一丁目,5,2-17,jyonan.pdf,永興-106,high,
1293,大字永興1059番地の7,城南団地東町2組 教職員住宅KR2-18,城南東一丁目,5,2-18,jyonan.pdf,永興-106,high,
1294,大字永興1059番地の10,城南団地東町3組,城南東一丁目,3,4,jyonan.pdf,永興-106,high,
1295,大字永興1059番地の11,城南団地東町3組,城南東一丁目,3,5,jyonan.pdf,永興-106,high,
1296,大字永興1059番地の12,城南団地東町3組,城南東一丁目,3,6,jyonan.pdf,永興-106,high,
1297,大字永興1059番地の13,城南団地東町3組,城南東一丁目,3,3,jyonan.pdf,永興-106,high,
1298,大字永興1059番地の14,城南団地東町3組,城南東一丁目,3,2,jyonan.pdf,永興-106,high,
1299,大字永興1059番地の15,城南団地東町3組,城南東一丁目,3,1,jyonan.pdf,永興-106,high,資料上2回出現
1300,大字永興1075番地の2,城南団地東町4組,城南東一丁目,1,15,jyonan.pdf,永興-106,high,資料上3回出現(改ページ跨ぎ)
1301,大字永興1075番地の3,城南団地東町4組,城南東一丁目,2,11,jyonan.pdf,永興-107,high,
1302,大字永興1075番地の4,城南団地東町4組 城南ﾊｲﾂ伊東101,城南東一丁目,2,10,jyonan.pdf,永興-107,high,
1303,大字永興1075番地の4,城南団地東町4組 城南ﾊｲﾂ伊東102,城南東一丁目,2,10,jyonan.pdf,永興-107,high,
1304,大字永興1075番地の5,城南団地東町4組,城南東一丁目,2,8,jyonan.pdf,永興-107,high,
1305,大字永興1075番地の6,城南団地東町4組,城南東一丁目,2,7,jyonan.pdf,永興-107,high,
1306,大字永興1075番地の7,城南団地東町4組,城南東一丁目,2,5,jyonan.pdf,永興-107,high,
1307,大字永興1075番地の9,城南団地東町4組,城南東一丁目,2,1,jyonan.pdf,永興-107,high,
1308,大字永興1083番地の2,城南団地東町4組,城南東一丁目,1,9,jyonan.pdf,永興-107,high,
1309,大字永興1083番地の3,城南団地東町4組,城南東一丁目,1,11,jyonan.pdf,永興-107,high,
1310,大字永興北平1083番地の6,城南東町4組,城南東一丁目,1,7,jyonan.pdf,永興-107,high,書式外住所(小字付き)
1311,大字永興1087番地の2,城南団地東町4組,城南東二丁目,1,1,jyonan.pdf,永興-107,high,資料上2回出現
1312,大字永興1087番地の3,城南団地東町4組,城南東二丁目,1,18,jyonan.pdf,永興-108,high,
1313,大字永興1087番地の4,城南団地東町4組,城南東二丁目,1,16,jyonan.pdf,永興-108,high,
1314,大字永興1087番地の5,城南団地東町4組,城南東二丁目,1,5,jyonan.pdf,永興-108,high,資料上2回出現
1315,大字永興1087番地の6,城南団地東町4組,城南東二丁目,1,12,jyonan.pdf,永興-108,high,
1316,大字永興1087番地の7,城南団地東町4組,城南東二丁目,1,7,jyonan.pdf,永興-108,high,
1317,大字永興1126番地の1,城南団地東町5組,城南東二丁目,2,5,jyonan.pdf,永興-108,high,資料上3回出現
1318,大字永興1126番地の2,城南団地東町5組,城南東二丁目,2,7,jyonan.pdf,永興-108,high,
1319,大字永興1126番地の3,城南団地東町5組,城南東二丁目,2,8,jyonan.pdf,永興-108,high,
1320,大字永興1126番地の4,城南団地東町5組,城南東二丁目,2,10,jyonan.pdf,永興-108,high,資料上2回出現
1321,大字永興1126番地の5,城南団地東町5組,城南東二丁目,2,12,jyonan.pdf,永興-109,high,1対多
1322,大字永興1126番地の5,城南団地東町5組 小型有料老人ﾎｰﾑこくりこ,城南東二丁目,2,12,jyonan.pdf,永興-109,high,資料上5回出現、1対多
1323,大字永興1126番地の7,城南団地東町5組,城南東二丁目,2,15,jyonan.pdf,永興-109,high,
1324,大字永興1126番地の8,城南団地東町5組,城南東二丁目,2,16,jyonan.pdf,永興-109,high,
1325,大字永興1126番地の10,城南団地東町5組,城南東二丁目,2,1,jyonan.pdf,永興-109,high,資料上4回出現
1326,大字永興1130番地の4,城南団地東町5組,城南東二丁目,3,1,jyonan.pdf,永興-109,high,
1327,大字永興1130番地の5,城南団地東町5組,城南東二丁目,3,16,jyonan.pdf,永興-110,high,
1328,大字永興1130番地の6,城南団地東町5組,城南東二丁目,3,15,jyonan.pdf,永興-110,high,資料上2回出現
1329,大字永興1130番地の7,城南団地東町5組,城南東二丁目,3,3,jyonan.pdf,永興-110,high,
1330,大字永興1130番地の8,城南団地東町5組,城南東二丁目,3,7,jyonan.pdf,永興-110,high,資料上2回出現
1331,大字永興1130番地の9,城南団地東町5組,城南東二丁目,3,10,jyonan.pdf,永興-110,high,
1332,大字永興1130番地の11,城南団地東町5組,城南東二丁目,2,18,jyonan.pdf,永興-110,high,
1333,大字永興1130番地の13,城南団地東町5組,城南東二丁目,2,19,jyonan.pdf,永興-110,high,
1334,大字永興1130番地の14,城南団地東町5組,城南東二丁目,2,21,jyonan.pdf,永興-110,high,
1335,大字永興1130番地の15,城南団地東町5組,城南東二丁目,2,24,jyonan.pdf,永興-110,high,資料上2回出現
1336,大字永興1130番地の16,城南団地東町5組,城南東二丁目,2,26,jyonan.pdf,永興-110,high,
1337,大字永興1130番地の17,城南団地東町8組,城南東一丁目,7,1,jyonan.pdf,永興-111,high,
1338,大字永興1130番地の21,城南団地東町6組,城南東一丁目,4,1,jyonan.pdf,永興-111,high,資料上2回出現
1339,大字永興1130番地の22,城南団地東町6組,城南東一丁目,4,7,jyonan.pdf,永興-111,high,
1340,大字永興1130番地の23,城南団地東町6組,城南東一丁目,4,9,jyonan.pdf,永興-111,high,
1341,大字永興1130番地の25,城南団地東町6組,城南東一丁目,4,12,jyonan.pdf,永興-111,high,
1342,大字永興1130番地の27,城南団地東町6組,城南東一丁目,4,21,jyonan.pdf,永興-111,high,
1343,大字永興1130番地の28,城南団地東町6組,城南東一丁目,4,20,jyonan.pdf,永興-111,high,
1344,大字永興1130番地の29,城南団地東町6組,城南東一丁目,4,19,jyonan.pdf,永興-111,high,
1345,大字永興1130番地の34,城南団地東町6組,城南東一丁目,4,8,jyonan.pdf,永興-111,high,
1346,大字永興1141番地の2,城南団地東町6組,城南東一丁目,4,40,jyonan.pdf,永興-111,high,
1347,大字永興1141番地の3,城南団地東町6組,城南東一丁目,4,38,jyonan.pdf,永興-111,high,
1348,大字永興1141番地の4,城南団地東町6組,城南東一丁目,4,35,jyonan.pdf,永興-111,high,
1349,大字永興1141番地の5,城南団地東町6組,城南東一丁目,4,34,jyonan.pdf,永興-112,high,
1350,大字永興1141番地の6,城南団地東町6組,城南東一丁目,4,33,jyonan.pdf,永興-112,high,
1351,大字永興1141番地の13,城南団地東町5組,城南東二丁目,2,28,jyonan.pdf,永興-112,high,
1352,大字永興1141番地の14,城南団地東町5組,城南東二丁目,2,30,jyonan.pdf,永興-112,high,資料上2回出現
1353,大字永興1141番地の15,城南団地東町6組,城南東一丁目,4,31,jyonan.pdf,永興-112,high,
1354,大字永興1141番地の17,城南団地東町6組,城南東一丁目,4,41,jyonan.pdf,永興-112,high,
1355,大字永興1141番地の21,城南団地東町5組,城南東二丁目,2,31,jyonan.pdf,永興-112,high,
1356,大字永興1142番地の2,城南団地東町6組,城南東一丁目,4,23,jyonan.pdf,永興-112,high,
1357,大字永興1142番地の3,城南団地東町6組 ﾁｪﾙｼｰ101,城南東一丁目,4,25,jyonan.pdf,永興-112,high,
1358,大字永興1142番地の3,城南団地東町6組 ﾁｪﾙｼｰ102,城南東一丁目,4,25,jyonan.pdf,永興-112,high,
1359,大字永興1142番地の3,城南団地東町6組 ﾁｪﾙｼｰ103,城南東一丁目,4,25,jyonan.pdf,永興-112,high,
1360,大字永興1142番地の3,城南団地東町6組 ﾁｪﾙｼｰ201,城南東一丁目,4,25,jyonan.pdf,永興-112,high,
1361,大字永興1142番地の3,城南団地東町6組 ﾁｪﾙｼｰ202,城南東一丁目,4,25,jyonan.pdf,永興-113,high,
1362,大字永興1142番地の3,城南団地東町6組 ﾁｪﾙｼｰ203,城南東一丁目,4,25,jyonan.pdf,永興-113,high,
1363,大字永興1142番地の4,城南団地東町6組,城南東一丁目,4,27,jyonan.pdf,永興-113,high,資料上2回出現
1364,大字永興1142番地の5,城南団地東町6組,城南東一丁目,4,17,jyonan.pdf,永興-113,high,
1365,大字永興1142番地の5,城南団地東町6組 ﾋﾟｰｽｳｫｰﾙﾎﾞｯｸｽ101,城南東一丁目,4,17-101,jyonan.pdf,永興-113,high,
1366,大字永興1142番地の5,城南団地東町6組 ﾋﾟｰｽｳｫｰﾙﾎﾞｯｸｽ102,城南東一丁目,4,17-102,jyonan.pdf,永興-113,high,
1367,大字永興1142番地の5,城南団地東町6組 ﾋﾟｰｽｳｫｰﾙﾎﾞｯｸｽ201,城南東一丁目,4,17-201,jyonan.pdf,永興-113,high,
1368,大字永興1142番地の5,城南団地東町6組 ﾋﾟｰｽｳｫｰﾙﾎﾞｯｸｽ202,城南東一丁目,4,17-202,jyonan.pdf,永興-113,high,
1369,大字永興1142番地の5,城南団地東町6組 ﾋﾟｰｽｳｫｰﾙﾎﾞｯｸｽ203,城南東一丁目,4,17-203,jyonan.pdf,永興-113,high,
1370,大字永興1142番地の5,城南団地東町6組 ﾋﾟｰｽｳｫｰﾙﾎﾞｯｸｽ205,城南東一丁目,4,17-205,jyonan.pdf,永興-113,high,
1371,大字永興1142番地の5,城南団地東町6組 ﾋﾟｰｽｳｫｰﾙﾎﾞｯｸｽ206,城南東一丁目,4,17-206,jyonan.pdf,永興-113,high,
1372,大字永興1142番地の5,城南団地東町6組 ﾋﾟｰｽｳｫｰﾙﾎﾞｯｸｽ301,城南東一丁目,4,17-301,jyonan.pdf,永興-113,high,
1373,大字永興1142番地の5,城南団地東町6組 ﾋﾟｰｽｳｫｰﾙﾎﾞｯｸｽ302,城南東一丁目,4,17-302,jyonan.pdf,永興-114,high,
1374,大字永興1142番地の5,城南団地東町6組 ﾋﾟｰｽｳｫｰﾙﾎﾞｯｸｽ303,城南東一丁目,4,17-303,jyonan.pdf,永興-114,high,
1375,大字永興1142番地の5,城南団地東町6組 ﾋﾟｰｽｳｫｰﾙﾎﾞｯｸｽ305,城南東一丁目,4,17-305,jyonan.pdf,永興-114,high,
1376,大字永興1142番地の5,城南団地東町6組 ﾋﾟｰｽｳｫｰﾙﾎﾞｯｸｽ306,城南東一丁目,4,17-306,jyonan.pdf,永興-114,high,
1377,大字永興1285番地の3,城南北町25班,城南北一丁目,3,14,jyonan.pdf,永興-114,high,資料上2回出現
1378,大字永興1285番地の4,城南北町25班,城南北一丁目,3,17,jyonan.pdf,永興-114,high,
1379,大字永興1285番地の4,城南北町25,城南北一丁目,3,17,jyonan.pdf,永興-114,high,
1380,大字永興1285番地の5,城南北町25班,城南北一丁目,3,19,jyonan.pdf,永興-114,high,
1381,大字永興1285番地の6,城南北町25班,城南北一丁目,3,22,jyonan.pdf,永興-114,high,資料上2回出現
1382,大字永興1285番地の9,城南北町25班,城南北一丁目,10,11,jyonan.pdf,永興-114,high,資料上3回出現(改ページ跨ぎ)
1383,大字永興1285番地の10,城南北町25班,城南北一丁目,10,12,jyonan.pdf,永興-115,high,
1384,大字永興1285番地の12,城南北町25班,城南北一丁目,10,8,jyonan.pdf,永興-115,high,
1385,大字永興1285番地の13,城南北町25班,城南北一丁目,10,6,jyonan.pdf,永興-115,high,
1386,大字永興1285番地の14,城南北町25班,城南北一丁目,10,4,jyonan.pdf,永興-115,high,
1387,大字永興1285番地の15,城南北町25班,城南北一丁目,10,1,jyonan.pdf,永興-115,high,
1388,大字永興1290番地の1,城南北町20班,城南北一丁目,7,30,jyonan.pdf,永興-115,high,
1389,大字永興1290番地の3,城南北町20班,城南北一丁目,3,34,jyonan.pdf,永興-115,high,
1390,大字永興1290番地の4,城南北町20班,城南北一丁目,3,32,jyonan.pdf,永興-115,high,
1391,大字永興1290番地の5,城南北町20班,城南北一丁目,3,30,jyonan.pdf,永興-115,high,
1392,大字永興1290番地の7,城南北町25班,城南北一丁目,3,27,jyonan.pdf,永興-115,high,資料上2回出現、1対多
1393,大字永興1290番地の7,,城南北一丁目,3,27,jyonan.pdf,永興-115,high,資料上通称の記載なし、資料上5回出現(改ページ跨ぎ)、1対多
1394,大字永興1290番地の9,城南北町20班,城南北一丁目,7,29,jyonan.pdf,永興-116,high,
1395,大字永興1290番地の10,城南北町20班,城南北一丁目,7,27,jyonan.pdf,永興-116,high,
1396,大字永興1290番地の13,城南北町20班,城南北一丁目,7,10,jyonan.pdf,永興-116,high,
1397,大字永興1290番地の14,城南北町20班,城南北一丁目,7,8,jyonan.pdf,永興-116,high,
1398,大字永興1290番地の15,城南北町20班,城南北一丁目,7,7,jyonan.pdf,永興-116,high,資料上2回出現
1399,大字永興1290番地の16,城南北町20組,城南北一丁目,7,3,jyonan.pdf,永興-116,high,
1400,大字永興1290番地の17,城南北町20班,城南北一丁目,7,1,jyonan.pdf,永興-116,high,
1401,大字永興1290番地の20,城南北町29班,城南北一丁目,5,38,jyonan.pdf,永興-117,high,
1402,大字永興1290番地の22,城南北町29班,城南北一丁目,5,41,jyonan.pdf,永興-117,high,
1403,大字永興1290番地の24,城南北町29班,城南北一丁目,5,44,jyonan.pdf,永興-117,high,
1404,大字永興1290番地の25,城南北町29班,城南北一丁目,5,45,jyonan.pdf,永興-117,high,
1405,大字永興1290番地の26,城南北町29班,城南北一丁目,5,1,jyonan.pdf,永興-117,high,
1406,大字永興1290番地の27,城南北町29班,城南北一丁目,5,3,jyonan.pdf,永興-117,high,
1407,大字永興1290番地の29,城南北町29班,城南北一丁目,5,9,jyonan.pdf,永興-117,high,
1408,大字永興1290番地の30,城南北町29班,城南北一丁目,5,11,jyonan.pdf,永興-117,high,
1409,大字永興1290番地の31,城南北町29班,城南北一丁目,5,12,jyonan.pdf,永興-117,high,
1410,大字永興1290番地の32,城南北町29班,城南北一丁目,5,14,jyonan.pdf,永興-117,high,
1411,大字永興1290番地の33,城南北町29班,城南北一丁目,5,16,jyonan.pdf,永興-117,high,
1412,大字永興1290番地の35,城南北町20班,城南北一丁目,7,26,jyonan.pdf,永興-117,high,
1413,大字永興1300番地の5,城南北町20班,城南北一丁目,3,3,jyonan.pdf,永興-117,high,
1414,大字永興1300番地の6,城南北町20班,城南北一丁目,3,4,jyonan.pdf,永興-118,high,
1415,大字永興1300番地の7,城南北町33班,城南北一丁目,3,6,jyonan.pdf,永興-118,high,資料上2回出現
1416,大字永興1300番地の8,城南北町33班,城南北一丁目,3,8,jyonan.pdf,永興-118,high,
1417,大字永興1300番地の9,城南北町33班,城南北一丁目,3,10,jyonan.pdf,永興-118,high,
1418,大字永興1300番地の13,城南北町33班,城南北一丁目,3,7,jyonan.pdf,永興-118,high,
1419,大字永興1300番地の14,城南北町33班,城南北一丁目,3,9,jyonan.pdf,永興-118,high,
1420,大字永興1300番地の20,城南北町33班,城南北一丁目,2,12,jyonan.pdf,永興-118,high,
1421,大字永興1300番地の21,城南北町33班,城南北一丁目,2,15,jyonan.pdf,永興-118,high,
1422,大字永興1300番地の22,城南北町33班,城南北一丁目,2,16,jyonan.pdf,永興-118,high,資料上2回出現
1423,大字永興1300番地の23,城南北町33班,城南北一丁目,2,17,jyonan.pdf,永興-118,high,
1424,大字永興1300番地の24,城南北町33班,城南北一丁目,2,1,jyonan.pdf,永興-118,high,
1425,大字永興1300番地の26,城南北町33班,城南北一丁目,2,8,jyonan.pdf,永興-119,high,
1426,大字永興1300番地の27,城南北町33班,城南北一丁目,2,7,jyonan.pdf,永興-119,high,
1427,大字永興1300番地の28,城南北町33班,城南北一丁目,2,6,jyonan.pdf,永興-119,high,
1428,大字永興1300番地の29,城南北町33班,城南北一丁目,2,4,jyonan.pdf,永興-119,high,
1429,大字永興1302番地の1,城南北町25班,城南北一丁目,1,8,jyonan.pdf,永興-119,high,
1430,大字永興1303番地の2,城南北町25班,城南北一丁目,1,10,jyonan.pdf,永興-119,high,
1431,城南東町8組,大野貸家南棟,城南東一丁目,7,6,jyonan.pdf,永興-119,low,大字+番地の正規形式でなく原本側の参考行または別形式の記載の可能性があるため、内容の正しさは未検証
1432,大字三芳970番地,城南北町28班,城南北一丁目,4,13,jyonan.pdf,三芳-1,high,
1433,大字三芳974番地の14,城南北町28班,城南北一丁目,4,8,jyonan.pdf,三芳-1,high,
1434,大字三芳997番地の17,城南北町28組,城南北一丁目,4,1,jyonan.pdf,三芳-1,high,
1435,大字三芳997番地の29,城南北町28班,城南北一丁目,4,15,jyonan.pdf,三芳-1,high,
1436,大字三芳997番地の32,城南北町28班,城南北一丁目,4,6,jyonan.pdf,三芳-1,high,
1437,大字三芳998番地,城南北町28班,城南北一丁目,4,26,jyonan.pdf,三芳-1,high,資料上2回出現
1438,大字三芳998番地の1,城南北町28班,城南北一丁目,4,18,jyonan.pdf,三芳-1,high,資料上2回出現
1439,大字三芳998番地の3,城南北町28班,城南北一丁目,4,21,jyonan.pdf,三芳-1,high,
1440,大字三芳998番地の4,城南北町28班,城南北一丁目,4,17,jyonan.pdf,三芳-1,high,
1441,大字三芳998番地の7,城南北町28班,城南北一丁目,4,22,jyonan.pdf,三芳-1,high,
1442,大字三芳998番地の9,城南北町28班,城南北一丁目,4,25,jyonan.pdf,三芳-1,high,資料上2回出現(改ページ跨ぎ)
1443,大字三芳998番地の11,城南北町28班,城南北一丁目,4,48,jyonan.pdf,三芳-2,high,
1444,大字三芳998番地の13,城南北町28班,城南北一丁目,4,27,jyonan.pdf,三芳-2,high,資料上2回出現
1445,大字三芳998番地の14,城南北町28班,城南北一丁目,4,29,jyonan.pdf,三芳-2,high,資料上2回出現
1446,大字三芳998番地の15,城南北町28班,城南北一丁目,4,31,jyonan.pdf,三芳-2,high,
1447,大字三芳998番地の16,城南北町28班,城南北一丁目,4,32,jyonan.pdf,三芳-2,high,
1448,大字三芳998番地の17,城南北町28組,城南北一丁目,4,34,jyonan.pdf,三芳-2,high,
1449,大字三芳998番地の18,城南北町28班,城南北一丁目,4,35,jyonan.pdf,三芳-2,high,
1450,大字三芳998番地の19,城南北町28班,城南北一丁目,4,37,jyonan.pdf,三芳-2,high,資料上2回出現
1451,大字三芳998番地の20,城南北町28班,城南北一丁目,4,38,jyonan.pdf,三芳-2,high,
1452,大字三芳998番地の27,城南北町28班,城南北一丁目,4,20,jyonan.pdf,三芳-3,high,
1453,大字三芳999番地の1,城南北町28班,城南北一丁目,4,54,jyonan.pdf,三芳-3,high,
1454,大字三芳999番地の3,城南北町28班,城南北一丁目,4,52,jyonan.pdf,三芳-3,high,
1455,大字三芳999番地の4,城南北町28班,城南北一丁目,4,53,jyonan.pdf,三芳-3,high,
1456,大字三芳999番地の5,,城南北一丁目,4,56,jyonan.pdf,三芳-3,high,資料上通称の記載なし、1対多
1457,大字三芳999番地の5,城南北町31班 ﾌﾞﾘｯｼﾞﾀｳﾝ城南101,城南北一丁目,4,56-101,jyonan.pdf,三芳-3,high,
1458,大字三芳999番地の5,城南北町31班 ﾌﾞﾘｯｼﾞﾀｳﾝ城南102,城南北一丁目,4,56-102,jyonan.pdf,三芳-3,high,
1459,大字三芳999番地の5,城南北町31班 ﾌﾞﾘｯｼﾞﾀｳﾝ城南103,城南北一丁目,4,56-103,jyonan.pdf,三芳-3,high,
1460,大字三芳999番地の5,城南北町31班 ﾌﾞﾘｯｼﾞﾀｳﾝ城南104,城南北一丁目,4,56-104,jyonan.pdf,三芳-3,high,
1461,大字三芳999番地の5,城南北町31班 ﾌﾞﾘｯｼﾞﾀｳﾝ城南105,城南北一丁目,4,56-105,jyonan.pdf,三芳-3,high,
1462,大字三芳999番地の5,城南北町31班 ﾌﾞﾘｯｼﾞﾀｳﾝ城南106,城南北一丁目,4,56-106,jyonan.pdf,三芳-3,high,資料上2回出現
1463,大字三芳999番地の5,城南北町31班 ﾌﾞﾘｯｼﾞﾀｳﾝ城南107,城南北一丁目,4,56-107,jyonan.pdf,三芳-3,high,
1464,大字三芳999番地の5,城南北町31班 ﾌﾞﾘｯｼﾞﾀｳﾝ城南108,城南北一丁目,4,56-108,jyonan.pdf,三芳-4,high,
1465,大字三芳999番地の5,城南北町31班 ﾌﾞﾘｯｼﾞﾀｳﾝ城南201,城南北一丁目,4,56-201,jyonan.pdf,三芳-4,high,
1466,大字三芳999番地の5,城南北町31班 ﾌﾞﾘｯｼﾞﾀｳﾝ城南202,城南北一丁目,4,56-202,jyonan.pdf,三芳-4,high,
1467,大字三芳999番地の5,城南北町31班 ﾌﾞﾘｯｼﾞﾀｳﾝ城南203,城南北一丁目,4,56-203,jyonan.pdf,三芳-4,high,
1468,大字三芳999番地の5,城南北町31班 ﾌﾞﾘｯｼﾞﾀｳﾝ城南204,城南北一丁目,4,56-204,jyonan.pdf,三芳-4,high,
1469,大字三芳999番地の5,城南北町31班 ﾌﾞﾘｯｼﾞﾀｳﾝ城南205,城南北一丁目,4,56-205,jyonan.pdf,三芳-4,high,
1470,大字三芳999番地の5,城南北町31班 ﾌﾞﾘｯｼﾞﾀｳﾝ城南206,城南北一丁目,4,56-206,jyonan.pdf,三芳-4,high,
1471,大字三芳999番地の5,城南北町31班 ﾌﾞﾘｯｼﾞﾀｳﾝ城南207,城南北一丁目,4,56-207,jyonan.pdf,三芳-4,high,資料上2回出現
1472,大字三芳999番地の5,城南北町31班 ﾌﾞﾘｯｼﾞﾀｳﾝ城南208,城南北一丁目,4,56-208,jyonan.pdf,三芳-4,high,資料上2回出現
1473,大字三芳999番地の5,城南北町31班 ﾌﾞﾘｯｼﾞﾀｳﾝ城南301,城南北一丁目,4,56-301,jyonan.pdf,三芳-4,high,
1474,大字三芳999番地の5,城南北町31班 ﾌﾞﾘｯｼﾞﾀｳﾝ城南302,城南北一丁目,4,56-302,jyonan.pdf,三芳-4,high,
1475,大字三芳999番地の5,城南北町31班 ﾌﾞﾘｯｼﾞﾀｳﾝ城南303,城南北一丁目,4,56-303,jyonan.pdf,三芳-5,high,
1476,大字三芳999番地の5,城南北町31班 ﾌﾞﾘｯｼﾞﾀｳﾝ城南304,城南北一丁目,4,56-304,jyonan.pdf,三芳-5,high,資料上3回出現
1477,大字三芳999番地の5,城南北町31班 ﾌﾞﾘｯｼﾞﾀｳﾝ城南305,城南北一丁目,4,56-305,jyonan.pdf,三芳-5,high,
1478,大字三芳999番地の5,城南北町31班 ﾌﾞﾘｯｼﾞﾀｳﾝ城南306,城南北一丁目,4,56-306,jyonan.pdf,三芳-5,high,
1479,大字三芳999番地の5,城南北町31班 ﾌﾞﾘｯｼﾞﾀｳﾝ城南307,城南北一丁目,4,56-307,jyonan.pdf,三芳-5,high,
1480,大字三芳999番地の5,城南北町31班 ﾌﾞﾘｯｼﾞﾀｳﾝ城南308,城南北一丁目,4,56-308,jyonan.pdf,三芳-5,high,
1481,大字三芳1002番地の2,城南北町28班,城南北一丁目,4,61,jyonan.pdf,三芳-5,high,資料上2回出現
1482,大字三芳1002番地の3,城南北町28班,城南北一丁目,4,60,jyonan.pdf,三芳-5,high,
1483,大字三芳1004番地の1,城南北町32班 ｳｨﾝﾀﾞﾑﾔﾏｷ101,城南北一丁目,4,65-101,jyonan.pdf,三芳-5,high,
1484,大字三芳1004番地の1,城南北町32班 ｳｨﾝﾀﾞﾑﾔﾏｷ102,城南北一丁目,4,65-102,jyonan.pdf,三芳-5,high,
1485,大字三芳1004番地の1,城南北町32班 ｳｨﾝﾀﾞﾑﾔﾏｷ103,城南北一丁目,4,65-103,jyonan.pdf,三芳-6,high,
1486,大字三芳1004番地の1,城南北町32班 ｳｨﾝﾀﾞﾑﾔﾏｷ201,城南北一丁目,4,65-201,jyonan.pdf,三芳-6,high,
1487,大字三芳1004番地の1,城南北町32班 ｳｨﾝﾀﾞﾑﾔﾏｷ202,城南北一丁目,4,65-202,jyonan.pdf,三芳-6,high,
1488,大字三芳1004番地の1,城南北町32班 ｳｨﾝﾀﾞﾑﾔﾏｷ203,城南北一丁目,4,65-203,jyonan.pdf,三芳-6,high,
1489,大字三芳1004番地の1,城南北町32班 ｳｨﾝﾀﾞﾑﾔﾏｷ301,城南北一丁目,4,65-301,jyonan.pdf,三芳-6,high,
1490,大字三芳1004番地の1,城南北町32班 ｳｨﾝﾀﾞﾑﾔﾏｷ302,城南北一丁目,4,65-302,jyonan.pdf,三芳-6,high,
1491,大字三芳1004番地の1,城南北町32班 ｳｨﾝﾀﾞﾑﾔﾏｷ303,城南北一丁目,4,65-303,jyonan.pdf,三芳-6,high,
1492,大字三芳1004番地の2,城南北町28班,城南北一丁目,4,63,jyonan.pdf,三芳-6,high,
1493,大字三芳1006番地の5,城南北町28班,城南北一丁目,4,75,jyonan.pdf,三芳-6,high,
