seq,old_address,alias,new_town,block,house,source_doc,source_page,confidence,note
1,大字羽屋600番地1,,花園三丁目,3,1,hirosematitaisyoubo.pdf,3,high,資料上2回出現
2,大字羽屋600番地の10,,花園三丁目,2,10,hirosematitaisyoubo.pdf,3,high,
3,大字羽屋727番地の1,花園17組の6 ｶｰｻ豊府101,花園二丁目,11,11-101,hirosematitaisyoubo.pdf,3,high,
4,大字羽屋727番地の1,花園17組の6 ｶｰｻ豊府102,花園二丁目,11,11-102,hirosematitaisyoubo.pdf,3,high,
5,大字羽屋727番地の1,花園17組の6 ｶｰｻ豊府103,花園二丁目,11,11-103,hirosematitaisyoubo.pdf,3,high,
6,大字羽屋727番地の1,花園17組の6 ｶｰｻ豊府201,花園二丁目,11,11-201,hirosematitaisyoubo.pdf,3,high,
7,大字羽屋727番地の1,花園17組の6 ｶｰｻ豊府202,花園二丁目,11,11-202,hirosematitaisyoubo.pdf,3,high,
8,大字羽屋727番地の1,花園17組の6 ｶｰｻ豊府203,花園二丁目,11,11-203,hirosematitaisyoubo.pdf,3,high,
9,大字羽屋727番地の1,花園17組の6 ｶｰｻ豊府205,花園二丁目,11,11-205,hirosematitaisyoubo.pdf,3,high,
10,大字羽屋727番地の1,花園17組の6 ｶｰｻ豊府301,花園二丁目,11,11-301,hirosematitaisyoubo.pdf,3,high,
11,大字羽屋727番地の1,花園17組の6 ｶｰｻ豊府302,花園二丁目,11,11-302,hirosematitaisyoubo.pdf,3,high,
12,大字羽屋727番地の1,花園17組の6 ｶｰｻ豊府303,花園二丁目,11,11-303,hirosematitaisyoubo.pdf,4,high,資料上2回出現
13,大字羽屋727番地の1,花園17組の6 ｶｰｻ豊府305,花園二丁目,11,11-305,hirosematitaisyoubo.pdf,4,high,
14,大字羽屋727番地の1,花園17組の6 ｶｰｻ豊府401,花園二丁目,11,11-401,hirosematitaisyoubo.pdf,4,high,
15,大字羽屋727番地の1,花園17組の6 ｶｰｻ豊府403,花園二丁目,11,11-403,hirosematitaisyoubo.pdf,4,high,
16,大字羽屋727番地の1,花園17組の6 ｶｰｻ豊府405,花園二丁目,11,11-405,hirosematitaisyoubo.pdf,4,high,
17,大字羽屋727番地の1,花園17組の6 ｶｰｻ豊府501,花園二丁目,11,11-501,hirosematitaisyoubo.pdf,4,high,
18,大字羽屋727番地の1,花園17組の6 ｶｰｻ豊府502,花園二丁目,11,11-502,hirosematitaisyoubo.pdf,4,high,
19,大字羽屋727番地の1,花園17組の6 ｶｰｻ豊府503,花園二丁目,11,11-503,hirosematitaisyoubo.pdf,4,high,
20,大字羽屋727番地の1,花園17組の6 ｶｰｻ豊府505,花園二丁目,11,11-505,hirosematitaisyoubo.pdf,4,high,
21,大字羽屋727番地の1,花園17組の6 ｶｰｻ豊府601,花園二丁目,11,11-601,hirosematitaisyoubo.pdf,4,high,
22,大字羽屋727番地の1,花園17組の6 ｶｰｻ豊府602,花園二丁目,11,11-602,hirosematitaisyoubo.pdf,4,high,
23,大字羽屋727番地の1,花園17組の6 ｶｰｻ豊府603,花園二丁目,11,11-603,hirosematitaisyoubo.pdf,4,high,
24,大字羽屋727番地の1,花園17組の6 ｶｰｻ豊府605,花園二丁目,11,11-605,hirosematitaisyoubo.pdf,5,high,
25,大字羽屋727番地の1,花園17組の6 ｶｰｻ豊府701,花園二丁目,11,11-701,hirosematitaisyoubo.pdf,5,high,
26,大字羽屋727番地の1,花園17組の6 ｶｰｻ豊府702,花園二丁目,11,11-702,hirosematitaisyoubo.pdf,5,high,
27,大字羽屋727番地の1,花園17組の6 ｶｰｻ豊府703,花園二丁目,11,11-703,hirosematitaisyoubo.pdf,5,high,
28,大字羽屋727番地の1,花園17組の6 ｶｰｻ豊府705,花園二丁目,11,11-705,hirosematitaisyoubo.pdf,5,high,
29,大字羽屋727番地の3,花園17組の7 ｲｰﾀｶﾘｰﾅ花園201,花園二丁目,11,13-201,hirosematitaisyoubo.pdf,5,high,
30,大字羽屋727番地の3,花園17組の7 ｲｰﾀｶﾘｰﾅ花園202,花園二丁目,11,13-202,hirosematitaisyoubo.pdf,5,high,
31,大字羽屋727番地の3,花園17組の7 ｲｰﾀｶﾘｰﾅ花園203,花園二丁目,11,13-203,hirosematitaisyoubo.pdf,5,high,
32,大字羽屋727番地の3,花園17組の7 ｲｰﾀｶﾘｰﾅ花園204,花園二丁目,11,13-204,hirosematitaisyoubo.pdf,5,high,
33,大字羽屋727番地の3,花園17組の7 ｲｰﾀｶﾘｰﾅ花園301,花園二丁目,11,13-301,hirosematitaisyoubo.pdf,5,high,
34,大字羽屋727番地の3,花園17組の7 ｲｰﾀｶﾘｰﾅ花園302,花園二丁目,11,13-302,hirosematitaisyoubo.pdf,5,high,
35,大字羽屋727番地の3,花園17組の7 ｲｰﾀｶﾘｰﾅ花園303,花園二丁目,11,13-303,hirosematitaisyoubo.pdf,5,high,
36,大字羽屋727番地の3,花園17組の7 ｲｰﾀｶﾘｰﾅ花園304,花園二丁目,11,13-304,hirosematitaisyoubo.pdf,5,high,
37,大字羽屋727番地の3,花園17組の7 ｲｰﾀｶﾘｰﾅ花園401,花園二丁目,11,13-401,hirosematitaisyoubo.pdf,6,high,
38,大字羽屋727番地の3,花園17組の7 ｲｰﾀｶﾘｰﾅ花園402,花園二丁目,11,13-402,hirosematitaisyoubo.pdf,6,high,
39,大字羽屋727番地の3,花園17組の7 ｲｰﾀｶﾘｰﾅ花園403,花園二丁目,11,13-403,hirosematitaisyoubo.pdf,6,high,
40,大字羽屋727番地の3,花園17組の7 ｲｰﾀｶﾘｰﾅ花園404,花園二丁目,11,13-404,hirosematitaisyoubo.pdf,6,high,
41,大字羽屋727番地の3,花園17組の7 ｲｰﾀｶﾘｰﾅ花園501,花園二丁目,11,13-501,hirosematitaisyoubo.pdf,6,high,
42,大字羽屋727番地の3,花園17組の7 ｲｰﾀｶﾘｰﾅ花園502,花園二丁目,11,13-502,hirosematitaisyoubo.pdf,6,high,
43,大字羽屋727番地の3,花園17組の7 ｲｰﾀｶﾘｰﾅ花園503,花園二丁目,11,13-503,hirosematitaisyoubo.pdf,6,high,
44,大字羽屋727番地の3,花園17組の7 ｲｰﾀｶﾘｰﾅ花園504,花園二丁目,11,13-504,hirosematitaisyoubo.pdf,6,high,
45,大字羽屋727番地の3,花園17組の7 ｲｰﾀｶﾘｰﾅ花園601,花園二丁目,11,13-601,hirosematitaisyoubo.pdf,6,high,
46,大字羽屋727番地の3,花園17組の7 ｲｰﾀｶﾘｰﾅ花園602,花園二丁目,11,13-602,hirosematitaisyoubo.pdf,6,high,
47,大字羽屋727番地の3,花園17組の7 ｲｰﾀｶﾘｰﾅ花園603,花園二丁目,11,13-603,hirosematitaisyoubo.pdf,6,high,
48,大字羽屋727番地の3,花園17組の7 ｲｰﾀｶﾘｰﾅ花園604,花園二丁目,11,13-604,hirosematitaisyoubo.pdf,6,high,
49,大字羽屋727番地の3,花園17組の7 ｲｰﾀｶﾘｰﾅ花園701,花園二丁目,11,13-701,hirosematitaisyoubo.pdf,6,high,
50,大字羽屋727番地の3,花園17組の7 ｲｰﾀｶﾘｰﾅ花園702,花園二丁目,11,13-702,hirosematitaisyoubo.pdf,7,high,
51,大字羽屋727番地の3,花園17組の7 ｲｰﾀｶﾘｰﾅ花園703,花園二丁目,11,13-703,hirosematitaisyoubo.pdf,7,high,
52,大字羽屋727番地の3,花園17組の7 ｲｰﾀｶﾘｰﾅ花園704,花園二丁目,11,13-704,hirosematitaisyoubo.pdf,7,high,
53,大字羽屋730番地の1,花園17組 ﾌﾗﾜｰｶﾞｰﾃﾞﾝ豊府101,花園二丁目,11,5-101,hirosematitaisyoubo.pdf,7,high,
54,大字羽屋730番地の1,花園17組 ﾌﾗﾜｰｶﾞｰﾃﾞﾝ豊府102,花園二丁目,11,5-102,hirosematitaisyoubo.pdf,7,high,資料上2回出現
55,大字羽屋730番地の1,花園17組 ﾌﾗﾜｰｶﾞｰﾃﾞﾝ豊府103,花園二丁目,11,5-103,hirosematitaisyoubo.pdf,7,high,
56,大字羽屋730番地の1,花園17組 ﾌﾗﾜｰｶﾞｰﾃﾞﾝ豊府104,花園二丁目,11,5-104,hirosematitaisyoubo.pdf,7,high,資料上2回出現
57,大字羽屋730番地の1,花園17組 ﾌﾗﾜｰｶﾞｰﾃﾞﾝ豊府201,花園二丁目,11,5-201,hirosematitaisyoubo.pdf,7,high,
58,大字羽屋730番地の1,花園17組 ﾌﾗﾜｰｶﾞｰﾃﾞﾝ豊府202,花園二丁目,11,5-202,hirosematitaisyoubo.pdf,7,high,
59,大字羽屋730番地の1,花園17組 ﾌﾗﾜｰｶﾞｰﾃﾞﾝ豊府203,花園二丁目,11,5-203,hirosematitaisyoubo.pdf,7,high,
60,大字羽屋730番地の1,花園17組 ﾌﾗﾜｰｶﾞｰﾃﾞﾝ豊府204,花園二丁目,11,5-204,hirosematitaisyoubo.pdf,7,high,
61,大字羽屋730番地の1,花園17組 ﾌﾗﾜｰｶﾞｰﾃﾞﾝ豊府301,花園二丁目,11,5-301,hirosematitaisyoubo.pdf,8,high,
62,大字羽屋730番地の1,花園17組 ﾌﾗﾜｰｶﾞｰﾃﾞﾝ豊府302,花園二丁目,11,5-302,hirosematitaisyoubo.pdf,8,high,
63,大字羽屋730番地の1,花園17組 ﾌﾗﾜｰｶﾞｰﾃﾞﾝ豊府303,花園二丁目,11,5-303,hirosematitaisyoubo.pdf,8,high,
64,大字羽屋730番地の1,花園17組 ﾌﾗﾜｰｶﾞｰﾃﾞﾝ豊府304,花園二丁目,11,5-304,hirosematitaisyoubo.pdf,8,high,
65,大字羽屋745番地の1,花園17組の5 ｸﾞﾗﾝﾄﾞﾊﾟﾚｽ花園201,花園二丁目,11,19-201,hirosematitaisyoubo.pdf,8,high,
66,大字羽屋745番地の1,花園17組の5 ｸﾞﾗﾝﾄﾞﾊﾟﾚｽ花園202,花園二丁目,11,19-202,hirosematitaisyoubo.pdf,8,high,
67,大字羽屋745番地の1,花園17組の5 ｸﾞﾗﾝﾄﾞﾊﾟﾚｽ花園301,花園二丁目,11,19-301,hirosematitaisyoubo.pdf,8,high,
68,大字羽屋745番地の1,花園17組の5 ｸﾞﾗﾝﾄﾞﾊﾟﾚｽ花園302,花園二丁目,11,19-302,hirosematitaisyoubo.pdf,8,high,
69,大字羽屋745番地の1,花園17組の5 ｸﾞﾗﾝﾄﾞﾊﾟﾚｽ花園401,花園二丁目,11,19-401,hirosematitaisyoubo.pdf,8,high,
70,大字羽屋745番地の1,花園17組の5 ｸﾞﾗﾝﾄﾞﾊﾟﾚｽ花園402,花園二丁目,11,19-402,hirosematitaisyoubo.pdf,8,high,
71,大字羽屋745番地の1,花園17組の5 ｸﾞﾗﾝﾄﾞﾊﾟﾚｽ花園501,花園二丁目,11,19-501,hirosematitaisyoubo.pdf,8,high,
72,大字羽屋745番地の1,花園17組の5 ｸﾞﾗﾝﾄﾞﾊﾟﾚｽ花園502,花園二丁目,11,19-502,hirosematitaisyoubo.pdf,8,high,
73,大字羽屋745番地の1,花園17組の5 ｸﾞﾗﾝﾄﾞﾊﾟﾚｽ花園601,花園二丁目,11,19-601,hirosematitaisyoubo.pdf,9,high,
74,大字羽屋745番地の1,花園17組の5 ｸﾞﾗﾝﾄﾞﾊﾟﾚｽ花園602,花園二丁目,11,19-602,hirosematitaisyoubo.pdf,9,high,
75,大字羽屋745番地の1,花園17組の5 ｸﾞﾗﾝﾄﾞﾊﾟﾚｽ花園701,花園二丁目,11,19-701,hirosematitaisyoubo.pdf,9,high,
76,大字羽屋745番地の1,花園17組の5 ｸﾞﾗﾝﾄﾞﾊﾟﾚｽ花園702,花園二丁目,11,19-702,hirosematitaisyoubo.pdf,9,high,
77,大字羽屋745番地の1,花園17組の5 ｸﾞﾗﾝﾄﾞﾊﾟﾚｽ花園801,花園二丁目,11,19-801,hirosematitaisyoubo.pdf,9,high,
78,大字羽屋745番地の1,花園17組の5 ｸﾞﾗﾝﾄﾞﾊﾟﾚｽ花園802,花園二丁目,11,19-802,hirosematitaisyoubo.pdf,9,high,
79,大字羽屋745番地の1,花園17組の5 ｸﾞﾗﾝﾄﾞﾊﾟﾚｽ花園901,花園二丁目,11,19-901,hirosematitaisyoubo.pdf,9,high,
80,大字羽屋745番地の1,花園17組の5 ｸﾞﾗﾝﾄﾞﾊﾟﾚｽ花園902,花園二丁目,11,19-902,hirosematitaisyoubo.pdf,9,high,
81,大字羽屋745番地の1,花園17組の5 ｸﾞﾗﾝﾄﾞﾊﾟﾚｽ花園1001,花園二丁目,11,19-1001,hirosematitaisyoubo.pdf,9,high,
82,大字羽屋745番地の1,花園17組の5 ｸﾞﾗﾝﾄﾞﾊﾟﾚｽ花園1002,花園二丁目,11,19-1002,hirosematitaisyoubo.pdf,9,high,
83,大字羽屋745番地の1,花園17組の5 ｸﾞﾗﾝﾄﾞﾊﾟﾚｽ花園1101,花園二丁目,11,19-1101,hirosematitaisyoubo.pdf,9,high,
84,大字羽屋745番地の1,花園17組の5 ｸﾞﾗﾝﾄﾞﾊﾟﾚｽ花園1102,花園二丁目,11,19-1102,hirosematitaisyoubo.pdf,9,high,
85,大字羽屋745番地の1,花園17組の5 ｸﾞﾗﾝﾄﾞﾊﾟﾚｽ花園1201,花園二丁目,11,19-1201,hirosematitaisyoubo.pdf,9,high,
86,大字羽屋745番地の1,,花園二丁目,11,19-1201,hirosematitaisyoubo.pdf,10,high,
87,大字羽屋745番地の1,花園17組の5 ｸﾞﾗﾝﾄﾞﾊﾟﾚｽ花園1202,花園二丁目,11,19-1202,hirosematitaisyoubo.pdf,10,high,
88,大字羽屋750番地,,花園二丁目,11,23,hirosematitaisyoubo.pdf,10,high,
89,大字羽屋752番地の1,,花園二丁目,11,25,hirosematitaisyoubo.pdf,10,high,
90,大字羽屋字花園756-1,花園12組,花園二丁目,10,11,hirosematitaisyoubo.pdf,10,high,
91,大字羽屋759番地の2,花園759-2,花園二丁目,10,7,hirosematitaisyoubo.pdf,10,high,
92,大字羽屋字花園761-2,,花園一丁目,9,4,hirosematitaisyoubo.pdf,10,high,
93,大字羽屋764,,花園一丁目,10,48,hirosematitaisyoubo.pdf,10,high,
94,大字羽屋768番地の3,花園16組の2,花園一丁目,9,19,hirosematitaisyoubo.pdf,10,high,
95,大字羽屋768番地の3,花園16-2,花園一丁目,9,19,hirosematitaisyoubo.pdf,10,high,
96,大字羽屋769番地の1,花園16組の2の2 ﾌﾛｰﾗｺｰﾄA101,花園一丁目,10,35,hirosematitaisyoubo.pdf,10,high,
97,大字羽屋769番地の1,花園16組の2の2 ﾌﾛｰﾗｺｰﾄA102,花園一丁目,10,35,hirosematitaisyoubo.pdf,11,high,
98,大字羽屋769番地の1,花園16組の2の2 ﾌﾛｰﾗｺｰﾄA201,花園一丁目,10,35,hirosematitaisyoubo.pdf,11,high,
99,大字羽屋769番地の1,花園16組の2の2 ﾌﾛｰﾗｺｰﾄA202,花園一丁目,10,35,hirosematitaisyoubo.pdf,11,high,
100,大字羽屋769番地の1,花園16組の2の2 ﾌﾛｰﾗｺｰﾄB101,花園一丁目,10,36,hirosematitaisyoubo.pdf,11,high,
101,大字羽屋769番地の1,花園16組の2の2 ﾌﾛｰﾗｺｰﾄB102,花園一丁目,10,36,hirosematitaisyoubo.pdf,11,high,
102,大字羽屋769番地の1,花園16組の2の2 ﾌﾛｰﾗｺｰﾄB201,花園一丁目,10,36,hirosematitaisyoubo.pdf,11,high,
103,大字羽屋769番地の1,花園16組の2の2 ﾌﾛｰﾗｺｰﾄB202,花園一丁目,10,36,hirosematitaisyoubo.pdf,11,high,
104,大字羽屋770番地の1,花園16組の2,花園一丁目,10,34,hirosematitaisyoubo.pdf,11,high,
105,大字羽屋770番地の4,花園16組の2,花園一丁目,10,31,hirosematitaisyoubo.pdf,11,high,
106,大字羽屋770番地の5,花園16組の2,花園一丁目,10,30,hirosematitaisyoubo.pdf,11,high,
107,大字羽屋771番地の1,花園16組の2,花園一丁目,8,20,hirosematitaisyoubo.pdf,11,high,
108,大字羽屋771番地の2,花園16組の2,花園一丁目,8,21,hirosematitaisyoubo.pdf,11,high,
109,大字羽屋771番地の2,花園16-2,花園一丁目,8,21,hirosematitaisyoubo.pdf,11,high,
110,大字羽屋771番地の3,花園16組の2,花園一丁目,8,22,hirosematitaisyoubo.pdf,12,high,
111,大字羽屋773番地,,花園一丁目,8,14,hirosematitaisyoubo.pdf,12,high,
112,大字羽屋779番地の1,花園16組の3 ｱｰﾊﾞﾝ三重野101,花園一丁目,8,39-101,hirosematitaisyoubo.pdf,12,high,
113,大字羽屋779番地の1,花園16組の3 ｱｰﾊﾞﾝ三重野102,花園一丁目,8,39-102,hirosematitaisyoubo.pdf,12,high,
114,大字羽屋779番地の1,花園16組の3 ｱｰﾊﾞﾝ三重野103,花園一丁目,8,39-103,hirosematitaisyoubo.pdf,12,high,
115,大字羽屋779番地の1,花園16組の3 ｱｰﾊﾞﾝ三重野105,花園一丁目,8,39-105,hirosematitaisyoubo.pdf,12,high,
116,大字羽屋779番地の1,花園16組の3 ｱｰﾊﾞﾝ三重野201,花園一丁目,8,39-201,hirosematitaisyoubo.pdf,12,high,
117,大字羽屋779番地の1,花園16組の3 ｱｰﾊﾞﾝ三重野202,花園一丁目,8,39-202,hirosematitaisyoubo.pdf,12,high,
118,大字羽屋779番地の1,花園16組の3 ｱｰﾊﾞﾝ三重野203,花園一丁目,8,39-203,hirosematitaisyoubo.pdf,12,high,
119,大字羽屋779番地の1,花園16組の3 ｱｰﾊﾞﾝ三重野205,花園一丁目,8,39-205,hirosematitaisyoubo.pdf,12,high,
120,大字羽屋779番地の1,花園16組の3 ｱｰﾊﾞﾝ三重野206,花園一丁目,8,39-206,hirosematitaisyoubo.pdf,12,high,
121,大字羽屋779番地の1,花園16組の3 ｱｰﾊﾞﾝ三重野301,花園一丁目,8,39-301,hirosematitaisyoubo.pdf,12,high,
122,大字羽屋779番地の1,花園16組の3 ｱｰﾊﾞﾝ三重野302,花園一丁目,8,39-302,hirosematitaisyoubo.pdf,12,high,資料上2回出現
123,大字羽屋779番地の1,花園16組の3 ｱｰﾊﾞﾝ三重野303,花園一丁目,8,39-303,hirosematitaisyoubo.pdf,13,high,
124,大字羽屋779番地の1,花園16組の3 ｱｰﾊﾞﾝ三重野305,花園一丁目,8,39-305,hirosematitaisyoubo.pdf,13,high,
125,大字羽屋779番地の1,花園16組の3 ｱｰﾊﾞﾝ三重野306,花園一丁目,8,39-306,hirosematitaisyoubo.pdf,13,high,
126,大字羽屋779番地の1,花園16組の3 ｱｰﾊﾞﾝ三重野401,花園一丁目,8,39-401,hirosematitaisyoubo.pdf,13,high,
127,大字羽屋779番地の1,花園16組の3 ｱｰﾊﾞﾝ三重野402,花園一丁目,8,39-402,hirosematitaisyoubo.pdf,13,high,
128,大字羽屋779番地の1,花園16組の3 ｱｰﾊﾞﾝ三重野403,花園一丁目,8,39-403,hirosematitaisyoubo.pdf,13,high,
129,大字羽屋779番地の1,花園16組の3 ｱｰﾊﾞﾝ三重野405,花園一丁目,8,39-405,hirosematitaisyoubo.pdf,13,high,
130,大字羽屋779番地の1,花園16組の3 ｱｰﾊﾞﾝ三重野501,花園一丁目,8,39-501,hirosematitaisyoubo.pdf,13,high,
131,大字羽屋779番地の1,花園16組の3 ｱｰﾊﾞﾝ三重野502,花園一丁目,8,39-502,hirosematitaisyoubo.pdf,13,high,
132,大字羽屋779番地の1,花園16組の3 ｱｰﾊﾞﾝ三重野503,花園一丁目,8,39-503,hirosematitaisyoubo.pdf,13,high,
133,大字羽屋779番地の1,花園16組の3 ｱｰﾊﾞﾝ三重野601,花園一丁目,8,39-601,hirosematitaisyoubo.pdf,13,high,
134,大字羽屋779番地の1,花園16組の3 ｱｰﾊﾞﾝ三重野602,花園一丁目,8,39-602,hirosematitaisyoubo.pdf,13,high,
135,大字羽屋779番地の1,花園16組の3 ｱｰﾊﾞﾝ三重野603,花園一丁目,8,39-603,hirosematitaisyoubo.pdf,14,high,
136,大字羽屋780番地,,花園一丁目,8,39,hirosematitaisyoubo.pdf,14,high,
137,大字羽屋781番地,花園16組の4 ｴｸｾﾙｺｰﾄ井上101,花園一丁目,8,37,hirosematitaisyoubo.pdf,14,high,
138,大字羽屋781番地,花園16組の4 ｴｸｾﾙｺｰﾄ井上102,花園一丁目,8,37,hirosematitaisyoubo.pdf,14,high,
139,大字羽屋781番地,花園16組の4 ｴｸｾﾙｺｰﾄ井上201,花園一丁目,8,37,hirosematitaisyoubo.pdf,14,high,
140,大字羽屋781番地,花園16組の4 ｴｸｾﾙｺｰﾄ井上202,花園一丁目,8,37,hirosematitaisyoubo.pdf,14,high,
141,大字羽屋781番地,花園16組の4 ｴｸｾﾙｺｰﾄ井上Ⅱ101,花園一丁目,8,36,hirosematitaisyoubo.pdf,14,high,
142,大字羽屋781番地,花園16組の4 ｴｸｾﾙｺｰﾄ井上Ⅱ201,花園一丁目,8,36,hirosematitaisyoubo.pdf,14,high,
143,大字羽屋782番地の1,花園16組の2 ﾃﾞｨｱｽ田嶋201,花園一丁目,8,35,hirosematitaisyoubo.pdf,14,high,
144,大字羽屋782番地の1,花園16組の2 ﾃﾞｨｱｽ田嶋202,花園一丁目,8,35,hirosematitaisyoubo.pdf,14,high,
145,大字羽屋782番地の1,花園16組の2,花園一丁目,8,35,hirosematitaisyoubo.pdf,14,high,
146,大字羽屋782番地の3,花園16組の2,花園一丁目,8,33,hirosematitaisyoubo.pdf,14,high,資料上2回出現
147,大字羽屋782番地の3,花園16-2,花園一丁目,8,33,hirosematitaisyoubo.pdf,15,high,
148,大字羽屋782番地の3,,花園一丁目,8,33,hirosematitaisyoubo.pdf,15,high,
149,大字羽屋783番地の1,花園16組の2,花園一丁目,8,32,hirosematitaisyoubo.pdf,15,high,資料上2回出現
150,大字羽屋783番地の4,花園16組の2,花園一丁目,8,30,hirosematitaisyoubo.pdf,15,high,
151,大字羽屋783番地の4,花園16組の2,花園一丁目,8,31,hirosematitaisyoubo.pdf,15,high,
152,大字羽屋784番地の3,花園16組の2,花園一丁目,8,26,hirosematitaisyoubo.pdf,15,high,
153,大字羽屋785番地の1,花園16組の2,花園一丁目,10,25,hirosematitaisyoubo.pdf,15,high,
154,大字羽屋785-1,,花園一丁目,10,25,hirosematitaisyoubo.pdf,15,high,
155,大字羽屋785番地の2,花園16組の2,花園一丁目,10,23,hirosematitaisyoubo.pdf,15,high,
156,大字羽屋785番地の4,花園16組の2,花園一丁目,10,26,hirosematitaisyoubo.pdf,15,high,
157,大字羽屋786番地の1,花園16組の5 ﾃﾞｨｱｽ花園101,花園一丁目,10,20,hirosematitaisyoubo.pdf,15,high,
158,大字羽屋786番地の1,花園16組の5 ﾃﾞｨｱｽ花園102,花園一丁目,10,20,hirosematitaisyoubo.pdf,15,high,資料上2回出現
159,大字羽屋786番地の1,花園16組の5 ﾃﾞｨｱｽ花園201,花園一丁目,10,20,hirosematitaisyoubo.pdf,16,high,
160,大字羽屋786番地の1,花園16組の5 ﾃﾞｨｱｽ花園202,花園一丁目,10,20,hirosematitaisyoubo.pdf,16,high,
161,大字羽屋786番地の2,花園16組の2,花園一丁目,10,15-1,hirosematitaisyoubo.pdf,16,high,
162,大字羽屋786番地の2,花園16組の2,花園一丁目,10,15-2,hirosematitaisyoubo.pdf,16,high,資料上2回出現
163,大字羽屋787番地の1,花園16組の2,花園一丁目,7,42,hirosematitaisyoubo.pdf,16,high,
164,大字羽屋787番地の2,花園16組の2,花園一丁目,7,46,hirosematitaisyoubo.pdf,16,high,
165,大字羽屋787番地の3,花園16組の2,花園一丁目,7,44,hirosematitaisyoubo.pdf,16,high,
166,大字羽屋787番地の4,花園16組の2,花園一丁目,7,45,hirosematitaisyoubo.pdf,16,high,
167,大字羽屋788番地の4,花園16組の2,花園一丁目,7,36,hirosematitaisyoubo.pdf,16,high,
168,大字羽屋788番地の5,花園16組の2 ｺｰﾎﾟ菊池101,花園一丁目,7,40-101,hirosematitaisyoubo.pdf,16,high,
169,大字羽屋788番地の5,花園16組の2 ｺｰﾎﾟ菊池102,花園一丁目,7,40-102,hirosematitaisyoubo.pdf,16,high,
170,大字羽屋788番地の5,花園16組の2 ｺｰﾎﾟ菊池201,花園一丁目,7,40-201,hirosematitaisyoubo.pdf,17,high,資料上2回出現
171,大字羽屋788番地の5,花園16組の2 ｺｰﾎﾟ菊池202,花園一丁目,7,40-202,hirosematitaisyoubo.pdf,17,high,
172,大字羽屋788番地の5,花園16組の2 ｺｰﾎﾟ菊池301,花園一丁目,7,40-301,hirosematitaisyoubo.pdf,17,high,
173,大字羽屋788番地の5,花園16組の2 ｺｰﾎﾟ菊池302,花園一丁目,7,40-302,hirosematitaisyoubo.pdf,17,high,
174,大字羽屋788番地の7,花園16組の2,花園一丁目,7,37,hirosematitaisyoubo.pdf,17,high,
175,大字羽屋788番地の9,花園16組の2,花園一丁目,7,38,hirosematitaisyoubo.pdf,17,high,
176,大字羽屋789番地の1,花園16組の2,花園一丁目,7,34,hirosematitaisyoubo.pdf,17,high,
177,大字羽屋789番地の2,花園16組の2,花園一丁目,7,31,hirosematitaisyoubo.pdf,17,high,資料上3回出現
178,大字羽屋789番地の3,花園16組の2,花園一丁目,7,30,hirosematitaisyoubo.pdf,17,high,資料上2回出現
179,大字羽屋789番地の5,花園16組の2,花園一丁目,7,29,hirosematitaisyoubo.pdf,18,high,
180,大字羽屋790番地の1,花園16組の2,花園一丁目,7,25,hirosematitaisyoubo.pdf,18,high,
181,大字羽屋790番地の2,花園16組の2,花園一丁目,7,26,hirosematitaisyoubo.pdf,18,high,
182,大字羽屋790番地の3,花園16組の2,花園一丁目,7,27,hirosematitaisyoubo.pdf,18,high,
183,大字羽屋791番地の1,花園16組の2,花園一丁目,7,22,hirosematitaisyoubo.pdf,18,high,
184,大字羽屋791番地の5,花園16組の2,花園一丁目,7,24,hirosematitaisyoubo.pdf,18,high,
185,大字羽屋792番地の3,花園16組の2,花園一丁目,7,19,hirosematitaisyoubo.pdf,18,high,
186,大字羽屋792番地の4,花園16組の2,花園一丁目,7,20,hirosematitaisyoubo.pdf,18,high,
187,大字羽屋792番地の5,花園16組の2,花園一丁目,7,21,hirosematitaisyoubo.pdf,18,high,
188,大字羽屋793番地の2,花園16組の2,花園一丁目,10,16,hirosematitaisyoubo.pdf,18,high,
189,大字羽屋793番地の5,花園16組の2,花園一丁目,10,18,hirosematitaisyoubo.pdf,18,high,
190,大字羽屋793番地の5,花園16組の2,花園一丁目,10,19,hirosematitaisyoubo.pdf,18,high,
191,大字羽屋793番地の8,花園16組の1,花園一丁目,10,8,hirosematitaisyoubo.pdf,18,high,
192,大字羽屋793番地の10,花園16組の2,花園一丁目,10,42,hirosematitaisyoubo.pdf,19,high,
193,大字羽屋793番地の11,花園16組の2,花園一丁目,10,41,hirosematitaisyoubo.pdf,19,high,
194,大字羽屋793番地の12,花園16組の2,花園一丁目,10,40,hirosematitaisyoubo.pdf,19,high,
195,大字羽屋793番地の13,花園16組の2,花園一丁目,10,27,hirosematitaisyoubo.pdf,19,high,
196,大字羽屋793番地の14,花園16組の2,花園一丁目,10,29,hirosematitaisyoubo.pdf,19,high,資料上2回出現
197,大字羽屋字花園798番地の1,,花園一丁目,7,76,hirosematitaisyoubo.pdf,19,high,
198,大字羽屋799番地の1,花園16組の1,花園一丁目,7,68,hirosematitaisyoubo.pdf,19,high,
199,大字羽屋799番地の2,花園16組の1,花園一丁目,7,69,hirosematitaisyoubo.pdf,19,high,資料上2回出現
200,大字羽屋799番地の3,花園16組の1,花園一丁目,7,70,hirosematitaisyoubo.pdf,19,high,資料上4回出現
201,大字羽屋799番地の4,花園16組の1,花園一丁目,7,71,hirosematitaisyoubo.pdf,20,high,
202,大字羽屋799番地の5,花園16組の1 石川ｱﾊﾟｰﾄ101,花園一丁目,7,72,hirosematitaisyoubo.pdf,20,high,
203,大字羽屋799番地の5,花園16組の1 石川ｱﾊﾟｰﾄ102,花園一丁目,7,72,hirosematitaisyoubo.pdf,20,high,
204,大字羽屋799番地の5,花園16組の1 石川ｱﾊﾟｰﾄ201,花園一丁目,7,72,hirosematitaisyoubo.pdf,20,high,
205,大字羽屋799番地の5,花園16組の1 石川ｱﾊﾟｰﾄ202,花園一丁目,7,72,hirosematitaisyoubo.pdf,20,high,
206,大字羽屋799番地の5,花園16組の1,花園一丁目,7,73,hirosematitaisyoubo.pdf,20,high,
207,大字羽屋799番地の6,花園16組の1,花園一丁目,7,75,hirosematitaisyoubo.pdf,20,high,
208,大字羽屋801番地の2,花園16組の1,花園一丁目,7,66,hirosematitaisyoubo.pdf,20,high,資料上2回出現
209,大字羽屋801番地の3,花園16組の1,花園一丁目,7,64,hirosematitaisyoubo.pdf,20,high,
210,大字羽屋801番地の5,花園16組の1,花園一丁目,7,65,hirosematitaisyoubo.pdf,20,high,
211,大字羽屋802番地の1,花園16組の1 ﾊﾟﾙﾒｿﾞﾝ花園101,花園一丁目,7,59,hirosematitaisyoubo.pdf,21,high,
212,大字羽屋802番地の1,花園16組の1 ﾊﾟﾙﾒｿﾞﾝ花園102,花園一丁目,7,59,hirosematitaisyoubo.pdf,21,high,
213,大字羽屋802番地の1,花園16組の1 ﾊﾟﾙﾒｿﾞﾝ花園201,花園一丁目,7,59,hirosematitaisyoubo.pdf,21,high,
214,大字羽屋802番地の1,花園16組の1 ﾊﾟﾙﾒｿﾞﾝ花園202,花園一丁目,7,59,hirosematitaisyoubo.pdf,21,high,
215,大字羽屋802番地の1,花園16組の1 ﾊﾟﾙﾒｿﾞﾝ花園203,花園一丁目,7,59,hirosematitaisyoubo.pdf,21,high,
216,大字羽屋802番地の2,花園16組の1,花園一丁目,7,61,hirosematitaisyoubo.pdf,21,high,
217,大字羽屋802番地の3,花園16組の1,花園一丁目,7,62,hirosematitaisyoubo.pdf,21,high,資料上2回出現
218,大字羽屋803番地の2,花園16組の1 ｻﾏﾘｱｺｰﾎﾟ101,花園一丁目,7,56,hirosematitaisyoubo.pdf,21,high,
219,大字羽屋803番地の2,花園16組の1 ｻﾏﾘｱｺｰﾎﾟ102,花園一丁目,7,56,hirosematitaisyoubo.pdf,21,high,
220,大字羽屋803番地の2,花園16組の1 ｻﾏﾘｱｺｰﾎﾟ103,花園一丁目,7,56,hirosematitaisyoubo.pdf,21,high,
221,大字羽屋803番地の2,花園16組の1 ｻﾏﾘｱｺｰﾎﾟ201,花園一丁目,7,56,hirosematitaisyoubo.pdf,21,high,
222,大字羽屋803番地の2,花園16組の1 ｻﾏﾘｱｺｰﾎﾟ202,花園一丁目,7,56,hirosematitaisyoubo.pdf,21,high,資料上2回出現
223,大字羽屋803番地の2,花園16組の1 ｻﾏﾘｱｺｰﾎﾟ203,花園一丁目,7,56,hirosematitaisyoubo.pdf,22,high,
224,大字羽屋803番地の3,花園16組の1,花園一丁目,7,57,hirosematitaisyoubo.pdf,22,high,
225,大字羽屋803番地の4,花園16組の1,花園一丁目,7,58,hirosematitaisyoubo.pdf,22,high,
226,大字羽屋804番地の4,花園16組の1,花園一丁目,7,55,hirosematitaisyoubo.pdf,22,high,
227,大字羽屋804番地の5,花園16組の1,花園一丁目,7,52,hirosematitaisyoubo.pdf,22,high,
228,大字羽屋804番地の6,花園16組の1,花園一丁目,7,51,hirosematitaisyoubo.pdf,22,high,
229,大字羽屋804番地の7,花園16組の1,花園一丁目,7,49,hirosematitaisyoubo.pdf,22,high,
230,大字羽屋805番地の1,花園16組の1,花園一丁目,10,12,hirosematitaisyoubo.pdf,22,high,資料上2回出現
231,大字羽屋805番地の3,花園16組の1,花園一丁目,10,11,hirosematitaisyoubo.pdf,22,high,資料上2回出現
232,大字羽屋805番地の5,花園16組の1,花園一丁目,10,14,hirosematitaisyoubo.pdf,22,high,
233,大字羽屋805番地の6,花園16組の1,花園一丁目,10,13,hirosematitaisyoubo.pdf,23,high,資料上2回出現
234,大字羽屋806番地の1,花園16組の1,花園一丁目,10,5,hirosematitaisyoubo.pdf,23,high,
235,大字羽屋806番地の6,花園16組の1,花園一丁目,10,1,hirosematitaisyoubo.pdf,23,high,
236,大字羽屋806番地の7,花園16組の1,花園一丁目,10,2,hirosematitaisyoubo.pdf,23,high,
237,大字羽屋806番地の8,花園16組の1,花園一丁目,10,3,hirosematitaisyoubo.pdf,23,high,
238,大字羽屋806番地の9,花園16組の1,花園一丁目,10,4,hirosematitaisyoubo.pdf,23,high,
239,大字羽屋808番地,花園15組の2,花園一丁目,11,37,hirosematitaisyoubo.pdf,23,high,
240,大字羽屋808番地の1,花園15組の2,花園一丁目,11,35,hirosematitaisyoubo.pdf,23,high,
241,大字羽屋808番地の5,花園15組の2,花園一丁目,11,36,hirosematitaisyoubo.pdf,23,high,
242,大字羽屋809番地の1,花園15組の2,花園一丁目,11,31,hirosematitaisyoubo.pdf,23,high,
243,大字羽屋809番地の2,花園15組の2,花園一丁目,11,33,hirosematitaisyoubo.pdf,24,high,
244,大字羽屋810番地の1,花園15組の2,花園一丁目,11,29,hirosematitaisyoubo.pdf,24,high,
245,大字羽屋810番地の2,花園15組の3 ﾌﾗﾜｰﾏﾝｼｮﾝ101,花園一丁目,11,30-101,hirosematitaisyoubo.pdf,24,high,
246,大字羽屋810番地の2,花園15組の3 ﾌﾗﾜｰﾏﾝｼｮﾝ102,花園一丁目,11,30-102,hirosematitaisyoubo.pdf,24,high,
247,大字羽屋810番地の2,花園15組の3 ﾌﾗﾜｰﾏﾝｼｮﾝ103,花園一丁目,11,30-103,hirosematitaisyoubo.pdf,24,high,
248,大字羽屋810番地の2,花園15組の3 ﾌﾗﾜｰﾏﾝｼｮﾝ105,花園一丁目,11,30-105,hirosematitaisyoubo.pdf,24,high,
249,大字羽屋810番地の2,花園15組の3 ﾌﾗﾜｰﾏﾝｼｮﾝ201,花園一丁目,11,30-201,hirosematitaisyoubo.pdf,24,high,
250,大字羽屋810番地の2,花園15組の3 ﾌﾗﾜｰﾏﾝｼｮﾝ202,花園一丁目,11,30-202,hirosematitaisyoubo.pdf,24,high,
251,大字羽屋810番地の2,花園15組の3 ﾌﾗﾜｰﾏﾝｼｮﾝ203,花園一丁目,11,30-203,hirosematitaisyoubo.pdf,24,high,
252,大字羽屋810番地の2,花園15組の3 ﾌﾗﾜｰﾏﾝｼｮﾝ205,花園一丁目,11,30-205,hirosematitaisyoubo.pdf,24,high,
253,大字羽屋810番地の2,花園15組の3 ﾌﾗﾜｰﾏﾝｼｮﾝ301,花園一丁目,11,30-301,hirosematitaisyoubo.pdf,24,high,
254,大字羽屋810番地の2,花園15組の3 ﾌﾗﾜｰﾏﾝｼｮﾝ302,花園一丁目,11,30-302,hirosematitaisyoubo.pdf,24,high,
255,大字羽屋810番地の2,花園15組の3 ﾌﾗﾜｰﾏﾝｼｮﾝ303,花園一丁目,11,30-303,hirosematitaisyoubo.pdf,24,high,
256,大字羽屋810番地の2,花園15組の3 ﾌﾗﾜｰﾏﾝｼｮﾝ305,花園一丁目,11,30-305,hirosematitaisyoubo.pdf,25,high,
257,大字羽屋811番地の1,花園15組の2,花園一丁目,11,28,hirosematitaisyoubo.pdf,25,high,資料上2回出現
258,大字羽屋811番地の2,花園15組の2,花園一丁目,11,27,hirosematitaisyoubo.pdf,25,high,
259,大字羽屋811-2,花園15組の2,花園一丁目,11,27,hirosematitaisyoubo.pdf,25,high,
260,大字羽屋811番地の3,花園15組の2,花園一丁目,11,26,hirosematitaisyoubo.pdf,25,high,資料上2回出現
261,大字羽屋811-3,,花園一丁目,11,26,hirosematitaisyoubo.pdf,25,high,
262,大字羽屋812番地の1,花園15組の2 ﾌﾟﾗｲﾑ花園8棟,花園一丁目,11,18,hirosematitaisyoubo.pdf,25,high,
263,大字羽屋812番地の1,花園15組の2 ﾌﾟﾗｲﾑ花園7棟,花園一丁目,11,19,hirosematitaisyoubo.pdf,25,high,
264,大字羽屋812番地の1,花園15組の2 ﾌﾟﾗｲﾑ花園6棟,花園一丁目,11,20,hirosematitaisyoubo.pdf,25,high,
265,大字羽屋812番地の1,花園15組の2 ﾌﾟﾗｲﾑ花園5棟,花園一丁目,11,21,hirosematitaisyoubo.pdf,25,high,
266,大字羽屋812番地の1,花園15組の2 ﾌﾟﾗｲﾑ花園4棟,花園一丁目,11,22,hirosematitaisyoubo.pdf,25,high,
267,大字羽屋812番地の1,花園15組の2 ﾌﾟﾗｲﾑ花園3棟,花園一丁目,11,23,hirosematitaisyoubo.pdf,26,high,
268,大字羽屋812番地の1,花園15組の2 ﾌﾟﾗｲﾑ花園2棟,花園一丁目,11,24,hirosematitaisyoubo.pdf,26,high,
269,大字羽屋812番地の1,花園15組の2 ﾌﾟﾗｲﾑ花園1棟,花園一丁目,11,25,hirosematitaisyoubo.pdf,26,high,
270,大字羽屋813番地の3,花園15組の2,花園一丁目,11,12,hirosematitaisyoubo.pdf,26,high,
271,大字羽屋813番地の4,花園15組の2,花園一丁目,11,13,hirosematitaisyoubo.pdf,26,high,
272,大字羽屋813番地の4,花園15-2,花園一丁目,11,13,hirosematitaisyoubo.pdf,26,high,
273,大字羽屋813番地の5,花園15-2,花園一丁目,11,10,hirosematitaisyoubo.pdf,26,high,
274,大字羽屋813番地の5,花園15組の2,花園一丁目,11,10,hirosematitaisyoubo.pdf,26,high,
275,大字羽屋814の1番地,花園15組の1,花園一丁目,11,7,hirosematitaisyoubo.pdf,26,high,
276,大字羽屋814番地の3,花園15組の1,花園一丁目,11,2,hirosematitaisyoubo.pdf,26,high,資料上4回出現
277,大字羽屋814番地の3,古国府花園15組の1,花園一丁目,11,4,hirosematitaisyoubo.pdf,27,high,
278,大字羽屋814番地3の3,花園15-1,花園一丁目,11,2,hirosematitaisyoubo.pdf,27,high,
279,大字羽屋字花園815番4,花園15組の1,花園一丁目,11,9,hirosematitaisyoubo.pdf,27,high,
280,大字羽屋815番地3-2-2,,花園一丁目,11,3,hirosematitaisyoubo.pdf,27,high,
281,大字羽屋817番地の1,花園15組の1,花園一丁目,11,76,hirosematitaisyoubo.pdf,27,high,
282,大字羽屋817番地の3,花園15組の1,花園一丁目,11,73,hirosematitaisyoubo.pdf,27,high,
283,大字羽屋817番地の4,花園15組の1,花園一丁目,11,72,hirosematitaisyoubo.pdf,27,high,資料上2回出現
284,大字羽屋818番地の3,花園15組の1,花園一丁目,11,67,hirosematitaisyoubo.pdf,27,high,
285,大字羽屋818番地の4,花園15組の1,花園一丁目,11,68,hirosematitaisyoubo.pdf,27,high,
286,大字羽屋818番地の6,花園15組の1,花園一丁目,11,70,hirosematitaisyoubo.pdf,27,high,
287,大字羽屋819番地の4,花園15組の1,花園一丁目,11,63,hirosematitaisyoubo.pdf,27,high,
288,大字羽屋819番地の5,花園15組の1,花園一丁目,11,38,hirosematitaisyoubo.pdf,27,high,
289,大字羽屋819番地の5,花園15組の1,花園一丁目,11,64,hirosematitaisyoubo.pdf,28,high,
290,大字羽屋819番地の6,花園15組の1,花園一丁目,11,62,hirosematitaisyoubo.pdf,28,high,
291,大字羽屋820番地の3,花園15組の1,花園一丁目,11,59,hirosematitaisyoubo.pdf,28,high,資料上2回出現
292,大字羽屋820番地の6,花園15組の1,花園一丁目,11,47,hirosematitaisyoubo.pdf,28,high,
293,大字羽屋820番地の7,花園15組の1,花園一丁目,11,48,hirosematitaisyoubo.pdf,28,high,
294,大字羽屋821番地の1,花園15組の1,花園一丁目,11,51,hirosematitaisyoubo.pdf,28,high,資料上2回出現
295,大字羽屋821番地の3,花園15組の1,花園一丁目,11,56,hirosematitaisyoubo.pdf,28,high,
296,大字羽屋821番地の6,花園15組の1,花園一丁目,11,57,hirosematitaisyoubo.pdf,28,high,資料上2回出現
297,大字羽屋824番地の1,花園14組の1 ﾓｰﾝﾄｼｬｲﾝ花園101,花園一丁目,12,54,hirosematitaisyoubo.pdf,28,high,
298,大字羽屋824番地の1,花園14組の1 ﾓｰﾝﾄｼｬｲﾝ花園102,花園一丁目,12,54,hirosematitaisyoubo.pdf,28,high,
299,大字羽屋824番地の1,花園14組の1 ﾓｰﾝﾄｼｬｲﾝ花園201,花園一丁目,12,54,hirosematitaisyoubo.pdf,29,high,
300,大字羽屋824番地の1,花園14組の1 ﾓｰﾝﾄｼｬｲﾝ花園202,花園一丁目,12,54,hirosematitaisyoubo.pdf,29,high,
301,大字羽屋824番地の2,花園14組の1,花園一丁目,12,53,hirosematitaisyoubo.pdf,29,high,
302,大字羽屋825番地の1,花園14組の1,花園一丁目,12,47,hirosematitaisyoubo.pdf,29,high,資料上2回出現
303,大字羽屋825番地の2,花園14組の1 ﾏｲﾒｿﾞﾝ花園101,花園一丁目,12,51,hirosematitaisyoubo.pdf,29,high,
304,大字羽屋825番地の2,花園14組の1 ﾏｲﾒｿﾞﾝ花園201,花園一丁目,12,51,hirosematitaisyoubo.pdf,29,high,
305,大字羽屋825番地の2,花園14組の1 ﾏｲﾒｿﾞﾝ花園202,花園一丁目,12,51,hirosematitaisyoubo.pdf,29,high,
306,大字羽屋825番地の2,花園14組の1 ﾏｲﾒｿﾞﾝ花園203,花園一丁目,12,51,hirosematitaisyoubo.pdf,29,high,
307,大字羽屋825番地の5,花園14組の1,花園一丁目,12,48,hirosematitaisyoubo.pdf,29,high,
308,大字羽屋826番地の4,花園14組の1の1,花園一丁目,12,43,hirosematitaisyoubo.pdf,29,high,
309,大字羽屋827番地,花園14組の2 花園ﾏﾝｼｮﾝ101,花園一丁目,12,41-101,hirosematitaisyoubo.pdf,29,high,
310,大字羽屋827番地,花園14組の2 花園ﾏﾝｼｮﾝ102,花園一丁目,12,41-102,hirosematitaisyoubo.pdf,30,high,資料上2回出現
311,大字羽屋827番地,花園14組の2 花園ﾏﾝｼｮﾝ103,花園一丁目,12,41-103,hirosematitaisyoubo.pdf,30,high,
312,大字羽屋827番地,花園14組の2 花園ﾏﾝｼｮﾝ105,花園一丁目,12,41-105,hirosematitaisyoubo.pdf,30,high,
313,大字羽屋827番地,花園14組の2 花園ﾏﾝｼｮﾝ106,花園一丁目,12,41-106,hirosematitaisyoubo.pdf,30,high,
314,大字羽屋827番地,花園14組の2 花園ﾏﾝｼｮﾝ201,花園一丁目,12,41-201,hirosematitaisyoubo.pdf,30,high,
315,大字羽屋827番地,花園14組の2 花園ﾏﾝｼｮﾝ202,花園一丁目,12,41-202,hirosematitaisyoubo.pdf,30,high,
316,大字羽屋827番地,花園14組の2 花園ﾏﾝｼｮﾝ203,花園一丁目,12,41-203,hirosematitaisyoubo.pdf,30,high,
317,大字羽屋827番地,花園14組の2 花園ﾏﾝｼｮﾝ205,花園一丁目,12,41-205,hirosematitaisyoubo.pdf,30,high,
318,大字羽屋827番地,花園14組の2 花園ﾏﾝｼｮﾝ206,花園一丁目,12,41-206,hirosematitaisyoubo.pdf,30,high,資料上2回出現
319,大字羽屋827番地,花園14組の2 花園ﾏﾝｼｮﾝ301,花園一丁目,12,41-301,hirosematitaisyoubo.pdf,30,high,
320,大字羽屋827番地,花園14組の2 花園ﾏﾝｼｮﾝ302,花園一丁目,12,41-302,hirosematitaisyoubo.pdf,30,high,資料上2回出現
321,大字羽屋827番地,花園14組の2 花園ﾏﾝｼｮﾝ303,花園一丁目,12,41-303,hirosematitaisyoubo.pdf,31,high,
322,大字羽屋827番地,花園14組の2 花園ﾏﾝｼｮﾝ305,花園一丁目,12,41-305,hirosematitaisyoubo.pdf,31,high,資料上2回出現
323,大字羽屋827番地,花園14組の2 花園ﾏﾝｼｮﾝ306,花園一丁目,12,41-306,hirosematitaisyoubo.pdf,31,high,
324,大字羽屋827番地,花園14組の2 花園ﾏﾝｼｮﾝ401,花園一丁目,12,41-401,hirosematitaisyoubo.pdf,31,high,
325,大字羽屋827番地,花園14組の2 花園ﾏﾝｼｮﾝ402,花園一丁目,12,41-402,hirosematitaisyoubo.pdf,31,high,
326,大字羽屋827番地,花園14組の2 花園ﾏﾝｼｮﾝ403,花園一丁目,12,41-403,hirosematitaisyoubo.pdf,31,high,
327,大字羽屋827番地,花園14組の2 花園ﾏﾝｼｮﾝ405,花園一丁目,12,41-405,hirosematitaisyoubo.pdf,31,high,
328,大字羽屋827番地,花園14組の2 花園ﾏﾝｼｮﾝ406,花園一丁目,12,41-406,hirosematitaisyoubo.pdf,31,high,
329,大字羽屋828番地の1,花園14組の1,花園一丁目,12,30,hirosematitaisyoubo.pdf,31,high,
330,大字羽屋828番地の3,花園14組の1,花園一丁目,12,33,hirosematitaisyoubo.pdf,31,high,
331,大字羽屋829番地の5,花園14組の1,花園一丁目,12,20,hirosematitaisyoubo.pdf,31,high,
332,大字羽屋830番地の1,花園14組の1,花園一丁目,12,26,hirosematitaisyoubo.pdf,32,high,
333,大字羽屋830番地の5,花園14組の1の2,花園一丁目,12,28,hirosematitaisyoubo.pdf,32,high,
334,大字羽屋830-5,,花園一丁目,12,28,hirosematitaisyoubo.pdf,32,high,
335,大字羽屋831番地の2,花園14組の1,花園一丁目,12,16,hirosematitaisyoubo.pdf,32,high,
336,大字羽屋831番地の4,花園14組の1,花園一丁目,12,14,hirosematitaisyoubo.pdf,32,high,
337,大字羽屋832番地の1,花園14組,花園一丁目,12,7,hirosematitaisyoubo.pdf,32,high,
338,大字羽屋832番地の2,花園14組の1,花園一丁目,12,8,hirosematitaisyoubo.pdf,32,high,
339,大字羽屋832番地の3,,花園一丁目,12,9,hirosematitaisyoubo.pdf,32,high,
340,大字羽屋835番地の1,花園14組の1,花園一丁目,12,23,hirosematitaisyoubo.pdf,32,high,
341,大字羽屋835番地の3,花園14組の1,花園一丁目,12,22,hirosematitaisyoubo.pdf,32,high,
342,大字羽屋836番地の1,花園14組の1,花園一丁目,12,24,hirosematitaisyoubo.pdf,32,high,
343,大字羽屋836番地の2,花園14組の1,花園一丁目,12,25,hirosematitaisyoubo.pdf,32,high,
344,大字羽屋837番地の3,花園14組の1,花園一丁目,12,35,hirosematitaisyoubo.pdf,32,high,
345,大字羽屋837番地の4,花園14組の1,花園一丁目,12,34,hirosematitaisyoubo.pdf,33,high,
346,大字羽屋838番地の2,花園14組の1,花園一丁目,12,40,hirosematitaisyoubo.pdf,33,high,
347,大字羽屋838番地の3,花園14組の1,花園一丁目,12,39,hirosematitaisyoubo.pdf,33,high,
348,大字羽屋838番地の4,花園14組,花園一丁目,12,38,hirosematitaisyoubo.pdf,33,high,
349,大字羽屋838番地の5,花園14組の1,花園一丁目,12,37,hirosematitaisyoubo.pdf,33,high,
350,大字羽屋838番地の6,花園14組の1,花園一丁目,12,36,hirosematitaisyoubo.pdf,33,high,
351,大字羽屋839番地の2,花園14組の1,花園一丁目,12,52,hirosematitaisyoubo.pdf,33,high,
352,大字羽屋840番地の2,花園14組の1,花園一丁目,12,57,hirosematitaisyoubo.pdf,33,high,資料上2回出現
353,大字羽屋840番地の5,花園14組の1,花園一丁目,12,61,hirosematitaisyoubo.pdf,33,high,
354,大字羽屋840番地の6,花園14組の1,花園一丁目,12,62,hirosematitaisyoubo.pdf,33,high,
355,大字羽屋902番地の2,花園14組の3の1,花園一丁目,13,1,hirosematitaisyoubo.pdf,33,high,
356,大字羽屋902番地の5,花園14組の3の1,花園一丁目,13,12,hirosematitaisyoubo.pdf,33,high,資料上2回出現
357,大字羽屋902番地の7,花園14組の3の1,花園一丁目,13,4,hirosematitaisyoubo.pdf,34,high,
358,大字羽屋902番地の8,花園14組の3の1,花園一丁目,13,5,hirosematitaisyoubo.pdf,34,high,
359,大字羽屋902-8,花園14組の3の1,花園一丁目,13,5,hirosematitaisyoubo.pdf,34,high,
360,大字羽屋902番地の9,花園14組の3の1,花園一丁目,13,6,hirosematitaisyoubo.pdf,34,high,
361,大字羽屋902番地の10,花園14組の3の1,花園一丁目,13,7,hirosematitaisyoubo.pdf,34,high,
362,大字羽屋904番地の5,花園14組の3 ｳﾞｨﾗﾆｭｰ花園101,花園一丁目,13,20,hirosematitaisyoubo.pdf,34,high,
363,大字羽屋904番地の5,花園14組の3 ｳﾞｨﾗﾆｭｰ花園102,花園一丁目,13,20,hirosematitaisyoubo.pdf,34,high,
364,大字羽屋904番地の5,花園14組の3 ｳﾞｨﾗﾆｭｰ花園103,花園一丁目,13,20,hirosematitaisyoubo.pdf,34,high,
365,大字羽屋904番地の5,花園14組の3 ｳﾞｨﾗﾆｭｰ花園201,花園一丁目,13,20,hirosematitaisyoubo.pdf,34,high,
366,大字羽屋904番地の5,花園14組の3 ｳﾞｨﾗﾆｭｰ花園202,花園一丁目,13,20,hirosematitaisyoubo.pdf,34,high,
367,大字羽屋904番地の5,花園14組の3 ｳﾞｨﾗﾆｭｰ花園203,花園一丁目,13,20,hirosematitaisyoubo.pdf,34,high,
368,大字羽屋904番地の6,花園14組の3,花園一丁目,13,21,hirosematitaisyoubo.pdf,34,high,
369,大字羽屋904番地の7,花園14組の3,花園一丁目,13,23,hirosematitaisyoubo.pdf,35,high,
370,大字羽屋904番地の10,花園14組の3,花園一丁目,13,25,hirosematitaisyoubo.pdf,35,high,
371,大字羽屋905番地の6,花園14組の5,花園一丁目,13,40,hirosematitaisyoubo.pdf,35,high,
372,大字羽屋905番地の7,花園14組の5,花園一丁目,13,39,hirosematitaisyoubo.pdf,35,high,
373,大字羽屋905番地の8,花園14組の5,花園一丁目,13,38,hirosematitaisyoubo.pdf,35,high,
374,大字羽屋905番地の9,花園14組の5,花園一丁目,13,37,hirosematitaisyoubo.pdf,35,high,
375,大字羽屋905番地の10,花園14組の5,花園一丁目,13,36,hirosematitaisyoubo.pdf,35,high,
376,大字羽屋905番地の11,花園14組の5,花園一丁目,13,35,hirosematitaisyoubo.pdf,35,high,
377,大字羽屋926番地の1,花園14組の3 ｺｰﾎﾟむかい101,花園一丁目,14,18-101,hirosematitaisyoubo.pdf,35,high,
378,大字羽屋926番地の1,花園14組の3 ｺｰﾎﾟむかい102,花園一丁目,14,18-102,hirosematitaisyoubo.pdf,35,high,
379,大字羽屋926番地の1,花園14組の3 ｺｰﾎﾟむかい103,花園一丁目,14,18-103,hirosematitaisyoubo.pdf,35,high,
380,大字羽屋926番地の1,花園14組の3 ｺｰﾎﾟむかい105,花園一丁目,14,18-105,hirosematitaisyoubo.pdf,35,high,
381,大字羽屋926番地の1,花園14組の3 ｺｰﾎﾟむかい106,花園一丁目,14,18-106,hirosematitaisyoubo.pdf,35,high,
382,大字羽屋926番地の1,花園14組の3 ｺｰﾎﾟむかい107,花園一丁目,14,18-107,hirosematitaisyoubo.pdf,36,high,
383,大字羽屋926番地の1,花園14組の3 ｺｰﾎﾟむかい108,花園一丁目,14,18-108,hirosematitaisyoubo.pdf,36,high,
384,大字羽屋926番地の1,花園14組の3 ｺｰﾎﾟむかい110,花園一丁目,14,18-110,hirosematitaisyoubo.pdf,36,high,
385,大字羽屋926番地の1,花園14組の3 ｺｰﾎﾟむかい201,花園一丁目,14,18-201,hirosematitaisyoubo.pdf,36,high,
386,大字羽屋926番地の1,花園14組の3 ｺｰﾎﾟむかい202,花園一丁目,14,18-202,hirosematitaisyoubo.pdf,36,high,
387,大字羽屋926番地の1,花園14組の3 ｺｰﾎﾟむかい203,花園一丁目,14,18-203,hirosematitaisyoubo.pdf,36,high,
388,大字羽屋926番地の1,花園14組の3 ｺｰﾎﾟむかい205,花園一丁目,14,18-205,hirosematitaisyoubo.pdf,36,high,
389,大字羽屋926番地の1,花園14組の3 ｺｰﾎﾟむかい206,花園一丁目,14,18-206,hirosematitaisyoubo.pdf,36,high,
390,大字羽屋926番地の1,花園14組の3 ｺｰﾎﾟむかい207,花園一丁目,14,18-207,hirosematitaisyoubo.pdf,36,high,資料上2回出現
391,大字羽屋926番地の1,花園14組の3 ｺｰﾎﾟむかい208,花園一丁目,14,18-208,hirosematitaisyoubo.pdf,36,high,
392,大字羽屋926番地の1,花園14組の3 ｺｰﾎﾟむかい210,花園一丁目,14,18-210,hirosematitaisyoubo.pdf,36,high,
393,大字羽屋926番地の1,花園14組の3 ｺｰﾎﾟむかい301,花園一丁目,14,18-301,hirosematitaisyoubo.pdf,36,high,
394,大字羽屋926番地の1,花園14組の3 ｺｰﾎﾟむかい302,花園一丁目,14,18-302,hirosematitaisyoubo.pdf,37,high,
395,大字羽屋926番地の1,花園14組の3 ｺｰﾎﾟむかい303,花園一丁目,14,18-303,hirosematitaisyoubo.pdf,37,high,
396,大字羽屋926番地の1,花園14組の3 ｺｰﾎﾟむかい305,花園一丁目,14,18-305,hirosematitaisyoubo.pdf,37,high,
397,大字羽屋926番地の1,花園14組の3 ｺｰﾎﾟむかい306,花園一丁目,14,18-306,hirosematitaisyoubo.pdf,37,high,
398,大字羽屋926番地の1,花園14組の3 ｺｰﾎﾟむかい307,花園一丁目,14,18-307,hirosematitaisyoubo.pdf,37,high,
399,大字羽屋926番地の1,花園14組の3 ｺｰﾎﾟむかい308,花園一丁目,14,18-308,hirosematitaisyoubo.pdf,37,high,
400,大字羽屋926番地の1,花園14組の3 ｺｰﾎﾟむかい310,花園一丁目,14,18-310,hirosematitaisyoubo.pdf,37,high,
401,大字羽屋926番地3,古国府羽屋花園14-3 第2ｺｰﾎﾟ向101号,花園一丁目,14,12-101,hirosematitaisyoubo.pdf,37,high,
402,大字羽屋926番地の3,花園14組の3 第2ｺｰﾎﾟむかい201,花園一丁目,14,12-201,hirosematitaisyoubo.pdf,37,high,
403,大字羽屋926番地の3,花園14組の3 第2ｺｰﾎﾟむかい202,花園一丁目,14,12-202,hirosematitaisyoubo.pdf,37,high,
404,大字羽屋926番地の3,花園14組の3 第2ｺｰﾎﾟむかい301,花園一丁目,14,12-301,hirosematitaisyoubo.pdf,37,high,
405,大字羽屋926番地の3,花園14組の3 第2ｺｰﾎﾟむかい302,花園一丁目,14,12-302,hirosematitaisyoubo.pdf,37,high,
406,大字羽屋926番地の5,花園14組の3,花園一丁目,13,26,hirosematitaisyoubo.pdf,37,high,
407,大字羽屋927番地の10,古国府6組の3,花園一丁目,14,1,hirosematitaisyoubo.pdf,38,high,
408,大字羽屋927番地の16,花園14組の4,花園一丁目,14,9,hirosematitaisyoubo.pdf,38,high,
409,大字羽屋927番地の19,花園14組の4 ｴｸｾﾚﾝﾄ花園101,花園一丁目,14,10-101,hirosematitaisyoubo.pdf,38,high,資料上2回出現
410,大字羽屋927番地の19,花園14組の4 ｴｸｾﾚﾝﾄ花園102,花園一丁目,14,10-102,hirosematitaisyoubo.pdf,38,high,
411,大字羽屋927番地の19,花園14組の4 ｴｸｾﾚﾝﾄ花園103,花園一丁目,14,10-103,hirosematitaisyoubo.pdf,38,high,
412,大字羽屋927番地の19,花園14組の4 ｴｸｾﾚﾝﾄ花園104,花園一丁目,14,10-104,hirosematitaisyoubo.pdf,38,high,
413,大字羽屋927番地の19,花園14組の4 ｴｸｾﾚﾝﾄ花園201,花園一丁目,14,10-201,hirosematitaisyoubo.pdf,38,high,
414,大字羽屋927番地の19,花園14組の4 ｴｸｾﾚﾝﾄ花園202,花園一丁目,14,10-202,hirosematitaisyoubo.pdf,38,high,
415,大字羽屋927番地の19,花園14組の4 ｴｸｾﾚﾝﾄ花園203,花園一丁目,14,10-203,hirosematitaisyoubo.pdf,38,high,
416,大字羽屋927番地の19,花園14組の4 ｴｸｾﾚﾝﾄ花園204,花園一丁目,14,10-204,hirosematitaisyoubo.pdf,38,high,
417,大字羽屋927番地の19,花園14組の4 ｴｸｾﾚﾝﾄ花園301,花園一丁目,14,10-301,hirosematitaisyoubo.pdf,38,high,
418,大字羽屋927番地の19,花園14組の4 ｴｸｾﾚﾝﾄ花園302,花園一丁目,14,10-302,hirosematitaisyoubo.pdf,39,high,
419,大字羽屋927番地の19,花園14組の4 ｴｸｾﾚﾝﾄ花園303,花園一丁目,14,10-303,hirosematitaisyoubo.pdf,39,high,資料上2回出現
420,大字羽屋927番地の19,花園14組の4 ｴｸｾﾚﾝﾄ花園304,花園一丁目,14,10-304,hirosematitaisyoubo.pdf,39,high,
421,大字羽屋927番地の20,花園14組の4,花園一丁目,14,3,hirosematitaisyoubo.pdf,39,high,資料上2回出現
422,大字古国府花園13-3,正和園ﾋﾞﾙ202,花園二丁目,10,26-202,hirosematitaisyoubo.pdf,41,high,
423,大字古国府花園14-3,第2ｺｰﾎﾟ向102,花園一丁目,14,12-102,hirosematitaisyoubo.pdf,41,high,
424,大字古国府471番地の3,花園12組の4,花園一丁目,2,45,hirosematitaisyoubo.pdf,41,high,
425,大字古国府471番地の4,花園12組の4,花園一丁目,2,44,hirosematitaisyoubo.pdf,41,high,
426,大字古国府471番地の5,花園12組の4,花園一丁目,2,43,hirosematitaisyoubo.pdf,41,high,
427,大字古国府471番地の6,花園12組の4,花園一丁目,2,42,hirosematitaisyoubo.pdf,41,high,
428,大字古国府471番地の7,花園12組の4,花園一丁目,2,41,hirosematitaisyoubo.pdf,41,high,
429,大字古国府471番地の8,花園12組の4,花園一丁目,2,40,hirosematitaisyoubo.pdf,41,high,
430,大字古国府471番地の9,花園12組の4,花園一丁目,2,37,hirosematitaisyoubo.pdf,41,high,
431,大字古国府471番地の9,,花園一丁目,2,37,hirosematitaisyoubo.pdf,41,high,
432,大字古国府476番地の1,花園12組の4,花園一丁目,2,62,hirosematitaisyoubo.pdf,41,high,
433,大字古国府476番地の2,花園12組の4,花園一丁目,2,58,hirosematitaisyoubo.pdf,41,high,
434,大字古国府476番地の4,花園12組の4,花園一丁目,2,60,hirosematitaisyoubo.pdf,42,high,
435,大字古国府476番地の7,花園12組の4,花園一丁目,2,59,hirosematitaisyoubo.pdf,42,high,
436,大字古国府477番地の1,花園12組の4,花園一丁目,2,56,hirosematitaisyoubo.pdf,42,high,
437,大字古国府477番地の3,花園12組の4,花園一丁目,2,55,hirosematitaisyoubo.pdf,42,high,
438,大字古国府479番地の3,花園12組の4,花園一丁目,2,30,hirosematitaisyoubo.pdf,42,high,
439,大字古国府479番地の4,花園12組の4,花園一丁目,2,31,hirosematitaisyoubo.pdf,42,high,資料上2回出現
440,大字古国府479番地の4,花園12組の4,花園一丁目,2,32,hirosematitaisyoubo.pdf,42,high,
441,大字古国府479番地の5,花園12組の4,花園一丁目,2,33,hirosematitaisyoubo.pdf,42,high,資料上2回出現
442,大字古国府479番地の6,花園12組の4,花園一丁目,2,34,hirosematitaisyoubo.pdf,42,high,
443,大字古国府483番地,花園12組の4 ｸﾞﾘｰﾝﾊﾟｰｸ古国府101,花園一丁目,2,27,hirosematitaisyoubo.pdf,42,high,
444,大字古国府483番地,花園12組の4 ｸﾞﾘｰﾝﾊﾟｰｸ古国府102,花園一丁目,2,27,hirosematitaisyoubo.pdf,42,high,
445,大字古国府483番地,花園12組の4 ｸﾞﾘｰﾝﾊﾟｰｸ古国府103,花園一丁目,2,27,hirosematitaisyoubo.pdf,43,high,
446,大字古国府483番地,花園12組の4 ｸﾞﾘｰﾝﾊﾟｰｸ古国府105,花園一丁目,2,27,hirosematitaisyoubo.pdf,43,high,
447,大字古国府483番地,花園12組の4 ｸﾞﾘｰﾝﾊﾟｰｸ古国府106,花園一丁目,2,27,hirosematitaisyoubo.pdf,43,high,
448,大字古国府483番地,花園12組の4 ｸﾞﾘｰﾝﾊﾟｰｸ古国府107,花園一丁目,2,27,hirosematitaisyoubo.pdf,43,high,
449,大字古国府483番地,花園12組の4 ｸﾞﾘｰﾝﾊﾟｰｸ古国府201,花園一丁目,2,27,hirosematitaisyoubo.pdf,43,high,
450,大字古国府483番地,花園12組の4 ｸﾞﾘｰﾝﾊﾟｰｸ古国府202,花園一丁目,2,27,hirosematitaisyoubo.pdf,43,high,
451,大字古国府483番地,花園12組の4 ｸﾞﾘｰﾝﾊﾟｰｸ古国府203,花園一丁目,2,27,hirosematitaisyoubo.pdf,43,high,
452,大字古国府483番地,花園12組の4 ｸﾞﾘｰﾝﾊﾟｰｸ古国府205,花園一丁目,2,27,hirosematitaisyoubo.pdf,43,high,
453,大字古国府483番地,花園12組の4 ｸﾞﾘｰﾝﾊﾟｰｸ古国府206,花園一丁目,2,27,hirosematitaisyoubo.pdf,43,high,
454,大字古国府483番地,花園12組の4 ｸﾞﾘｰﾝﾊﾟｰｸ古国府207,花園一丁目,2,27,hirosematitaisyoubo.pdf,43,high,
455,大字古国府485番地の1,花園11組の2,花園一丁目,2,21,hirosematitaisyoubo.pdf,43,high,
456,大字古国府486番地の2,花園12組の3 ｸﾚｽﾃｨｰｸ花園101,花園一丁目,5,11,hirosematitaisyoubo.pdf,43,high,
457,大字古国府486番地の2,花園12組の3 ｸﾚｽﾃｨｰｸ花園102,花園一丁目,5,11,hirosematitaisyoubo.pdf,43,high,
458,大字古国府486番地の2,花園12組の3 ｸﾚｽﾃｨｰｸ花園103,花園一丁目,5,11,hirosematitaisyoubo.pdf,44,high,
459,大字古国府486番地の2,花園12組の3 ｸﾚｽﾃｨｰｸ花園201,花園一丁目,5,11,hirosematitaisyoubo.pdf,44,high,
460,大字古国府486番地の2,花園12組の3 ｸﾚｽﾃｨｰｸ花園202,花園一丁目,5,11,hirosematitaisyoubo.pdf,44,high,
461,大字古国府486番地の2,花園12組の3 ｸﾚｽﾃｨｰｸ花園203,花園一丁目,5,11,hirosematitaisyoubo.pdf,44,high,
462,大字古国府486番地の4,花園11組の2の2 O&KｻﾝｼﾃｨC101,花園一丁目,5,44,hirosematitaisyoubo.pdf,44,high,
463,大字古国府486番地の4,花園11組の2の2 O&KｻﾝｼﾃｨC102,花園一丁目,5,44,hirosematitaisyoubo.pdf,44,high,資料上6回出現
464,大字古国府486番地の4,花園11組の2の2 O&KｻﾝｼﾃｨC103,花園一丁目,5,44,hirosematitaisyoubo.pdf,44,high,
465,大字古国府486番地の4,花園11組の2の2 O&KｻﾝｼﾃｨC201,花園一丁目,5,44,hirosematitaisyoubo.pdf,44,high,資料上2回出現
466,大字古国府486番地の4,花園11組の2の2 O&KｻﾝｼﾃｨC202,花園一丁目,5,44,hirosematitaisyoubo.pdf,45,high,
467,大字古国府486番地の4,花園11組の2の2 O&KｻﾝｼﾃｨC203,花園一丁目,5,44,hirosematitaisyoubo.pdf,45,high,
468,大字古国府486番地の4,花園11組の2の2 O&KｻﾝｼﾃｨE101,花園一丁目,5,45,hirosematitaisyoubo.pdf,45,high,
469,大字古国府486番地の4,花園11組の2の2 O&KｻﾝｼﾃｨE102,花園一丁目,5,45,hirosematitaisyoubo.pdf,45,high,
470,大字古国府486番地の4,花園11組の2の2 O&KｻﾝｼﾃｨE103,花園一丁目,5,45,hirosematitaisyoubo.pdf,45,high,
471,大字古国府486番地の4,花園11組の2の2 O&KｻﾝｼﾃｨE105,花園一丁目,5,45,hirosematitaisyoubo.pdf,45,high,
472,大字古国府486番地の4,花園11組の2の2 O&KｻﾝｼﾃｨE201,花園一丁目,5,45,hirosematitaisyoubo.pdf,45,high,
473,大字古国府486番地の4,花園11組の2の2 O&KｻﾝｼﾃｨE202,花園一丁目,5,45,hirosematitaisyoubo.pdf,45,high,
474,大字古国府486番地の4,花園11組の2の2 O&KｻﾝｼﾃｨE203,花園一丁目,5,45,hirosematitaisyoubo.pdf,45,high,
475,大字古国府486番地の4,花園11組の2の2 O&KｻﾝｼﾃｨE205,花園一丁目,5,45,hirosematitaisyoubo.pdf,45,high,
476,大字古国府489番地の3,花園12組の3,花園一丁目,5,41,hirosematitaisyoubo.pdf,45,high,
477,大字古国府489番地の3,,花園一丁目,5,41,hirosematitaisyoubo.pdf,45,high,
478,大字古国府489番地の7,花園12組の3,花園一丁目,5,38,hirosematitaisyoubo.pdf,46,high,資料上2回出現
479,大字古国府490番地の2,花園12組の3,花園一丁目,5,40,hirosematitaisyoubo.pdf,46,high,
480,大字古国府492番地の2,花園12組の3,花園一丁目,5,35,hirosematitaisyoubo.pdf,46,high,
481,大字古国府492番地の4,花園12組の3,花園一丁目,5,36,hirosematitaisyoubo.pdf,46,high,
482,大字古国府493番地の2,花園12組の3,花園一丁目,5,27,hirosematitaisyoubo.pdf,46,high,
483,大字古国府493番地4,花園12組の3,花園一丁目,5,33,hirosematitaisyoubo.pdf,46,high,
484,大字古国府493番地の7,花園12組の3,花園一丁目,5,28,hirosematitaisyoubo.pdf,46,high,
485,大字古国府496番地の2,花園12組の2 ﾄﾚｽﾃｰﾗ花園B,花園一丁目,6,32,hirosematitaisyoubo.pdf,46,high,
486,大字古国府496番地の2,花園12組の2 ﾄﾚｽﾃｰﾗ花園A,花園一丁目,6,33,hirosematitaisyoubo.pdf,46,high,
487,大字古国府496番地の2,花園12組の2,花園一丁目,6,36,hirosematitaisyoubo.pdf,46,high,
488,大字古国府497番地の1,花園12組の2,花園一丁目,6,40,hirosematitaisyoubo.pdf,46,high,
489,大字古国府497番地の1,,花園一丁目,6,40,hirosematitaisyoubo.pdf,46,high,
490,大字古国府497番地の2,,花園一丁目,5,18,hirosematitaisyoubo.pdf,47,high,
491,大字古国府497番地の2,花園12組の3,花園一丁目,5,19,hirosematitaisyoubo.pdf,47,high,
492,大字古国府497番地の3,花園12組の3,花園一丁目,5,20,hirosematitaisyoubo.pdf,47,high,
493,大字古国府498番地の1,花園12組の2,花園一丁目,6,42,hirosematitaisyoubo.pdf,47,high,資料上2回出現
494,大字古国府498番地の2,花園12組の3,花園一丁目,5,17,hirosematitaisyoubo.pdf,47,high,
495,大字古国府499番地の1,花園12組の2,花園一丁目,6,44,hirosematitaisyoubo.pdf,47,high,
496,大字古国府499番地の4,花園12組の3,花園一丁目,5,14,hirosematitaisyoubo.pdf,47,high,
497,大字古国府499番地の6,花園12組の2,花園一丁目,6,43,hirosematitaisyoubo.pdf,47,high,
498,大字古国府501番地,花園11組の1,花園一丁目,6,48,hirosematitaisyoubo.pdf,47,high,
499,大字古国府501番地の7,花園12組の3,花園一丁目,5,12,hirosematitaisyoubo.pdf,47,high,
500,大字古国府502番地の2,花園11組の1,花園一丁目,6,12,hirosematitaisyoubo.pdf,47,high,資料上2回出現
501,大字古国府504番地の5,花園12-2 ﾍﾞｸﾄﾙ1F,花園一丁目,6,15,hirosematitaisyoubo.pdf,48,high,
502,大字古国府504番地の5,花園12組の2 ﾍﾞｸﾄﾙ101,花園一丁目,6,15-101,hirosematitaisyoubo.pdf,48,high,
503,大字古国府504番地の5,花園12組の2 ﾍﾞｸﾄﾙ102,花園一丁目,6,15-102,hirosematitaisyoubo.pdf,48,high,
504,大字古国府504番地の5,花園12組の2 ﾍﾞｸﾄﾙ103,花園一丁目,6,15-103,hirosematitaisyoubo.pdf,48,high,
505,大字古国府504番地の5,花園12組の2 ﾍﾞｸﾄﾙ201,花園一丁目,6,15-201,hirosematitaisyoubo.pdf,48,high,
506,大字古国府504番地の5,花園12組の2 ﾍﾞｸﾄﾙ202,花園一丁目,6,15-202,hirosematitaisyoubo.pdf,48,high,
507,大字古国府504番地の5,花園12組の2 ﾍﾞｸﾄﾙ203,花園一丁目,6,15-203,hirosematitaisyoubo.pdf,48,high,
508,大字古国府504番地の5,花園12組の2 ﾍﾞｸﾄﾙ205,花園一丁目,6,15-205,hirosematitaisyoubo.pdf,48,high,
509,大字古国府504番地の5,花園12組の2 ﾍﾞｸﾄﾙ206,花園一丁目,6,15-206,hirosematitaisyoubo.pdf,48,high,
510,大字古国府504番地の5,花園12組の2 ﾍﾞｸﾄﾙ301,花園一丁目,6,15-301,hirosematitaisyoubo.pdf,48,high,
511,大字古国府504番地の5,花園12組の2 ﾍﾞｸﾄﾙ302,花園一丁目,6,15-302,hirosematitaisyoubo.pdf,48,high,
512,大字古国府504番地の5,花園12組の2 ﾍﾞｸﾄﾙ303,花園一丁目,6,15-303,hirosematitaisyoubo.pdf,48,high,
513,大字古国府504番地の5,花園12組の2,花園一丁目,6,15-305,hirosematitaisyoubo.pdf,48,high,
514,大字古国府504番地の11,花園12組の2,花園一丁目,6,16,hirosematitaisyoubo.pdf,49,high,
515,大字古国府505番地,花園12組の2,花園一丁目,6,18,hirosematitaisyoubo.pdf,49,high,資料上3回出現
516,大字古国府506番地の1,花園12組の2,花園一丁目,6,20,hirosematitaisyoubo.pdf,49,high,資料上2回出現
517,大字古国府507番地の1,花園12組の2,花園一丁目,6,27,hirosematitaisyoubo.pdf,49,high,
518,大字古国府507番地の2,花園12組の2,花園一丁目,6,21,hirosematitaisyoubo.pdf,49,high,
519,大字古国府507番地の3,花園12組の2 ﾄﾚｽﾃｰﾗ花園F,花園一丁目,6,28,hirosematitaisyoubo.pdf,49,high,
520,大字古国府507番地の3,花園12組の2 ﾄﾚｽﾃｰﾗ花園E,花園一丁目,6,29,hirosematitaisyoubo.pdf,49,high,
521,大字古国府507番地の3,花園12組の2 ﾄﾚｽﾃｰﾗ花園D,花園一丁目,6,30,hirosematitaisyoubo.pdf,49,high,
522,大字古国府507番地の3,花園12組の2 ﾄﾚｽﾃｰﾗ花園C,花園一丁目,6,31,hirosematitaisyoubo.pdf,49,high,
523,大字古国府507番地の4,花園12組の2,花園一丁目,6,24,hirosematitaisyoubo.pdf,50,high,
524,大字古国府511番地の1,花園12組の1,花園一丁目,7,82,hirosematitaisyoubo.pdf,50,high,
525,大字古国府511番地の2,花園12組の1,花園一丁目,7,85,hirosematitaisyoubo.pdf,50,high,資料上3回出現
526,大字古国府511番地の4,花園12組の1,花園一丁目,7,83,hirosematitaisyoubo.pdf,50,high,
527,大字古国府511番地の5,花園12組の1,花園一丁目,7,84,hirosematitaisyoubo.pdf,50,high,
528,大字古国府512番地,花園12組の1,花園一丁目,7,86,hirosematitaisyoubo.pdf,50,high,
529,大字菜園512番地,花園12の1,花園一丁目,7,86,hirosematitaisyoubo.pdf,50,high,
530,大字古国府513番地の1,花園12組の1,花園一丁目,7,88,hirosematitaisyoubo.pdf,50,high,資料上2回出現
531,大字古国府513番地の1,花園12組の1,花園一丁目,7,91,hirosematitaisyoubo.pdf,50,high,資料上2回出現
532,大字古国府514番地の2,花園12組の1,花園一丁目,7,5,hirosematitaisyoubo.pdf,51,high,
533,大字古国府515-2,,花園一丁目,7,94,hirosematitaisyoubo.pdf,51,high,
534,大字古国府516番地の4,花園13組の1,花園二丁目,9,27,hirosematitaisyoubo.pdf,51,high,資料上2回出現
535,大字古国府516番地の6,花園13組の1,花園二丁目,9,26,hirosematitaisyoubo.pdf,51,high,
536,大字古国府523番地の1,花園13組の3,花園二丁目,10,21,hirosematitaisyoubo.pdf,51,high,
537,大字古国府523番地の1,花園13-3,花園二丁目,10,26,hirosematitaisyoubo.pdf,51,high,
538,大字古国府字菜園523番地1,大字古国府花園13-3,花園二丁目,10,26,hirosematitaisyoubo.pdf,52,high,
539,大字古国府523番地の1,正和園ﾋﾞﾙ101,花園二丁目,10,26-101,hirosematitaisyoubo.pdf,52,high,
540,大字古国府523番地の1,花園13組の3 正和園ﾋﾞﾙ301,花園二丁目,10,26-301,hirosematitaisyoubo.pdf,52,high,
541,大字古国府523番地の1,花園13組の3 正和園ﾋﾞﾙ302,花園二丁目,10,26-302,hirosematitaisyoubo.pdf,52,high,
542,大字古国府523番地の1,花園13組の3 正和園ﾋﾞﾙ303,花園二丁目,10,26-303,hirosematitaisyoubo.pdf,52,high,資料上2回出現
543,大字古国府523番地の1,花園13組の3 正和園ﾋﾞﾙ305,花園二丁目,10,26-305,hirosematitaisyoubo.pdf,52,high,
544,大字古国府523番地の1,花園13組の3 正和園ﾋﾞﾙ306,花園二丁目,10,26-306,hirosematitaisyoubo.pdf,52,high,
545,大字古国府523番地の1,花園13組の3 正和園ﾋﾞﾙ307,花園二丁目,10,26-307,hirosematitaisyoubo.pdf,52,high,
546,大字古国府523番地の1,花園13組の3 正和園ﾋﾞﾙ401,花園二丁目,10,26-401,hirosematitaisyoubo.pdf,52,high,
547,大字古国府523番地の1,花園13組の3 正和園ﾋﾞﾙ402,花園二丁目,10,26-402,hirosematitaisyoubo.pdf,52,high,
548,大字古国府523番地の1,花園13組の3 正和園ﾋﾞﾙ403,花園二丁目,10,26-403,hirosematitaisyoubo.pdf,53,high,
549,大字古国府523番地の1,花園13組の3 正和園ﾋﾞﾙ405,花園二丁目,10,26-405,hirosematitaisyoubo.pdf,53,high,
550,大字古国府523番地の1,花園13組の3 正和園ﾋﾞﾙ406,花園二丁目,10,26-406,hirosematitaisyoubo.pdf,53,high,
551,大字古国府523番地の1,花園13組の3 正和園ﾋﾞﾙ407,花園二丁目,10,26-407,hirosematitaisyoubo.pdf,53,high,
552,大字古国府523番地の1,花園13組の3 正和園ﾋﾞﾙ501,花園二丁目,10,26-501,hirosematitaisyoubo.pdf,53,high,
553,大字古国府523番地の1,花園13組の3 正和園ﾋﾞﾙ502,花園二丁目,10,26-502,hirosematitaisyoubo.pdf,53,high,資料上2回出現
554,大字古国府523番地の1,花園13組の3 正和園ﾋﾞﾙ503,花園二丁目,10,26-503,hirosematitaisyoubo.pdf,53,high,
555,大字古国府523番地の1,花園13組の3 正和園ﾋﾞﾙ505,花園二丁目,10,26-505,hirosematitaisyoubo.pdf,53,high,
556,大字古国府523番地の1,花園13組の3 正和園ﾋﾞﾙ506,花園二丁目,10,26-506,hirosematitaisyoubo.pdf,53,high,
557,大字古国府523番地の1,花園13組の3 正和園ﾋﾞﾙ507,花園二丁目,10,26-507,hirosematitaisyoubo.pdf,53,high,
558,大字古国府523番地の1,花園13組の3 正和園ﾋﾞﾙ601,花園二丁目,10,26-601,hirosematitaisyoubo.pdf,53,high,資料上2回出現
559,大字古国府523番地の1,花園13組の3 正和園ﾋﾞﾙ602,花園二丁目,10,26-602,hirosematitaisyoubo.pdf,54,high,
560,大字古国府523番地の1,花園13組の3 正和園ﾋﾞﾙ603,花園二丁目,10,26-603,hirosematitaisyoubo.pdf,54,high,
561,大字古国府523番地の1,花園13組の3 正和園ﾋﾞﾙ605,花園二丁目,10,26-605,hirosematitaisyoubo.pdf,54,high,
562,大字古国府523番地の1,花園13組の3 正和園ﾋﾞﾙ606,花園二丁目,10,26-606,hirosematitaisyoubo.pdf,54,high,
563,大字古国府523番地の1,花園13組の3 正和園ﾋﾞﾙ607,花園二丁目,10,26-607,hirosematitaisyoubo.pdf,54,high,
564,大字古国府523番地の1,花園13組の3 正和園ﾋﾞﾙ701,花園二丁目,10,26-701,hirosematitaisyoubo.pdf,54,high,
565,大字古国府523番地の1,花園13組の3 正和園ﾋﾞﾙ702,花園二丁目,10,26-702,hirosematitaisyoubo.pdf,54,high,
566,大字古国府523番地の1,花園13組の3 正和園ﾋﾞﾙ703,花園二丁目,10,26-703,hirosematitaisyoubo.pdf,54,high,
567,大字古国府523番地の1,花園13組の3 正和園ﾋﾞﾙ705,花園二丁目,10,26-705,hirosematitaisyoubo.pdf,54,high,
568,大字古国府523番地の1,花園13組の3 正和園ﾋﾞﾙ706,花園二丁目,10,26-706,hirosematitaisyoubo.pdf,54,high,
569,大字古国府523番地の1,花園13組の3 正和園ﾋﾞﾙ707,花園二丁目,10,26-707,hirosematitaisyoubo.pdf,54,high,
570,大字古国府字菜園525-2,,花園二丁目,10,28,hirosematitaisyoubo.pdf,54,high,
571,大字古国府525番地の2,花園13組の4 ｻﾝﾄﾉｰﾚ古国府101,花園二丁目,10,28-101,hirosematitaisyoubo.pdf,54,high,
572,大字古国府525番地の2,花園13組の4 ｻﾝﾄﾉｰﾚ古国府102,花園二丁目,10,28-102,hirosematitaisyoubo.pdf,55,high,
573,大字古国府525番地の2,花園13組の4 ｻﾝﾄﾉｰﾚ古国府103,花園二丁目,10,28-103,hirosematitaisyoubo.pdf,55,high,
574,大字古国府525番地の2,花園13組の4 ｻﾝﾄﾉｰﾚ古国府104,花園二丁目,10,28-104,hirosematitaisyoubo.pdf,55,high,
575,大字古国府525番地の2,花園13組の4 ｻﾝﾄﾉｰﾚ古国府201,花園二丁目,10,28-201,hirosematitaisyoubo.pdf,55,high,
576,大字古国府525番地の2,花園13組の4 ｻﾝﾄﾉｰﾚ古国府202,花園二丁目,10,28-202,hirosematitaisyoubo.pdf,55,high,
577,大字古国府525番地の2,花園13組の4 ｻﾝﾄﾉｰﾚ古国府203,花園二丁目,10,28-203,hirosematitaisyoubo.pdf,55,high,
578,大字古国府525番地の2,花園13組の4 ｻﾝﾄﾉｰﾚ古国府204,花園二丁目,10,28-204,hirosematitaisyoubo.pdf,55,high,
579,大字古国府525番地の2,花園13組の4 ｻﾝﾄﾉｰﾚ古国府205,花園二丁目,10,28-205,hirosematitaisyoubo.pdf,55,high,
580,大字古国府525番地の2,花園13組の4 ｻﾝﾄﾉｰﾚ古国府301,花園二丁目,10,28-301,hirosematitaisyoubo.pdf,55,high,
581,大字古国府525番地の2,花園13組の4 ｻﾝﾄﾉｰﾚ古国府302,花園二丁目,10,28-302,hirosematitaisyoubo.pdf,55,high,
582,大字古国府525番地の2,花園13組の4 ｻﾝﾄﾉｰﾚ古国府303,花園二丁目,10,28-303,hirosematitaisyoubo.pdf,55,high,
583,大字古国府525番地の2,花園13組の4 ｻﾝﾄﾉｰﾚ古国府304,花園二丁目,10,28-304,hirosematitaisyoubo.pdf,55,high,
584,大字古国府525番地の2,花園13組の4 ｻﾝﾄﾉｰﾚ古国府305,花園二丁目,10,28-305,hirosematitaisyoubo.pdf,55,high,
585,大字古国府525番地の2,花園13組の4 ｻﾝﾄﾉｰﾚ古国府401,花園二丁目,10,28-401,hirosematitaisyoubo.pdf,56,high,
586,大字古国府525番地の2,花園13組の4 ｻﾝﾄﾉｰﾚ古国府402,花園二丁目,10,28-402,hirosematitaisyoubo.pdf,56,high,
587,大字古国府525番地の2,花園13組の4 ｻﾝﾄﾉｰﾚ古国府403,花園二丁目,10,28-403,hirosematitaisyoubo.pdf,56,high,
588,大字古国府525番地の2,花園13組の4 ｻﾝﾄﾉｰﾚ古国府404,花園二丁目,10,28-404,hirosematitaisyoubo.pdf,56,high,
589,大字古国府525番地の2,花園13組の4 ｻﾝﾄﾉｰﾚ古国府405,花園二丁目,10,28-405,hirosematitaisyoubo.pdf,56,high,
590,大字古国府525番地の2,花園13組の4 ｻﾝﾄﾉｰﾚ古国府501,花園二丁目,10,28-501,hirosematitaisyoubo.pdf,56,high,
591,大字古国府525番地の2,花園13組の4 ｻﾝﾄﾉｰﾚ古国府502,花園二丁目,10,28-502,hirosematitaisyoubo.pdf,56,high,
592,大字古国府525番地の2,花園13組の4 ｻﾝﾄﾉｰﾚ古国府503,花園二丁目,10,28-503,hirosematitaisyoubo.pdf,56,high,
593,大字古国府525番地の2,花園13組の4 ｻﾝﾄﾉｰﾚ古国府504,花園二丁目,10,28-504,hirosematitaisyoubo.pdf,56,high,
594,大字古国府525番地の2,花園13組の4 ｻﾝﾄﾉｰﾚ古国府505,花園二丁目,10,28-505,hirosematitaisyoubo.pdf,56,high,
595,大字古国府525番地の2,花園13組の4 ｻﾝﾄﾉｰﾚ古国府601,花園二丁目,10,28-601,hirosematitaisyoubo.pdf,56,high,
596,大字古国府525番地の2,花園13組の4 ｻﾝﾄﾉｰﾚ古国府602,花園二丁目,10,28-602,hirosematitaisyoubo.pdf,56,high,
597,大字古国府525番地の2,花園13組の4 ｻﾝﾄﾉｰﾚ古国府603,花園二丁目,10,28-603,hirosematitaisyoubo.pdf,56,high,
598,大字古国府525番地の2,花園13組の4 ｻﾝﾄﾉｰﾚ古国府604,花園二丁目,10,28-604,hirosematitaisyoubo.pdf,57,high,
599,大字古国府525番地の2,花園13組の4 ｻﾝﾄﾉｰﾚ古国府605,花園二丁目,10,28-605,hirosematitaisyoubo.pdf,57,high,
600,大字古国府525番地の2,花園13組の4 ｻﾝﾄﾉｰﾚ古国府701,花園二丁目,10,28-701,hirosematitaisyoubo.pdf,57,high,資料上2回出現
601,大字古国府525番地の2,花園13組の4 ｻﾝﾄﾉｰﾚ古国府702,花園二丁目,10,28-702,hirosematitaisyoubo.pdf,57,high,
602,大字古国府525番地の2,花園13組の4 ｻﾝﾄﾉｰﾚ古国府703,花園二丁目,10,28-703,hirosematitaisyoubo.pdf,57,high,
603,大字古国府525番地の2,花園13組の4 ｻﾝﾄﾉｰﾚ古国府704,花園二丁目,10,28-704,hirosematitaisyoubo.pdf,57,high,
604,大字古国府525番地の2,花園13組の4 ｻﾝﾄﾉｰﾚ古国府705,花園二丁目,10,28-705,hirosematitaisyoubo.pdf,57,high,
605,大字古国府525番地の2,花園13組の4 ｻﾝﾄﾉｰﾚ古国府801,花園二丁目,10,28-801,hirosematitaisyoubo.pdf,57,high,
606,大字古国府525番地の2,花園13組の4 ｻﾝﾄﾉｰﾚ古国府802,花園二丁目,10,28-802,hirosematitaisyoubo.pdf,57,high,
607,大字古国府525番地の2,花園13組の4 ｻﾝﾄﾉｰﾚ古国府803,花園二丁目,10,28-803,hirosematitaisyoubo.pdf,57,high,
608,大字古国府525番地の2,花園13組の4 ｻﾝﾄﾉｰﾚ古国府804,花園二丁目,10,28-804,hirosematitaisyoubo.pdf,57,high,資料上2回出現
609,大字古国府525番地の2,花園13組の4 ｻﾝﾄﾉｰﾚ古国府805,花園二丁目,10,28-805,hirosematitaisyoubo.pdf,58,high,資料上2回出現
610,大字古国府525番地の2,花園13組の4 ｻﾝﾄﾉｰﾚ古国府901,花園二丁目,10,28-901,hirosematitaisyoubo.pdf,58,high,
611,大字古国府525番地の2,花園13組の4 ｻﾝﾄﾉｰﾚ古国府902,花園二丁目,10,28-902,hirosematitaisyoubo.pdf,58,high,
612,大字古国府525番地の2,花園13組の4 ｻﾝﾄﾉｰﾚ古国府903,花園二丁目,10,28-903,hirosematitaisyoubo.pdf,58,high,
613,大字古国府525番地の2,花園13組の4 ｻﾝﾄﾉｰﾚ古国府904,花園二丁目,10,28-904,hirosematitaisyoubo.pdf,58,high,
614,大字古国府525番地の2,花園13組の4 ｻﾝﾄﾉｰﾚ古国府905,花園二丁目,10,28-905,hirosematitaisyoubo.pdf,58,high,
615,大字古国府525番地の2,花園13組の4 ｻﾝﾄﾉｰﾚ古国府1001,花園二丁目,10,28-1001,hirosematitaisyoubo.pdf,58,high,
616,大字古国府525番地の2,花園13組の4 ｻﾝﾄﾉｰﾚ古国府1002,花園二丁目,10,28-1002,hirosematitaisyoubo.pdf,58,high,
617,大字古国府525番地の2,花園13組の4 ｻﾝﾄﾉｰﾚ古国府1003,花園二丁目,10,28-1003,hirosematitaisyoubo.pdf,58,high,
618,大字古国府525番地の2,花園13組の4 ｻﾝﾄﾉｰﾚ古国府1004,花園二丁目,10,28-1004,hirosematitaisyoubo.pdf,58,high,
619,大字古国府525番地の2,花園13組の4 ｻﾝﾄﾉｰﾚ古国府1005,花園二丁目,10,28-1005,hirosematitaisyoubo.pdf,58,high,
620,大字古国府525番地の2,花園13組の4 ｻﾝﾄﾉｰﾚ古国府1101,花園二丁目,10,28-1101,hirosematitaisyoubo.pdf,58,high,
621,大字古国府525番地の2,花園13組の4 ｻﾝﾄﾉｰﾚ古国府1102,花園二丁目,10,28-1102,hirosematitaisyoubo.pdf,59,high,資料上2回出現
622,大字古国府525番地の2,花園13組の4 ｻﾝﾄﾉｰﾚ古国府1103,花園二丁目,10,28-1103,hirosematitaisyoubo.pdf,59,high,資料上2回出現
623,大字古国府525番地の2,花園13組の4 ｻﾝﾄﾉｰﾚ古国府1104,花園二丁目,10,28-1104,hirosematitaisyoubo.pdf,59,high,
624,大字古国府525番地の2,花園13組の4 ｻﾝﾄﾉｰﾚ古国府1105,花園二丁目,10,28-1105,hirosematitaisyoubo.pdf,59,high,
625,大字古国府525番地の3,花園13組の2,花園二丁目,9,20,hirosematitaisyoubo.pdf,59,high,
626,大字古国府525番地の4,花園13組の2,花園二丁目,9,25,hirosematitaisyoubo.pdf,59,high,
627,大字古国府525番地の5,花園13組の2,花園二丁目,10,36,hirosematitaisyoubo.pdf,59,high,
628,大字古国府525番地の6,花園13組の2,花園二丁目,10,37,hirosematitaisyoubo.pdf,59,high,資料上2回出現
629,大字古国府536番地,花園13組の2,花園二丁目,10,52,hirosematitaisyoubo.pdf,59,high,
630,大字古国府536番地の1,花園13組の2,花園二丁目,8,24,hirosematitaisyoubo.pdf,59,high,
631,大字古国府536番地の4,花園13組の2,花園二丁目,10,47,hirosematitaisyoubo.pdf,60,high,
632,大字古国府536番地の5,花園13組の2,花園二丁目,10,45,hirosematitaisyoubo.pdf,60,high,
633,大字古国府536番地の6,花園13組の2,花園二丁目,10,48,hirosematitaisyoubo.pdf,60,high,
634,大字古国府536番地の7,花園13組の2,花園二丁目,10,50,hirosematitaisyoubo.pdf,60,high,資料上2回出現
635,大字古国府536番地の8,花園13組の2,花園二丁目,10,51,hirosematitaisyoubo.pdf,60,high,
636,大字古国府536番地の10,花園13組の2,花園二丁目,10,54,hirosematitaisyoubo.pdf,60,high,資料上2回出現
637,大字古国府536番地の17,花園13組の2,花園二丁目,8,14,hirosematitaisyoubo.pdf,60,high,
638,大字古国府536番地の18,花園13組の2,花園二丁目,8,16,hirosematitaisyoubo.pdf,60,high,
639,大字古国府536番地の19,花園13組の2,花園二丁目,8,18,hirosematitaisyoubo.pdf,60,high,
640,大字古国府536番地の20,花園13組の2,花園二丁目,8,20,hirosematitaisyoubo.pdf,60,high,
641,大字古国府536番地の21,花園13組の2,花園二丁目,8,21,hirosematitaisyoubo.pdf,60,high,
642,大字古国府540番地の1,花園11組の4,花園二丁目,8,28,hirosematitaisyoubo.pdf,61,high,
643,大字古国府540番地の2,花園11組の1,花園二丁目,8,32,hirosematitaisyoubo.pdf,61,high,
644,大字古国府541番地の1,花園11組の4 ｺﾝﾌｫｰﾙ花園A101,花園二丁目,8,31,hirosematitaisyoubo.pdf,61,high,
645,大字古国府541番地の1,花園11組の4 ｺﾝﾌｫｰﾙ花園A102,花園二丁目,8,31,hirosematitaisyoubo.pdf,61,high,
646,大字古国府541番地の1,花園11組の4 ｺﾝﾌｫｰﾙ花園A201,花園二丁目,8,31,hirosematitaisyoubo.pdf,61,high,
647,大字古国府541番地の1,花園11組の4 ｺﾝﾌｫｰﾙ花園A202,花園二丁目,8,31,hirosematitaisyoubo.pdf,61,high,
648,大字古国府541番地の1,花園11組の4 ｺﾝﾌｫｰﾙ花園B101,花園二丁目,8,29,hirosematitaisyoubo.pdf,61,high,
649,大字古国府541番地の1,花園11組の4 ｺﾝﾌｫｰﾙ花園B102,花園二丁目,8,29,hirosematitaisyoubo.pdf,61,high,
650,大字古国府541番地の1,花園11組の4 ｺﾝﾌｫｰﾙ花園B201,花園二丁目,8,29,hirosematitaisyoubo.pdf,61,high,
651,大字古国府541番地の1,花園11組の4 ｺﾝﾌｫｰﾙ花園B202,花園二丁目,8,29,hirosematitaisyoubo.pdf,61,high,
652,大字古国府字永畑549番4,花園11組の4,花園二丁目,8,38,hirosematitaisyoubo.pdf,61,high,資料上2回出現
653,大字古国府550番地の2,花園11組の1 ｼｬﾝｸﾞﾘﾗ花園201,花園二丁目,7,21-201,hirosematitaisyoubo.pdf,62,high,
654,大字古国府550番地の2,花園11組の1 ｼｬﾝｸﾞﾘﾗ花園202,花園二丁目,7,21-202,hirosematitaisyoubo.pdf,62,high,資料上2回出現
655,大字古国府550番地の2,花園11組の1 ｼｬﾝｸﾞﾘﾗ花園203,花園二丁目,7,21-203,hirosematitaisyoubo.pdf,62,high,
656,大字古国府550番地の2,花園11組の1 ｼｬﾝｸﾞﾘﾗ花園205,花園二丁目,7,21-205,hirosematitaisyoubo.pdf,62,high,資料上2回出現
657,大字古国府550番地の2,花園11組の1 ｼｬﾝｸﾞﾘﾗ花園206,花園二丁目,7,21-206,hirosematitaisyoubo.pdf,62,high,資料上2回出現
658,大字古国府550番地の2,花園11組の1 ｼｬﾝｸﾞﾘﾗ花園207,花園二丁目,7,21-207,hirosematitaisyoubo.pdf,62,high,
659,大字古国府550番地の2,花園11組の1 ｼｬﾝｸﾞﾘﾗ花園208,花園二丁目,7,21-208,hirosematitaisyoubo.pdf,62,high,
660,大字古国府550番地の2,花園11組の1 ｼｬﾝｸﾞﾘﾗ花園210,花園二丁目,7,21-210,hirosematitaisyoubo.pdf,62,high,
661,大字古国府550番地の2,花園11組の1 ｼｬﾝｸﾞﾘﾗ花園211,花園二丁目,7,21-211,hirosematitaisyoubo.pdf,62,high,
662,大字古国府550番地の2,花園11組の1 ｼｬﾝｸﾞﾘﾗ花園301,花園二丁目,7,21-301,hirosematitaisyoubo.pdf,63,high,
663,大字古国府550番地の2,花園11組の1 ｼｬﾝｸﾞﾘﾗ花園302,花園二丁目,7,21-302,hirosematitaisyoubo.pdf,63,high,
664,大字古国府550番地の2,花園11組の1 ｼｬﾝｸﾞﾘﾗ花園303,花園二丁目,7,21-303,hirosematitaisyoubo.pdf,63,high,
665,大字古国府550番地の2,花園11組の1 ｼｬﾝｸﾞﾘﾗ花園305,花園二丁目,7,21-305,hirosematitaisyoubo.pdf,63,high,
666,大字古国府550番地の2,花園11組の1 ｼｬﾝｸﾞﾘﾗ花園306,花園二丁目,7,21-306,hirosematitaisyoubo.pdf,63,high,
667,大字古国府550番地の2,花園11組の1 ｼｬﾝｸﾞﾘﾗ花園307,花園二丁目,7,21-307,hirosematitaisyoubo.pdf,63,high,
668,大字古国府550番地の2,花園11組の1 ｼｬﾝｸﾞﾘﾗ花園308,花園二丁目,7,21-308,hirosematitaisyoubo.pdf,63,high,
669,大字古国府550番地の2,花園11組の1 ｼｬﾝｸﾞﾘﾗ花園310,花園二丁目,7,21-310,hirosematitaisyoubo.pdf,63,high,
670,大字古国府550番地の2,花園11組の1 ｼｬﾝｸﾞﾘﾗ花園311,花園二丁目,7,21-311,hirosematitaisyoubo.pdf,63,high,
671,大字古国府550番地の2,花園11組の1 ｼｬﾝｸﾞﾘﾗ花園401,花園二丁目,7,21-401,hirosematitaisyoubo.pdf,63,high,
672,大字古国府550番地の2,花園11組の1 ｼｬﾝｸﾞﾘﾗ花園402,花園二丁目,7,21-402,hirosematitaisyoubo.pdf,63,high,
673,大字古国府550番地の2,花園11組の1 ｼｬﾝｸﾞﾘﾗ花園403,花園二丁目,7,21-403,hirosematitaisyoubo.pdf,63,high,
674,大字古国府550番地の2,花園11組の1 ｼｬﾝｸﾞﾘﾗ花園405,花園二丁目,7,21-405,hirosematitaisyoubo.pdf,63,high,
675,大字古国府550番地の2,花園11組の1 ｼｬﾝｸﾞﾘﾗ花園406,花園二丁目,7,21-406,hirosematitaisyoubo.pdf,64,high,
676,大字古国府550番地の2,花園11組の1 ｼｬﾝｸﾞﾘﾗ花園407,花園二丁目,7,21-407,hirosematitaisyoubo.pdf,64,high,
677,大字古国府550番地の2,花園11組の1 ｼｬﾝｸﾞﾘﾗ花園408,花園二丁目,7,21-408,hirosematitaisyoubo.pdf,64,high,
678,大字古国府550番地の2,花園11組の1 ｼｬﾝｸﾞﾘﾗ花園410,花園二丁目,7,21-410,hirosematitaisyoubo.pdf,64,high,
679,大字古国府550番地の2,花園11組の1 ｼｬﾝｸﾞﾘﾗ花園411,花園二丁目,7,21-411,hirosematitaisyoubo.pdf,64,high,
680,大字古国府550番地の2,花園11組の1 ｼｬﾝｸﾞﾘﾗ花園501,花園二丁目,7,21-501,hirosematitaisyoubo.pdf,64,high,
681,大字古国府550番地の2,花園11組の1 ｼｬﾝｸﾞﾘﾗ花園502,花園二丁目,7,21-502,hirosematitaisyoubo.pdf,64,high,
682,大字古国府550番地の2,花園11組の1 ｼｬﾝｸﾞﾘﾗ花園503,花園二丁目,7,21-503,hirosematitaisyoubo.pdf,64,high,
683,大字古国府550番地の2,花園11組の1 ｼｬﾝｸﾞﾘﾗ花園505,花園二丁目,7,21-505,hirosematitaisyoubo.pdf,64,high,
684,大字古国府550番地の2,花園11組の1 ｼｬﾝｸﾞﾘﾗ花園506,花園二丁目,7,21-506,hirosematitaisyoubo.pdf,64,high,
685,大字古国府550番地の2,花園11組の1 ｼｬﾝｸﾞﾘﾗ花園507,花園二丁目,7,21-507,hirosematitaisyoubo.pdf,64,high,
686,大字古国府550番地の2,花園11組の1 ｼｬﾝｸﾞﾘﾗ花園508,花園二丁目,7,21-508,hirosematitaisyoubo.pdf,64,high,
687,大字古国府550番地の2,花園11組の1 ｼｬﾝｸﾞﾘﾗ花園510,花園二丁目,7,21-510,hirosematitaisyoubo.pdf,64,high,
688,大字古国府550番地の2,花園11組の1 ｼｬﾝｸﾞﾘﾗ花園511,花園二丁目,7,21-511,hirosematitaisyoubo.pdf,65,high,
689,大字古国府550番地の2,花園11組の1 ｼｬﾝｸﾞﾘﾗ花園601,花園二丁目,7,21-601,hirosematitaisyoubo.pdf,65,high,
690,大字古国府550番地の2,花園11組の1 ｼｬﾝｸﾞﾘﾗ花園602,花園二丁目,7,21-602,hirosematitaisyoubo.pdf,65,high,
691,大字古国府550番地の2,花園11組の1 ｼｬﾝｸﾞﾘﾗ花園603,花園二丁目,7,21-603,hirosematitaisyoubo.pdf,65,high,資料上2回出現
692,大字古国府550番地の2,花園11組の1 ｼｬﾝｸﾞﾘﾗ花園605,花園二丁目,7,21-605,hirosematitaisyoubo.pdf,65,high,
693,大字古国府550番地の2,花園11組の1 ｼｬﾝｸﾞﾘﾗ花園606,花園二丁目,7,21-606,hirosematitaisyoubo.pdf,65,high,
694,大字古国府550番地の2,花園11組の1 ｼｬﾝｸﾞﾘﾗ花園607,花園二丁目,7,21-607,hirosematitaisyoubo.pdf,65,high,
695,大字古国府550番地の2,花園11組の1 ｼｬﾝｸﾞﾘﾗ花園608,花園二丁目,7,21-608,hirosematitaisyoubo.pdf,65,high,
696,大字古国府550-3,,花園二丁目,7,2,hirosematitaisyoubo.pdf,65,high,
697,大字古国府551番地の1,花園11組の1,花園二丁目,7,5,hirosematitaisyoubo.pdf,65,high,
698,大字古国府551番地の4,花園11組,花園一丁目,4,1,hirosematitaisyoubo.pdf,65,high,
699,大字古国府553番地の4,,花園一丁目,4,11,hirosematitaisyoubo.pdf,65,high,
700,大字古国府553番地の4,,花園一丁目,4,12,hirosematitaisyoubo.pdf,66,high,
701,大字古国府554番地の1,花園11組の1 ｻﾝｼﾃｨ花園101,花園一丁目,6,4,hirosematitaisyoubo.pdf,66,high,
702,大字古国府554番地の1,花園11組の1 ｻﾝｼﾃｨ花園102,花園一丁目,6,4,hirosematitaisyoubo.pdf,66,high,
703,大字古国府554番地の1,花園11組の1 ｻﾝｼﾃｨ花園103,花園一丁目,6,4,hirosematitaisyoubo.pdf,66,high,
704,大字古国府554番地の1,花園11組の1 ｻﾝｼﾃｨ花園105,花園一丁目,6,4,hirosematitaisyoubo.pdf,66,high,
705,大字古国府554番地の1,花園11組の1 ｻﾝｼﾃｨ花園201,花園一丁目,6,4,hirosematitaisyoubo.pdf,66,high,
706,大字古国府554番地の1,花園11組の1 ｻﾝｼﾃｨ花園202,花園一丁目,6,4,hirosematitaisyoubo.pdf,66,high,
707,大字古国府554番地の1,花園11組の1 ｻﾝｼﾃｨ花園203,花園一丁目,6,4,hirosematitaisyoubo.pdf,66,high,
708,大字古国府554番地の1,花園11組の1 ｻﾝｼﾃｨ花園205,花園一丁目,6,4,hirosematitaisyoubo.pdf,66,high,
709,大字古国府554番地の4,花園11組の1,花園一丁目,6,6,hirosematitaisyoubo.pdf,66,high,
710,大字古国府554番地の4,花園11組の1,花園一丁目,6,7,hirosematitaisyoubo.pdf,66,high,
711,大字古国府554番地の4,花園11組の1,花園一丁目,6,11,hirosematitaisyoubo.pdf,66,high,
712,大字古国府555番地の1,花園11組の1,花園一丁目,6,1,hirosematitaisyoubo.pdf,66,high,
713,大字古国府555番地の2,花園11組の2,花園一丁目,5,6,hirosematitaisyoubo.pdf,67,high,
714,大字古国府579番地の5,花園11組の1 ﾛｰﾀｽ花園101,花園一丁目,4,16-101,hirosematitaisyoubo.pdf,67,high,
715,大字古国府579番地の5,花園11組の1 ﾛｰﾀｽ花園102,花園一丁目,4,16-102,hirosematitaisyoubo.pdf,67,high,
716,大字古国府579番地の5,花園11組の1 ﾛｰﾀｽ花園103,花園一丁目,4,16-103,hirosematitaisyoubo.pdf,67,high,
717,大字古国府579番地の5,花園11組の1 ﾛｰﾀｽ花園201,花園一丁目,4,16-201,hirosematitaisyoubo.pdf,67,high,
718,大字古国府579番地の5,花園11組の1 ﾛｰﾀｽ花園202,花園一丁目,4,16-202,hirosematitaisyoubo.pdf,67,high,
719,大字古国府579番地の5,花園11組の1 ﾛｰﾀｽ花園203,花園一丁目,4,16-203,hirosematitaisyoubo.pdf,67,high,
720,大字古国府579番地の5,花園11組の1 ﾛｰﾀｽ花園301,花園一丁目,4,16-301,hirosematitaisyoubo.pdf,67,high,
721,大字古国府579番地の5,花園11組の1 ﾛｰﾀｽ花園302,花園一丁目,4,16-302,hirosematitaisyoubo.pdf,67,high,
722,大字古国府579番地の5,花園11組の1 ﾛｰﾀｽ花園303,花園一丁目,4,16-303,hirosematitaisyoubo.pdf,67,high,
723,大字古国府580番地の2,花園11組の2,花園一丁目,3,13,hirosematitaisyoubo.pdf,67,high,資料上2回出現
724,大字古国府581番地の3,花園11組の2の3 宮の前AP101,花園一丁目,3,11,hirosematitaisyoubo.pdf,67,high,
725,大字古国府581番地の3,花園11組の2の3 宮の前AP102,花園一丁目,3,11,hirosematitaisyoubo.pdf,68,high,
726,大字古国府581番地の3,花園11組の2の3 宮の前AP103,花園一丁目,3,11,hirosematitaisyoubo.pdf,68,high,
727,大字古国府581番地の3,花園11組の2の3 宮の前AP105,花園一丁目,3,11,hirosematitaisyoubo.pdf,68,high,
728,大字古国府581番地の3,花園11組の2の3 宮の前AP106,花園一丁目,3,11,hirosematitaisyoubo.pdf,68,high,
729,大字古国府581番地の3,花園11組の2の3 宮の前AP107,花園一丁目,3,11,hirosematitaisyoubo.pdf,68,high,
730,大字古国府581番地の3,花園11組の2の3 宮の前AP108,花園一丁目,3,11,hirosematitaisyoubo.pdf,68,high,
731,大字古国府581番地の3,花園11組の2の3 宮の前AP109,花園一丁目,3,11,hirosematitaisyoubo.pdf,68,high,
732,大字古国府581番地の3,花園11組の2の3 宮の前AP201,花園一丁目,3,11,hirosematitaisyoubo.pdf,68,high,
733,大字古国府581番地の3,花園11組の2の3 宮の前AP202,花園一丁目,3,11,hirosematitaisyoubo.pdf,68,high,
734,大字古国府581番地の3,花園11組の2の3 宮の前AP203,花園一丁目,3,11,hirosematitaisyoubo.pdf,68,high,
735,大字古国府581番地の3,花園11組の2の3 宮の前AP205,花園一丁目,3,11,hirosematitaisyoubo.pdf,68,high,
736,大字古国府581番地の3,花園11組の2の3 宮の前AP206,花園一丁目,3,11,hirosematitaisyoubo.pdf,68,high,
737,大字古国府581番地の3,花園11組の2の3 宮の前AP207,花園一丁目,3,11,hirosematitaisyoubo.pdf,68,high,
738,大字古国府581番地の3,花園11組の2の3 宮の前AP208,花園一丁目,3,11,hirosematitaisyoubo.pdf,69,high,
739,大字古国府581番地の3,花園11組の2の3 宮の前AP209,花園一丁目,3,11,hirosematitaisyoubo.pdf,69,high,
740,大字古国府582番地の8,花園11組の2,花園一丁目,3,9,hirosematitaisyoubo.pdf,69,high,資料上2回出現
741,大字古国府584番地,花園11組の2,花園一丁目,3,1,hirosematitaisyoubo.pdf,69,high,
742,大字古国府584番地の2,花園11組の2,花園一丁目,3,4,hirosematitaisyoubo.pdf,69,high,
743,大字古国府584番地の4,花園11組の2,花園一丁目,3,3,hirosematitaisyoubo.pdf,69,high,
744,大字古国府584番地の4,花園11組の2の4 ﾚｵﾊﾟﾚｽ宮ノ前101,花園一丁目,3,19,hirosematitaisyoubo.pdf,69,high,
745,大字古国府584番地の4,花園11組の2の4 ﾚｵﾊﾟﾚｽ宮ノ前102,花園一丁目,3,19,hirosematitaisyoubo.pdf,69,high,
746,大字古国府584番地の4,花園11組の2の4 ﾚｵﾊﾟﾚｽ宮ノ前103,花園一丁目,3,19,hirosematitaisyoubo.pdf,69,high,
747,大字古国府584番地の4,花園11組の2の4 ﾚｵﾊﾟﾚｽ宮ノ前104,花園一丁目,3,19,hirosematitaisyoubo.pdf,69,high,
748,大字古国府584番地の4,花園11組の2の4 ﾚｵﾊﾟﾚｽ宮ノ前105,花園一丁目,3,19,hirosematitaisyoubo.pdf,69,high,
749,大字古国府584番地の4,花園11組の2の4 ﾚｵﾊﾟﾚｽ宮ノ前106,花園一丁目,3,19,hirosematitaisyoubo.pdf,69,high,
750,大字古国府584番地の4,花園11組の2の4 ﾚｵﾊﾟﾚｽ宮ノ前107,花園一丁目,3,19,hirosematitaisyoubo.pdf,70,high,
751,大字古国府584番地の4,花園11組の2の4 ﾚｵﾊﾟﾚｽ宮ノ前201,花園一丁目,3,19,hirosematitaisyoubo.pdf,70,high,
752,大字古国府584番地の4,花園11組の2の4 ﾚｵﾊﾟﾚｽ宮ノ前202,花園一丁目,3,19,hirosematitaisyoubo.pdf,70,high,
753,大字古国府584番地の4,花園11組の2の4 ﾚｵﾊﾟﾚｽ宮ノ前203,花園一丁目,3,19,hirosematitaisyoubo.pdf,70,high,
754,大字古国府584番地の4,花園11組の2の4 ﾚｵﾊﾟﾚｽ宮ノ前204,花園一丁目,3,19,hirosematitaisyoubo.pdf,70,high,
755,大字古国府584番地の4,花園11組の2の4 ﾚｵﾊﾟﾚｽ宮ノ前205,花園一丁目,3,19,hirosematitaisyoubo.pdf,70,high,
756,大字古国府584番地の4,花園11組の2の4 ﾚｵﾊﾟﾚｽ宮ノ前206,花園一丁目,3,19,hirosematitaisyoubo.pdf,70,high,
757,大字古国府584番地の4,花園11組の2の4 ﾚｵﾊﾟﾚｽ宮ノ前207,花園一丁目,3,19,hirosematitaisyoubo.pdf,70,high,
758,大字古国府585番地の4,花園11組の3,花園一丁目,2,6,hirosematitaisyoubo.pdf,70,high,
759,大字古国府585番地の6,花園11組の2,花園一丁目,2,5,hirosematitaisyoubo.pdf,70,high,
760,大字古国府586番地の2,花園11組の2の5 ﾚｵﾊﾟﾚｽIKEBE101,花園一丁目,3,26,hirosematitaisyoubo.pdf,70,high,
761,大字古国府586番地の2,花園11組の2の5 ﾚｵﾊﾟﾚｽIKEBE102,花園一丁目,3,26,hirosematitaisyoubo.pdf,70,high,
762,大字古国府586番地の2,花園11組の2の5 ﾚｵﾊﾟﾚｽIKEBE103,花園一丁目,3,26,hirosematitaisyoubo.pdf,70,high,
763,大字古国府586番地の2,花園11組の2の5 ﾚｵﾊﾟﾚｽIKEBE104,花園一丁目,3,26,hirosematitaisyoubo.pdf,71,high,
764,大字古国府586番地の2,花園11組の2の5 ﾚｵﾊﾟﾚｽIKEBE105,花園一丁目,3,26,hirosematitaisyoubo.pdf,71,high,
765,大字古国府586番地の2,花園11組の2の5 ﾚｵﾊﾟﾚｽIKEBE106,花園一丁目,3,26,hirosematitaisyoubo.pdf,71,high,
766,大字古国府586番地の2,花園11組の2の5 ﾚｵﾊﾟﾚｽIKEBE107,花園一丁目,3,26,hirosematitaisyoubo.pdf,71,high,
767,大字古国府586番地の2,花園11組の2の5 ﾚｵﾊﾟﾚｽIKEBE201,花園一丁目,3,26,hirosematitaisyoubo.pdf,71,high,
768,大字古国府586番地の2,花園11組の2の5 ﾚｵﾊﾟﾚｽIKEBE202,花園一丁目,3,26,hirosematitaisyoubo.pdf,71,high,
769,大字古国府586番地の2,花園11組の2の5 ﾚｵﾊﾟﾚｽIKEBE203,花園一丁目,3,26,hirosematitaisyoubo.pdf,71,high,
770,大字古国府586番地の2,花園11組の2の5 ﾚｵﾊﾟﾚｽIKEBE204,花園一丁目,3,26,hirosematitaisyoubo.pdf,71,high,
771,大字古国府586番地の2,花園11組の2の5 ﾚｵﾊﾟﾚｽIKEBE205,花園一丁目,3,26,hirosematitaisyoubo.pdf,71,high,
772,大字古国府586番地の2,花園11組の2の5 ﾚｵﾊﾟﾚｽIKEBE206,花園一丁目,3,26,hirosematitaisyoubo.pdf,71,high,
773,大字古国府586番地の2,花園11組の2の5 ﾚｵﾊﾟﾚｽIKEBE207,花園一丁目,3,26,hirosematitaisyoubo.pdf,71,high,
774,大字古国府587番地の4,花園11組の2,花園一丁目,3,25,hirosematitaisyoubo.pdf,71,high,資料上2回出現
775,大字古国府588番地の1,花園11組の2 りとるｺｰﾎﾟあいかわ101,花園一丁目,3,18,hirosematitaisyoubo.pdf,72,high,
776,大字古国府588番地の1,花園11組の2 りとるｺｰﾎﾟあいかわ102,花園一丁目,3,18,hirosematitaisyoubo.pdf,72,high,
777,大字古国府588番地の1,花園11組の2 りとるｺｰﾎﾟあいかわ201,花園一丁目,3,18,hirosematitaisyoubo.pdf,72,high,
778,大字古国府588番地の1,花園11組の2 りとるｺｰﾎﾟあいかわ202,花園一丁目,3,18,hirosematitaisyoubo.pdf,72,high,
779,大字古国府589番地の2,花園11組の2の2 O&KｻﾝｼﾃｨA101,花園一丁目,5,1,hirosematitaisyoubo.pdf,72,high,
780,大字古国府589番地の2,花園11組の2の2 O&KｻﾝｼﾃｨA102,花園一丁目,5,1,hirosematitaisyoubo.pdf,72,high,
781,大字古国府589番地の2,花園11組の2の2 O&KｻﾝｼﾃｨA201,花園一丁目,5,1,hirosematitaisyoubo.pdf,72,high,
782,大字古国府589番地の2,花園11組の2の2 O&KｻﾝｼﾃｨA202,花園一丁目,5,1,hirosematitaisyoubo.pdf,72,high,
783,大字古国府589番地の2,花園11組の2の2 O&KｻﾝｼﾃｨB101,花園一丁目,5,2,hirosematitaisyoubo.pdf,72,high,
784,大字古国府589番地の2,花園11組の2の2 O&KｻﾝｼﾃｨB102,花園一丁目,5,2,hirosematitaisyoubo.pdf,72,high,
785,大字古国府589番地の2,花園11組の2の2 O&KｻﾝｼﾃｨB201,花園一丁目,5,2,hirosematitaisyoubo.pdf,72,high,
786,大字古国府589番地の2,花園11組の2の2 O&KｻﾝｼﾃｨB202,花園一丁目,5,2,hirosematitaisyoubo.pdf,72,high,
787,大字古国府589番地の2,花園11組の2の2 O&KｻﾝｼﾃｨD101,花園一丁目,5,3,hirosematitaisyoubo.pdf,72,high,
788,大字古国府589番地の2,花園11組の2の2 O&KｻﾝｼﾃｨD102,花園一丁目,5,3,hirosematitaisyoubo.pdf,73,high,
789,大字古国府589番地の2,花園11組の2の2 O&KｻﾝｼﾃｨD201,花園一丁目,5,3,hirosematitaisyoubo.pdf,73,high,
790,大字古国府589番地の2,花園11組の2の2 O&KｻﾝｼﾃｨD202,花園一丁目,5,3,hirosematitaisyoubo.pdf,73,high,
791,大字古国府591番地の1,花園11組の3,花園一丁目,2,11,hirosematitaisyoubo.pdf,73,high,
792,大字古国府591番地の1,花園11組の3,花園一丁目,2,12,hirosematitaisyoubo.pdf,73,high,資料上2回出現
793,大字古国府591番地の1,花園11組の3,花園一丁目,2,13,hirosematitaisyoubo.pdf,73,high,
794,大字古国府591番地の1,花園11組の3,花園一丁目,2,14,hirosematitaisyoubo.pdf,73,high,
795,大字古国府591番地の2,花園11組の2,花園一丁目,2,8,hirosematitaisyoubo.pdf,73,high,
796,大字古国府591番地の8,花園11組の2,花園一丁目,2,10,hirosematitaisyoubo.pdf,73,high,
797,大字古国府591番地の9,花園11組の3,花園一丁目,2,9,hirosematitaisyoubo.pdf,73,high,
798,大字古国府597番地の2,花園11組の2,花園一丁目,2,1,hirosematitaisyoubo.pdf,73,high,
799,大字古国府600番地の1,花園11組の2,花園一丁目,1,9,hirosematitaisyoubo.pdf,74,high,資料上2回出現
800,大字古国府五反田605番2,,花園二丁目,1,10,hirosematitaisyoubo.pdf,74,high,
801,大字古国府612番地の1,花園11組の7 喜和屋ﾋﾞﾙ112,花園二丁目,6,58-112,hirosematitaisyoubo.pdf,74,high,
802,大字古国府612番地の1,花園11組の7 喜和屋ﾋﾞﾙ121,花園二丁目,6,58-121,hirosematitaisyoubo.pdf,74,high,
803,大字古国府612番地の1,花園11組の7 喜和屋ﾋﾞﾙ122,花園二丁目,6,58-122,hirosematitaisyoubo.pdf,74,high,
804,大字古国府612番地の1,花園11組の7 喜和屋ﾋﾞﾙ131,花園二丁目,6,58-131,hirosematitaisyoubo.pdf,74,high,
805,大字古国府612番地の1,花園11組の7 喜和屋ﾋﾞﾙ132,花園二丁目,6,58-132,hirosematitaisyoubo.pdf,74,high,
806,大字古国府612番地の1,花園11組の7 喜和屋ﾋﾞﾙ141,花園二丁目,6,58-141,hirosematitaisyoubo.pdf,74,high,
807,大字古国府612番地の1,花園11組の7 喜和屋ﾋﾞﾙ142,花園二丁目,6,58-142,hirosematitaisyoubo.pdf,74,high,
808,大字古国府612番地の1,花園11組の7 喜和屋ﾋﾞﾙ211,花園二丁目,6,58-211,hirosematitaisyoubo.pdf,75,high,
809,大字古国府612番地の1,花園11組の7 喜和屋ﾋﾞﾙ212,花園二丁目,6,58-212,hirosematitaisyoubo.pdf,75,high,
810,大字古国府612番地の1,花園11組の7 喜和屋ﾋﾞﾙ221,花園二丁目,6,58-221,hirosematitaisyoubo.pdf,75,high,
811,大字古国府612番地の1,花園11組の7 喜和屋ﾋﾞﾙ222,花園二丁目,6,58-222,hirosematitaisyoubo.pdf,75,high,
812,大字古国府612番地の1,花園11組の7 喜和屋ﾋﾞﾙ231,花園二丁目,6,58-231,hirosematitaisyoubo.pdf,75,high,
813,大字古国府612番地の1,花園11組の7 喜和屋ﾋﾞﾙ232,花園二丁目,6,58-232,hirosematitaisyoubo.pdf,75,high,
814,大字古国府612番地の1,花園11組の7 喜和屋ﾋﾞﾙ241,花園二丁目,6,58-241,hirosematitaisyoubo.pdf,75,high,
815,大字古国府612番地の1,花園11組の7 喜和屋ﾋﾞﾙ242,花園二丁目,6,58-242,hirosematitaisyoubo.pdf,75,high,
816,大字古国府612番地の1,花園11組の7 喜和屋ﾋﾞﾙ311,花園二丁目,6,58-311,hirosematitaisyoubo.pdf,75,high,
817,大字古国府612番地の1,花園11組の7 喜和屋ﾋﾞﾙ312,花園二丁目,6,58-312,hirosematitaisyoubo.pdf,75,high,資料上2回出現
818,大字古国府612番地の1,花園11組の7 喜和屋ﾋﾞﾙ321,花園二丁目,6,58-321,hirosematitaisyoubo.pdf,75,high,
819,大字古国府612番地の1,花園11組の7 喜和屋ﾋﾞﾙ322,花園二丁目,6,58-322,hirosematitaisyoubo.pdf,75,high,
820,大字古国府612番地の1,花園11組の7 喜和屋ﾋﾞﾙ331,花園二丁目,6,58-331,hirosematitaisyoubo.pdf,76,high,
821,大字古国府612番地の1,花園11組の7 喜和屋ﾋﾞﾙ332,花園二丁目,6,58-332,hirosematitaisyoubo.pdf,76,high,
822,大字古国府612番地の1,花園11組の7 喜和屋ﾋﾞﾙ341,花園二丁目,6,58-341,hirosematitaisyoubo.pdf,76,high,
823,大字古国府612番地の1,花園11組の7 喜和屋ﾋﾞﾙ342,花園二丁目,6,58-342,hirosematitaisyoubo.pdf,76,high,
824,大字古国府612番地の6,,花園二丁目,6,1,hirosematitaisyoubo.pdf,76,high,
825,大字古国府618,,花園二丁目,6,9,hirosematitaisyoubo.pdf,76,high,
826,大字古国府618番地,花園11組の9 ﾊﾟｰｸｻｲﾄﾞふるごふ201,花園二丁目,6,9-201,hirosematitaisyoubo.pdf,76,high,
827,大字古国府618番地,花園11組の9 ﾊﾟｰｸｻｲﾄﾞふるごふ202,花園二丁目,6,9-202,hirosematitaisyoubo.pdf,76,high,
828,大字古国府618番地,花園11組の9 ﾊﾟｰｸｻｲﾄﾞふるごふ203,花園二丁目,6,9-203,hirosematitaisyoubo.pdf,76,high,
829,大字古国府618番地,花園11組の9 ﾊﾟｰｸｻｲﾄﾞふるごふ301,花園二丁目,6,9-301,hirosematitaisyoubo.pdf,76,high,
830,大字古国府618番地,花園11組の9 ﾊﾟｰｸｻｲﾄﾞふるごふ302,花園二丁目,6,9-302,hirosematitaisyoubo.pdf,76,high,
831,大字古国府618番地,花園11組の9 ﾊﾟｰｸｻｲﾄﾞふるごふ303,花園二丁目,6,9-303,hirosematitaisyoubo.pdf,76,high,
832,大字古国府618番地,花園11組の9 ﾊﾟｰｸｻｲﾄﾞふるごふ401,花園二丁目,6,9-401,hirosematitaisyoubo.pdf,76,high,
833,大字古国府618番地,花園11組の9 ﾊﾟｰｸｻｲﾄﾞふるごふ402,花園二丁目,6,9-402,hirosematitaisyoubo.pdf,77,high,資料上2回出現
834,大字古国府618番地,花園11組の9 ﾊﾟｰｸｻｲﾄﾞふるごふ403,花園二丁目,6,9-403,hirosematitaisyoubo.pdf,77,high,
835,大字古国府618番地,花園11組の9 ﾊﾟｰｸｻｲﾄﾞふるごふ501,花園二丁目,6,9-501,hirosematitaisyoubo.pdf,77,high,
836,大字古国府618番地,花園11組の9 ﾊﾟｰｸｻｲﾄﾞふるごふ502,花園二丁目,6,9-502,hirosematitaisyoubo.pdf,77,high,資料上2回出現
837,大字古国府618番地,花園11組の9 ﾊﾟｰｸｻｲﾄﾞふるごふ503,花園二丁目,6,9-503,hirosematitaisyoubo.pdf,77,high,
838,大字古国府618番地,花園11組の9 ﾊﾟｰｸｻｲﾄﾞふるごふ601,花園二丁目,6,9-601,hirosematitaisyoubo.pdf,77,high,
839,大字古国府618番地,花園11組の9 ﾊﾟｰｸｻｲﾄﾞふるごふ602,花園二丁目,6,9-602,hirosematitaisyoubo.pdf,77,high,
840,大字古国府618番地,花園11組の9 ﾊﾟｰｸｻｲﾄﾞふるごふ603,花園二丁目,6,9-603,hirosematitaisyoubo.pdf,77,high,
841,大字古国府618番地,花園11組の9 ﾊﾟｰｸｻｲﾄﾞふるごふ701,花園二丁目,6,9-701,hirosematitaisyoubo.pdf,77,high,
842,大字古国府618番地,花園11組の9 ﾊﾟｰｸｻｲﾄﾞふるごふ702,花園二丁目,6,9-702,hirosematitaisyoubo.pdf,77,high,
843,大字古国府618番地,花園11組の9 ﾊﾟｰｸｻｲﾄﾞふるごふ703,花園二丁目,6,9-703,hirosematitaisyoubo.pdf,77,high,
844,大字古国府618番地,花園11-9 ﾊﾟｰｸｻｲﾄﾞふるごふ703,花園二丁目,6,9-703,hirosematitaisyoubo.pdf,78,high,
845,大字古国府618番地,花園11組の9 ﾊﾟｰｸｻｲﾄﾞふるごふ801,花園二丁目,6,9-801,hirosematitaisyoubo.pdf,78,high,
846,大字古国府618番地,花園11組の9 ﾊﾟｰｸｻｲﾄﾞふるごふ802,花園二丁目,6,9-802,hirosematitaisyoubo.pdf,78,high,資料上2回出現
847,大字古国府618番地,花園11組の9 ﾊﾟｰｸｻｲﾄﾞふるごふ803,花園二丁目,6,9-803,hirosematitaisyoubo.pdf,78,high,
848,大字古国府618番地,花園11組の9 ﾊﾟｰｸｻｲﾄﾞふるごふ901,花園二丁目,6,9-901,hirosematitaisyoubo.pdf,78,high,
849,大字古国府618番地,花園11組の9 ﾊﾟｰｸｻｲﾄﾞふるごふ902,花園二丁目,6,9-902,hirosematitaisyoubo.pdf,78,high,
850,大字古国府618番地,花園11組の9 ﾊﾟｰｸｻｲﾄﾞふるごふ903,花園二丁目,6,9-903,hirosematitaisyoubo.pdf,78,high,
851,大字古国府618番地,花園11組の9 ﾊﾟｰｸｻｲﾄﾞふるごふ1001,花園二丁目,6,9-1001,hirosematitaisyoubo.pdf,78,high,
852,大字古国府618番地,花園11組の9 ﾊﾟｰｸｻｲﾄﾞふるごふ1002,花園二丁目,6,9-1002,hirosematitaisyoubo.pdf,78,high,
853,大字古国府618番地,花園11組の9 ﾊﾟｰｸｻｲﾄﾞふるごふ1003,花園二丁目,6,9-1003,hirosematitaisyoubo.pdf,78,high,資料上2回出現
854,大字古国府625番地の2,,花園二丁目,6,12,hirosematitaisyoubo.pdf,79,high,
855,大字古国府625-2,,花園二丁目,6,12,hirosematitaisyoubo.pdf,79,high,
856,大字古国府五反田627番地の3,,花園二丁目,6,14,hirosematitaisyoubo.pdf,79,high,資料上2回出現
857,大字古国府627番地の3,花園11組の4,花園二丁目,6,15,hirosematitaisyoubo.pdf,79,high,
858,大字古国府字下堀632番地の1,花園11-7 喜和屋ﾋﾞﾙ1階,花園二丁目,6,58-111,hirosematitaisyoubo.pdf,79,high,
859,大字古国府字下堀641番地,,花園二丁目,1,1,hirosematitaisyoubo.pdf,79,high,
860,大字古国府644番地,花園11組の5,花園二丁目,1,35,hirosematitaisyoubo.pdf,79,high,
861,大字古国府644番地,花園11組の5,花園二丁目,1,37,hirosematitaisyoubo.pdf,79,high,
862,大字古国府644番地,,花園二丁目,1,42,hirosematitaisyoubo.pdf,79,high,
863,大字古国府下堀644番地6,花園11の5,花園二丁目,1,44,hirosematitaisyoubo.pdf,80,high,
864,大字古国府644番地の8,花園11組の5,花園二丁目,1,36,hirosematitaisyoubo.pdf,80,high,
865,大字古国府644番地の8,,花園二丁目,1,36,hirosematitaisyoubo.pdf,80,high,
866,大字古国府644番地の13,花園11組の5,花園二丁目,1,33,hirosematitaisyoubo.pdf,80,high,
867,大字古国府644番地の13,花園11組の5,花園二丁目,1,34,hirosematitaisyoubo.pdf,80,high,
868,大字古国府644番地の14,花園11組の5,花園二丁目,1,32,hirosematitaisyoubo.pdf,80,high,
869,大字古国府644番地の16,花園11組の5,花園二丁目,1,30,hirosematitaisyoubo.pdf,80,high,資料上2回出現
870,大字古国府644番地の18,花園11組の5,花園二丁目,1,29,hirosematitaisyoubo.pdf,80,high,
871,大字古国府644番地の19,花園11組の5,花園二丁目,2,6,hirosematitaisyoubo.pdf,80,high,
872,大字古国府653番地の3,花園11組の2,花園一丁目,2,17,hirosematitaisyoubo.pdf,80,high,資料上2回出現
873,大字古国府662番地の1,花園11組の2,花園一丁目,2,18,hirosematitaisyoubo.pdf,80,high,
874,大字古国府789番地の2,花園16組の2,花園一丁目,7,32,hirosematitaisyoubo.pdf,81,high,
875,大字古国府805番地の2,花園16組の1,花園一丁目,10,9,hirosematitaisyoubo.pdf,81,high,
876,大字古国府807番地の2,花園15組の2,花園一丁目,11,45,hirosematitaisyoubo.pdf,81,high,
877,大字古国府字竜鼻869番1,,広瀬町一丁目,1,1,hirosematitaisyoubo.pdf,81,high,
878,大字古国府888番地,,広瀬町一丁目,1,12,hirosematitaisyoubo.pdf,81,high,
879,大字古国府888番地の2,広瀬町1組,広瀬町一丁目,1,61,hirosematitaisyoubo.pdf,81,high,
880,大字古国府888番地の7,広瀬町ｺｰﾄ,広瀬町一丁目,1,14,hirosematitaisyoubo.pdf,81,high,
881,大字古国府888番地の7,,広瀬町一丁目,1,14,hirosematitaisyoubo.pdf,81,high,
882,大字古国府888番地の7,広瀬町4組 広瀬町ｺｰﾄ201,広瀬町一丁目,1,14-201,hirosematitaisyoubo.pdf,81,high,資料上2回出現
883,大字古国府888番地の7,広瀬町4組 広瀬町ｺｰﾄ202,広瀬町一丁目,1,14-202,hirosematitaisyoubo.pdf,81,high,
884,大字古国府888番地の7,広瀬町4組 広瀬町ｺｰﾄ203,広瀬町一丁目,1,14-203,hirosematitaisyoubo.pdf,82,high,
885,大字古国府888番地の7,広瀬町4組 広瀬町ｺｰﾄ205,広瀬町一丁目,1,14-205,hirosematitaisyoubo.pdf,82,high,
886,大字古国府888番地の7,広瀬町4組 広瀬町ｺｰﾄ206,広瀬町一丁目,1,14-206,hirosematitaisyoubo.pdf,82,high,
887,大字古国府888番地の7,広瀬町4組 広瀬町ｺｰﾄ207,広瀬町一丁目,1,14-207,hirosematitaisyoubo.pdf,82,high,
888,大字古国府888番地の7,広瀬町4組 広瀬町ｺｰﾄ208,広瀬町一丁目,1,14-208,hirosematitaisyoubo.pdf,82,high,
889,大字古国府888番地の7,広瀬町4組 広瀬町ｺｰﾄ209,広瀬町一丁目,1,14-209,hirosematitaisyoubo.pdf,82,high,資料上2回出現
890,大字古国府888番地の7,広瀬町4組 広瀬町ｺｰﾄ301,広瀬町一丁目,1,14-301,hirosematitaisyoubo.pdf,82,high,
891,大字古国府888番地の7,広瀬町4組 広瀬町ｺｰﾄ302,広瀬町一丁目,1,14-302,hirosematitaisyoubo.pdf,82,high,
892,大字古国府888番地の7,広瀬町4組 広瀬町ｺｰﾄ303,広瀬町一丁目,1,14-303,hirosematitaisyoubo.pdf,82,high,
893,大字古国府888番地の7,広瀬町4組 広瀬町ｺｰﾄ305,広瀬町一丁目,1,14-305,hirosematitaisyoubo.pdf,82,high,
894,大字古国府888番地の7,広瀬町4組 広瀬町ｺｰﾄ306,広瀬町一丁目,1,14-306,hirosematitaisyoubo.pdf,82,high,
895,大字古国府888番地の7,広瀬町4組 広瀬町ｺｰﾄ307,広瀬町一丁目,1,14-307,hirosematitaisyoubo.pdf,82,high,
896,大字古国府888番地の7,広瀬町4組 広瀬町ｺｰﾄ308,広瀬町一丁目,1,14-308,hirosematitaisyoubo.pdf,83,high,
897,大字古国府888番地の7,広瀬町4組 広瀬町ｺｰﾄ309,広瀬町一丁目,1,14-309,hirosematitaisyoubo.pdf,83,high,
898,大字古国府888番地の7,広瀬町4組 広瀬町ｺｰﾄ401,広瀬町一丁目,1,14-401,hirosematitaisyoubo.pdf,83,high,
899,大字古国府888番地の7,広瀬町4組 広瀬町ｺｰﾄ402,広瀬町一丁目,1,14-402,hirosematitaisyoubo.pdf,83,high,
900,大字古国府888番地の7,広瀬町4組 広瀬町ｺｰﾄ403,広瀬町一丁目,1,14-403,hirosematitaisyoubo.pdf,83,high,
901,大字古国府888番地の7,広瀬町4組 広瀬町ｺｰﾄ405,広瀬町一丁目,1,14-405,hirosematitaisyoubo.pdf,83,high,
902,大字古国府888番地の7,広瀬町4組 広瀬町ｺｰﾄ406,広瀬町一丁目,1,14-406,hirosematitaisyoubo.pdf,83,high,
903,大字古国府888番地の7,広瀬町4組 広瀬町ｺｰﾄ407,広瀬町一丁目,1,14-407,hirosematitaisyoubo.pdf,83,high,
904,大字古国府888番地の7,広瀬町4組 ｺｰﾎﾟ伊東409,広瀬町一丁目,1,14-409,hirosematitaisyoubo.pdf,83,high,
905,大字古国府888番地の7,広瀬町4組 広瀬町ｺｰﾄ501,広瀬町一丁目,1,14-501,hirosematitaisyoubo.pdf,83,high,
906,大字古国府888番地の7,広瀬町4組 広瀬町ｺｰﾄ502,広瀬町一丁目,1,14-502,hirosematitaisyoubo.pdf,83,high,
907,大字古国府888番地の7,広瀬町4組 広瀬町ｺｰﾄ503,広瀬町一丁目,1,14-503,hirosematitaisyoubo.pdf,83,high,
908,大字古国府888番地の7,広瀬町4組 広瀬町ｺｰﾄ505,広瀬町一丁目,1,14-505,hirosematitaisyoubo.pdf,84,high,
909,大字古国府888番地の7,広瀬町4組 広瀬町ｺｰﾄ506,広瀬町一丁目,1,14-506,hirosematitaisyoubo.pdf,84,high,
910,大字古国府888番地の7,広瀬町4組 広瀬町ｺｰﾄ507,広瀬町一丁目,1,14-507,hirosematitaisyoubo.pdf,84,high,
911,大字古国府888番地の7,広瀬町4組 広瀬町ｺｰﾄ508,広瀬町一丁目,1,14-508,hirosematitaisyoubo.pdf,84,high,
912,大字古国府888番地の7,広瀬町4組 広瀬町ｺｰﾄ509,広瀬町一丁目,1,14-509,hirosematitaisyoubo.pdf,84,high,資料上2回出現
913,大字古国府888番地の7,広瀬町4組 広瀬町ｺｰﾄ601,広瀬町一丁目,1,14-601,hirosematitaisyoubo.pdf,84,high,
914,大字古国府888番地の7,広瀬町4組 広瀬町ｺｰﾄ602,広瀬町一丁目,1,14-602,hirosematitaisyoubo.pdf,84,high,
915,大字古国府888番地の7,広瀬町4組 広瀬町ｺｰﾄ603,広瀬町一丁目,1,14-603,hirosematitaisyoubo.pdf,84,high,
916,大字古国府888番地の7,広瀬町4組 広瀬町ｺｰﾄ605,広瀬町一丁目,1,14-605,hirosematitaisyoubo.pdf,84,high,
917,大字古国府888番地の7,広瀬町4組 広瀬町ｺｰﾄ606,広瀬町一丁目,1,14-606,hirosematitaisyoubo.pdf,84,high,
918,大字古国府888番地の7,広瀬町4組 広瀬町ｺｰﾄ607,広瀬町一丁目,1,14-607,hirosematitaisyoubo.pdf,84,high,
919,大字古国府888番地の7,広瀬町4組 広瀬町ｺｰﾄ608,広瀬町一丁目,1,14-608,hirosematitaisyoubo.pdf,84,high,
920,大字古国府888番地の7,広瀬町4組 広瀬町ｺｰﾄ609,広瀬町一丁目,1,14-609,hirosematitaisyoubo.pdf,85,high,
921,大字古国府888番地の7,広瀬町4組 広瀬町ｺｰﾄ701,広瀬町一丁目,1,14-701,hirosematitaisyoubo.pdf,85,high,資料上2回出現
922,大字古国府888番地の7,広瀬町4組 広瀬町ｺｰﾄ702,広瀬町一丁目,1,14-702,hirosematitaisyoubo.pdf,85,high,
923,大字古国府888番地の7,広瀬町4組 広瀬町ｺｰﾄ703,広瀬町一丁目,1,14-703,hirosematitaisyoubo.pdf,85,high,
924,大字古国府888番地の7,広瀬町4組 広瀬町ｺｰﾄ705,広瀬町一丁目,1,14-705,hirosematitaisyoubo.pdf,85,high,
925,大字古国府888番地の7,広瀬町4組 広瀬町ｺｰﾄ706,広瀬町一丁目,1,14-706,hirosematitaisyoubo.pdf,85,high,
926,大字古国府888番地の7,広瀬町4組 広瀬町ｺｰﾄ707,広瀬町一丁目,1,14-707,hirosematitaisyoubo.pdf,85,high,
927,大字古国府888番地の7,広瀬町4組 広瀬町ｺｰﾄ708,広瀬町一丁目,1,14-708,hirosematitaisyoubo.pdf,85,high,
928,大字古国府888番地の7,広瀬町4組 広瀬町ｺｰﾄ709,広瀬町一丁目,1,14-709,hirosematitaisyoubo.pdf,85,high,資料上2回出現
929,大字古国府888番地の7,広瀬町4組 広瀬町ｺｰﾄ801,広瀬町一丁目,1,14-801,hirosematitaisyoubo.pdf,85,high,
930,大字古国府888番地の7,広瀬町4組 広瀬町ｺｰﾄ802,広瀬町一丁目,1,14-802,hirosematitaisyoubo.pdf,85,high,
931,大字古国府888番地の7,広瀬町4組 広瀬町ｺｰﾄ803,広瀬町一丁目,1,14-803,hirosematitaisyoubo.pdf,86,high,
932,大字古国府888番地の7,広瀬町4組 広瀬町ｺｰﾄ805,広瀬町一丁目,1,14-805,hirosematitaisyoubo.pdf,86,high,
933,大字古国府888番地の7,広瀬町4組 広瀬町ｺｰﾄ806,広瀬町一丁目,1,14-806,hirosematitaisyoubo.pdf,86,high,
934,大字古国府888番地の7,広瀬町4組 広瀬町ｺｰﾄ807,広瀬町一丁目,1,14-807,hirosematitaisyoubo.pdf,86,high,
935,大字古国府888番地の7,広瀬町4組 広瀬町ｺｰﾄ808,広瀬町一丁目,1,14-808,hirosematitaisyoubo.pdf,86,high,
936,大字古国府888番地の7,広瀬町4組 広瀬町ｺｰﾄ809,広瀬町一丁目,1,14-809,hirosematitaisyoubo.pdf,86,high,
937,大字古国府888番地の7,広瀬町4組 広瀬町ｺｰﾄ901,広瀬町一丁目,1,14-901,hirosematitaisyoubo.pdf,86,high,
938,大字古国府888番地の7,広瀬町4組 広瀬町ｺｰﾄ902,広瀬町一丁目,1,14-902,hirosematitaisyoubo.pdf,86,high,
939,大字古国府888番地の7,広瀬町4組 ｺｰﾎﾟ伊東903,広瀬町一丁目,1,14-903,hirosematitaisyoubo.pdf,86,high,
940,大字古国府888番地の7,広瀬町4組 広瀬町ｺｰﾄ905,広瀬町一丁目,1,14-905,hirosematitaisyoubo.pdf,86,high,
941,大字古国府888番地の7,広瀬町4組 広瀬町ｺｰﾄ906,広瀬町一丁目,1,14-906,hirosematitaisyoubo.pdf,86,high,
942,大字古国府888番地の7,広瀬町4組 広瀬町ｺｰﾄ907,広瀬町一丁目,1,14-907,hirosematitaisyoubo.pdf,86,high,
943,大字古国府888番地の7,広瀬町4組 広瀬町ｺｰﾄ908,広瀬町一丁目,1,14-908,hirosematitaisyoubo.pdf,86,high,
944,大字古国府888番地の7,広瀬町4組 広瀬町ｺｰﾄ909,広瀬町一丁目,1,14-909,hirosematitaisyoubo.pdf,87,high,
945,大字古国府907番地の1,古国府10組1 天神ﾋﾞﾙ1階,広瀬町一丁目,1,5,hirosematitaisyoubo.pdf,87,high,
946,大字古国府907番地の1,古国府10組の1 天神ﾋﾞﾙ201,広瀬町一丁目,1,5-201,hirosematitaisyoubo.pdf,87,high,
947,大字古国府907番地の1,古国府10組の1 天神ﾋﾞﾙ202,広瀬町一丁目,1,5-202,hirosematitaisyoubo.pdf,87,high,
948,大字古国府907番地の1,古国府10組の1 天神ﾋﾞﾙ301,広瀬町一丁目,1,5-301,hirosematitaisyoubo.pdf,87,high,
949,大字古国府907番地の1,古国府10組の1 天神ﾋﾞﾙ302,広瀬町一丁目,1,5-302,hirosematitaisyoubo.pdf,87,high,資料上2回出現
950,大字古国府907番地の1,古国府10組の1 天神ﾋﾞﾙ401,広瀬町一丁目,1,5-401,hirosematitaisyoubo.pdf,87,high,
951,大字古国府907番地の1,古国府10組の1 天神ﾋﾞﾙ402,広瀬町一丁目,1,5-402,hirosematitaisyoubo.pdf,87,high,
952,大字古国府1001番地の1,広瀬町1組 九電古国府寮,広瀬町一丁目,1,16,hirosematitaisyoubo.pdf,87,high,
953,大字古国府1001番地の1,広瀬町1組 九電古国府寮,広瀬町一丁目,1,16-201,hirosematitaisyoubo.pdf,87,high,
954,大字古国府1001番地の1,広瀬町1組 九電古国府寮202,広瀬町一丁目,1,16-202,hirosematitaisyoubo.pdf,87,high,
955,大字古国府1001番地の1,広瀬町1組 九電古国府寮,広瀬町一丁目,1,16-203,hirosematitaisyoubo.pdf,87,high,
956,大字古国府1001番地の1,広瀬町1組 九電古国府寮204,広瀬町一丁目,1,16-204,hirosematitaisyoubo.pdf,88,high,
957,大字古国府1001番地の1,広瀬町1組 九電古国府寮205,広瀬町一丁目,1,16-205,hirosematitaisyoubo.pdf,88,high,
958,大字古国府1001番地の1,広瀬町1組 九電古国府寮206,広瀬町一丁目,1,16-206,hirosematitaisyoubo.pdf,88,high,
959,大字古国府1001番地の1,広瀬町1組 九電古国府寮207,広瀬町一丁目,1,16-207,hirosematitaisyoubo.pdf,88,high,
960,大字古国府1001番地の1,広瀬町1組 九電古国府寮208,広瀬町一丁目,1,16-208,hirosematitaisyoubo.pdf,88,high,
961,大字古国府1001番地の1,広瀬町1組 九電古国府寮209,広瀬町一丁目,1,16-209,hirosematitaisyoubo.pdf,88,high,
962,大字古国府1001番地の1,広瀬町1組 九電古国府寮210,広瀬町一丁目,1,16-210,hirosematitaisyoubo.pdf,88,high,
963,大字古国府1001番地の1,広瀬町1組 九電古国府寮211,広瀬町一丁目,1,16-211,hirosematitaisyoubo.pdf,88,high,
964,大字古国府1001番地の1,広瀬町1組 九電古国府寮212,広瀬町一丁目,1,16-212,hirosematitaisyoubo.pdf,88,high,
965,大字古国府1001番地の1,広瀬町1組 九電古国府寮,広瀬町一丁目,1,16-213,hirosematitaisyoubo.pdf,88,high,
966,大字古国府1001番地の1,広瀬町1組 九電古国府寮214,広瀬町一丁目,1,16-214,hirosematitaisyoubo.pdf,88,high,
967,大字古国府1001番地の1,広瀬町1組 九電古国府寮,広瀬町一丁目,1,16-301,hirosematitaisyoubo.pdf,88,high,
968,大字古国府1001番地の1,広瀬町1組 九電古国府寮302,広瀬町一丁目,1,16-302,hirosematitaisyoubo.pdf,88,high,
969,大字古国府1001番地の1,広瀬町1組 九電古国府寮,広瀬町一丁目,1,16-303,hirosematitaisyoubo.pdf,89,high,
970,大字古国府1001番地の1,広瀬町1組 九電古国府寮304,広瀬町一丁目,1,16-304,hirosematitaisyoubo.pdf,89,high,
971,大字古国府1001番地の1,広瀬町1組 九電古国府寮305,広瀬町一丁目,1,16-305,hirosematitaisyoubo.pdf,89,high,
972,大字古国府1001番地の1,広瀬町1組 九電古国府寮306,広瀬町一丁目,1,16-306,hirosematitaisyoubo.pdf,89,high,
973,大字古国府1001番地の1,広瀬町1組 九電古国府寮307,広瀬町一丁目,1,16-307,hirosematitaisyoubo.pdf,89,high,
974,大字古国府1001番地の1,広瀬町1組 九電古国府寮,広瀬町一丁目,1,16-308,hirosematitaisyoubo.pdf,89,high,
975,大字古国府1001番地の1,広瀬町1組 九電古国府寮309,広瀬町一丁目,1,16-309,hirosematitaisyoubo.pdf,89,high,
976,大字古国府1001番地の1,広瀬町1組 九電古国府寮310,広瀬町一丁目,1,16-310,hirosematitaisyoubo.pdf,89,high,
977,大字古国府1001番地の1,広瀬町1組 九電古国府寮,広瀬町一丁目,1,16-311,hirosematitaisyoubo.pdf,89,high,
978,大字古国府1001番地の1,広瀬町1組 九電古国府寮,広瀬町一丁目,1,16-312,hirosematitaisyoubo.pdf,89,high,
979,大字古国府1001番地の1,広瀬町1組 九電古国府寮313,広瀬町一丁目,1,16-313,hirosematitaisyoubo.pdf,89,high,
980,大字古国府1001番地の1,広瀬町1組 九電古国府寮,広瀬町一丁目,1,16-314,hirosematitaisyoubo.pdf,89,high,
981,大字古国府1001番地の1,広瀬町1組 九電古国府寮401,広瀬町一丁目,1,16-401,hirosematitaisyoubo.pdf,89,high,
982,大字古国府1001番地の1,広瀬町1組 九電古国府寮402,広瀬町一丁目,1,16-402,hirosematitaisyoubo.pdf,90,high,
983,大字古国府1001番地の1,広瀬町1組 九電古国府寮403,広瀬町一丁目,1,16-403,hirosematitaisyoubo.pdf,90,high,
984,大字古国府1001番地の1,広瀬町1組 九電古国府寮404,広瀬町一丁目,1,16-404,hirosematitaisyoubo.pdf,90,high,
985,大字古国府1001番地の1,広瀬町1組 九電古国府寮405,広瀬町一丁目,1,16-405,hirosematitaisyoubo.pdf,90,high,
986,大字古国府1001番地の1,広瀬町1組 九電古国府寮406,広瀬町一丁目,1,16-406,hirosematitaisyoubo.pdf,90,high,
987,大字古国府1001番地の1,広瀬町1組 九電古国府寮,広瀬町一丁目,1,16-407,hirosematitaisyoubo.pdf,90,high,
988,大字古国府1001番地の1,広瀬町1組 九電古国府寮408,広瀬町一丁目,1,16-408,hirosematitaisyoubo.pdf,90,high,
989,大字古国府1001番地の1,広瀬町1組 九電古国府寮,広瀬町一丁目,1,16-409,hirosematitaisyoubo.pdf,90,high,
990,大字古国府1001番地の1,広瀬町1組 九電古国府寮,広瀬町一丁目,1,16-410,hirosematitaisyoubo.pdf,90,high,
991,大字古国府1001番地の1,広瀬町1組 九電古国府寮411,広瀬町一丁目,1,16-411,hirosematitaisyoubo.pdf,90,high,
992,大字古国府1001番地の1,広瀬町1組 九電古国府寮412,広瀬町一丁目,1,16-412,hirosematitaisyoubo.pdf,90,high,
993,大字古国府1001番地の1,広瀬町1組 九電古国府寮,広瀬町一丁目,1,16-413,hirosematitaisyoubo.pdf,90,high,
994,大字古国府1001番地の1,広瀬町1組 九電古国府寮414,広瀬町一丁目,1,16-414,hirosematitaisyoubo.pdf,90,high,
995,大字古国府1001番地の1,広瀬町1組 九電古国府寮,広瀬町一丁目,1,16-501,hirosematitaisyoubo.pdf,91,high,
996,大字古国府1001番地の1,広瀬町1組 九電古国府寮502,広瀬町一丁目,1,16-502,hirosematitaisyoubo.pdf,91,high,
997,大字古国府1001番地の1,広瀬町1組 九電古国府寮503,広瀬町一丁目,1,16-503,hirosematitaisyoubo.pdf,91,high,
998,大字古国府1001番地の1,広瀬町1組 九電古国府寮504,広瀬町一丁目,1,16-504,hirosematitaisyoubo.pdf,91,high,
999,大字古国府1001番地の1,広瀬町1組 九電古国府寮505,広瀬町一丁目,1,16-505,hirosematitaisyoubo.pdf,91,high,
1000,大字古国府1001番地の1,広瀬町1組 九電古国府寮,広瀬町一丁目,1,16-506,hirosematitaisyoubo.pdf,91,high,
1001,大字古国府1001番地の1,広瀬町1組 九電古国府寮,広瀬町一丁目,1,16-507,hirosematitaisyoubo.pdf,91,high,
1002,大字古国府1001番地の1,広瀬町1組 九電古国府寮,広瀬町一丁目,1,16-508,hirosematitaisyoubo.pdf,91,high,
1003,大字古国府1001番地の1,広瀬町1組 九電古国府寮509,広瀬町一丁目,1,16-509,hirosematitaisyoubo.pdf,91,high,
1004,大字古国府1001番地の1,広瀬町1組 九電古国府寮,広瀬町一丁目,1,16-510,hirosematitaisyoubo.pdf,91,high,
1005,大字古国府1001番地の1,広瀬町1組 九電古国府寮511,広瀬町一丁目,1,16-511,hirosematitaisyoubo.pdf,91,high,
1006,大字古国府1001番地の1,広瀬町1組 九電古国府寮512,広瀬町一丁目,1,16-512,hirosematitaisyoubo.pdf,91,high,
1007,大字古国府1001番地の1,広瀬町1組 九電古国府寮,広瀬町一丁目,1,16-513,hirosematitaisyoubo.pdf,91,high,
1008,大字古国府1001番地の1,広瀬町1組 九電古国府寮514,広瀬町一丁目,1,16-514,hirosematitaisyoubo.pdf,92,high,
1009,大字古国府1001番地の5,広瀬町1組 NEXT GRANGROM古国府101,広瀬町一丁目,1,19,hirosematitaisyoubo.pdf,92,high,
1010,大字古国府1001番地の5,広瀬町1組 NEXT GRANGROM古国府102,広瀬町一丁目,1,19,hirosematitaisyoubo.pdf,92,high,
1011,大字古国府1001番地の5,広瀬町1組 NEXT GRANGROM古国府103,広瀬町一丁目,1,19,hirosematitaisyoubo.pdf,92,high,
1012,大字古国府1001番地の5,広瀬町1組 NEXT GRANGROM古国府105,広瀬町一丁目,1,19,hirosematitaisyoubo.pdf,92,high,
1013,大字古国府1001番地の5,広瀬町1組 NEXT GRANGROM古国府106,広瀬町一丁目,1,19,hirosematitaisyoubo.pdf,92,high,
1014,大字古国府1001番地の5,広瀬町1組 NEXT GRANGROM古国府107,広瀬町一丁目,1,19,hirosematitaisyoubo.pdf,92,high,
1015,大字古国府1001番地の5,広瀬町1組 NEXT GRANGROM古国府108,広瀬町一丁目,1,19,hirosematitaisyoubo.pdf,92,high,
1016,大字古国府1001番地の5,広瀬町1組 NEXT GRANGROM古国府109,広瀬町一丁目,1,19,hirosematitaisyoubo.pdf,92,high,
1017,大字古国府1003番地の1,,広瀬町一丁目,2,6,hirosematitaisyoubo.pdf,92,high,
1018,大字古国府1003番地の9,広瀬町1組の1,広瀬町一丁目,2,37,hirosematitaisyoubo.pdf,92,high,
1019,大字古国府1005番地の2,古国府10組の1,広瀬町一丁目,2,35,hirosematitaisyoubo.pdf,93,high,
1020,大字古国府1008番地の1,古国府10組の1,広瀬町一丁目,2,11,hirosematitaisyoubo.pdf,93,high,
1021,大字古国府1020番地の1,古国府10組の1,広瀬町二丁目,1,2,hirosematitaisyoubo.pdf,93,high,
1022,大字古国府1020番地の3,古国府10組の1,広瀬町二丁目,1,3,hirosematitaisyoubo.pdf,93,high,
1023,大字古国府1023番地の1,古国府10組の1Ａ,広瀬町二丁目,1,18,hirosematitaisyoubo.pdf,93,high,
1024,大字古国府1023番地の2,古国府10組の1Ａ ｻﾝﾊｳｽ瑞雲101,広瀬町二丁目,1,13,hirosematitaisyoubo.pdf,93,high,
1025,大字古国府1023番地の2,古国府10組の1Ａ ｻﾝﾊｳｽ端雲102,広瀬町二丁目,1,13,hirosematitaisyoubo.pdf,93,high,
1026,大字古国府1023番地の2,古国府10組の1Ａ ｻﾝﾊｳｽ瑞雲201,広瀬町二丁目,1,13,hirosematitaisyoubo.pdf,93,high,
1027,大字古国府1023番地の2,古国府10組の1Ａ ｻﾝﾊｳｽ瑞雲202,広瀬町二丁目,1,13,hirosematitaisyoubo.pdf,93,high,
1028,大字古国府1023番地の2,古国府10組の1Ａ,広瀬町二丁目,1,19,hirosematitaisyoubo.pdf,93,high,資料上2回出現
1029,大字古国府1025番地,,広瀬町二丁目,1,41,hirosematitaisyoubo.pdf,93,high,
1030,大字古国府1028番地の1,古国府10組の1,広瀬町一丁目,2,32,hirosematitaisyoubo.pdf,94,high,
1031,大字古国府1030番地,広瀬町1組の1,広瀬町一丁目,1,31,hirosematitaisyoubo.pdf,94,high,資料上2回出現
1032,大字古国府1032番地の2,古国府10組,広瀬町一丁目,1,27,hirosematitaisyoubo.pdf,94,high,
1033,大字古国府1032番地の2,古国府10組,広瀬町一丁目,1,28,hirosematitaisyoubo.pdf,94,high,
1034,大字古国府1037番地の3,古国府10組の1,広瀬町一丁目,1,23,hirosematitaisyoubo.pdf,94,high,資料上2回出現
1035,大字古国府1038番地,広瀬町1組の1,広瀬町一丁目,1,51,hirosematitaisyoubo.pdf,94,high,
1036,大字古国府1042番地,,広瀬町一丁目,1,52,hirosematitaisyoubo.pdf,94,high,
1037,大字古国府1047番地の1,広瀬町1組の2,広瀬町一丁目,1,34,hirosematitaisyoubo.pdf,94,high,
1038,大字古国府1047番地の1,広瀬町1組の2,広瀬町一丁目,1,35,hirosematitaisyoubo.pdf,94,high,資料上2回出現
1039,大字古国府1047番地の1,広瀬町1組,広瀬町一丁目,1,36,hirosematitaisyoubo.pdf,94,high,
1040,大字古国府1047番地の1,広瀬町1組の2,広瀬町一丁目,1,37,hirosematitaisyoubo.pdf,95,high,
1041,大字古国府1047番地の1,広瀬町1組の2,広瀬町一丁目,1,38,hirosematitaisyoubo.pdf,95,high,
1042,大字古国府1047番地の5,広瀬町1組の2,広瀬町一丁目,1,39,hirosematitaisyoubo.pdf,95,high,
1043,大字古国府1047番地の7,広瀬町1組の1,広瀬町一丁目,1,44,hirosematitaisyoubo.pdf,95,high,
1044,大字古国府1055番地の4,広瀬町2組の2 小野ｱﾊﾟｰﾄ1,広瀬町二丁目,1,27,hirosematitaisyoubo.pdf,95,high,
1045,大字古国府1055番地の4,広瀬町2組の2 小野ｱﾊﾟｰﾄ2,広瀬町二丁目,1,27,hirosematitaisyoubo.pdf,95,high,
1046,大字古国府1055番地の4,広瀬町2組の2 小野ｱﾊﾟｰﾄ3,広瀬町二丁目,1,27,hirosematitaisyoubo.pdf,95,high,
1047,大字古国府1055番地の4,広瀬町2組の2 小野ｱﾊﾟｰﾄ5,広瀬町二丁目,1,27,hirosematitaisyoubo.pdf,95,high,
1048,大字古国府1055番地の4,広瀬町2組の2,広瀬町二丁目,1,28,hirosematitaisyoubo.pdf,95,high,資料上2回出現
1049,大字古国府1055番地の4,広瀬町2組の2 小野ｱﾊﾟｰﾄ10,広瀬町二丁目,1,28,hirosematitaisyoubo.pdf,95,high,
1050,大字古国府1061番地の1,広瀬町2組の1,広瀬町一丁目,2,22,hirosematitaisyoubo.pdf,95,high,
1051,大字古国府1061番地の1,,広瀬町一丁目,2,22,hirosematitaisyoubo.pdf,95,high,
1052,大字古国府1061番地の2,広瀬町2組の1,広瀬町一丁目,2,23,hirosematitaisyoubo.pdf,96,high,
1053,大字古国府字下新田1063番地の2,,広瀬町二丁目,1,36,hirosematitaisyoubo.pdf,96,high,
1054,大字古国府1064番地,広瀬町2組の2,広瀬町二丁目,1,25,hirosematitaisyoubo.pdf,96,high,
1055,大字古国府1064番地,広瀬町2組の2,広瀬町二丁目,1,26,hirosematitaisyoubo.pdf,96,high,
1056,大字古国府1066番地の9,古国府10組の1,広瀬町二丁目,2,51,hirosematitaisyoubo.pdf,96,high,
1057,大字古国府1067番地1,,広瀬町二丁目,2,1,hirosematitaisyoubo.pdf,96,high,
1058,大字古国府1067番地の1,古国府10組の1 ｾ･ﾗｳﾞｨ古国府201,広瀬町二丁目,2,1-201,hirosematitaisyoubo.pdf,96,high,
1059,大字古国府1067番地の1,古国府10組の1 ｾ･ﾗｳﾞｨ古国府202,広瀬町二丁目,2,1-202,hirosematitaisyoubo.pdf,96,high,
1060,大字古国府1067番地の1,古国府10組の1 ｾ･ﾗｳﾞｨ古国府203,広瀬町二丁目,2,1-203,hirosematitaisyoubo.pdf,96,high,
1061,大字古国府1067番地の1,古国府10組の1 ｾ･ﾗｳﾞｨ古国府205,広瀬町二丁目,2,1-205,hirosematitaisyoubo.pdf,96,high,
1062,大字古国府1067番地の1,古国府10組の1 ｾ･ﾗｳﾞｨ古国府301,広瀬町二丁目,2,1-301,hirosematitaisyoubo.pdf,96,high,
1063,大字古国府1067番地の1,古国府10組の1 ｾ･ﾗｳﾞｨ古国府302,広瀬町二丁目,2,1-302,hirosematitaisyoubo.pdf,96,high,
1064,大字古国府1067番地の1,古国府10組の1 ｾ･ﾗｳﾞｨ古国府303,広瀬町二丁目,2,1-303,hirosematitaisyoubo.pdf,97,high,
1065,大字古国府1067番地の1,古国府10組の1 ｾ･ﾗｳﾞｨ古国府305,広瀬町二丁目,2,1-305,hirosematitaisyoubo.pdf,97,high,
1066,大字古国府1073番地3,,広瀬町二丁目,2,41,hirosematitaisyoubo.pdf,97,high,資料上2回出現
1067,大字古国府1115番地,,広瀬町二丁目,2,27,hirosematitaisyoubo.pdf,97,high,
1068,大字古国府1120番地の2,広瀬町1組の3,広瀬町二丁目,2,12,hirosematitaisyoubo.pdf,97,high,
1069,大字古国府1121番地の1,広瀬町1組の3,広瀬町二丁目,2,19,hirosematitaisyoubo.pdf,97,high,資料上2回出現
1070,大字古国府字上新田1128番地,,広瀬町二丁目,3,33,hirosematitaisyoubo.pdf,97,high,資料上3回出現
1071,大字古国府1137番地の2,広瀬町1組の3,広瀬町二丁目,3,75,hirosematitaisyoubo.pdf,97,high,
1072,大字古国府字上新田1143番地,,広瀬町二丁目,3,14,hirosematitaisyoubo.pdf,97,high,
1073,大字古国府字上新田1148-1,,広瀬町二丁目,4,1,hirosematitaisyoubo.pdf,98,high,
1074,大字古国府1155-1,,広瀬町二丁目,3,21,hirosematitaisyoubo.pdf,98,high,
1075,大字古国府1159番地,古国府10組の2A,広瀬町二丁目,3,25,hirosematitaisyoubo.pdf,98,high,
1076,大字古国府1159番地の7,古国府10組の2,広瀬町二丁目,3,26,hirosematitaisyoubo.pdf,98,high,資料上4回出現
1077,大字古国府1168番地1号,,広瀬町二丁目,4,13,hirosematitaisyoubo.pdf,99,high,
1078,大字古国府1177番地の2,,広瀬町二丁目,4,7,hirosematitaisyoubo.pdf,99,high,
1079,大字古国府1178-4,,広瀬町二丁目,4,72,hirosematitaisyoubo.pdf,99,high,
1080,大字古国府1270番地の1,,広瀬町二丁目,4,28,hirosematitaisyoubo.pdf,99,high,
1081,大字古国府字上新田1276番1,,広瀬町二丁目,4,46,hirosematitaisyoubo.pdf,99,high,
1082,大字古国府字上新田1279番1,,広瀬町二丁目,4,21,hirosematitaisyoubo.pdf,99,high,資料上2回出現
1083,大字古国府1290番地の1,,広瀬町二丁目,3,34,hirosematitaisyoubo.pdf,99,high,
1084,大字古国府字上新田1303番地1,,広瀬町二丁目,3,40,hirosematitaisyoubo.pdf,99,high,
1085,大字古国府1303-1,,広瀬町二丁目,3,40,hirosematitaisyoubo.pdf,99,high,資料上2回出現
1086,大字古国府1303番地の1,古国府10組の3 有明ﾋﾞﾙ301,広瀬町二丁目,3,40-301,hirosematitaisyoubo.pdf,100,high,
1087,大字古国府1303番地の1,古国府10組の3 有明ﾋﾞﾙ302,広瀬町二丁目,3,40-302,hirosematitaisyoubo.pdf,100,high,
1088,大字古国府1303番地の1,古国府10組の3 有明ﾋﾞﾙ303,広瀬町二丁目,3,40-303,hirosematitaisyoubo.pdf,100,high,
1089,大字古国府1303番地の1,古国府10組の3 有明ﾋﾞﾙ305,広瀬町二丁目,3,40-305,hirosematitaisyoubo.pdf,100,high,
1090,大字古国府1303番地の1,古国府10組の3 有明ﾋﾞﾙ306,広瀬町二丁目,3,40-306,hirosematitaisyoubo.pdf,100,high,
1091,大字古国府1303番地の1,古国府10組の3 有明ﾋﾞﾙ401,広瀬町二丁目,3,40-401,hirosematitaisyoubo.pdf,100,high,
1092,大字古国府1303番地の1,古国府10組の3 有明ﾋﾞﾙ402,広瀬町二丁目,3,40-402,hirosematitaisyoubo.pdf,100,high,
1093,大字古国府1303番地の1,古国府10組の3 有明ﾋﾞﾙ403,広瀬町二丁目,3,40-403,hirosematitaisyoubo.pdf,100,high,
1094,大字古国府1303番地の1,古国府10組の3 有明ﾋﾞﾙ405,広瀬町二丁目,3,40-405,hirosematitaisyoubo.pdf,100,high,資料上2回出現
1095,大字古国府1303番地の1,古国府10組の3 有明ﾋﾞﾙ406,広瀬町二丁目,3,40-406,hirosematitaisyoubo.pdf,100,high,
1096,大字古国府1303番地の1,古国府10組の3 有明ﾋﾞﾙ501,広瀬町二丁目,3,40-501,hirosematitaisyoubo.pdf,100,high,
1097,大字古国府1303番地の1,古国府10組の3 有明ﾋﾞﾙ502,広瀬町二丁目,3,40-502,hirosematitaisyoubo.pdf,100,high,
1098,大字古国府1303番地の1,古国府10組の3 有明ﾋﾞﾙ503,広瀬町二丁目,3,40-503,hirosematitaisyoubo.pdf,101,high,
1099,大字古国府1303番地の1,古国府10組の3 有明ﾋﾞﾙ505,広瀬町二丁目,3,40-505,hirosematitaisyoubo.pdf,101,high,
1100,大字古国府1303番地の1,古国府10組の3 有明ﾋﾞﾙ506,広瀬町二丁目,3,40-506,hirosematitaisyoubo.pdf,101,high,
1101,大字古国府1303番地の1,古国府10組の3 有明ﾋﾞﾙ601,広瀬町二丁目,3,40-601,hirosematitaisyoubo.pdf,101,high,
1102,大字古国府1303番地の1,古国府10組の3 有明ﾋﾞﾙ602,広瀬町二丁目,3,40-602,hirosematitaisyoubo.pdf,101,high,
1103,大字古国府1303番地の1,古国府10組の3 有明ﾋﾞﾙ603,広瀬町二丁目,3,40-603,hirosematitaisyoubo.pdf,101,high,
1104,大字古国府1303番地の1,古国府10組の3 有明ﾋﾞﾙ605,広瀬町二丁目,3,40-605,hirosematitaisyoubo.pdf,101,high,
1105,大字古国府1303番地の1,古国府10組の3 有明ﾋﾞﾙ606,広瀬町二丁目,3,40-606,hirosematitaisyoubo.pdf,101,high,
1106,大字古国府1303番地の1,古国府10組の3 有明ﾋﾞﾙ701,広瀬町二丁目,3,40-701,hirosematitaisyoubo.pdf,101,high,
1107,大字古国府1303番地の1,古国府10組の3 有明ﾋﾞﾙ702,広瀬町二丁目,3,40-702,hirosematitaisyoubo.pdf,101,high,
1108,大字古国府1303番地の1,古国府10組の3 有明ﾋﾞﾙ703,広瀬町二丁目,3,40-703,hirosematitaisyoubo.pdf,101,high,
1109,大字古国府1303番地の1,古国府10組の3 有明ﾋﾞﾙ705,広瀬町二丁目,3,40-705,hirosematitaisyoubo.pdf,101,high,
1110,大字古国府1303番地の1,古国府10組の3 有明ﾋﾞﾙ706,広瀬町二丁目,3,40-706,hirosematitaisyoubo.pdf,101,high,
1111,大字古国府1307番地の2,古国府10組の2Ａ,広瀬町二丁目,3,59,hirosematitaisyoubo.pdf,102,high,資料上2回出現
1112,大字古国府1310番地の1,古国府10組の2Ａ,広瀬町二丁目,3,43,hirosematitaisyoubo.pdf,102,high,
1113,大字古国府1310番地の1,,広瀬町二丁目,3,43,hirosematitaisyoubo.pdf,102,high,
1114,大字古国府1310番地の8,古国府10組の2Ａ,広瀬町二丁目,3,45,hirosematitaisyoubo.pdf,102,high,
1115,大字古国府1319番地,古国府10組の2Ａ,広瀬町二丁目,3,55,hirosematitaisyoubo.pdf,102,high,
1116,大字古国府1322番地の1,花園11組の8 ﾘﾍﾞﾗﾙ花園103,花園二丁目,4,43-103,hirosematitaisyoubo.pdf,102,high,
1117,大字古国府1322番地の1,花園11組の8 ﾘﾍﾞﾗﾙ花園201,花園二丁目,4,43-201,hirosematitaisyoubo.pdf,102,high,資料上2回出現
1118,大字古国府1322番地の1,花園11組の8 ﾘﾍﾞﾗﾙ花園202,花園二丁目,4,43-202,hirosematitaisyoubo.pdf,102,high,
1119,大字古国府1322番地の1,花園11組の8 ﾘﾍﾞﾗﾙ花園203,花園二丁目,4,43-203,hirosematitaisyoubo.pdf,102,high,
1120,大字古国府1322番地の1,花園11組の8 ﾘﾍﾞﾗﾙ花園301,花園二丁目,4,43-301,hirosematitaisyoubo.pdf,102,high,
1121,大字古国府1322番地の1,花園11組の8 ﾘﾍﾞﾗﾙ花園302,花園二丁目,4,43-302,hirosematitaisyoubo.pdf,103,high,
1122,大字古国府1322番地の1,花園11組の8 ﾘﾍﾞﾗﾙ花園303,花園二丁目,4,43-303,hirosematitaisyoubo.pdf,103,high,
1123,大字古国府1322番地の1,花園11組の8 ﾘﾍﾞﾗﾙ花園401,花園二丁目,4,43-401,hirosematitaisyoubo.pdf,103,high,
1124,大字古国府1322番地の1,花園11組の8 ﾘﾍﾞﾗﾙ花園402,花園二丁目,4,43-402,hirosematitaisyoubo.pdf,103,high,
1125,大字古国府1322番地の1,花園11組の8 ﾘﾍﾞﾗﾙ花園403,花園二丁目,4,43-403,hirosematitaisyoubo.pdf,103,high,
1126,大字古国府1322番地の1,花園11組の8 ﾘﾍﾞﾗﾙ花園501,花園二丁目,4,43-501,hirosematitaisyoubo.pdf,103,high,
1127,大字古国府1322番地の1,花園11組の8 ﾘﾍﾞﾗﾙ花園502,花園二丁目,4,43-502,hirosematitaisyoubo.pdf,103,high,
1128,大字古国府1322番地の1,花園11組の8 ﾘﾍﾞﾗﾙ花園503,花園二丁目,4,43-503,hirosematitaisyoubo.pdf,103,high,資料上2回出現
1129,大字古国府1322番地の1,花園11組の8 ﾘﾍﾞﾗﾙ花園601,花園二丁目,4,43-601,hirosematitaisyoubo.pdf,103,high,
1130,大字古国府1322番地の1,花園11組の8 ﾘﾍﾞﾗﾙ花園602,花園二丁目,4,43-602,hirosematitaisyoubo.pdf,103,high,
1131,大字古国府1322番地の1,花園11組の8 ﾘﾍﾞﾗﾙ花園603,花園二丁目,4,43-603,hirosematitaisyoubo.pdf,103,high,
1132,大字古国府1322番地の1,花園11組の8 ﾘﾍﾞﾗﾙ花園701,花園二丁目,4,43-701,hirosematitaisyoubo.pdf,103,high,
1133,大字古国府1322番地の1,花園11組の8 ﾘﾍﾞﾗﾙ花園702,花園二丁目,4,43-702,hirosematitaisyoubo.pdf,104,high,
1134,大字古国府1322番地の1,花園11組の8 ﾘﾍﾞﾗﾙ花園703,花園二丁目,4,43-703,hirosematitaisyoubo.pdf,104,high,
1135,大字古国府1322番地の1,花園11組の8 ﾘﾍﾞﾗﾙ花園801,花園二丁目,4,43-801,hirosematitaisyoubo.pdf,104,high,
1136,大字古国府1322番地の1,花園11組の8 ﾘﾍﾞﾗﾙ花園802,花園二丁目,4,43-802,hirosematitaisyoubo.pdf,104,high,資料上2回出現
1137,大字古国府1322番地の1,花園11組の8 ﾘﾍﾞﾗﾙ花園803,花園二丁目,4,43-803,hirosematitaisyoubo.pdf,104,high,
1138,大字古国府1322番地の1,花園11組の8 ﾘﾍﾞﾗﾙ花園901,花園二丁目,4,43-901,hirosematitaisyoubo.pdf,104,high,
1139,大字古国府1322番地の1,花園11組の8 ﾘﾍﾞﾗﾙ花園902,花園二丁目,4,43-902,hirosematitaisyoubo.pdf,104,high,
1140,大字古国府1322番地の1,ﾘﾍﾞﾗﾙ花園902,花園二丁目,4,43-902,hirosematitaisyoubo.pdf,104,high,
1141,大字古国府1322番地の1,花園11組の8 ﾘﾍﾞﾗﾙ花園903,花園二丁目,4,43-903,hirosematitaisyoubo.pdf,104,high,
1142,大字古国府1322番地の1,花園11組の8 ﾘﾍﾞﾗﾙ花園1001,花園二丁目,4,43-1001,hirosematitaisyoubo.pdf,104,high,
1143,大字古国府1322番地の1,花園11組の8 ﾘﾍﾞﾗﾙ花園1002,花園二丁目,4,43-1002,hirosematitaisyoubo.pdf,104,high,
1144,大字古国府1322番地の1,花園11組の8 ﾘﾍﾞﾗﾙ花園1003,花園二丁目,4,43-1003,hirosematitaisyoubo.pdf,104,high,
1145,大字古国府1322番地の1,花園11組の8 ﾘﾍﾞﾗﾙ花園1101,花園二丁目,4,43-1101,hirosematitaisyoubo.pdf,105,high,資料上2回出現
1146,大字古国府1322番地の1,花園11組の8 ﾘﾍﾞﾗﾙ花園1102,花園二丁目,4,43-1102,hirosematitaisyoubo.pdf,105,high,
1147,大字古国府1322番地の1,花園11組の8 ﾘﾍﾞﾗﾙ花園1103,花園二丁目,4,43-1103,hirosematitaisyoubo.pdf,105,high,
1148,大字古国府1322番地の1,花園11組の8 ﾘﾍﾞﾗﾙ花園1201,花園二丁目,4,43-1201,hirosematitaisyoubo.pdf,105,high,
1149,大字古国府1322番地の1,花園11組の8 ﾘﾍﾞﾗﾙ花園1202,花園二丁目,4,43-1202,hirosematitaisyoubo.pdf,105,high,
1150,大字古国府1322番地の1,花園11組の8 ﾘﾍﾞﾗﾙ花園1203,花園二丁目,4,43-1203,hirosematitaisyoubo.pdf,105,high,
1151,大字古国府1322番地の1,花園11組の8 ﾘﾍﾞﾗﾙ花園1301,花園二丁目,4,43-1301,hirosematitaisyoubo.pdf,105,high,資料上2回出現
1152,大字古国府1322番地の1,花園11組の8 ﾘﾍﾞﾗﾙ花園1302,花園二丁目,4,43-1302,hirosematitaisyoubo.pdf,105,high,
1153,大字古国府1322番地の1,花園11組の8 ﾘﾍﾞﾗﾙ花園1303,花園二丁目,4,43-1303,hirosematitaisyoubo.pdf,105,high,
1154,大字古国府1325番地の1,花園11組,花園二丁目,4,44,hirosematitaisyoubo.pdf,105,high,
1155,大字古国府1325番地の1,,花園二丁目,4,44,hirosematitaisyoubo.pdf,105,high,
1156,大字古国府1326番地,花園11組の6の1 ｻﾝﾗｲｽﾞ花園101,花園二丁目,4,6-101,hirosematitaisyoubo.pdf,106,high,
1157,大字古国府1326番地,花園11組の6 ｻﾝﾗｲｽﾞ花園102,花園二丁目,4,6-102,hirosematitaisyoubo.pdf,106,high,
1158,大字古国府1326番地,花園11組の6の1 ｻﾝﾗｲｽﾞ花園102,花園二丁目,4,6-102,hirosematitaisyoubo.pdf,106,high,
1159,大字古国府1326番地,花園11組の6 ｻﾝﾗｲｽﾞ花園103,花園二丁目,4,6-103,hirosematitaisyoubo.pdf,106,high,
1160,大字古国府1326番地,花園11組の6 ｻﾝﾗｲｽﾞ花園105,花園二丁目,4,6-105,hirosematitaisyoubo.pdf,106,high,資料上2回出現
1161,大字古国府1326番地,花園11組の6の1 ｻﾝﾗｲｽﾞ花園106,花園二丁目,4,6-106,hirosematitaisyoubo.pdf,106,high,
1162,大字古国府1326番地,花園11組の6の1 ｻﾝﾗｲｽﾞ花園107,花園二丁目,4,6-107,hirosematitaisyoubo.pdf,106,high,資料上2回出現
1163,大字古国府1326番地,花園11組の6の1 ｻﾝﾗｲｽﾞ花園201,花園二丁目,4,6-201,hirosematitaisyoubo.pdf,106,high,
1164,大字古国府1326番地,花園11組の6の1 ｻﾝﾗｲｽﾞ花園202,花園二丁目,4,6-202,hirosematitaisyoubo.pdf,106,high,
1165,大字古国府1326番地,花園11組の6の1 ｻﾝﾗｲｽﾞ花園203,花園二丁目,4,6-203,hirosematitaisyoubo.pdf,106,high,
1166,大字古国府1326番地,花園11組の6 ｻﾝﾗｲｽﾞ花園205,花園二丁目,4,6-205,hirosematitaisyoubo.pdf,107,high,
1167,大字古国府1326番地,花園11組の6の1 ｻﾝﾗｲｽﾞ花園206,花園二丁目,4,6-206,hirosematitaisyoubo.pdf,107,high,資料上2回出現
1168,大字古国府1326番地,花園11組の6の1 ｻﾝﾗｲｽﾞ花園207,花園二丁目,4,6-207,hirosematitaisyoubo.pdf,107,high,資料上2回出現
1169,大字古国府1326番地,花園11組の6の1 ｻﾝﾗｲｽﾞ花園208,花園二丁目,4,6-208,hirosematitaisyoubo.pdf,107,high,
1170,大字古国府1326番地,花園11組の6の2 ｻﾝﾗｲｽﾞ花園301,花園二丁目,4,6-301,hirosematitaisyoubo.pdf,107,high,資料上2回出現
1171,大字古国府1326番地,花園11組の6の2 ｻﾝﾗｲｽﾞ花園302,花園二丁目,4,6-302,hirosematitaisyoubo.pdf,107,high,
1172,大字古国府1326番地,花園11組の6の2 ｻﾝﾗｲｽﾞ花園303,花園二丁目,4,6-303,hirosematitaisyoubo.pdf,107,high,
1173,大字古国府1326番地,花園11組の6の2 ｻﾝﾗｲｽﾞ花園305,花園二丁目,4,6-305,hirosematitaisyoubo.pdf,107,high,
1174,大字古国府1326番地,花園11組の6の2 ｻﾝﾗｲｽﾞ花園306,花園二丁目,4,6-306,hirosematitaisyoubo.pdf,107,high,
1175,大字古国府1326番地,花園11組の6の2 ｻﾝﾗｲｽﾞ花園307,花園二丁目,4,6-307,hirosematitaisyoubo.pdf,107,high,
1176,大字古国府1326番地,花園11組の6の2 ｻﾝﾗｲｽﾞ花園308,花園二丁目,4,6-308,hirosematitaisyoubo.pdf,108,high,
1177,大字古国府1326番地,花園11組の6の2 ｻﾝﾗｲｽﾞ花園401,花園二丁目,4,6-401,hirosematitaisyoubo.pdf,108,high,
1178,大字古国府1326番地,花園11組の6の2 ｻﾝﾗｲｽﾞ花園402,花園二丁目,4,6-402,hirosematitaisyoubo.pdf,108,high,
1179,大字古国府1326番地,花園11組の6の2 ｻﾝﾗｲｽﾞ花園403,花園二丁目,4,6-403,hirosematitaisyoubo.pdf,108,high,
1180,大字古国府1326番地,花園11組の6の2 ｻﾝﾗｲｽﾞ花園405,花園二丁目,4,6-405,hirosematitaisyoubo.pdf,108,high,
1181,大字古国府1326番地,花園11組の6の2 ｻﾝﾗｲｽﾞ花園406,花園二丁目,4,6-406,hirosematitaisyoubo.pdf,108,high,
1182,大字古国府1326番地,花園11組の6の2 ｻﾝﾗｲｽﾞ花園407,花園二丁目,4,6-407,hirosematitaisyoubo.pdf,108,high,資料上2回出現
1183,大字古国府1326番地,花園11組の6の2 ｻﾝﾗｲｽﾞ花園408,花園二丁目,4,6-408,hirosematitaisyoubo.pdf,108,high,
1184,大字古国府1326番地,花園11組の6 ｻﾝﾗｲｽﾞ花園501,花園二丁目,4,6-501,hirosematitaisyoubo.pdf,108,high,
1185,大字古国府1326番地,花園11組の6の3 ｻﾝﾗｲｽﾞ花園502,花園二丁目,4,6-502,hirosematitaisyoubo.pdf,108,high,
1186,大字古国府1326番地,花園11組の6の3 ｻﾝﾗｲｽﾞ花園503,花園二丁目,4,6-503,hirosematitaisyoubo.pdf,108,high,
1187,大字古国府1326番地,花園11組の6の3 ｻﾝﾗｲｽﾞ花園505,花園二丁目,4,6-505,hirosematitaisyoubo.pdf,108,high,
1188,大字古国府1326番地,花園11組の6の3 ｻﾝﾗｲｽﾞ花園506,花園二丁目,4,6-506,hirosematitaisyoubo.pdf,109,high,
1189,大字古国府1326番地,花園11組の6 ｻﾝﾗｲｽﾞ花園507,花園二丁目,4,6-507,hirosematitaisyoubo.pdf,109,high,
1190,大字古国府1326番地,花園11組の6の3 ｻﾝﾗｲｽﾞ花園508,花園二丁目,4,6-508,hirosematitaisyoubo.pdf,109,high,
1191,大字古国府1326番地,花園11組の6の3 ｻﾝﾗｲｽﾞ花園601,花園二丁目,4,6-601,hirosematitaisyoubo.pdf,109,high,
1192,大字古国府1326番地,花園11組の6 ｻﾝﾗｲｽﾞ花園602,花園二丁目,4,6-602,hirosematitaisyoubo.pdf,109,high,
1193,大字古国府1326番地,花園11組の6の3 ｻﾝﾗｲｽﾞ花園603,花園二丁目,4,6-603,hirosematitaisyoubo.pdf,109,high,
1194,大字古国府1326番地,花園11組の6の3 ｻﾝﾗｲｽﾞ花園605,花園二丁目,4,6-605,hirosematitaisyoubo.pdf,109,high,
1195,大字古国府1326番地,花園11組の6の3 ｻﾝﾗｲｽﾞ花園606,花園二丁目,4,6-606,hirosematitaisyoubo.pdf,109,high,
1196,大字古国府1326番地,花園11組の6の3 ｻﾝﾗｲｽﾞ花園607,花園二丁目,4,6-607,hirosematitaisyoubo.pdf,109,high,
1197,大字古国府1326番地,花園11組の6の3 ｻﾝﾗｲｽﾞ花園608,花園二丁目,4,6-608,hirosematitaisyoubo.pdf,109,high,
1198,大字古国府1326番地,花園11組の6の4 ｻﾝﾗｲｽﾞ花園701,花園二丁目,4,6-701,hirosematitaisyoubo.pdf,109,high,
1199,大字古国府1326番地,花園11組の6の4 ｻﾝﾗｲｽﾞ花園702,花園二丁目,4,6-702,hirosematitaisyoubo.pdf,109,high,
1200,大字古国府1326番地,花園11組の6の4 ｻﾝﾗｲｽﾞ花園703,花園二丁目,4,6-703,hirosematitaisyoubo.pdf,109,high,
1201,大字古国府1326番地,花園11組の6の4 ｻﾝﾗｲｽﾞ花園705,花園二丁目,4,6-705,hirosematitaisyoubo.pdf,110,high,
1202,大字古国府1326番地,花園11組の6の4 ｻﾝﾗｲｽﾞ花園706,花園二丁目,4,6-706,hirosematitaisyoubo.pdf,110,high,
1203,大字古国府1326番地,花園11組の6の4 ｻﾝﾗｲｽﾞ花園707,花園二丁目,4,6-707,hirosematitaisyoubo.pdf,110,high,
1204,大字古国府1326番地,花園11組の6の4 ｻﾝﾗｲｽﾞ花園708,花園二丁目,4,6-708,hirosematitaisyoubo.pdf,110,high,
1205,大字古国府1326番地,花園11組の6の4 ｻﾝﾗｲｽﾞ花園801,花園二丁目,4,6-801,hirosematitaisyoubo.pdf,110,high,
1206,大字古国府1326番地,ｻﾝﾗｲｽﾞ花園801,花園二丁目,4,6-801,hirosematitaisyoubo.pdf,110,high,
1207,大字古国府1326番地,花園11組の6 ｻﾝﾗｲｽﾞ花園802,花園二丁目,4,6-802,hirosematitaisyoubo.pdf,110,high,
1208,大字古国府1326番地,花園11組の6 ｻﾝﾗｲｽﾞ花園803,花園二丁目,4,6-803,hirosematitaisyoubo.pdf,110,high,
1209,大字古国府1326番地,花園11組の6の4 ｻﾝﾗｲｽﾞ花園805,花園二丁目,4,6-805,hirosematitaisyoubo.pdf,110,high,
1210,大字古国府1326番地,花園11組の6の4 ｻﾝﾗｲｽﾞ花園806,花園二丁目,4,6-806,hirosematitaisyoubo.pdf,110,high,
1211,大字古国府1326番地,花園11組の6の4 ｻﾝﾗｲｽﾞ花園807,花園二丁目,4,6-807,hirosematitaisyoubo.pdf,110,high,
1212,大字古国府1326番地,花園11組の6の4 ｻﾝﾗｲｽﾞ花園808,花園二丁目,4,6-808,hirosematitaisyoubo.pdf,110,high,
1213,大字古国府1326番地,花園11組の6の5 ｻﾝﾗｲｽﾞ花園901,花園二丁目,4,6-901,hirosematitaisyoubo.pdf,110,high,
1214,大字古国府1326番地,花園11組の6の5 ｻﾝﾗｲｽﾞ花園902,花園二丁目,4,6-902,hirosematitaisyoubo.pdf,111,high,
1215,大字古国府1326番地,花園11組の6の5 ｻﾝﾗｲｽﾞ花園903,花園二丁目,4,6-903,hirosematitaisyoubo.pdf,111,high,
1216,大字古国府1326番地,花園11組の6 ｻﾝﾗｲｽﾞ花園905,花園二丁目,4,6-905,hirosematitaisyoubo.pdf,111,high,
1217,大字古国府1326番地,花園11組の6の5 ｻﾝﾗｲｽﾞ花園906,花園二丁目,4,6-906,hirosematitaisyoubo.pdf,111,high,
1218,大字古国府1326番地,花園11組の6の5 ｻﾝﾗｲｽﾞ花園907,花園二丁目,4,6-907,hirosematitaisyoubo.pdf,111,high,
1219,大字古国府1326番地,花園11組の6の5 ｻﾝﾗｲｽﾞ花園908,花園二丁目,4,6-908,hirosematitaisyoubo.pdf,111,high,
1220,大字古国府1326番地,花園11組の6の5 ｻﾝﾗｲｽﾞ花園1001,花園二丁目,4,6-1001,hirosematitaisyoubo.pdf,111,high,
1221,大字古国府1326番地,花園11組の6の5 ｻﾝﾗｲｽﾞ花園1002,花園二丁目,4,6-1002,hirosematitaisyoubo.pdf,111,high,
1222,大字古国府1326番地,花園11組の6の5 ｻﾝﾗｲｽﾞ花園1003,花園二丁目,4,6-1003,hirosematitaisyoubo.pdf,111,high,
1223,大字古国府1326番地,花園11組の6の5 ｻﾝﾗｲｽﾞ花園1005,花園二丁目,4,6-1005,hirosematitaisyoubo.pdf,111,high,
1224,大字古国府1326番地,花園11組の6の5 ｻﾝﾗｲｽﾞ花園1006,花園二丁目,4,6-1006,hirosematitaisyoubo.pdf,111,high,
1225,大字古国府1326番地,花園11組の6の5 ｻﾝﾗｲｽﾞ花園1007,花園二丁目,4,6-1007,hirosematitaisyoubo.pdf,111,high,
1226,大字古国府1326番地,花園11組の6の5 ｻﾝﾗｲｽﾞ花園1008,花園二丁目,4,6-1008,hirosematitaisyoubo.pdf,111,high,
1227,大字古国府1326番地,花園11組の6の5 ｻﾝﾗｲｽﾞ花園1101,花園二丁目,4,6-1101,hirosematitaisyoubo.pdf,112,high,
1228,大字古国府1326番地,花園11組の6の5 ｻﾝﾗｲｽﾞ花園1102,花園二丁目,4,6-1102,hirosematitaisyoubo.pdf,112,high,
1229,大字古国府1326番地,花園11組の6の5 ｻﾝﾗｲｽﾞ花園1103,花園二丁目,4,6-1103,hirosematitaisyoubo.pdf,112,high,
1230,大字古国府1326番地,花園11組の6の5 ｻﾝﾗｲｽﾞ花園1105,花園二丁目,4,6-1105,hirosematitaisyoubo.pdf,112,high,
1231,大字古国府1326番地,花園11組の6の5 ｻﾝﾗｲｽﾞ花園1106,花園二丁目,4,6-1106,hirosematitaisyoubo.pdf,112,high,
1232,大字古国府1326番地,花園11組の6の5 ｻﾝﾗｲｽﾞ花園1107,花園二丁目,4,6-1107,hirosematitaisyoubo.pdf,112,high,
1233,大字古国府1326番地,花園11組の6の5 ｻﾝﾗｲｽﾞ花園1108,花園二丁目,4,6-1108,hirosematitaisyoubo.pdf,112,high,
1234,大字古国府1331番地の9,花園11組の5の2 D&C･HOUSEⅡ201,花園二丁目,4,5-201,hirosematitaisyoubo.pdf,112,high,
1235,大字古国府1331番地の9,花園11組の5の2 D&C･HOUSEⅡ202,花園二丁目,4,5-202,hirosematitaisyoubo.pdf,112,high,
1236,大字古国府1331番地の9,花園11組の5の2 D&C･HOUSEⅡ203,花園二丁目,4,5-203,hirosematitaisyoubo.pdf,112,high,
1237,大字古国府1331番地の9,花園11組の5の2 D&C･HOUSEⅡ205,花園二丁目,4,5-205,hirosematitaisyoubo.pdf,112,high,
1238,大字古国府1331番地の9,花園11組の5の2 D&C･HOUSEⅡ301,花園二丁目,4,5-301,hirosematitaisyoubo.pdf,112,high,
1239,大字古国府1331番地の9,花園11組の5の2 D&C･HOUSEⅡ302,花園二丁目,4,5-302,hirosematitaisyoubo.pdf,112,high,
1240,大字古国府1331番地の9,花園11組の5の2 D&C･HOUSEⅡ303,花園二丁目,4,5-303,hirosematitaisyoubo.pdf,113,high,
1241,大字古国府1331番地の9,花園11組の5の2 D&C･HOUSEⅡ305,花園二丁目,4,5-305,hirosematitaisyoubo.pdf,113,high,
1242,大字古国府1331番地の9,花園11組の5の2 D&C･HOUSEⅡ401,花園二丁目,4,5-401,hirosematitaisyoubo.pdf,113,high,資料上2回出現
1243,大字古国府1331番地の9,花園11組の5の2 D&C･HOUSEⅡ501,花園二丁目,4,5-501,hirosematitaisyoubo.pdf,113,high,
1244,大字古国府1331番地の13,花園11組の5,花園二丁目,3,30,hirosematitaisyoubo.pdf,113,high,
1245,大字古国府1331番地の20,花園11組の5,花園二丁目,3,31,hirosematitaisyoubo.pdf,113,high,
1246,大字古国府1331番地の21,花園11組の5,花園二丁目,4,3,hirosematitaisyoubo.pdf,113,high,
1247,大字古国府1332番地の12,花園11組の5,花園二丁目,3,10,hirosematitaisyoubo.pdf,113,high,
1248,大字古国府1332番地の13,花園11組の5,花園二丁目,3,7,hirosematitaisyoubo.pdf,113,high,資料上2回出現
1249,大字古国府1332番地の14,花園11組の5,花園二丁目,3,6,hirosematitaisyoubo.pdf,113,high,
1250,大字古国府1332番地の16,花園11組の5,花園二丁目,3,2,hirosematitaisyoubo.pdf,113,high,
1251,大字古国府1332番地の21,花園11組の5,花園二丁目,3,3,hirosematitaisyoubo.pdf,114,high,
1252,大字古国府字内山1334番地の3,,花園二丁目,3,12,hirosematitaisyoubo.pdf,114,high,
1253,大字古国府1336番地の1,花園11組の5,花園二丁目,2,19,hirosematitaisyoubo.pdf,114,high,資料上2回出現
1254,大字古国府1336番地の1,,花園二丁目,2,19,hirosematitaisyoubo.pdf,114,high,
1255,大字古国府字内山1336番地の5,,花園二丁目,2,18,hirosematitaisyoubo.pdf,114,high,
1256,大字古国府1337番地の6,花園11組の5,花園二丁目,4,19,hirosematitaisyoubo.pdf,114,high,資料上2回出現
1257,大字古国府1337番地の7,花園11組の5,花園二丁目,2,7,hirosematitaisyoubo.pdf,114,high,資料上2回出現
1258,大字古国府1337番地の7,,花園二丁目,2,10,hirosematitaisyoubo.pdf,114,high,
1259,大字古国府1337番地の12,花園11組の5,花園二丁目,1,26,hirosematitaisyoubo.pdf,114,high,
1260,大字古国府字内山1337番地の15,,花園二丁目,6,46,hirosematitaisyoubo.pdf,114,high,
1261,大字古国府字内山1337-15,大分県林業会館新館1階,花園二丁目,6,46,hirosematitaisyoubo.pdf,115,high,
1262,大字古国府1337番地の20,,花園二丁目,6,51,hirosematitaisyoubo.pdf,115,high,
1263,大字古国府字内山1337番地の20,,花園二丁目,6,51,hirosematitaisyoubo.pdf,115,high,資料上5回出現
1264,大字古国府字内山1337番地20,,花園二丁目,6,51,hirosematitaisyoubo.pdf,115,high,
1265,大字古国府字内山1337番20,,花園二丁目,6,51,hirosematitaisyoubo.pdf,115,high,資料上2回出現
1266,大字古国府字内山1337-20,大分県林業会館本館4階,花園二丁目,6,51,hirosematitaisyoubo.pdf,115,high,
1267,大字古国府字内山1337-20,,花園二丁目,6,51,hirosematitaisyoubo.pdf,115,high,資料上11回出現
1268,大字古国府1337番地の24,花園11組の5,花園二丁目,1,27,hirosematitaisyoubo.pdf,116,high,
1269,大字古国府1342番地の2,花園11組の5,花園二丁目,4,17,hirosematitaisyoubo.pdf,116,high,
1270,大字古国府1342番地の4,花園11組の5,花園二丁目,3,22,hirosematitaisyoubo.pdf,116,high,
1271,大字古国府1343番地の4,花園11組の5,花園二丁目,4,13,hirosematitaisyoubo.pdf,117,high,
1272,大字古国府1343番地の6,花園11組の5,花園二丁目,3,23,hirosematitaisyoubo.pdf,117,high,
1273,大字古国府1343番地の9,花園11組の5,花園二丁目,4,15,hirosematitaisyoubo.pdf,117,high,
1274,大字古国府1343番地の19,花園11組の5,花園二丁目,4,11,hirosematitaisyoubo.pdf,117,high,
1275,大字古国府1343番地の19,花園11組の5 泉荘101,花園二丁目,4,47,hirosematitaisyoubo.pdf,117,high,
1276,大字古国府1343番地の19,花園11組の5 泉荘102,花園二丁目,4,47,hirosematitaisyoubo.pdf,117,high,
1277,大字古国府1343番地の19,花園11組の5 泉荘103,花園二丁目,4,47,hirosematitaisyoubo.pdf,117,high,
1278,大字古国府1343番地の19,花園11組の5 泉荘201,花園二丁目,4,47,hirosematitaisyoubo.pdf,117,high,
1279,大字古国府1343番地の19,泉荘201,花園二丁目,4,47,hirosematitaisyoubo.pdf,117,high,
1280,大字古国府1343番地の19,花園11組の5 泉荘202,花園二丁目,4,47,hirosematitaisyoubo.pdf,117,high,
1281,大字古国府1343番地の19,花園11組の5 泉荘203,花園二丁目,4,47,hirosematitaisyoubo.pdf,117,high,
1282,大字古国府1346番地の7,花園11組の5,花園二丁目,4,12,hirosematitaisyoubo.pdf,117,high,
1283,大字古国府1354番地,花園19組の2 ﾘﾊﾞｰｻｲﾄﾞ花園86-405,花園二丁目,5,2-405,hirosematitaisyoubo.pdf,117,high,
1284,大字古国府1354番地,花園19組の3 ﾘﾊﾞｰｻｲﾄﾞ花園86-604,花園二丁目,5,2-604,hirosematitaisyoubo.pdf,118,high,
1285,大字古国府1355番地の2,花園18組の1 ﾘﾊﾞｰｻｲﾄﾞ花園85-102,花園二丁目,5,1-102,hirosematitaisyoubo.pdf,118,high,
1286,大字古国府1355番地の2,花園18組の1 ﾘﾊﾞｰｻｲﾄﾞ花園85-103,花園二丁目,5,1-103,hirosematitaisyoubo.pdf,118,high,
1287,大字古国府1355番地の2,花園18組の1 ﾘﾊﾞｰｻｲﾄﾞ花園85-104,花園二丁目,5,1-104,hirosematitaisyoubo.pdf,118,high,
1288,大字古国府1355番地の2,花園18組の1 ﾘﾊﾞｰｻｲﾄﾞ花園85-105,花園二丁目,5,1-105,hirosematitaisyoubo.pdf,118,high,
1289,大字古国府1355番地の2,花園18組の1 ﾘﾊﾞｰｻｲﾄﾞ花園85-106,花園二丁目,5,1-106,hirosematitaisyoubo.pdf,118,high,
1290,大字古国府1355番地の2,花園18組 ﾘﾊﾞｰｻｲﾄﾞ花園85-107,花園二丁目,5,1-107,hirosematitaisyoubo.pdf,118,high,
1291,大字古国府1355番地の2,花園18組の1 ﾘﾊﾞｰｻｲﾄﾞ花園85-108,花園二丁目,5,1-108,hirosematitaisyoubo.pdf,118,high,
1292,大字古国府1355番地の2,花園18組の1 ﾘﾊﾞｰｻｲﾄﾞ花園85-109,花園二丁目,5,1-109,hirosematitaisyoubo.pdf,118,high,
1293,大字古国府1355番地の2,花園18組の1 ﾘﾊﾞｰｻｲﾄﾞ花園85-201,花園二丁目,5,1-201,hirosematitaisyoubo.pdf,118,high,
1294,大字古国府1355番地の2,花園18組の3 ﾘﾊﾞｰｻｲﾄﾞ花園85-202,花園二丁目,5,1-202,hirosematitaisyoubo.pdf,118,high,
1295,大字古国府1355番地の2,花園18組の1 ﾘﾊﾞｰｻｲﾄﾞ花園85-203,花園二丁目,5,1-203,hirosematitaisyoubo.pdf,118,high,
1296,大字古国府1355番地の2,花園18組の1 ﾘﾊﾞｰｻｲﾄﾞ花園85-204,花園二丁目,5,1-204,hirosematitaisyoubo.pdf,119,high,
1297,大字古国府1355番地の2,花園18組の1 ﾘﾊﾞｰｻｲﾄﾞ花園85-205,花園二丁目,5,1-205,hirosematitaisyoubo.pdf,119,high,
1298,大字古国府1355番地の2,花園18組の1 ﾘﾊﾞｰｻｲﾄﾞ花園85-206,花園二丁目,5,1-206,hirosematitaisyoubo.pdf,119,high,
1299,大字古国府1355番地の2,花園18組の1 ﾘﾊﾞｰｻｲﾄﾞ花園85-207,花園二丁目,5,1-207,hirosematitaisyoubo.pdf,119,high,
1300,大字古国府1355番地の2,花園18組の1 ﾘﾊﾞｰｻｲﾄﾞ花園85-208,花園二丁目,5,1-208,hirosematitaisyoubo.pdf,119,high,
1301,大字古国府1355番地の2,花園18組の1 ﾘﾊﾞｰｻｲﾄﾞ花園85-209,花園二丁目,5,1-209,hirosematitaisyoubo.pdf,119,high,
1302,大字古国府1355番地の2,花園18組の2 ﾘﾊﾞｰｻｲﾄﾞ花園85-301,花園二丁目,5,1-301,hirosematitaisyoubo.pdf,119,high,
1303,大字古国府1355番地の2,花園18組の2 ﾘﾊﾞｰｻｲﾄﾞ花園85-302,花園二丁目,5,1-302,hirosematitaisyoubo.pdf,119,high,
1304,大字古国府1355番地の2,花園18組の2 ﾘﾊﾞｰｻｲﾄﾞ花園85-303,花園二丁目,5,1-303,hirosematitaisyoubo.pdf,119,high,
1305,大字古国府1355番地の2,花園18組の2 ﾘﾊﾞｰｻｲﾄﾞ花園85-304,花園二丁目,5,1-304,hirosematitaisyoubo.pdf,119,high,
1306,大字古国府1355番地の2,花園18組の2 ﾘﾊﾞｰｻｲﾄﾞ花園85-305,花園二丁目,5,1-305,hirosematitaisyoubo.pdf,119,high,
1307,大字古国府1355番地の2,花園18組の2 ﾘﾊﾞｰｻｲﾄﾞ花園85-306,花園二丁目,5,1-306,hirosematitaisyoubo.pdf,119,high,
1308,大字古国府1355番地の2,花園18組の2 ﾘﾊﾞｰｻｲﾄﾞ花園85-307,花園二丁目,5,1-307,hirosematitaisyoubo.pdf,119,high,
1309,大字古国府1355番地の2,花園18組の2 ﾘﾊﾞｰｻｲﾄﾞ花園85-308,花園二丁目,5,1-308,hirosematitaisyoubo.pdf,120,high,資料上2回出現
1310,大字古国府1355番地の2,花園18組の2 ﾘﾊﾞｰｻｲﾄﾞ花園85-309,花園二丁目,5,1-309,hirosematitaisyoubo.pdf,120,high,
1311,大字古国府1355番地の2,花園18組 ﾘﾊﾞｰｻｲﾄﾞ花園85-401,花園二丁目,5,1-401,hirosematitaisyoubo.pdf,120,high,
1312,大字古国府1355番地の2,花園18組の2 ﾘﾊﾞｰｻｲﾄﾞ花園85-402,花園二丁目,5,1-402,hirosematitaisyoubo.pdf,120,high,
1313,大字古国府1355番地の2,花園18組の2 ﾘﾊﾞｰｻｲﾄﾞ花園85-403,花園二丁目,5,1-403,hirosematitaisyoubo.pdf,120,high,
1314,大字古国府1355番地の2,花園18組の2 ﾘﾊﾞｰｻｲﾄﾞ花園85-404,花園二丁目,5,1-404,hirosematitaisyoubo.pdf,120,high,
1315,大字古国府1355番地の2,花園18組 ﾘﾊﾞｰｻｲﾄﾞ花園85-405,花園二丁目,5,1-405,hirosematitaisyoubo.pdf,120,high,
1316,大字古国府1355番地の2,花園18組の2 ﾘﾊﾞｰｻｲﾄﾞ花園85-406,花園二丁目,5,1-406,hirosematitaisyoubo.pdf,120,high,
1317,大字古国府1355番地の2,花園18組の2 ﾘﾊﾞｰｻｲﾄﾞ花園85-407,花園二丁目,5,1-407,hirosematitaisyoubo.pdf,120,high,
1318,大字古国府1355番地の2,花園18組の2 ﾘﾊﾞｰｻｲﾄﾞ花園85-408,花園二丁目,5,1-408,hirosematitaisyoubo.pdf,120,high,
1319,大字古国府1355番地の2,花園18組の2 ﾘﾊﾞｰｻｲﾄﾞ花園85-409,花園二丁目,5,1-409,hirosematitaisyoubo.pdf,120,high,
1320,大字古国府1355番地の2,花園18組の3 ﾘﾊﾞｰｻｲﾄﾞ花園85-501,花園二丁目,5,1-501,hirosematitaisyoubo.pdf,120,high,
1321,大字古国府1355番地の2,花園18組の3 ﾘﾊﾞｰｻｲﾄﾞ花園85-502,花園二丁目,5,1-502,hirosematitaisyoubo.pdf,121,high,
1322,大字古国府1355番地の2,花園18組の3 ﾘﾊﾞｰｻｲﾄﾞ花園85-503,花園二丁目,5,1-503,hirosematitaisyoubo.pdf,121,high,
1323,大字古国府1355番地の2,花園18組の3 ﾘﾊﾞｰｻｲﾄﾞ花園85-504,花園二丁目,5,1-504,hirosematitaisyoubo.pdf,121,high,資料上2回出現
1324,大字古国府1355-2,ﾘﾊﾞｰｻｲﾄﾞ花園85-504,花園二丁目,5,1-504,hirosematitaisyoubo.pdf,121,high,
1325,大字古国府1355番地の2,花園18組の3 ﾘﾊﾞｰｻｲﾄﾞ花園85-505,花園二丁目,5,1-505,hirosematitaisyoubo.pdf,121,high,
1326,大字古国府1355番地の2,花園18組の3 ﾘﾊﾞｰｻｲﾄﾞ花園85-506,花園二丁目,5,1-506,hirosematitaisyoubo.pdf,121,high,
1327,大字古国府1355番地の2,花園18組の3 ﾘﾊﾞｰｻｲﾄﾞ花園85-507,花園二丁目,5,1-507,hirosematitaisyoubo.pdf,121,high,
1328,大字古国府1355番地の2,花園18組の3 ﾘﾊﾞｰｻｲﾄﾞ花園85-508,花園二丁目,5,1-508,hirosematitaisyoubo.pdf,121,high,
1329,大字古国府1355番地の2,花園18組の3 ﾘﾊﾞｰｻｲﾄﾞ花園85-509,花園二丁目,5,1-509,hirosematitaisyoubo.pdf,121,high,
1330,大字古国府1355番地の2,花園18組の3 ﾘﾊﾞｰｻｲﾄﾞ花園85-601,花園二丁目,5,1-601,hirosematitaisyoubo.pdf,121,high,
1331,大字古国府1355番地の2,花園18組の3 ﾘﾊﾞｰｻｲﾄﾞ花園85-602,花園二丁目,5,1-602,hirosematitaisyoubo.pdf,121,high,
1332,大字古国府1355番地の2,花園18組の3 ﾘﾊﾞｰｻｲﾄﾞ花園85-603,花園二丁目,5,1-603,hirosematitaisyoubo.pdf,121,high,
1333,大字古国府1355番地の2,花園18組の3 ﾘﾊﾞｰｻｲﾄﾞ花園85-604,花園二丁目,5,1-604,hirosematitaisyoubo.pdf,122,high,
1334,大字古国府1355番地の2,花園18組の3 ﾘﾊﾞｰｻｲﾄﾞ花園85-605,花園二丁目,5,1-605,hirosematitaisyoubo.pdf,122,high,
1335,大字古国府1355番地の2,花園18組の3 ﾘﾊﾞｰｻｲﾄﾞ花園85-606,花園二丁目,5,1-606,hirosematitaisyoubo.pdf,122,high,
1336,大字古国府1355番地の2,花園18組の3 ﾘﾊﾞｰｻｲﾄﾞ花園85-607,花園二丁目,5,1-607,hirosematitaisyoubo.pdf,122,high,
1337,大字古国府1355番地の2,花園18組の3 ﾘﾊﾞｰｻｲﾄﾞ花園85-608,花園二丁目,5,1-608,hirosematitaisyoubo.pdf,122,high,
1338,大字古国府1355番地の2,花園18組の3 ﾘﾊﾞｰｻｲﾄﾞ花園85-609,花園二丁目,5,1-609,hirosematitaisyoubo.pdf,122,high,
1339,大字古国府1355番地の2,花園18組の4 ﾘﾊﾞｰｻｲﾄﾞ花園85-701,花園二丁目,5,1-701,hirosematitaisyoubo.pdf,122,high,資料上2回出現
1340,大字古国府1355番地の2,花園18組の4 ﾘﾊﾞｰｻｲﾄﾞ花園85-702,花園二丁目,5,1-702,hirosematitaisyoubo.pdf,122,high,
1341,大字古国府1355番地の2,花園18組の4 ﾘﾊﾞｰｻｲﾄﾞ花園85-703,花園二丁目,5,1-703,hirosematitaisyoubo.pdf,122,high,
1342,大字古国府1355番地の2,花園18組の4 ﾘﾊﾞｰｻｲﾄﾞ花園85-704,花園二丁目,5,1-704,hirosematitaisyoubo.pdf,122,high,
1343,大字古国府1355番地の2,花園18組の4 ﾘﾊﾞｰｻｲﾄﾞ花園85-705,花園二丁目,5,1-705,hirosematitaisyoubo.pdf,122,high,
1344,大字古国府1355番地の2,花園18組の4 ﾘﾊﾞｰｻｲﾄﾞ花園85-706,花園二丁目,5,1-706,hirosematitaisyoubo.pdf,122,high,
1345,大字古国府1355番地の2,花園18組の4 ﾘﾊﾞｰｻｲﾄﾞ花園85-707,花園二丁目,5,1-707,hirosematitaisyoubo.pdf,123,high,
1346,大字古国府1355番地の2,花園18組の4 ﾘﾊﾞｰｻｲﾄﾞ花園85-708,花園二丁目,5,1-708,hirosematitaisyoubo.pdf,123,high,
1347,大字古国府1355番地の2,花園18組の4 ﾘﾊﾞｰｻｲﾄﾞ花園85-709,花園二丁目,5,1-709,hirosematitaisyoubo.pdf,123,high,
1348,大字古国府1355番地の2,花園18組の4 ﾘﾊﾞｰｻｲﾄﾞ花園85-801,花園二丁目,5,1-801,hirosematitaisyoubo.pdf,123,high,
1349,大字古国府1355番地の2,花園18組の4 ﾘﾊﾞｰｻｲﾄﾞ花園85-802,花園二丁目,5,1-802,hirosematitaisyoubo.pdf,123,high,資料上2回出現
1350,大字古国府1355番地の2,花園18組の4 ﾘﾊﾞｰｻｲﾄﾞ花園85-803,花園二丁目,5,1-803,hirosematitaisyoubo.pdf,123,high,
1351,大字古国府1355番地の2,花園18組の4 ﾘﾊﾞｰｻｲﾄﾞ花園85-804,花園二丁目,5,1-804,hirosematitaisyoubo.pdf,123,high,
1352,大字古国府1355番地の2,花園18組の4 ﾘﾊﾞｰｻｲﾄﾞ花園85-805,花園二丁目,5,1-805,hirosematitaisyoubo.pdf,123,high,
1353,大字古国府1355番地の2,花園18組の4 ﾘﾊﾞｰｻｲﾄﾞ花園85-806,花園二丁目,5,1-806,hirosematitaisyoubo.pdf,123,high,
1354,大字古国府1355番地の2,花園18組の4 ﾘﾊﾞｰｻｲﾄﾞ花園85-807,花園二丁目,5,1-807,hirosematitaisyoubo.pdf,123,high,
1355,大字古国府1355番地の2,花園18組の4 ﾘﾊﾞｰｻｲﾄﾞ花園85-808,花園二丁目,5,1-808,hirosematitaisyoubo.pdf,123,high,
1356,大字古国府1355番地の2,花園18組の4 ﾘﾊﾞｰｻｲﾄﾞ花園85-809,花園二丁目,5,1-809,hirosematitaisyoubo.pdf,123,high,
1357,大字古国府1355番地の2,花園18組の5 ﾘﾊﾞｰｻｲﾄﾞ花園85-901,花園二丁目,5,1-901,hirosematitaisyoubo.pdf,124,high,
1358,大字古国府1355番地の2,花園18組の5 ﾘﾊﾞｰｻｲﾄﾞ花園85-902,花園二丁目,5,1-902,hirosematitaisyoubo.pdf,124,high,
1359,大字古国府1355番地の2,花園18組の5 ﾘﾊﾞｰｻｲﾄﾞ花園85-903,花園二丁目,5,1-903,hirosematitaisyoubo.pdf,124,high,
1360,大字古国府1355番地の2,花園18組の5 ﾘﾊﾞｰｻｲﾄﾞ花園85-904,花園二丁目,5,1-904,hirosematitaisyoubo.pdf,124,high,
1361,大字古国府1355番地の2,花園18組の5 ﾘﾊﾞｰｻｲﾄﾞ花園85-905,花園二丁目,5,1-905,hirosematitaisyoubo.pdf,124,high,
1362,大字古国府1355番地の2,花園18組の5 ﾘﾊﾞｰｻｲﾄﾞ花園85-906,花園二丁目,5,1-906,hirosematitaisyoubo.pdf,124,high,
1363,大字古国府1355番地の2,花園18組の5 ﾘﾊﾞｰｻｲﾄﾞ花園85-907,花園二丁目,5,1-907,hirosematitaisyoubo.pdf,124,high,
1364,大字古国府1355番地の2,花園18組の5 ﾘﾊﾞｰｻｲﾄﾞ花園85-908,花園二丁目,5,1-908,hirosematitaisyoubo.pdf,124,high,
1365,大字古国府1355番地の2,花園18組の5 ﾘﾊﾞｰｻｲﾄﾞ花園85-909,花園二丁目,5,1-909,hirosematitaisyoubo.pdf,124,high,
1366,大字古国府1355番地の2,花園18組の5 ﾘﾊﾞｰｻｲﾄﾞ花園85-1001,花園二丁目,5,1-1001,hirosematitaisyoubo.pdf,124,high,
1367,大字古国府1355番地の2,花園18組の5 ﾘﾊﾞｰｻｲﾄﾞ花園85-1002,花園二丁目,5,1-1002,hirosematitaisyoubo.pdf,124,high,
1368,大字古国府1355番地の2,花園18組の5 ﾘﾊﾞｰｻｲﾄﾞ花園85-1003,花園二丁目,5,1-1003,hirosematitaisyoubo.pdf,124,high,
1369,大字古国府1355番地の2,花園18組の5 ﾘﾊﾞｰｻｲﾄﾞ花園85-1004,花園二丁目,5,1-1004,hirosematitaisyoubo.pdf,124,high,
1370,大字古国府1355番地の2,花園18組の5 ﾘﾊﾞｰｻｲﾄﾞ花園85-1005,花園二丁目,5,1-1005,hirosematitaisyoubo.pdf,125,high,
1371,大字古国府1355番地の2,花園18組の5 ﾘﾊﾞｰｻｲﾄﾞ花園85-1006,花園二丁目,5,1-1006,hirosematitaisyoubo.pdf,125,high,
1372,大字古国府1355番地の2,花園18組の5 ﾘﾊﾞｰｻｲﾄﾞ花園85-1007,花園二丁目,5,1-1007,hirosematitaisyoubo.pdf,125,high,
1373,大字古国府1355番地の2,花園18組の5 ﾘﾊﾞｰｻｲﾄﾞ花園85-1008,花園二丁目,5,1-1008,hirosematitaisyoubo.pdf,125,high,資料上3回出現
1374,大字古国府1355番地の2,花園18組の5 ﾘﾊﾞｰｻｲﾄﾞ花園85-1009,花園二丁目,5,1-1009,hirosematitaisyoubo.pdf,125,high,
1375,大字古国府1355番地の2,花園19組の1 ﾘﾊﾞｰｻｲﾄﾞ花園86-101,花園二丁目,5,2-101,hirosematitaisyoubo.pdf,125,high,
1376,大字古国府1355番地の2,花園18組の1 ﾘﾊﾞｰｻｲﾄﾞ花園86-102,花園二丁目,5,2-102,hirosematitaisyoubo.pdf,125,high,
1377,大字古国府1355番地の2,花園19組の1 ﾘﾊﾞｰｻｲﾄﾞ花園86-103,花園二丁目,5,2-103,hirosematitaisyoubo.pdf,125,high,
1378,大字古国府1355番地の2,花園19組の1 ﾘﾊﾞｰｻｲﾄﾞ花園86-105,花園二丁目,5,2-105,hirosematitaisyoubo.pdf,125,high,
1379,大字古国府1355番地の2,花園19組の1 ﾘﾊﾞｰｻｲﾄﾞ花園86-106,花園二丁目,5,2-106,hirosematitaisyoubo.pdf,125,high,
1380,大字古国府1355番地の2,花園19組の1 ﾘﾊﾞｰｻｲﾄﾞ花園86-107,花園二丁目,5,2-107,hirosematitaisyoubo.pdf,125,high,資料上2回出現
1381,大字古国府1355番地の2,花園19組の1 ﾘﾊﾞｰｻｲﾄﾞ花園86-108,花園二丁目,5,2-108,hirosematitaisyoubo.pdf,126,high,資料上2回出現
1382,大字古国府1355番地の2,花園19組の1 ﾘﾊﾞｰｻｲﾄﾞ花園86-201,花園二丁目,5,2-201,hirosematitaisyoubo.pdf,126,high,
1383,大字古国府1355番地の2,花園19組の1 ﾘﾊﾞｰｻｲﾄﾞ花園86-202,花園二丁目,5,2-202,hirosematitaisyoubo.pdf,126,high,
1384,大字古国府1355番地の2,花園19組の1 ﾘﾊﾞｰｻｲﾄﾞ花園86-203,花園二丁目,5,2-203,hirosematitaisyoubo.pdf,126,high,
1385,大字古国府1355番地の2,花園19組の1 ﾘﾊﾞｰｻｲﾄﾞ花園86-204,花園二丁目,5,2-204,hirosematitaisyoubo.pdf,126,high,
1386,大字古国府1355番地の2,花園19組の1 ﾘﾊﾞｰｻｲﾄﾞ花園86-205,花園二丁目,5,2-205,hirosematitaisyoubo.pdf,126,high,
1387,大字古国府1355番地の2,花園19組の1 ﾘﾊﾞｰｻｲﾄﾞ花園86-206,花園二丁目,5,2-206,hirosematitaisyoubo.pdf,126,high,
1388,大字古国府1355番地の2,花園19組の1 ﾘﾊﾞｰｻｲﾄﾞ花園86-207,花園二丁目,5,2-207,hirosematitaisyoubo.pdf,126,high,
1389,大字古国府1355番地の2,花園19組の1 ﾘﾊﾞｰｻｲﾄﾞ花園86-208,花園二丁目,5,2-208,hirosematitaisyoubo.pdf,126,high,
1390,大字古国府1355番地の2,花園19組の2 ﾘﾊﾞｰｻｲﾄﾞ花園86-301,花園二丁目,5,2-301,hirosematitaisyoubo.pdf,126,high,
1391,大字古国府1355番地の2,花園19組の2 ﾘﾊﾞｰｻｲﾄﾞ花園86-302,花園二丁目,5,2-302,hirosematitaisyoubo.pdf,126,high,
1392,大字古国府1355番地の2,花園19組の2 ﾘﾊﾞｰｻｲﾄﾞ花園86-303,花園二丁目,5,2-303,hirosematitaisyoubo.pdf,127,high,
1393,大字古国府1355番地の2,花園19組の2 ﾘﾊﾞｰｻｲﾄﾞ花園86-304,花園二丁目,5,2-304,hirosematitaisyoubo.pdf,127,high,
1394,大字古国府1355番地の2,花園19組の3 ﾘﾊﾞｰｻｲﾄﾞ花園86-305,花園二丁目,5,2-305,hirosematitaisyoubo.pdf,127,high,
1395,大字古国府1355番地の2,花園19組の2 ﾘﾊﾞｰｻｲﾄﾞ花園86-306,花園二丁目,5,2-306,hirosematitaisyoubo.pdf,127,high,
1396,大字古国府1355番地の2,花園19組の2 ﾘﾊﾞｰｻｲﾄﾞ花園86-307,花園二丁目,5,2-307,hirosematitaisyoubo.pdf,127,high,
1397,大字古国府1355番地の2,花園19組の2 ﾘﾊﾞｰｻｲﾄﾞ花園86-308,花園二丁目,5,2-308,hirosematitaisyoubo.pdf,127,high,
1398,大字古国府1355番地の2,花園19組の2 ﾘﾊﾞｰｻｲﾄﾞ花園86-401,花園二丁目,5,2-401,hirosematitaisyoubo.pdf,127,high,
1399,大字古国府1355番地の2,花園19組の2 ﾘﾊﾞｰｻｲﾄﾞ花園86-402,花園二丁目,5,2-402,hirosematitaisyoubo.pdf,127,high,
1400,大字古国府1355番地の2,花園19組の3 ﾘﾊﾞｰｻｲﾄﾞ花園86-403,花園二丁目,5,2-403,hirosematitaisyoubo.pdf,127,high,
1401,大字古国府1355番地の2,花園19組の2 ﾘﾊﾞｰｻｲﾄﾞ花園86-406,花園二丁目,5,2-406,hirosematitaisyoubo.pdf,127,high,
1402,大字古国府1355番地の2,花園19組の2 ﾘﾊﾞｰｻｲﾄﾞ花園86-407,花園二丁目,5,2-407,hirosematitaisyoubo.pdf,127,high,
1403,大字古国府1355番地の2,花園19組の2 ﾘﾊﾞｰｻｲﾄﾞ花園86-408,花園二丁目,5,2-408,hirosematitaisyoubo.pdf,127,high,
1404,大字古国府1355番地の2,花園19組の3 ﾘﾊﾞｰｻｲﾄﾞ花園86-501,花園二丁目,5,2-501,hirosematitaisyoubo.pdf,127,high,
1405,大字古国府1355番地の2,花園19組の3 ﾘﾊﾞｰｻｲﾄﾞ花園86-502,花園二丁目,5,2-502,hirosematitaisyoubo.pdf,128,high,
1406,大字古国府1355番地の2,花園19組の3 ﾘﾊﾞｰｻｲﾄﾞ花園86-503,花園二丁目,5,2-503,hirosematitaisyoubo.pdf,128,high,
1407,大字古国府1355番地の2,花園19組の3 ﾘﾊﾞｰｻｲﾄﾞ花園86-504,花園二丁目,5,2-504,hirosematitaisyoubo.pdf,128,high,
1408,大字古国府1355番地の2,花園19組の3 ﾘﾊﾞｰｻｲﾄﾞ花園86-505,花園二丁目,5,2-505,hirosematitaisyoubo.pdf,128,high,
1409,大字古国府1355番地の2,花園19組の3 ﾘﾊﾞｰｻｲﾄﾞ花園86-506,花園二丁目,5,2-506,hirosematitaisyoubo.pdf,128,high,
1410,大字古国府1355番地の2,花園19組の3 ﾘﾊﾞｰｻｲﾄﾞ花園86-507,花園二丁目,5,2-507,hirosematitaisyoubo.pdf,128,high,
1411,大字古国府1355番地の2,花園19組の3 ﾘﾊﾞｰｻｲﾄﾞ花園86-508,花園二丁目,5,2-508,hirosematitaisyoubo.pdf,128,high,
1412,大字古国府1355番地の2,花園19組の3 ﾘﾊﾞｰｻｲﾄﾞ花園86-601,花園二丁目,5,2-601,hirosematitaisyoubo.pdf,128,high,
1413,大字古国府1355番地の2,花園19組の3 ﾘﾊﾞｰｻｲﾄﾞ花園86-602,花園二丁目,5,2-602,hirosematitaisyoubo.pdf,128,high,
1414,大字古国府1355番地の2,花園19組の3 ﾘﾊﾞｰｻｲﾄﾞ花園86-603,花園二丁目,5,2-603,hirosematitaisyoubo.pdf,128,high,
1415,大字古国府1355番地の2,花園19組の3 ﾘﾊﾞｰｻｲﾄﾞ花園86-605,花園二丁目,5,2-605,hirosematitaisyoubo.pdf,128,high,
1416,大字古国府1355番地の2,花園19組の3 ﾘﾊﾞｰｻｲﾄﾞ花園86-606,花園二丁目,5,2-606,hirosematitaisyoubo.pdf,128,high,
1417,大字古国府1355番地の2,花園19組の3 ﾘﾊﾞｰｻｲﾄﾞ花園86-607,花園二丁目,5,2-607,hirosematitaisyoubo.pdf,128,high,
1418,大字古国府1355番地の2,花園19組の3 ﾘﾊﾞｰｻｲﾄﾞ花園86-608,花園二丁目,5,2-608,hirosematitaisyoubo.pdf,129,high,
1419,大字古国府1355番地の2,花園19組の4 ﾘﾊﾞｰｻｲﾄﾞ花園86-701,花園二丁目,5,2-701,hirosematitaisyoubo.pdf,129,high,
1420,大字古国府1355番地の2,花園19組の4 ﾘﾊﾞｰｻｲﾄﾞ花園86-702,花園二丁目,5,2-702,hirosematitaisyoubo.pdf,129,high,
1421,大字古国府1355番地の2,花園19組の4 ﾘﾊﾞｰｻｲﾄﾞ花園86-703,花園二丁目,5,2-703,hirosematitaisyoubo.pdf,129,high,
1422,大字古国府1355番地の2,花園19組の4 ﾘﾊﾞｰｻｲﾄﾞ花園86-705,花園二丁目,5,2-705,hirosematitaisyoubo.pdf,129,high,
1423,大字古国府1355番地の2,花園19組の4 ﾘﾊﾞｰｻｲﾄﾞ花園86-706,花園二丁目,5,2-706,hirosematitaisyoubo.pdf,129,high,
1424,大字古国府1355番地の2,花園19組の4 ﾘﾊﾞｰｻｲﾄﾞ花園86-707,花園二丁目,5,2-707,hirosematitaisyoubo.pdf,129,high,
1425,大字古国府1355番地の2,花園19組の4 ﾘﾊﾞｰｻｲﾄﾞ花園86-708,花園二丁目,5,2-708,hirosematitaisyoubo.pdf,129,high,
1426,大字古国府1355番地の2,花園19組の4 ﾘﾊﾞｰｻｲﾄﾞ花園86-801,花園二丁目,5,2-801,hirosematitaisyoubo.pdf,129,high,
1427,大字古国府1355番地の2,花園19組の4 ﾘﾊﾞｰｻｲﾄﾞ花園86-802,花園二丁目,5,2-802,hirosematitaisyoubo.pdf,129,high,
1428,大字古国府1355番地の2,花園19組の4 ﾘﾊﾞｰｻｲﾄﾞ花園86-803,花園二丁目,5,2-803,hirosematitaisyoubo.pdf,129,high,資料上2回出現
1429,大字古国府1355番地の2,花園19組の4 ﾘﾊﾞｰｻｲﾄﾞ花園86-804,花園二丁目,5,2-804,hirosematitaisyoubo.pdf,129,high,
1430,大字古国府1355番地の2,花園19組の4 ﾘﾊﾞｰｻｲﾄﾞ花園86-805,花園二丁目,5,2-805,hirosematitaisyoubo.pdf,130,high,
1431,大字古国府1355番地の2,花園19組の4 ﾘﾊﾞｰｻｲﾄﾞ花園86-806,花園二丁目,5,2-806,hirosematitaisyoubo.pdf,130,high,
1432,大字古国府1355番地の2,花園19組の4 ﾘﾊﾞｰｻｲﾄﾞ花園86-807,花園二丁目,5,2-807,hirosematitaisyoubo.pdf,130,high,
1433,大字古国府1355番地の2,花園19組の4 ﾘﾊﾞｰｻｲﾄﾞ花園86-808,花園二丁目,5,2-808,hirosematitaisyoubo.pdf,130,high,資料上2回出現
1434,大字古国府1355番地の2,花園19組の5 ﾘﾊﾞｰｻｲﾄﾞ花園86-901,花園二丁目,5,2-901,hirosematitaisyoubo.pdf,130,high,
1435,大字古国府1355番地の2,花園19組の5 ﾘﾊﾞｰｻｲﾄﾞ花園86-902,花園二丁目,5,2-902,hirosematitaisyoubo.pdf,130,high,
1436,大字古国府1355番地の2,花園19組の5 ﾘﾊﾞｰｻｲﾄﾞ花園86-903,花園二丁目,5,2-903,hirosematitaisyoubo.pdf,130,high,
1437,大字古国府1355番地の2,花園19組の5 ﾘﾊﾞｰｻｲﾄﾞ花園86-904,花園二丁目,5,2-904,hirosematitaisyoubo.pdf,130,high,
1438,大字古国府1355番地の2,花園19組の5 ﾘﾊﾞｰｻｲﾄﾞ花園86-905,花園二丁目,5,2-905,hirosematitaisyoubo.pdf,130,high,
1439,大字古国府1355番地の2,花園19組の5 ﾘﾊﾞｰｻｲﾄﾞ花園86-906,花園二丁目,5,2-906,hirosematitaisyoubo.pdf,130,high,
1440,大字古国府1355番地の2,花園19組の5 ﾘﾊﾞｰｻｲﾄﾞ花園86-907,花園二丁目,5,2-907,hirosematitaisyoubo.pdf,130,high,
1441,大字古国府1355番地の2,花園19組の5 ﾘﾊﾞｰｻｲﾄﾞ花園86-908,花園二丁目,5,2-908,hirosematitaisyoubo.pdf,130,high,
1442,大字古国府1355番地の2,花園19組の5 ﾘﾊﾞｰｻｲﾄﾞ花園86-1001,花園二丁目,5,2-1001,hirosematitaisyoubo.pdf,131,high,
1443,大字古国府1355番地の2,花園19組の5 ﾘﾊﾞｰｻｲﾄﾞ花園86-1002,花園二丁目,5,2-1002,hirosematitaisyoubo.pdf,131,high,
1444,大字古国府1355番地の2,花園19組の5 ﾘﾊﾞｰｻｲﾄﾞ花園86-1003,花園二丁目,5,2-1003,hirosematitaisyoubo.pdf,131,high,
1445,大字古国府1355番地の2,花園19組の5 ﾘﾊﾞｰｻｲﾄﾞ花園86-1005,花園二丁目,5,2-1005,hirosematitaisyoubo.pdf,131,high,
1446,大字古国府1355番地の2,花園19組の5 ﾘﾊﾞｰｻｲﾄﾞ花園86-1006,花園二丁目,5,2-1006,hirosematitaisyoubo.pdf,131,high,
1447,大字古国府1355番地の2,花園19組の5 ﾘﾊﾞｰｻｲﾄﾞ花園86-1007,花園二丁目,5,2-1007,hirosematitaisyoubo.pdf,131,high,
1448,大字古国府1355番地の2,花園19組の5 ﾘﾊﾞｰｻｲﾄﾞ花園86-1008,花園二丁目,5,2-1008,hirosematitaisyoubo.pdf,131,high,
1449,大字古国府1355番地の2,花園19組の6 ﾘﾊﾞｰｻｲﾄﾞ花園86-1101,花園二丁目,5,2-1101,hirosematitaisyoubo.pdf,131,high,
1450,大字古国府1355番地の2,花園19組の6 ﾘﾊﾞｰｻｲﾄﾞ花園86-1102,花園二丁目,5,2-1102,hirosematitaisyoubo.pdf,131,high,
1451,大字古国府1355番地の2,花園19組の6 ﾘﾊﾞｰｻｲﾄﾞ花園86-1103,花園二丁目,5,2-1103,hirosematitaisyoubo.pdf,131,high,
1452,大字古国府1355番地の2,花園19組の6 ﾘﾊﾞｰｻｲﾄﾞ花園86-1104,花園二丁目,5,2-1104,hirosematitaisyoubo.pdf,131,high,
1453,大字古国府1355番地の2,花園19組の6 ﾘﾊﾞｰｻｲﾄﾞ花園86-1105,花園二丁目,5,2-1105,hirosematitaisyoubo.pdf,131,high,
1454,大字古国府1355番地の2,花園19組の6 ﾘﾊﾞｰｻｲﾄﾞ花園86-1106,花園二丁目,5,2-1106,hirosematitaisyoubo.pdf,132,high,
1455,大字古国府1355番地の2,花園19組の6 ﾘﾊﾞｰｻｲﾄﾞ花園86-1107,花園二丁目,5,2-1107,hirosematitaisyoubo.pdf,132,high,
1456,大字古国府1355番地の2,花園19組の6 ﾘﾊﾞｰｻｲﾄﾞ花園86-1108,花園二丁目,5,2-1108,hirosematitaisyoubo.pdf,132,high,
1457,大字古国府1355番地の2,花園19組の6 ﾘﾊﾞｰｻｲﾄﾞ花園86-1201,花園二丁目,5,2-1201,hirosematitaisyoubo.pdf,132,high,
1458,大字古国府1355番地の2,花園19組の6 ﾘﾊﾞｰｻｲﾄﾞ花園86-1202,花園二丁目,5,2-1202,hirosematitaisyoubo.pdf,132,high,
1459,大字古国府1355番地の2,花園19組の6 ﾘﾊﾞｰｻｲﾄﾞ花園86-1203,花園二丁目,5,2-1203,hirosematitaisyoubo.pdf,132,high,
1460,大字古国府1355番地の2,花園19組の6 ﾘﾊﾞｰｻｲﾄﾞ花園86-1205,花園二丁目,5,2-1205,hirosematitaisyoubo.pdf,132,high,
1461,大字古国府1355番地の2,花園19組の6 ﾘﾊﾞｰｻｲﾄﾞ花園86-1206,花園二丁目,5,2-1206,hirosematitaisyoubo.pdf,132,high,
1462,大字古国府1355番地の2,花園19組の6 ﾘﾊﾞｰｻｲﾄﾞ花園86-1207,花園二丁目,5,2-1207,hirosematitaisyoubo.pdf,132,high,
1463,大字古国府1355番地の2,花園19組の6 ﾘﾊﾞｰｻｲﾄﾞ花園86-1208,花園二丁目,5,2-1208,hirosematitaisyoubo.pdf,132,high,
1464,大字古国府1355番地の6,花園20組 ｱﾄﾞﾊﾞﾝｽ古国府101,花園二丁目,10,61-101,hirosematitaisyoubo.pdf,132,high,
1465,大字古国府1355番地の6,花園20組 ｱﾄﾞﾊﾞﾝｽ古国府102,花園二丁目,10,61-102,hirosematitaisyoubo.pdf,132,high,
1466,大字古国府1355番地の6,花園20組 ｱﾄﾞﾊﾞﾝｽ古国府103,花園二丁目,10,61-103,hirosematitaisyoubo.pdf,132,high,
1467,大字古国府1355番地の6,花園20組 ｱﾄﾞﾊﾞﾝｽ古国府104,花園二丁目,10,61-104,hirosematitaisyoubo.pdf,133,high,
1468,大字古国府1355番地の6,花園20組 ｱﾄﾞﾊﾞﾝｽ古国府105,花園二丁目,10,61-105,hirosematitaisyoubo.pdf,133,high,資料上2回出現
1469,大字古国府1355番地の6,花園20組 ｱﾄﾞﾊﾞﾝｽ古国府106,花園二丁目,10,61-106,hirosematitaisyoubo.pdf,133,high,資料上2回出現
1470,大字古国府1355番地の6,花園20組 ｱﾄﾞﾊﾞﾝｽ古国府107,花園二丁目,10,61-107,hirosematitaisyoubo.pdf,133,high,
1471,大字古国府1355番地の6,花園20組 ｱﾄﾞﾊﾞﾝｽ古国府108,花園二丁目,10,61-108,hirosematitaisyoubo.pdf,133,high,
1472,大字古国府1355番地の6,花園20組 ｱﾄﾞﾊﾞﾝｽ古国府201,花園二丁目,10,61-201,hirosematitaisyoubo.pdf,133,high,
1473,大字古国府1355番地の6,花園20組 ｱﾄﾞﾊﾞﾝｽ古国府202,花園二丁目,10,61-202,hirosematitaisyoubo.pdf,133,high,資料上2回出現
1474,大字古国府1355番地の6,花園20組 ｱﾄﾞﾊﾞﾝｽ古国府203,花園二丁目,10,61-203,hirosematitaisyoubo.pdf,133,high,
1475,大字古国府1355番地の6,花園20組 ｱﾄﾞﾊﾞﾝｽ古国府204,花園二丁目,10,61-204,hirosematitaisyoubo.pdf,133,high,
1476,大字古国府1355番地の6,花園20組 ｱﾄﾞﾊﾞﾝｽ古国府205,花園二丁目,10,61-205,hirosematitaisyoubo.pdf,133,high,
1477,大字古国府1355番地の6,花園20組 ｱﾄﾞﾊﾞﾝｽ古国府206,花園二丁目,10,61-206,hirosematitaisyoubo.pdf,134,high,
1478,大字古国府1355番地の6,花園20組 ｱﾄﾞﾊﾞﾝｽ古国府207,花園二丁目,10,61-207,hirosematitaisyoubo.pdf,134,high,
1479,大字古国府1355番地の6,花園20組 ｱﾄﾞﾊﾞﾝｽ古国府208,花園二丁目,10,61-208,hirosematitaisyoubo.pdf,134,high,
1480,大字古国府1355番地の6,花園20組 ｱﾄﾞﾊﾞﾝｽ古国府301,花園二丁目,10,61-301,hirosematitaisyoubo.pdf,134,high,
1481,大字古国府1355番地の6,花園20組 ｱﾄﾞﾊﾞﾝｽ古国府302,花園二丁目,10,61-302,hirosematitaisyoubo.pdf,134,high,
1482,大字古国府1355番地の6,花園20組 ｱﾄﾞﾊﾞﾝｽ古国府303,花園二丁目,10,61-303,hirosematitaisyoubo.pdf,134,high,
1483,大字古国府1355番地の6,花園20組 ｱﾄﾞﾊﾞﾝｽ古国府304,花園二丁目,10,61-304,hirosematitaisyoubo.pdf,134,high,資料上2回出現
1484,大字古国府1355番地の6,花園20組 ｱﾄﾞﾊﾞﾝｽ古国府305,花園二丁目,10,61-305,hirosematitaisyoubo.pdf,134,high,
1485,大字古国府1355番地の6,花園20組 ｱﾄﾞﾊﾞﾝｽ古国府306,花園二丁目,10,61-306,hirosematitaisyoubo.pdf,134,high,
1486,大字古国府1355番地の6,花園20組 ｱﾄﾞﾊﾞﾝｽ古国府307,花園二丁目,10,61-307,hirosematitaisyoubo.pdf,134,high,
1487,大字古国府1355番地の6,花園20組 ｱﾄﾞﾊﾞﾝｽ古国府308,花園二丁目,10,61-308,hirosematitaisyoubo.pdf,134,high,
1488,大字古国府1355番地の6,花園20組 ｱﾄﾞﾊﾞﾝｽ古国府401,花園二丁目,10,61-401,hirosematitaisyoubo.pdf,134,high,
1489,大字古国府1355番地の6,花園20組 ｱﾄﾞﾊﾞﾝｽ古国府402,花園二丁目,10,61-402,hirosematitaisyoubo.pdf,135,high,
1490,大字古国府1355番地の6,花園20組 ｱﾄﾞﾊﾞﾝｽ古国府403,花園二丁目,10,61-403,hirosematitaisyoubo.pdf,135,high,
1491,大字古国府1355番地の6,花園20組 ｱﾄﾞﾊﾞﾝｽ古国府404,花園二丁目,10,61-404,hirosematitaisyoubo.pdf,135,high,
1492,大字古国府1355番地の6,花園20組 ｱﾄﾞﾊﾞﾝｽ古国府405,花園二丁目,10,61-405,hirosematitaisyoubo.pdf,135,high,
1493,大字古国府1355番地の6,花園20組 ｱﾄﾞﾊﾞﾝｽ古国府406,花園二丁目,10,61-406,hirosematitaisyoubo.pdf,135,high,
1494,大字古国府1355番地の6,花園20組 ｱﾄﾞﾊﾞﾝｽ古国府407,花園二丁目,10,61-407,hirosematitaisyoubo.pdf,135,high,資料上3回出現
1495,大字古国府1355番地の6,花園20組 ｱﾄﾞﾊﾞﾝｽ古国府408,花園二丁目,10,61-408,hirosematitaisyoubo.pdf,135,high,
1496,大字古国府1355番地の6,花園20組 ｱﾄﾞﾊﾞﾝｽ古国府501,花園二丁目,10,61-501,hirosematitaisyoubo.pdf,135,high,
1497,大字古国府1355番地の6,花園20組 ｱﾄﾞﾊﾞﾝｽ古国府502,花園二丁目,10,61-502,hirosematitaisyoubo.pdf,135,high,
1498,大字古国府1355番地の6,花園20組 ｱﾄﾞﾊﾞﾝｽ古国府503,花園二丁目,10,61-503,hirosematitaisyoubo.pdf,135,high,資料上2回出現
1499,大字古国府1355番地の6,花園20組 ｱﾄﾞﾊﾞﾝｽ古国府504,花園二丁目,10,61-504,hirosematitaisyoubo.pdf,136,high,
1500,大字古国府1355番地の6,花園20組 ｱﾄﾞﾊﾞﾝｽ古国府505,花園二丁目,10,61-505,hirosematitaisyoubo.pdf,136,high,
1501,大字古国府1355番地の6,花園20組 ｱﾄﾞﾊﾞﾝｽ古国府506,花園二丁目,10,61-506,hirosematitaisyoubo.pdf,136,high,
1502,大字古国府1355番地の6,花園20組 ｱﾄﾞﾊﾞﾝｽ古国府507,花園二丁目,10,61-507,hirosematitaisyoubo.pdf,136,high,
1503,大字古国府1355番地の6,花園20組 ｱﾄﾞﾊﾞﾝｽ古国府508,花園二丁目,10,61-508,hirosematitaisyoubo.pdf,136,high,
1504,大字古国府1377-1,,花園二丁目,10,58,hirosematitaisyoubo.pdf,136,high,
1505,大字古国府1383番地の1,花園17組の4 ﾒｿﾞﾝ･ｼｬｶﾞｰﾙ202,花園二丁目,11,26-202,hirosematitaisyoubo.pdf,136,high,
1506,大字古国府1383番地の1,花園17組の4 ﾒｿﾞﾝ･ｼｬｶﾞｰﾙ301,花園二丁目,11,26-301,hirosematitaisyoubo.pdf,136,high,
1507,大字古国府1383番地の1,花園17組の4 ﾒｿﾞﾝ･ｼｬｶﾞｰﾙ302,花園二丁目,11,26-302,hirosematitaisyoubo.pdf,136,high,
1508,大字古国府1383番地の1,花園17組の4 ﾒｿﾞﾝ･ｼｬｶﾞｰﾙ401,花園二丁目,11,26-401,hirosematitaisyoubo.pdf,136,high,資料上2回出現
1509,大字古国府1383番地の1,花園17組の4 ﾒｿﾞﾝ･ｼｬｶﾞｰﾙ402,花園二丁目,11,26-402,hirosematitaisyoubo.pdf,137,high,
1510,大字古国府1383番地の1,花園17組の4 ﾒｿﾞﾝ･ｼｬｶﾞｰﾙ501,花園二丁目,11,26-501,hirosematitaisyoubo.pdf,137,high,
1511,大字古国府1383番地の1,花園17組の4 ﾒｿﾞﾝ･ｼｬｶﾞｰﾙ502,花園二丁目,11,26-502,hirosematitaisyoubo.pdf,137,high,
1512,大字古国府1383番地の1,花園17組の4 ﾒｿﾞﾝ･ｼｬｶﾞｰﾙ601,花園二丁目,11,26-601,hirosematitaisyoubo.pdf,137,high,
1513,大字古国府1383番地の1,花園17組の4 ﾒｿﾞﾝ･ｼｬｶﾞｰﾙ602,花園二丁目,11,26-602,hirosematitaisyoubo.pdf,137,high,
1514,大字古国府1383番地の1,花園17組の4 ﾒｿﾞﾝ･ｼｬｶﾞｰﾙ701,花園二丁目,11,26-701,hirosematitaisyoubo.pdf,137,high,
1515,大字古国府1383番地の1,花園17組の4 ﾒｿﾞﾝ･ｼｬｶﾞｰﾙ702,花園二丁目,11,26-702,hirosematitaisyoubo.pdf,137,high,
1516,大字古国府1383番地の1,花園17組の4 ﾒｿﾞﾝ･ｼｬｶﾞｰﾙ801,花園二丁目,11,26-801,hirosematitaisyoubo.pdf,137,high,
1517,大字古国府1383番地の1,花園17組の4 ﾒｿﾞﾝ･ｼｬｶﾞｰﾙ802,花園二丁目,11,26-802,hirosematitaisyoubo.pdf,137,high,
1518,大字古国府1383番地の1,花園17組の4 ﾒｿﾞﾝ･ｼｬｶﾞｰﾙ901,花園二丁目,11,26-901,hirosematitaisyoubo.pdf,137,high,
1519,大字古国府1383番地の1,花園17組の4 ﾒｿﾞﾝ･ｼｬｶﾞｰﾙ902,花園二丁目,11,26-902,hirosematitaisyoubo.pdf,137,high,
1520,大字古国府1383番地の1,花園17組の4 ﾒｿﾞﾝ･ｼｬｶﾞｰﾙ1001,花園二丁目,11,26-1001,hirosematitaisyoubo.pdf,137,high,
1521,大字古国府1383番地の1,花園17組の4 ﾒｿﾞﾝ･ｼｬｶﾞｰﾙ1002,花園二丁目,11,26-1002,hirosematitaisyoubo.pdf,137,high,
1522,大字古国府1383番地の1,花園17組の4 ﾒｿﾞﾝ･ｼｬｶﾞｰﾙ1101,花園二丁目,11,26-1101,hirosematitaisyoubo.pdf,138,high,
1523,大字古国府1383番地の1,花園17組の4 ﾒｿﾞﾝ･ｼｬｶﾞｰﾙ1102,花園二丁目,11,26-1102,hirosematitaisyoubo.pdf,138,high,資料上3回出現
1524,大字古国府1383番地の1,花園17組の4 ﾒｿﾞﾝ･ｼｬｶﾞｰﾙ1201,花園二丁目,11,26-1201,hirosematitaisyoubo.pdf,138,high,
1525,大字古国府1383番地の1,花園17組の4 ﾒｿﾞﾝ･ｼｬｶﾞｰﾙ1202,花園二丁目,11,26-1202,hirosematitaisyoubo.pdf,138,high,
1526,大字古国府1383番地の1,花園17組の4 ﾒｿﾞﾝ･ｼｬｶﾞｰﾙ1301,花園二丁目,11,26-1301,hirosematitaisyoubo.pdf,138,high,
1527,大字古国府1383番地の1,花園17組の4 ﾒｿﾞﾝ･ｼｬｶﾞｰﾙ1302,花園二丁目,11,26-1302,hirosematitaisyoubo.pdf,138,high,
1528,大字古国府1386-1,,花園二丁目,11,33,hirosematitaisyoubo.pdf,138,high,
1529,大字古国府字上河原1395番地の5,,花園二丁目,11,42,hirosematitaisyoubo.pdf,138,high,資料上9回出現
1530,大字古国府1402番地の1,花園17組,花園二丁目,11,44,hirosematitaisyoubo.pdf,139,high,
1531,大字古国府1402番地の1,花園17組,花園二丁目,11,45,hirosematitaisyoubo.pdf,139,high,
1532,大字古国府1402番地の9,花園17組,花園二丁目,11,46,hirosematitaisyoubo.pdf,139,high,
1533,大字古国府1405番地の1,花園17組の8 ﾚｵﾈｸｽﾄﾃﾞｨﾗｲﾄⅢ101,花園二丁目,11,50,hirosematitaisyoubo.pdf,139,high,
1534,大字古国府1405番地の1,花園17組の8 ﾚｵﾈｸｽﾄﾃﾞｨﾗｲﾄⅢ102,花園二丁目,11,50,hirosematitaisyoubo.pdf,139,high,
1535,大字古国府1405番地の1,花園17組の8 ﾚｵﾈｸｽﾄﾃﾞｨﾗｲﾄⅢ103,花園二丁目,11,50,hirosematitaisyoubo.pdf,139,high,
1536,大字古国府1405番地の1,花園17組の8 ﾚｵﾈｸｽﾄﾃﾞｨﾗｲﾄⅢ104,花園二丁目,11,50,hirosematitaisyoubo.pdf,139,high,
1537,大字古国府1405番地の1,花園17組の8 ﾚｵﾈｸｽﾄﾃﾞｨﾗｲﾄⅢ105,花園二丁目,11,50,hirosematitaisyoubo.pdf,140,high,
1538,大字古国府1405番地の1,花園17組の8 ﾚｵﾈｸｽﾄﾃﾞｨﾗｲﾄⅢ106,花園二丁目,11,50,hirosematitaisyoubo.pdf,140,high,
1539,大字古国府1405番地の1,花園17組の8 ﾚｵﾈｸｽﾄﾃﾞｨﾗｲﾄⅢ107,花園二丁目,11,50,hirosematitaisyoubo.pdf,140,high,
1540,大字古国府1405番地の1,花園17組の8 ﾚｵﾈｸｽﾄﾃﾞｨﾗｲﾄⅢ108,花園二丁目,11,50,hirosematitaisyoubo.pdf,140,high,
1541,大字古国府1405番地の1,花園17組の8 ﾚｵﾈｸｽﾄﾃﾞｨﾗｲﾄⅢ109,花園二丁目,11,50,hirosematitaisyoubo.pdf,140,high,
1542,大字古国府1405番地の1,花園17組の8 ﾚｵﾈｸｽﾄﾃﾞｨﾗｲﾄⅢ110,花園二丁目,11,50,hirosematitaisyoubo.pdf,140,high,
1543,大字古国府1405番地の1,花園17組の8 ﾚｵﾈｸｽﾄﾃﾞｨﾗｲﾄⅢ201,花園二丁目,11,50,hirosematitaisyoubo.pdf,140,high,
1544,大字古国府1405番地の1,花園17組の8 ﾚｵﾈｸｽﾄﾃﾞｨﾗｲﾄⅢ202,花園二丁目,11,50,hirosematitaisyoubo.pdf,140,high,
1545,大字古国府1405番地の1,花園17組の8 ﾚｵﾈｸｽﾄﾃﾞｨﾗｲﾄⅢ203,花園二丁目,11,50,hirosematitaisyoubo.pdf,140,high,
1546,大字古国府1405番地の1,花園17組の8 ﾚｵﾈｸｽﾄﾃﾞｨﾗｲﾄⅢ204,花園二丁目,11,50,hirosematitaisyoubo.pdf,140,high,
1547,大字古国府1405番地の1,花園17組の8 ﾚｵﾈｸｽﾄﾃﾞｨﾗｲﾄⅢ205,花園二丁目,11,50,hirosematitaisyoubo.pdf,140,high,
1548,大字古国府1405番地の1,花園17組の8 ﾚｵﾈｸｽﾄﾃﾞｨﾗｲﾄⅢ206,花園二丁目,11,50,hirosematitaisyoubo.pdf,140,high,
1549,大字古国府1405番地の1,花園17組の8 ﾚｵﾈｸｽﾄﾃﾞｨﾗｲﾄⅢ207,花園二丁目,11,50,hirosematitaisyoubo.pdf,140,high,
1550,大字古国府1405番地の1,花園17組の8 ﾚｵﾈｸｽﾄﾃﾞｨﾗｲﾄⅢ208,花園二丁目,11,50,hirosematitaisyoubo.pdf,141,high,
1551,大字古国府1405番地の1,花園17組の8 ﾚｵﾈｸｽﾄﾃﾞｨﾗｲﾄⅢ209,花園二丁目,11,50,hirosematitaisyoubo.pdf,141,high,
1552,大字古国府1405番地の1,花園17組の8 ﾚｵﾈｸｽﾄﾃﾞｨﾗｲﾄⅢ210,花園二丁目,11,50,hirosematitaisyoubo.pdf,141,high,
1553,大字古国府1407,,花園二丁目,11,52,hirosematitaisyoubo.pdf,141,high,
1554,大字古国府1408番地の8,花園21組,花園二丁目,11,62,hirosematitaisyoubo.pdf,141,high,
1555,大字古国府1408番地の11,花園21組,花園二丁目,11,65,hirosematitaisyoubo.pdf,141,high,
1556,大字古国府1408番地の13,花園21組,花園二丁目,11,68,hirosematitaisyoubo.pdf,141,high,
1557,大字古国府1408番地の14,花園21組,花園二丁目,11,69,hirosematitaisyoubo.pdf,141,high,
1558,大字古国府1408番地の15,花園21組,花園二丁目,11,70,hirosematitaisyoubo.pdf,141,high,
1559,大字古国府1408番地の16,花園21組,花園二丁目,11,71,hirosematitaisyoubo.pdf,141,high,
1560,大字古国府1408番地の17,花園21組,花園二丁目,11,73,hirosematitaisyoubo.pdf,141,high,
1561,大字古国府1408番地の21,花園21組,花園二丁目,11,66,hirosematitaisyoubo.pdf,141,high,
1562,大字古国府1408番地の22,花園21組,花園二丁目,11,67,hirosematitaisyoubo.pdf,141,high,
1563,大字古国府1408番地の23,花園21組,花園二丁目,11,63,hirosematitaisyoubo.pdf,142,high,
1564,大字古国府1408番地の24,花園21組,花園二丁目,11,64,hirosematitaisyoubo.pdf,142,high,
1565,大字古国府1411番地の1,花園17組の2 ﾘﾊﾞｰｻｲﾄﾞはなぞの201,花園二丁目,11,51-201,hirosematitaisyoubo.pdf,142,high,
1566,大字古国府1411番地の1,花園17組の2 ﾘﾊﾞｰｻｲﾄﾞはなぞの202,花園二丁目,11,51-202,hirosematitaisyoubo.pdf,142,high,資料上2回出現
1567,大字古国府1411番地の1,花園17組の2 ﾘﾊﾞｰｻｲﾄﾞはなぞの203,花園二丁目,11,51-203,hirosematitaisyoubo.pdf,142,high,
1568,大字古国府1411番地の1,花園17組の2 ﾘﾊﾞｰｻｲﾄﾞはなぞの204,花園二丁目,11,51-204,hirosematitaisyoubo.pdf,142,high,
1569,大字古国府1411番地の1,花園17組の2 ﾘﾊﾞｰｻｲﾄﾞはなぞの301,花園二丁目,11,51-301,hirosematitaisyoubo.pdf,142,high,資料上2回出現
1570,大字古国府1411番地の1,,花園二丁目,11,51-301,hirosematitaisyoubo.pdf,142,high,
1571,大字古国府1411番地の1,花園17組の2 ﾘﾊﾞｰｻｲﾄﾞはなぞの302,花園二丁目,11,51-302,hirosematitaisyoubo.pdf,142,high,
1572,大字古国府1411番地の1,花園17組の2 ﾘﾊﾞｰｻｲﾄﾞはなぞの303,花園二丁目,11,51-303,hirosematitaisyoubo.pdf,142,high,
1573,大字古国府1411番地の1,花園17組の2 ﾘﾊﾞｰｻｲﾄﾞはなぞの304,花園二丁目,11,51-304,hirosematitaisyoubo.pdf,142,high,
1574,大字古国府1411番地の1,花園17組の2 ﾘﾊﾞｰｻｲﾄﾞはなぞの401,花園二丁目,11,51-401,hirosematitaisyoubo.pdf,143,high,
1575,大字古国府1411番地の1,花園17組の2 ﾘﾊﾞｰｻｲﾄﾞはなぞの402,花園二丁目,11,51-402,hirosematitaisyoubo.pdf,143,high,
1576,大字古国府1411番地の1,花園17組の2 ﾘﾊﾞｰｻｲﾄﾞはなぞの403,花園二丁目,11,51-403,hirosematitaisyoubo.pdf,143,high,
1577,大字古国府1411番地の1,花園17組の2 ﾘﾊﾞｰｻｲﾄﾞはなぞの404,花園二丁目,11,51-404,hirosematitaisyoubo.pdf,143,high,
1578,大字古国府1411番地の1,花園17組の2 ﾘﾊﾞｰｻｲﾄﾞはなぞの501,花園二丁目,11,51-501,hirosematitaisyoubo.pdf,143,high,
1579,大字古国府1411番地の1,花園17組の2 ﾘﾊﾞｰｻｲﾄﾞはなぞの502,花園二丁目,11,51-502,hirosematitaisyoubo.pdf,143,high,
1580,大字古国府1411番地の1,花園17組の2 ﾘﾊﾞｰｻｲﾄﾞはなぞの503,花園二丁目,11,51-503,hirosematitaisyoubo.pdf,143,high,
1581,大字古国府1411番地の1,花園17組の2 ﾘﾊﾞｰｻｲﾄﾞはなぞの504,花園二丁目,11,51-504,hirosematitaisyoubo.pdf,143,high,
1582,大字古国府1411番地の1,花園17組の2 ﾘﾊﾞｰｻｲﾄﾞはなぞの601,花園二丁目,11,51-601,hirosematitaisyoubo.pdf,143,high,資料上2回出現
1583,大字古国府1411番地の1,花園17組の2 ﾘﾊﾞｰｻｲﾄﾞはなぞの602,花園二丁目,11,51-602,hirosematitaisyoubo.pdf,143,high,
1584,大字古国府1411番地の1,花園17組の2 ﾘﾊﾞｰｻｲﾄﾞはなぞの603,花園二丁目,11,51-603,hirosematitaisyoubo.pdf,143,high,
1585,大字古国府1411番地の1,花園17組の2 ﾘﾊﾞｰｻｲﾄﾞはなぞの604,花園二丁目,11,51-604,hirosematitaisyoubo.pdf,143,high,
1586,大字古国府1411番地の1,花園17組の3 ﾘﾊﾞｰｻｲﾄﾞはなぞの701,花園二丁目,11,51-701,hirosematitaisyoubo.pdf,144,high,
1587,大字古国府1411番地の1,花園17組の3 ﾘﾊﾞｰｻｲﾄﾞはなぞの702,花園二丁目,11,51-702,hirosematitaisyoubo.pdf,144,high,
1588,大字古国府1411番地の1,花園17組の3 ﾘﾊﾞｰｻｲﾄﾞはなぞの703,花園二丁目,11,51-703,hirosematitaisyoubo.pdf,144,high,資料上2回出現
1589,大字古国府1411番地の1,花園17組の3 ﾘﾊﾞｰｻｲﾄﾞはなぞの704,花園二丁目,11,51-704,hirosematitaisyoubo.pdf,144,high,
1590,大字古国府1411番地の1,花園17組の3 ﾘﾊﾞｰｻｲﾄﾞはなぞの801,花園二丁目,11,51-801,hirosematitaisyoubo.pdf,144,high,資料上2回出現
1591,大字古国府1411番地の1,花園17組の3 ﾘﾊﾞｰｻｲﾄﾞはなぞの802,花園二丁目,11,51-802,hirosematitaisyoubo.pdf,144,high,
1592,大字古国府1411番地の1,花園17組の3 ﾘﾊﾞｰｻｲﾄﾞはなぞの803,花園二丁目,11,51-803,hirosematitaisyoubo.pdf,144,high,
1593,大字古国府1411番地の1,花園17組の3 ﾘﾊﾞｰｻｲﾄﾞはなぞの804,花園二丁目,11,51-804,hirosematitaisyoubo.pdf,144,high,
1594,大字古国府1411番地の1,花園17組の3 ﾘﾊﾞｰｻｲﾄﾞはなぞの901,花園二丁目,11,51-901,hirosematitaisyoubo.pdf,144,high,
1595,大字古国府1411番地の1,花園17組の3 ﾘﾊﾞｰｻｲﾄﾞはなぞの902,花園二丁目,11,51-902,hirosematitaisyoubo.pdf,144,high,
1596,大字古国府1411番地の1,花園17組の3 ﾘﾊﾞｰｻｲﾄﾞはなぞの903,花園二丁目,11,51-903,hirosematitaisyoubo.pdf,144,high,
1597,大字古国府1411番地の1,花園17組の3 ﾘﾊﾞｰｻｲﾄﾞはなぞの904,花園二丁目,11,51-904,hirosematitaisyoubo.pdf,145,high,
1598,大字古国府1411番地の1,花園17組の3 ﾘﾊﾞｰｻｲﾄﾞはなぞの1001,花園二丁目,11,51-1001,hirosematitaisyoubo.pdf,145,high,資料上2回出現
1599,大字古国府1411番地の1,花園17組の3 ﾘﾊﾞｰｻｲﾄﾞはなぞの1002,花園二丁目,11,51-1002,hirosematitaisyoubo.pdf,145,high,
1600,大字古国府1411番地の1,花園17組の2 ﾘﾊﾞｰｻｲﾄﾞはなぞの1003,花園二丁目,11,51-1003,hirosematitaisyoubo.pdf,145,high,
1601,大字古国府1411番地の1,花園17組の3 ﾘﾊﾞｰｻｲﾄﾞはなぞの1004,花園二丁目,11,51-1004,hirosematitaisyoubo.pdf,145,high,
1602,大字古国府1411番地の1,花園17組の3 ﾘﾊﾞｰｻｲﾄﾞはなぞの1101,花園二丁目,11,51-1101,hirosematitaisyoubo.pdf,145,high,
1603,大字古国府1411番地の1,花園17組の3 ﾘﾊﾞｰｻｲﾄﾞはなぞの1102,花園二丁目,11,51-1102,hirosematitaisyoubo.pdf,145,high,
1604,大字古国府1411番地の1,花園17組の3 ﾘﾊﾞｰｻｲﾄﾞはなぞの1103,花園二丁目,11,51-1103,hirosematitaisyoubo.pdf,145,high,
1605,大字古国府1411番地の1,花園17組の3 ﾘﾊﾞｰｻｲﾄﾞはなぞの1104,花園二丁目,11,51-1104,hirosematitaisyoubo.pdf,145,high,
1606,大字古国府1411番地の1,花園17組の3 ﾘﾊﾞｰｻｲﾄﾞはなぞの1201,花園二丁目,11,51-1201,hirosematitaisyoubo.pdf,145,high,
1607,大字古国府1411番地の1,花園17組の3 ﾘﾊﾞｰｻｲﾄﾞはなぞの1202,花園二丁目,11,51-1202,hirosematitaisyoubo.pdf,145,high,
1608,大字古国府1425番地の1,,花園三丁目,4,1,hirosematitaisyoubo.pdf,145,high,
1609,羽屋727-1,ｶｰｻ豊府105,花園二丁目,11,11-105,hirosematitaisyoubo.pdf,3,high,
1610,羽屋743,,花園二丁目,11,16,hirosematitaisyoubo.pdf,8,high,
1611,羽屋752-1,,花園二丁目,11,25,hirosematitaisyoubo.pdf,10,high,
1612,羽屋761の2,,花園一丁目,9,4,hirosematitaisyoubo.pdf,10,high,
1613,羽屋799番地の5,,花園一丁目,7,73,hirosematitaisyoubo.pdf,20,high,
1614,羽屋825番地の1,,花園一丁目,12,47,hirosematitaisyoubo.pdf,29,high,
1615,羽屋928-1,古国府6-3,花園一丁目,14,2,hirosematitaisyoubo.pdf,39,high,
1616,古国府花園16-3,ｱｰﾊﾞﾝ三重野1F,花園一丁目,8,39,hirosematitaisyoubo.pdf,41,high,
1617,古国府花園514の2,花園12の1,花園一丁目,7,5,hirosematitaisyoubo.pdf,51,high,
1618,古国府花園517番1号,,花園二丁目,9,4,hirosematitaisyoubo.pdf,51,high,
1619,古国府518-1,,花園二丁目,9,9,hirosematitaisyoubo.pdf,51,high,
1620,古国府519-2,花園12-1,花園一丁目,7,12,hirosematitaisyoubo.pdf,51,high,
1621,古国府520-2,,花園一丁目,7,12,hirosematitaisyoubo.pdf,51,high,
1622,古国府521-1,花園11-1,花園一丁目,7,15,hirosematitaisyoubo.pdf,51,high,
1623,古国府523-1,,花園二丁目,10,26,hirosematitaisyoubo.pdf,52,high,
1624,古国府523-1,正和園ﾋﾞﾙ303,花園二丁目,10,26-303,hirosematitaisyoubo.pdf,52,high,
1625,古国府546-6,,花園二丁目,8,1,hirosematitaisyoubo.pdf,61,high,
1626,古国府字永畑549番3,古国府花園11-4,花園二丁目,8,37,hirosematitaisyoubo.pdf,61,high,
1627,古国府602-1,,花園一丁目,1,2,hirosematitaisyoubo.pdf,74,high,
1628,古国府607-2,,花園二丁目,1,8,hirosematitaisyoubo.pdf,74,high,資料上2回出現
1629,古国府625番地2,,花園二丁目,6,12,hirosematitaisyoubo.pdf,78,high,資料上2回出現
1630,古国府字五反田625-2,三重野ﾋﾞﾙ201,花園二丁目,6,12,hirosematitaisyoubo.pdf,79,high,資料上2回出現
1631,古国府662番地の1,花園11-2,花園一丁目,2,18,hirosematitaisyoubo.pdf,81,high,
1632,古国府888-7,広瀬町ｺｰﾄ1F,広瀬町一丁目,1,14,hirosematitaisyoubo.pdf,81,high,
1633,古国府888-7,広瀬町ｺｰﾄ408,広瀬町一丁目,1,14-408,hirosematitaisyoubo.pdf,83,high,
1634,古国府1003-4,,広瀬町一丁目,2,1,hirosematitaisyoubo.pdf,92,high,
1635,古国府1008-1,,広瀬町一丁目,2,11,hirosematitaisyoubo.pdf,93,high,
1636,古国府1066-6,,広瀬町二丁目,2,47,hirosematitaisyoubo.pdf,96,high,
1637,古国府1159番地の2,古国府10組の2A,広瀬町二丁目,3,26,hirosematitaisyoubo.pdf,98,high,資料上2回出現
1638,古国府1159-5,,広瀬町二丁目,3,23,hirosematitaisyoubo.pdf,98,high,
1639,古国府1159番地7,,広瀬町二丁目,3,26,hirosematitaisyoubo.pdf,98,high,
1640,古国府1160-1,,広瀬町二丁目,3,28,hirosematitaisyoubo.pdf,98,high,
1641,古国府1160番地の1,,広瀬町二丁目,3,30,hirosematitaisyoubo.pdf,98,high,
1642,古国府1289-3,,広瀬町二丁目,3,36,hirosematitaisyoubo.pdf,99,high,
1643,古国府1291番地5,,広瀬町二丁目,3,35,hirosematitaisyoubo.pdf,99,high,
1644,古国府1310-7,,広瀬町二丁目,3,46,hirosematitaisyoubo.pdf,102,high,
1645,古国府1342-2,花園11-5,花園二丁目,4,17,hirosematitaisyoubo.pdf,116,high,
1646,古国府1355-2,ﾘﾊﾞｰｻｲﾄﾞ花園86-1007,花園二丁目,5,2-1007,hirosematitaisyoubo.pdf,131,high,
1647,古国府1383の1,ﾒｿﾞﾝ･ｼｬｶﾞｰﾙ201,花園二丁目,11,26-201,hirosematitaisyoubo.pdf,136,high,資料上2回出現
1648,古国府1395-1,,花園二丁目,11,37,hirosematitaisyoubo.pdf,138,high,
