seq,old_address,alias,new_town,block,house,source_doc,source_page,confidence,note
1,大字葛木852番地の1,DK葛木-1,森町西二丁目,3,10,kyuusinn-morimati.pdf,葛木-1,high,資料上2回出現
2,大字葛木852番地の1,DK葛木-2,森町西二丁目,3,11,kyuusinn-morimati.pdf,葛木-1,high,
3,大字葛木852番地の1,DK葛木-3,森町西二丁目,3,12,kyuusinn-morimati.pdf,葛木-1,high,
4,大字葛木852番地の1,DK葛木-4,森町西二丁目,3,13,kyuusinn-morimati.pdf,葛木-1,high,
5,大字葛木852番地の1,DK葛木-5,森町西二丁目,3,14,kyuusinn-morimati.pdf,葛木-1,high,
6,大字葛木852番地の1,DK葛木-6,森町西二丁目,3,15,kyuusinn-morimati.pdf,葛木-1,high,
7,大字葛木852番地の1,DK葛木-7,森町西二丁目,3,19,kyuusinn-morimati.pdf,葛木-1,high,資料上2回出現
8,大字葛木852番地の1,DK葛木-8,森町西二丁目,3,17,kyuusinn-morimati.pdf,葛木-1,high,
9,大字葛木852番地の1,DK葛木-9,森町西二丁目,3,18,kyuusinn-morimati.pdf,葛木-1,high,
10,大字葛木852番地の4,,森町西二丁目,3,9,kyuusinn-morimati.pdf,葛木-1,high,資料上通称の記載なし
11,大字葛木853番地の7,,森町西二丁目,3,4,kyuusinn-morimati.pdf,葛木-1,high,資料上通称の記載なし
12,大字葛木853番地の8,,森町西二丁目,3,6,kyuusinn-morimati.pdf,葛木-2,high,資料上通称の記載なし
13,大字葛木853番地の11,,森町西二丁目,2,18,kyuusinn-morimati.pdf,葛木-2,high,資料上通称の記載なし
14,大字葛木853番地の17,,森町西二丁目,2,12,kyuusinn-morimati.pdf,葛木-2,high,資料上通称の記載なし
15,大字葛木853番地の21,,森町西二丁目,2,13,kyuusinn-morimati.pdf,葛木-2,high,資料上2回出現、資料上通称の記載なし
16,大字葛木853番地の22,,森町西二丁目,2,14,kyuusinn-morimati.pdf,葛木-2,high,資料上通称の記載なし
17,大字葛木853番地の23,,森町西二丁目,2,16,kyuusinn-morimati.pdf,葛木-2,high,資料上通称の記載なし
18,大字葛木853番地の36,,森町西二丁目,2,15,kyuusinn-morimati.pdf,葛木-2,high,資料上通称の記載なし
19,大字葛木854番地の1,,森町西二丁目,3,8,kyuusinn-morimati.pdf,葛木-2,high,資料上通称の記載なし
20,大字葛木856番地の5,,森町西二丁目,3,3,kyuusinn-morimati.pdf,葛木-2,high,資料上3回出現、資料上通称の記載なし
21,大字葛木856番地の7,メゾン丸山B110,森町西二丁目,2,8,kyuusinn-morimati.pdf,葛木-2,high,
22,大字葛木856番地の7,メゾン丸山B111,森町西二丁目,2,8,kyuusinn-morimati.pdf,葛木-3,high,
23,大字葛木856番地の7,メゾン丸山210,森町西二丁目,2,8,kyuusinn-morimati.pdf,葛木-3,high,
24,大字葛木856番地の7,メゾン丸山B211,森町西二丁目,2,8,kyuusinn-morimati.pdf,葛木-3,high,
25,大字葛木860番地,,森町西二丁目,2,6,kyuusinn-morimati.pdf,葛木-3,high,資料上通称の記載なし
26,大字葛木860番地の1,メゾン丸山A101,森町西二丁目,2,9,kyuusinn-morimati.pdf,葛木-3,high,
27,大字葛木860番地の1,メゾン丸山A102,森町西二丁目,2,9,kyuusinn-morimati.pdf,葛木-3,high,
28,大字葛木860番地の1,メゾン丸山A103,森町西二丁目,2,9,kyuusinn-morimati.pdf,葛木-3,high,
29,大字葛木860番地の1,メゾン丸山A105,森町西二丁目,2,9,kyuusinn-morimati.pdf,葛木-3,high,
30,大字葛木860番地の1,メゾン丸山A106,森町西二丁目,2,9,kyuusinn-morimati.pdf,葛木-3,high,
31,大字葛木860番地の1,メゾン丸山A107,森町西二丁目,2,9,kyuusinn-morimati.pdf,葛木-3,high,
32,大字葛木860番地の1,メゾン丸山A201,森町西二丁目,2,9,kyuusinn-morimati.pdf,葛木-3,high,
33,大字葛木860番地の1,メゾン丸山A202,森町西二丁目,2,9,kyuusinn-morimati.pdf,葛木-3,high,
34,大字葛木860番地の1,メゾン丸山A203,森町西二丁目,2,9,kyuusinn-morimati.pdf,葛木-3,high,
35,大字葛木860番地の1,メゾン丸山A205,森町西二丁目,2,9,kyuusinn-morimati.pdf,葛木-4,high,
36,大字葛木860番地の1,メゾン丸山A206,森町西二丁目,2,9,kyuusinn-morimati.pdf,葛木-4,high,
37,大字葛木860番地の1,メゾン丸山A207,森町西二丁目,2,9,kyuusinn-morimati.pdf,葛木-4,high,
38,大字葛木860番地の1,メゾン丸山A208,森町西二丁目,2,9,kyuusinn-morimati.pdf,葛木-4,high,
39,大字葛木860番地の2,,森町西二丁目,2,6,kyuusinn-morimati.pdf,葛木-4,high,資料上通称の記載なし
40,大字葛木860番地の6,メゾン丸山C112,森町西二丁目,2,7,kyuusinn-morimati.pdf,葛木-4,high,
41,大字葛木860番地の6,メゾン丸山C113,森町西二丁目,2,7,kyuusinn-morimati.pdf,葛木-4,high,
42,大字葛木860番地の6,メゾン丸山C115,森町西二丁目,2,7,kyuusinn-morimati.pdf,葛木-4,high,
43,大字葛木860番地の6,メゾン丸山C212,森町西二丁目,2,7,kyuusinn-morimati.pdf,葛木-4,high,
44,大字葛木860番地の6,メゾン丸山C213,森町西二丁目,2,7,kyuusinn-morimati.pdf,葛木-4,high,
45,大字葛木860番地の6,メゾン丸山C215,森町西二丁目,2,7,kyuusinn-morimati.pdf,葛木-4,high,
46,大字葛木861番地の2,,森町西一丁目,13,15,kyuusinn-morimati.pdf,葛木-4,high,資料上通称の記載なし
47,大字葛木861番地の3,,森町西一丁目,13,18,kyuusinn-morimati.pdf,葛木-4,high,資料上通称の記載なし
48,大字葛木861番地の4,,森町西一丁目,13,19,kyuusinn-morimati.pdf,葛木-5,high,資料上通称の記載なし
49,大字葛木861番地の5,,森町西一丁目,13,20,kyuusinn-morimati.pdf,葛木-5,high,資料上2回出現、資料上通称の記載なし
50,大字葛木861番地の6,,森町西一丁目,13,21,kyuusinn-morimati.pdf,葛木-5,high,資料上通称の記載なし
51,大字葛木861番地の7,,森町西一丁目,13,22,kyuusinn-morimati.pdf,葛木-5,high,資料上通称の記載なし
52,大字葛木861番地の8,,森町西一丁目,13,23,kyuusinn-morimati.pdf,葛木-5,high,資料上通称の記載なし
53,大字葛木861番地の9,,森町西一丁目,13,24,kyuusinn-morimati.pdf,葛木-5,high,資料上通称の記載なし
54,大字葛木861番地の10,,森町西一丁目,12,16,kyuusinn-morimati.pdf,葛木-5,high,資料上通称の記載なし
55,大字葛木861番地の11,,森町西一丁目,12,17,kyuusinn-morimati.pdf,葛木-5,high,資料上通称の記載なし
56,大字葛木861番地の12,,森町西一丁目,12,18,kyuusinn-morimati.pdf,葛木-5,high,資料上2回出現、資料上通称の記載なし
57,大字葛木861番地の13,,森町西一丁目,12,19,kyuusinn-morimati.pdf,葛木-5,high,資料上通称の記載なし
58,大字葛木861番地の15,,森町西一丁目,12,21,kyuusinn-morimati.pdf,葛木-5,high,資料上2回出現(改ページ跨ぎ)、資料上通称の記載なし
59,大字葛木861番地の16,,森町西一丁目,12,22,kyuusinn-morimati.pdf,葛木-6,high,資料上通称の記載なし
60,大字葛木861番地の17,,森町西一丁目,12,23,kyuusinn-morimati.pdf,葛木-6,high,資料上通称の記載なし
61,大字葛木861番地の18,,森町西一丁目,12,24,kyuusinn-morimati.pdf,葛木-6,high,資料上通称の記載なし
62,大字葛木861番地の19,,森町西一丁目,12,25,kyuusinn-morimati.pdf,葛木-6,high,資料上2回出現、資料上通称の記載なし
63,大字葛木861番地の20,,森町西一丁目,12,26,kyuusinn-morimati.pdf,葛木-6,high,資料上通称の記載なし
64,大字葛木861番地の21,,森町西一丁目,12,27,kyuusinn-morimati.pdf,葛木-6,high,資料上2回出現、資料上通称の記載なし
65,大字葛木861番地の22,,森町西一丁目,12,28,kyuusinn-morimati.pdf,葛木-6,high,資料上通称の記載なし
66,大字葛木861番地の23,,森町西一丁目,12,29,kyuusinn-morimati.pdf,葛木-6,high,資料上通称の記載なし
67,大字葛木861番地の28,,森町西一丁目,13,14,kyuusinn-morimati.pdf,葛木-6,high,資料上通称の記載なし
68,大字葛木861番地の29,,森町西二丁目,1,2,kyuusinn-morimati.pdf,葛木-6,high,資料上通称の記載なし
69,大字葛木862番地の4,,森町西一丁目,13,9,kyuusinn-morimati.pdf,葛木-7,high,資料上2回出現、資料上通称の記載なし
70,大字葛木863番地,ベル森町B201,森町西一丁目,13,2-B201,kyuusinn-morimati.pdf,葛木-7,high,
71,大字葛木863番地,ベル森町B304,森町西一丁目,13,2-B304,kyuusinn-morimati.pdf,葛木-7,high,
72,大字葛木863番地,コーポ・アクシオン II C103,森町西一丁目,13,2-C103,kyuusinn-morimati.pdf,葛木-7,high,
73,大字葛木863番地の1,コーポ・アクシオン II A101,森町西一丁目,13,2-A101,kyuusinn-morimati.pdf,葛木-7,high,
74,大字葛木863番地の1,コーポ・アクシオン II A201,森町西一丁目,13,2-A201,kyuusinn-morimati.pdf,葛木-7,high,
75,大字葛木863番地の1,コーポ・アクシオン II A301,森町西一丁目,13,2-A301,kyuusinn-morimati.pdf,葛木-7,high,
76,大字葛木863番地の1,コーポ・アクシオン II B101,森町西一丁目,13,2-B101,kyuusinn-morimati.pdf,葛木-7,high,
77,大字葛木863番地の1,コーポ・アクシオン II B102,森町西一丁目,13,2-B102,kyuusinn-morimati.pdf,葛木-7,high,
78,大字葛木863番地の1,コーポ・アクシオン II B103,森町西一丁目,13,2-B103,kyuusinn-morimati.pdf,葛木-7,high,
79,大字葛木863番地の1,コーポ・アクシオン II B104,森町西一丁目,13,2-B104,kyuusinn-morimati.pdf,葛木-7,high,
80,大字葛木863番地の1,コーポ・アクシオン II B105,森町西一丁目,13,2-B105,kyuusinn-morimati.pdf,葛木-7,high,
81,大字葛木863番地の1,コーポ・アクシオン II B202,森町西一丁目,13,2-B202,kyuusinn-morimati.pdf,葛木-8,high,
82,大字葛木863番地の1,コーポ・アクシオン II B203,森町西一丁目,13,2-B203,kyuusinn-morimati.pdf,葛木-8,high,
83,大字葛木863番地の1,コーポ・アクシオン II B204,森町西一丁目,13,2-B204,kyuusinn-morimati.pdf,葛木-8,high,資料上2回出現
84,大字葛木863番地の1,コーポ・アクシオン II B205,森町西一丁目,13,2-B205,kyuusinn-morimati.pdf,葛木-8,high,
85,大字葛木863番地の1,コーポ・アクシオン II B301,森町西一丁目,13,2-B301,kyuusinn-morimati.pdf,葛木-8,high,
86,大字葛木863番地の1,コーポ・アクシオン II B302,森町西一丁目,13,2-B302,kyuusinn-morimati.pdf,葛木-8,high,
87,大字葛木863番地の1,コーポ・アクシオン II B303,森町西一丁目,13,2-B303,kyuusinn-morimati.pdf,葛木-8,high,
88,大字葛木863番地の1,コーポ・アクシオン II B305,森町西一丁目,13,2-B305,kyuusinn-morimati.pdf,葛木-8,high,
89,大字葛木863番地の1,コーポ・アクシオン II C101,森町西一丁目,13,2-C101,kyuusinn-morimati.pdf,葛木-8,high,
90,大字葛木863番地の1,コーポ・アクシオン II C102,森町西一丁目,13,2-C102,kyuusinn-morimati.pdf,葛木-8,high,
91,大字葛木863番地の1,コーポ・アクシオン II C104,森町西一丁目,13,2-C104,kyuusinn-morimati.pdf,葛木-8,high,
92,大字葛木863番地の1,コーポ・アクシオン II C201,森町西一丁目,13,2-C201,kyuusinn-morimati.pdf,葛木-8,high,
93,大字葛木863番地の1,コーポ・アクシオン II C202,森町西一丁目,13,2-C202,kyuusinn-morimati.pdf,葛木-9,high,
94,大字葛木863番地の1,コーポ・アクシオン II C203,森町西一丁目,13,2-C203,kyuusinn-morimati.pdf,葛木-9,high,
95,大字葛木863番地の1,コーポ・アクシオン II C204,森町西一丁目,13,2-C204,kyuusinn-morimati.pdf,葛木-9,high,
96,大字葛木863番地の1,コーポ・アクシオン II C301,森町西一丁目,13,2-C301,kyuusinn-morimati.pdf,葛木-9,high,
97,大字葛木863番地の1,コーポ・アクシオン II C302,森町西一丁目,13,2-C302,kyuusinn-morimati.pdf,葛木-9,high,
98,大字葛木863番地の1,コーポ・アクシオン II C303,森町西一丁目,13,2-C303,kyuusinn-morimati.pdf,葛木-9,high,
99,大字葛木863番地の1,コーポ・アクシオン II C304,森町西一丁目,13,2-C304,kyuusinn-morimati.pdf,葛木-9,high,
100,大字葛木864番地の1,,森町西一丁目,13,1,kyuusinn-morimati.pdf,葛木-9,high,資料上通称の記載なし
101,大字葛木864番地の6,,森町西一丁目,12,8,kyuusinn-morimati.pdf,葛木-9,high,資料上通称の記載なし
102,大字葛木864番地の7,,森町西一丁目,12,6,kyuusinn-morimati.pdf,葛木-9,high,資料上通称の記載なし
103,大字葛木864番地の8,,森町西一丁目,12,9,kyuusinn-morimati.pdf,葛木-9,high,資料上通称の記載なし
104,大字葛木864番地の9,,森町西一丁目,12,11,kyuusinn-morimati.pdf,葛木-9,high,資料上2回出現、資料上通称の記載なし
105,大字葛木864番地の10,,森町西一丁目,12,13,kyuusinn-morimati.pdf,葛木-10,high,資料上3回出現、資料上通称の記載なし
106,大字葛木864番地の11,,森町西一丁目,12,12,kyuusinn-morimati.pdf,葛木-10,high,資料上通称の記載なし
107,大字葛木868番地の2,,森町西一丁目,12,1,kyuusinn-morimati.pdf,葛木-10,high,資料上3回出現、資料上通称の記載なし
108,大字葛木868番地の3,,森町西一丁目,12,3,kyuusinn-morimati.pdf,葛木-10,high,資料上通称の記載なし
109,大字葛木871番地1,,森町西一丁目,4,5,kyuusinn-morimati.pdf,葛木-10,high,資料上通称の記載なし
110,大字葛木871番地の7,,森町西一丁目,3,15,kyuusinn-morimati.pdf,葛木-10,high,資料上通称の記載なし
111,大字葛木871番地の8,,森町西一丁目,3,14,kyuusinn-morimati.pdf,葛木-10,high,資料上通称の記載なし
112,大字葛木871番地の11,,森町西一丁目,3,11,kyuusinn-morimati.pdf,葛木-10,high,資料上2回出現、資料上通称の記載なし
113,大字葛木871番地の13,,森町西一丁目,13,3,kyuusinn-morimati.pdf,葛木-11,high,資料上通称の記載なし
114,大字葛木871番地の15,,森町西一丁目,3,18,kyuusinn-morimati.pdf,葛木-11,high,資料上通称の記載なし
115,大字葛木872番地,グループホームみよしファミリー園,森町西一丁目,4,8,kyuusinn-morimati.pdf,葛木-11,high,資料上2回出現
116,大字葛木877番地の1,,森町西一丁目,7,3,kyuusinn-morimati.pdf,葛木-11,high,1対多、資料上通称の記載なし
117,大字葛木877番地の1,,森町西一丁目,3,7,kyuusinn-morimati.pdf,葛木-11,high,1対多、資料上通称の記載なし
118,大字葛木877番地の2,,森町西一丁目,3,6,kyuusinn-morimati.pdf,葛木-11,high,資料上通称の記載なし
119,大字葛木878番地,,森町西一丁目,3,2,kyuusinn-morimati.pdf,葛木-11,high,資料上通称の記載なし
120,大字葛木878番地,エムエスビル201,森町西一丁目,3,2,kyuusinn-morimati.pdf,葛木-11,high,資料上2回出現
121,大字葛木878番地,エムエスビル202,森町西一丁目,3,2,kyuusinn-morimati.pdf,葛木-11,high,
122,大字葛木878番地,エムエスビル203,森町西一丁目,3,2,kyuusinn-morimati.pdf,葛木-11,high,
123,大字葛木878番地,エムエスビル301,森町西一丁目,3,2,kyuusinn-morimati.pdf,葛木-11,high,
124,大字葛木878番地,エムエスビル302,森町西一丁目,3,2,kyuusinn-morimati.pdf,葛木-12,high,
125,大字葛木878番地,エムエスビル401,森町西一丁目,3,2,kyuusinn-morimati.pdf,葛木-12,high,
126,大字葛木879番地の3,,森町西一丁目,3,1,kyuusinn-morimati.pdf,葛木-12,high,資料上通称の記載なし
127,大字森町1番地の4,,森町西一丁目,32,2,kyuusinn-morimati.pdf,森町-13,high,資料上通称の記載なし
128,大字森町1番地の6,,森町西一丁目,2,27,kyuusinn-morimati.pdf,森町-13,high,資料上2回出現、資料上通称の記載なし
129,大字森町1番地の8,,森町西一丁目,2,23,kyuusinn-morimati.pdf,森町-13,high,資料上通称の記載なし
130,大字森町2番地の7,,森町西一丁目,2,30,kyuusinn-morimati.pdf,森町-13,high,資料上通称の記載なし
131,大字森町3番地の3,,森町西一丁目,1,1,kyuusinn-morimati.pdf,森町-13,high,資料上通称の記載なし
132,大字森町3番地の4,,森町西一丁目,1,7,kyuusinn-morimati.pdf,森町-13,high,資料上2回出現、資料上通称の記載なし
133,大字森町3番地の4,コスモシティ森町101,森町西一丁目,1,7-101,kyuusinn-morimati.pdf,森町-13,high,
134,大字森町3番地の4,コスモシティ森町102,森町西一丁目,1,7-102,kyuusinn-morimati.pdf,森町-13,high,
135,大字森町3番地の4,コスモシティ森町103,森町西一丁目,1,7-103,kyuusinn-morimati.pdf,森町-13,high,
136,大字森町3番地の4,コスモシティ森町105,森町西一丁目,1,7-105,kyuusinn-morimati.pdf,森町-13,high,
137,大字森町3番地の4,コスモシティ森町107,森町西一丁目,1,7-107,kyuusinn-morimati.pdf,森町-13,high,
138,大字森町3番地の4,コスモシティ森町108,森町西一丁目,1,7-108,kyuusinn-morimati.pdf,森町-14,high,
139,大字森町3番地の4,コスモシティ森町110,森町西一丁目,1,7-110,kyuusinn-morimati.pdf,森町-14,high,
140,大字森町3番地の4,コスモシティ森町111,森町西一丁目,1,7-111,kyuusinn-morimati.pdf,森町-14,high,
141,大字森町3番地の4,コスモシティ森町112,森町西一丁目,1,7-112,kyuusinn-morimati.pdf,森町-14,high,
142,大字森町3番地の4,コスモシティ森町201,森町西一丁目,1,7-201,kyuusinn-morimati.pdf,森町-14,high,
143,大字森町3番地の4,コスモシティ森町202,森町西一丁目,1,7-202,kyuusinn-morimati.pdf,森町-14,high,
144,大字森町3番地の4,コスモシティ森町203,森町西一丁目,1,7-203,kyuusinn-morimati.pdf,森町-14,high,資料上3回出現
145,大字森町3番地の4,コスモシティ森町205,森町西一丁目,1,7-205,kyuusinn-morimati.pdf,森町-14,high,
146,大字森町3番地の4,コスモシティ森町206,森町西一丁目,1,7-206,kyuusinn-morimati.pdf,森町-14,high,
147,大字森町3番地の4,コスモシティ森町207,森町西一丁目,1,7-207,kyuusinn-morimati.pdf,森町-14,high,
148,大字森町3番地の4,コスモシティ森町208,森町西一丁目,1,7-208,kyuusinn-morimati.pdf,森町-14,high,資料上2回出現(改ページ跨ぎ)
149,大字森町3番地の4,コスモシティ森町210,森町西一丁目,1,7-210,kyuusinn-morimati.pdf,森町-15,high,
150,大字森町3番地の4,コスモシティ森町211,森町西一丁目,1,7-211,kyuusinn-morimati.pdf,森町-15,high,
151,大字森町3番地の4,コスモシティ森町212,森町西一丁目,1,7-212,kyuusinn-morimati.pdf,森町-15,high,
152,大字森町3番地の4,コスモシティ森町301,森町西一丁目,1,7-301,kyuusinn-morimati.pdf,森町-15,high,
153,大字森町3番地の4,コスモシティ森町302,森町西一丁目,1,7-302,kyuusinn-morimati.pdf,森町-15,high,
154,大字森町3番地の4,コスモシティ森町303,森町西一丁目,1,7-303,kyuusinn-morimati.pdf,森町-15,high,
155,大字森町3番地の4,コスモシティ森町305,森町西一丁目,1,7-305,kyuusinn-morimati.pdf,森町-15,high,
156,大字森町3番地の4,コスモシティ森町306,森町西一丁目,1,7-306,kyuusinn-morimati.pdf,森町-15,high,
157,大字森町3番地の4,コスモシティ森町307,森町西一丁目,1,7-307,kyuusinn-morimati.pdf,森町-15,high,
158,大字森町3番地の4,コスモシティ森町308,森町西一丁目,1,7-308,kyuusinn-morimati.pdf,森町-15,high,
159,大字森町3番地の4,コスモシティ森町310,森町西一丁目,1,7-310,kyuusinn-morimati.pdf,森町-15,high,
160,大字森町3番地の4,コスモシティ森町311,森町西一丁目,1,7-311,kyuusinn-morimati.pdf,森町-15,high,
161,大字森町3番地の4,コスモシティ森町312,森町西一丁目,1,7-312,kyuusinn-morimati.pdf,森町-16,high,資料上5回出現
162,大字森町3番地の4,コスモシティ森町401,森町西一丁目,1,7-401,kyuusinn-morimati.pdf,森町-16,high,
163,大字森町3番地の4,コスモシティ森町402,森町西一丁目,1,7-402,kyuusinn-morimati.pdf,森町-16,high,
164,大字森町3番地の4,コスモシティ森町403,森町西一丁目,1,7-403,kyuusinn-morimati.pdf,森町-16,high,
165,大字森町3番地の4,コスモシティ森町405,森町西一丁目,1,7-405,kyuusinn-morimati.pdf,森町-16,high,
166,大字森町3番地の4,コスモシティ森町406,森町西一丁目,1,7-406,kyuusinn-morimati.pdf,森町-16,high,
167,大字森町3番地の4,コスモシティ森町407,森町西一丁目,1,7-407,kyuusinn-morimati.pdf,森町-16,high,資料上2回出現
168,大字森町3番地の4,コスモシティ森町408,森町西一丁目,1,7-408,kyuusinn-morimati.pdf,森町-16,high,
169,大字森町3番地の4,コスモシティ森町410,森町西一丁目,1,7-410,kyuusinn-morimati.pdf,森町-17,high,
170,大字森町3番地の4,コスモシティ森町411,森町西一丁目,1,7-411,kyuusinn-morimati.pdf,森町-17,high,
171,大字森町3番地の4,コスモシティ森町412,森町西一丁目,1,7-412,kyuusinn-morimati.pdf,森町-17,high,
172,大字森町3番地の4,コスモシティ森町501,森町西一丁目,1,7-501,kyuusinn-morimati.pdf,森町-17,high,
173,大字森町3番地の4,コスモシティ森町502,森町西一丁目,1,7-502,kyuusinn-morimati.pdf,森町-17,high,資料上2回出現
174,大字森町3番地の4,コスモシティ森町503,森町西一丁目,1,7-503,kyuusinn-morimati.pdf,森町-17,high,
175,大字森町3番地の4,コスモシティ森町505,森町西一丁目,1,7-505,kyuusinn-morimati.pdf,森町-17,high,
176,大字森町3番地の4,コスモシティ森町506,森町西一丁目,1,7-506,kyuusinn-morimati.pdf,森町-17,high,
177,大字森町3番地の4,コスモシティ森町507,森町西一丁目,1,7-507,kyuusinn-morimati.pdf,森町-17,high,
178,大字森町3番地の4,コスモシティ森町508,森町西一丁目,1,7-508,kyuusinn-morimati.pdf,森町-17,high,
179,大字森町3番地の4,コスモシティ森町510,森町西一丁目,1,7-510,kyuusinn-morimati.pdf,森町-17,high,
180,大字森町3番地の4,コスモシティ森町511,森町西一丁目,1,7-511,kyuusinn-morimati.pdf,森町-17,high,
181,大字森町3番地の4,コスモシティ森町512,森町西一丁目,1,7-512,kyuusinn-morimati.pdf,森町-18,high,
182,大字森町3番地の4,コスモシティ森町601,森町西一丁目,1,7-601,kyuusinn-morimati.pdf,森町-18,high,
183,大字森町3番地の4,コスモシティ森町602,森町西一丁目,1,7-602,kyuusinn-morimati.pdf,森町-18,high,
184,大字森町3番地の4,コスモシティ森町603,森町西一丁目,1,7-603,kyuusinn-morimati.pdf,森町-18,high,
185,大字森町3番地の4,コスモシティ森町605,森町西一丁目,1,7-605,kyuusinn-morimati.pdf,森町-18,high,
186,大字森町3番地の4,コスモシティ森町606,森町西一丁目,1,7-606,kyuusinn-morimati.pdf,森町-18,high,
187,大字森町3番地の4,コスモシティ森町607,森町西一丁目,1,7-607,kyuusinn-morimati.pdf,森町-18,high,
188,大字森町3番地の4,コスモシティ森町608,森町西一丁目,1,7-608,kyuusinn-morimati.pdf,森町-18,high,
189,大字森町3番地の4,コスモシティ森町610,森町西一丁目,1,7-610,kyuusinn-morimati.pdf,森町-18,high,
190,大字森町3番地の4,コスモシティ森町611,森町西一丁目,1,7-611,kyuusinn-morimati.pdf,森町-18,high,
191,大字森町3番地の4,コスモシティ森町612,森町西一丁目,1,7-612,kyuusinn-morimati.pdf,森町-18,high,
192,大字森町3番地の4,コスモシティ森町701,森町西一丁目,1,7-701,kyuusinn-morimati.pdf,森町-18,high,
193,大字森町3番地の4,コスモシティ森町702,森町西一丁目,1,7-702,kyuusinn-morimati.pdf,森町-18,high,
194,大字森町3番地の4,コスモシティ森町703,森町西一丁目,1,7-703,kyuusinn-morimati.pdf,森町-19,high,
195,大字森町3番地の4,コスモシティ森町705,森町西一丁目,1,7-705,kyuusinn-morimati.pdf,森町-19,high,資料上2回出現
196,大字森町3番地の4,コスモシティ森町706,森町西一丁目,1,7-706,kyuusinn-morimati.pdf,森町-19,high,
197,大字森町3番地の4,コスモシティ森町707,森町西一丁目,1,7-707,kyuusinn-morimati.pdf,森町-19,high,
198,大字森町3番地の4,コスモシティ森町708,森町西一丁目,1,7-708,kyuusinn-morimati.pdf,森町-19,high,
199,大字森町3番地の4,コスモシティ森町710,森町西一丁目,1,7-710,kyuusinn-morimati.pdf,森町-19,high,資料上2回出現
200,大字森町3番地の4,コスモシティ森町711,森町西一丁目,1,7-711,kyuusinn-morimati.pdf,森町-19,high,
201,大字森町3番地の4,コスモシティ森町712,森町西一丁目,1,7-712,kyuusinn-morimati.pdf,森町-19,high,
202,大字森町3番地の4,コスモシティ森町801,森町西一丁目,1,7-801,kyuusinn-morimati.pdf,森町-19,high,
203,大字森町3番地の4,コスモシティ森町802,森町西一丁目,1,7-802,kyuusinn-morimati.pdf,森町-19,high,
204,大字森町3番地の4,コスモシティ森町803,森町西一丁目,1,7-803,kyuusinn-morimati.pdf,森町-19,high,
205,大字森町3番地の4,コスモシティ森町805,森町西一丁目,1,7-805,kyuusinn-morimati.pdf,森町-20,high,
206,大字森町3番地の4,コスモシティ森町806,森町西一丁目,1,7-806,kyuusinn-morimati.pdf,森町-20,high,資料上2回出現
207,大字森町3番地の4,コスモシティ森町807,森町西一丁目,1,7-807,kyuusinn-morimati.pdf,森町-20,high,
208,大字森町3番地の4,コスモシティ森町808,森町西一丁目,1,7-808,kyuusinn-morimati.pdf,森町-20,high,
209,大字森町3番地の4,コスモシティ森町810,森町西一丁目,1,7-810,kyuusinn-morimati.pdf,森町-20,high,
210,大字森町3番地の4,コスモシティ森町811,森町西一丁目,1,7-811,kyuusinn-morimati.pdf,森町-20,high,
211,大字森町3番地の4,コスモシティ森町812,森町西一丁目,1,7-812,kyuusinn-morimati.pdf,森町-20,high,
212,大字森町3番地の4,コスモシティ森町901,森町西一丁目,1,7-901,kyuusinn-morimati.pdf,森町-20,high,
213,大字森町3番地の4,コスモシティ森町902,森町西一丁目,1,7-902,kyuusinn-morimati.pdf,森町-20,high,
214,大字森町3番地の4,コスモシティ森町903,森町西一丁目,1,7-903,kyuusinn-morimati.pdf,森町-20,high,
215,大字森町3番地の4,コスモシティ森町905,森町西一丁目,1,7-905,kyuusinn-morimati.pdf,森町-20,high,
216,大字森町3番地の4,コスモシティ森町906,森町西一丁目,1,7-906,kyuusinn-morimati.pdf,森町-20,high,
217,大字森町3番地の4,コスモシティ森町907,森町西一丁目,1,7-907,kyuusinn-morimati.pdf,森町-21,high,
218,大字森町3番地の4,コスモシティ森町908,森町西一丁目,1,7-908,kyuusinn-morimati.pdf,森町-21,high,
219,大字森町3番地の4,コスモシティ森町910,森町西一丁目,1,7-910,kyuusinn-morimati.pdf,森町-21,high,
220,大字森町3番地の4,コスモシティ森町911,森町西一丁目,1,7-911,kyuusinn-morimati.pdf,森町-21,high,
221,大字森町3番地の4,コスモシティ森町912,森町西一丁目,1,7-912,kyuusinn-morimati.pdf,森町-21,high,
222,大字森町3番地の4,コスモシティ森町1002,森町西一丁目,1,7-1002,kyuusinn-morimati.pdf,森町-21,high,
223,大字森町3番地の4,コスモシティ森町1003,森町西一丁目,1,7-1003,kyuusinn-morimati.pdf,森町-21,high,
224,大字森町3番地の4,コスモシティ森町1005,森町西一丁目,1,7-1005,kyuusinn-morimati.pdf,森町-21,high,
225,大字森町3番地の4,コスモシティ森町1006,森町西一丁目,1,7-1006,kyuusinn-morimati.pdf,森町-21,high,
226,大字森町3番地の4,コスモシティ森町1007,森町西一丁目,1,7-1007,kyuusinn-morimati.pdf,森町-21,high,
227,大字森町3番地の4,コスモシティ森町1008,森町西一丁目,1,7-1008,kyuusinn-morimati.pdf,森町-21,high,
228,大字森町3番地の4,コスモシティ森町1010,森町西一丁目,1,7-1010,kyuusinn-morimati.pdf,森町-21,high,
229,大字森町3番地の4,コスモシティ森町1011,森町西一丁目,1,7-1011,kyuusinn-morimati.pdf,森町-21,high,
230,大字森町3番地の5,,森町西一丁目,2,4,kyuusinn-morimati.pdf,森町-22,high,資料上通称の記載なし
231,大字森町3番地の5,パレスト森町201,森町西一丁目,2,4-201,kyuusinn-morimati.pdf,森町-22,high,
232,大字森町3番地の5,パレスト森町202,森町西一丁目,2,4-202,kyuusinn-morimati.pdf,森町-22,high,
233,大字森町3番地の5,パレスト森町203,森町西一丁目,2,4-203,kyuusinn-morimati.pdf,森町-22,high,
234,大字森町3番地の5,パレスト森町205,森町西一丁目,2,4-205,kyuusinn-morimati.pdf,森町-22,high,
235,大字森町3番地の5,パレスト森町206,森町西一丁目,2,4-206,kyuusinn-morimati.pdf,森町-22,high,
236,大字森町3番地の5,パレスト森町207,森町西一丁目,2,4-207,kyuusinn-morimati.pdf,森町-22,high,
237,大字森町3番地の5,パレスト森町208,森町西一丁目,2,4-208,kyuusinn-morimati.pdf,森町-22,high,
238,大字森町3番地の5,パレスト森町209,森町西一丁目,2,4-209,kyuusinn-morimati.pdf,森町-22,high,
239,大字森町3番地の5,パレスト森町301,森町西一丁目,2,4-301,kyuusinn-morimati.pdf,森町-22,high,
240,大字森町3番地の5,パレスト森町302,森町西一丁目,2,4-302,kyuusinn-morimati.pdf,森町-22,high,
241,大字森町3番地の5,パレスト森町303,森町西一丁目,2,4-303,kyuusinn-morimati.pdf,森町-22,high,
242,大字森町3番地の5,パレスト森町305,森町西一丁目,2,4-305,kyuusinn-morimati.pdf,森町-22,high,
243,大字森町3番地の5,パレスト森町306,森町西一丁目,2,4-306,kyuusinn-morimati.pdf,森町-23,high,
244,大字森町3番地の5,パレスト森町307,森町西一丁目,2,4-307,kyuusinn-morimati.pdf,森町-23,high,
245,大字森町3番地の5,パレスト森町308,森町西一丁目,2,4-308,kyuusinn-morimati.pdf,森町-23,high,
246,大字森町3番地の5,パレスト森町309,森町西一丁目,2,4-309,kyuusinn-morimati.pdf,森町-23,high,
247,大字森町3番地の5,パレスト森町401,森町西一丁目,2,4-401,kyuusinn-morimati.pdf,森町-23,high,
248,大字森町3番地の5,パレスト森町402,森町西一丁目,2,4-402,kyuusinn-morimati.pdf,森町-23,high,
249,大字森町3番地の5,パレスト森町403,森町西一丁目,2,4-403,kyuusinn-morimati.pdf,森町-23,high,
250,大字森町3番地の5,パレスト森町405,森町西一丁目,2,4-405,kyuusinn-morimati.pdf,森町-23,high,
251,大字森町3番地の5,パレスト森町406,森町西一丁目,2,4-406,kyuusinn-morimati.pdf,森町-23,high,
252,大字森町3番地の5,パレスト森町407,森町西一丁目,2,4-407,kyuusinn-morimati.pdf,森町-23,high,
253,大字森町3番地の5,パレスト森町408,森町西一丁目,2,4-408,kyuusinn-morimati.pdf,森町-23,high,
254,大字森町3番地の5,パレスト森町409,森町西一丁目,2,4-409,kyuusinn-morimati.pdf,森町-23,high,資料上2回出現
255,大字森町3番地の5,パレスト森町501,森町西一丁目,2,4-501,kyuusinn-morimati.pdf,森町-24,high,
256,大字森町3番地の5,パレスト森町502,森町西一丁目,2,4-502,kyuusinn-morimati.pdf,森町-24,high,
257,大字森町3番地の5,パレスト森町503,森町西一丁目,2,4-503,kyuusinn-morimati.pdf,森町-24,high,
258,大字森町3番地の5,パレスト森町505,森町西一丁目,2,4-505,kyuusinn-morimati.pdf,森町-24,high,
259,大字森町3番地の5,パレスト森町506,森町西一丁目,2,4-506,kyuusinn-morimati.pdf,森町-24,high,
260,大字森町3番地の5,パレスト森町507,森町西一丁目,2,4-507,kyuusinn-morimati.pdf,森町-24,high,
261,大字森町3番地の5,パレスト森町508,森町西一丁目,2,4-508,kyuusinn-morimati.pdf,森町-24,high,
262,大字森町3番地の5,パレスト森町509,森町西一丁目,2,4-509,kyuusinn-morimati.pdf,森町-24,high,
263,大字森町3番地の5,パレスト森町601,森町西一丁目,2,4-601,kyuusinn-morimati.pdf,森町-24,high,
264,大字森町3番地の5,パレスト森町602,森町西一丁目,2,4-602,kyuusinn-morimati.pdf,森町-24,high,
265,大字森町3番地の5,パレスト森町603,森町西一丁目,2,4-603,kyuusinn-morimati.pdf,森町-24,high,
266,大字森町3番地の5,パレスト森町605,森町西一丁目,2,4-605,kyuusinn-morimati.pdf,森町-24,high,
267,大字森町3番地の5,パレスト森町606,森町西一丁目,2,4-606,kyuusinn-morimati.pdf,森町-24,high,
268,大字森町3番地の5,パレスト森町607,森町西一丁目,2,4-607,kyuusinn-morimati.pdf,森町-25,high,
269,大字森町3番地の5,パレスト森町608,森町西一丁目,2,4-608,kyuusinn-morimati.pdf,森町-25,high,
270,大字森町3番地の5,パレスト森町609,森町西一丁目,2,4-609,kyuusinn-morimati.pdf,森町-25,high,
271,大字森町3番地の5,パレスト森町701,森町西一丁目,2,4-701,kyuusinn-morimati.pdf,森町-25,high,
272,大字森町3番地の5,パレスト森町702,森町西一丁目,2,4-702,kyuusinn-morimati.pdf,森町-25,high,
273,大字森町3番地の5,パレスト森町703,森町西一丁目,2,4-703,kyuusinn-morimati.pdf,森町-25,high,
274,大字森町3番地の5,パレスト森町705,森町西一丁目,2,4-705,kyuusinn-morimati.pdf,森町-25,high,資料上2回出現
275,大字森町3番地の5,パレスト森町706,森町西一丁目,2,4-706,kyuusinn-morimati.pdf,森町-25,high,
276,大字森町3番地の5,パレスト森町707,森町西一丁目,2,4-707,kyuusinn-morimati.pdf,森町-25,high,
277,大字森町3番地の5,パレスト森町708,森町西一丁目,2,4-708,kyuusinn-morimati.pdf,森町-25,high,
278,大字森町3番地の5,パレスト森町709,森町西一丁目,2,4-709,kyuusinn-morimati.pdf,森町-25,high,
279,大字森町3番地の5,パレスト森町801,森町西一丁目,2,4-801,kyuusinn-morimati.pdf,森町-26,high,
280,大字森町3番地の5,パレスト森町802,森町西一丁目,2,4-802,kyuusinn-morimati.pdf,森町-26,high,
281,大字森町3番地の5,パレスト森町803,森町西一丁目,2,4-803,kyuusinn-morimati.pdf,森町-26,high,
282,大字森町3番地の5,パレスト森町805,森町西一丁目,2,4-805,kyuusinn-morimati.pdf,森町-26,high,
283,大字森町3番地の5,パレスト森町806,森町西一丁目,2,4-806,kyuusinn-morimati.pdf,森町-26,high,
284,大字森町3番地の5,パレスト森町807,森町西一丁目,2,4-807,kyuusinn-morimati.pdf,森町-26,high,
285,大字森町3番地の5,パレスト森町808,森町西一丁目,2,4-808,kyuusinn-morimati.pdf,森町-26,high,資料上2回出現
286,大字森町3番地の5,パレスト森町809,森町西一丁目,2,4-809,kyuusinn-morimati.pdf,森町-26,high,
287,大字森町3番地の5,パレスト森町901,森町西一丁目,2,4-901,kyuusinn-morimati.pdf,森町-26,high,
288,大字森町3番地の5,パレスト森町902,森町西一丁目,2,4-902,kyuusinn-morimati.pdf,森町-26,high,
289,大字森町3番地の5,パレスト森町903,森町西一丁目,2,4-903,kyuusinn-morimati.pdf,森町-26,high,
290,大字森町3番地の5,パレスト森町905,森町西一丁目,2,4-905,kyuusinn-morimati.pdf,森町-26,high,
291,大字森町3番地の5,パレスト森町906,森町西一丁目,2,4-906,kyuusinn-morimati.pdf,森町-27,high,
292,大字森町3番地の5,パレスト森町907,森町西一丁目,2,4-907,kyuusinn-morimati.pdf,森町-27,high,
293,大字森町3番地の5,パレスト森町908,森町西一丁目,2,4-908,kyuusinn-morimati.pdf,森町-27,high,
294,大字森町3番地の5,パレスト森町909,森町西一丁目,2,4-909,kyuusinn-morimati.pdf,森町-27,high,
295,大字森町3番地の5,パレスト森町1001,森町西一丁目,2,4-1001,kyuusinn-morimati.pdf,森町-27,high,
296,大字森町3番地の5,パレスト森町1002,森町西一丁目,2,4-1002,kyuusinn-morimati.pdf,森町-27,high,
297,大字森町3番地の5,パレスト森町1003,森町西一丁目,2,4-1003,kyuusinn-morimati.pdf,森町-27,high,
298,大字森町3番地の5,パレスト森町1005,森町西一丁目,2,4-1005,kyuusinn-morimati.pdf,森町-27,high,
299,大字森町3番地の5,パレスト森町1006,森町西一丁目,2,4-1006,kyuusinn-morimati.pdf,森町-27,high,
300,大字森町3番地の5,パレスト森町1007,森町西一丁目,2,4-1007,kyuusinn-morimati.pdf,森町-27,high,
301,大字森町3番地の5,パレスト森町1008,森町西一丁目,2,4-1008,kyuusinn-morimati.pdf,森町-27,high,
302,大字森町3番地の5,パレスト森町1009,森町西一丁目,2,4-1009,kyuusinn-morimati.pdf,森町-27,high,
303,大字森町字高四廊通り3-7,,森町西一丁目,10,2,kyuusinn-morimati.pdf,森町-27,high,書式外住所(小字付き)、資料上通称の記載なし
304,大字森町20番地の2,,森町西一丁目,1,23,kyuusinn-morimati.pdf,森町-28,high,資料上通称の記載なし
305,大字森町20番地の5,,森町西一丁目,10,2,kyuusinn-morimati.pdf,森町-28,high,資料上通称の記載なし
306,大字森町20番地の6,,森町西一丁目,10,3,kyuusinn-morimati.pdf,森町-28,high,資料上通称の記載なし
307,大字森町20番地の7,,森町西一丁目,4,10,kyuusinn-morimati.pdf,森町-28,high,資料上通称の記載なし
308,大字森町20番地の8,,森町西一丁目,5,10,kyuusinn-morimati.pdf,森町-28,high,資料上通称の記載なし
309,大字森町20番地の9,,森町西一丁目,10,6,kyuusinn-morimati.pdf,森町-28,high,資料上通称の記載なし
310,大字森町20番地の10,,森町西一丁目,7,10,kyuusinn-morimati.pdf,森町-28,high,資料上通称の記載なし
311,大字森町20番地の11,,森町西一丁目,8,9,kyuusinn-morimati.pdf,森町-28,high,資料上通称の記載なし
312,大字森町20番地の12,,森町西一丁目,9,7,kyuusinn-morimati.pdf,森町-28,high,資料上通称の記載なし
313,大字森町20番地の13,,森町西一丁目,9,6,kyuusinn-morimati.pdf,森町-28,high,資料上通称の記載なし
314,大字森町20番地の14,,森町西一丁目,5,9,kyuusinn-morimati.pdf,森町-28,high,資料上通称の記載なし
315,大字森町20番地の15,,森町西一丁目,9,4,kyuusinn-morimati.pdf,森町-28,high,資料上通称の記載なし
316,大字森町20番地の16,,森町西一丁目,9,3,kyuusinn-morimati.pdf,森町-28,high,資料上通称の記載なし
317,大字森町20番地の17,,森町西一丁目,9,2,kyuusinn-morimati.pdf,森町-29,high,資料上通称の記載なし
318,大字森町20番地の18,,森町西一丁目,9,1,kyuusinn-morimati.pdf,森町-29,high,資料上通称の記載なし
319,大字森町20番地の19,,森町西一丁目,9,14,kyuusinn-morimati.pdf,森町-29,high,資料上通称の記載なし
320,大字森町20番地の20,,森町西一丁目,9,13,kyuusinn-morimati.pdf,森町-29,high,資料上通称の記載なし
321,大字森町20番地の21,,森町西一丁目,9,12,kyuusinn-morimati.pdf,森町-29,high,資料上通称の記載なし
322,大字森町20番地の22,,森町西一丁目,9,11,kyuusinn-morimati.pdf,森町-29,high,資料上通称の記載なし
323,大字森町20番地の23,,森町西一丁目,9,10,kyuusinn-morimati.pdf,森町-29,high,資料上通称の記載なし
324,大字森町20番地の24,,森町西一丁目,9,9,kyuusinn-morimati.pdf,森町-29,high,資料上2回出現、資料上通称の記載なし
325,大字森町20番地の25,,森町西一丁目,8,7,kyuusinn-morimati.pdf,森町-29,high,資料上2回出現、資料上通称の記載なし
326,大字森町20番地の26,,森町西一丁目,8,6,kyuusinn-morimati.pdf,森町-29,high,資料上通称の記載なし
327,大字森町20番地の27,,森町西一丁目,8,5,kyuusinn-morimati.pdf,森町-29,high,資料上通称の記載なし
328,大字森町20番地の28,,森町西一丁目,8,4,kyuusinn-morimati.pdf,森町-30,high,資料上通称の記載なし
329,大字森町20番地の30,,森町西一丁目,8,3,kyuusinn-morimati.pdf,森町-30,high,資料上2回出現、資料上通称の記載なし
330,大字森町20番地の32,,森町西一丁目,8,1,kyuusinn-morimati.pdf,森町-30,high,資料上通称の記載なし
331,大字森町20番地の33,,森町西一丁目,8,12,kyuusinn-morimati.pdf,森町-30,high,資料上通称の記載なし
332,大字森町20番地の36,,森町西一丁目,8,10,kyuusinn-morimati.pdf,森町-30,high,資料上2回出現、資料上通称の記載なし
333,大字森町20番地の37,,森町西一丁目,8,9,kyuusinn-morimati.pdf,森町-30,high,資料上2回出現、1対多、資料上通称の記載なし
334,大字森町20番地の37,,森町西一丁目,9,8,kyuusinn-morimati.pdf,森町-30,high,資料上2回出現、1対多、資料上通称の記載なし
335,大字森町20番地の38,,森町西一丁目,8,8,kyuusinn-morimati.pdf,森町-30,high,資料上2回出現、資料上通称の記載なし
336,大字森町20番地の59,,森町西一丁目,8,10,kyuusinn-morimati.pdf,森町-31,high,資料上通称の記載なし
337,大字森町20番地の73,ガーデンテラス森町A,森町西一丁目,11,1,kyuusinn-morimati.pdf,森町-31,high,
338,大字森町20番地の73,ガーデンテラス森町B,森町西一丁目,11,1,kyuusinn-morimati.pdf,森町-31,high,
339,大字森町20番地の73,ガーデンテラス森町C,森町西一丁目,11,1,kyuusinn-morimati.pdf,森町-31,high,
340,大字森町20番地の73,ガーデンテラス森町D,森町西一丁目,11,1,kyuusinn-morimati.pdf,森町-31,high,
341,大字森町20番地の81,エレガンス森町 IIΑ,森町西一丁目,15,1,kyuusinn-morimati.pdf,森町-31,high,
342,大字森町20番地の81,エレガンス森町 II В,森町西一丁目,15,1,kyuusinn-morimati.pdf,森町-31,high,
343,大字森町20番地の81,エレガンス森町 IIC,森町西一丁目,15,1,kyuusinn-morimati.pdf,森町-31,high,
344,大字森町20番地の81,エレガンス森町 IID,森町西一丁目,15,1,kyuusinn-morimati.pdf,森町-31,high,
345,大字森町28番地の7,,森町西一丁目,17,3,kyuusinn-morimati.pdf,森町-31,high,資料上通称の記載なし
346,大字森町28番地の8,ドエル森101,森町西一丁目,4,17,kyuusinn-morimati.pdf,森町-31,high,
347,大字森町28番地の8,ドエル森102,森町西一丁目,4,17,kyuusinn-morimati.pdf,森町-31,high,
348,大字森町28番地の8,ドエル森201,森町西一丁目,4,17,kyuusinn-morimati.pdf,森町-31,high,
349,大字森町28番地の8,ドエル森202,森町西一丁目,17,4,kyuusinn-morimati.pdf,森町-32,high,
350,大字森町29番地の3,,森町西一丁目,17,9,kyuusinn-morimati.pdf,森町-32,high,資料上2回出現、資料上通称の記載なし
351,大字森町29番地の4,,森町西一丁目,17,8,kyuusinn-morimati.pdf,森町-32,high,資料上通称の記載なし
352,大字森町29番地の5,,森町西一丁目,18,1,kyuusinn-morimati.pdf,森町-32,high,資料上通称の記載なし
353,大字森町29番地の6,,森町西一丁目,18,6,kyuusinn-morimati.pdf,森町-32,high,資料上通称の記載なし
354,大字森町29番地の7,,森町西一丁目,17,7,kyuusinn-morimati.pdf,森町-32,high,資料上通称の記載なし
355,大字森町29番地の8,,森町西一丁目,18,5,kyuusinn-morimati.pdf,森町-32,high,資料上2回出現、資料上通称の記載なし
356,大字森町29番地の10,,森町西一丁目,17,6,kyuusinn-morimati.pdf,森町-32,high,資料上通称の記載なし
357,大字森町29番地の11,,森町西一丁目,17,5,kyuusinn-morimati.pdf,森町-32,high,資料上通称の記載なし
358,大字森町31番地の1,,森町西一丁目,10,8,kyuusinn-morimati.pdf,森町-32,high,資料上通称の記載なし
359,大字森町31番地の1,コスモシティ森町弐番館101,森町西一丁目,10,8-101,kyuusinn-morimati.pdf,森町-32,high,
360,大字森町31番地の1,コスモシティ森町弐番館102,森町西一丁目,10,8-102,kyuusinn-morimati.pdf,森町-33,high,
361,大字森町31番地の1,コスモシティ森町弐番館103,森町西一丁目,10,8-103,kyuusinn-morimati.pdf,森町-33,high,
362,大字森町31番地の1,コスモシティ森町弐番館105,森町西一丁目,10,8-105,kyuusinn-morimati.pdf,森町-33,high,資料上2回出現
363,大字森町31番地の1,コスモシティ森町弐番館106,森町西一丁目,10,8-106,kyuusinn-morimati.pdf,森町-33,high,
364,大字森町31番地の1,コスモシティ森町弐番館201,森町西一丁目,10,8-201,kyuusinn-morimati.pdf,森町-33,high,
365,大字森町31番地の1,コスモシティ森町弐番館202,森町西一丁目,10,8-202,kyuusinn-morimati.pdf,森町-33,high,
366,大字森町31番地の1,コスモシティ森町弐番館203,森町西一丁目,10,8-203,kyuusinn-morimati.pdf,森町-33,high,
367,大字森町31番地の1,コスモシティ森町弐番館205,森町西一丁目,10,8-205,kyuusinn-morimati.pdf,森町-33,high,
368,大字森町31番地の1,コスモシティ森町弐番館206,森町西一丁目,10,8-206,kyuusinn-morimati.pdf,森町-33,high,
369,大字森町31番地の1,コスモシティ森町弐番館207,森町西一丁目,10,8-207,kyuusinn-morimati.pdf,森町-33,high,資料上2回出現
370,大字森町31番地の1,コスモシティ森町弐番館208,森町西一丁目,10,8-208,kyuusinn-morimati.pdf,森町-33,high,
371,大字森町31番地の1,コスモシティ森町弐番館301,森町西一丁目,10,8-301,kyuusinn-morimati.pdf,森町-34,high,
372,大字森町31番地の1,コスモシティ森町弐番館302,森町西一丁目,10,8-302,kyuusinn-morimati.pdf,森町-34,high,
373,大字森町31番地の1,コスモシティ森町弐番館303,森町西一丁目,10,8-303,kyuusinn-morimati.pdf,森町-34,high,
374,大字森町31番地の1,コスモシティ森町弐番館305,森町西一丁目,10,8-305,kyuusinn-morimati.pdf,森町-34,high,
375,大字森町31番地の1,コスモシティ森町弐番館306,森町西一丁目,10,8-306,kyuusinn-morimati.pdf,森町-34,high,資料上2回出現
376,大字森町31番地の1,コスモシティ森町弐番館307,森町西一丁目,10,8-307,kyuusinn-morimati.pdf,森町-34,high,
377,大字森町31番地の1,コスモシティ森町弐番館308,森町西一丁目,10,8-308,kyuusinn-morimati.pdf,森町-34,high,
378,大字森町31番地の1,コスモシティ森町弐番館401,森町西一丁目,10,8-401,kyuusinn-morimati.pdf,森町-34,high,
379,大字森町31番地の1,コスモシティ森町弐番館402,森町西一丁目,10,8-402,kyuusinn-morimati.pdf,森町-34,high,
380,大字森町31番地の1,コスモシティ森町弐番館403,森町西一丁目,10,8-403,kyuusinn-morimati.pdf,森町-34,high,資料上2回出現
381,大字森町31番地の1,コスモシティ森町弐番館405,森町西一丁目,10,8-405,kyuusinn-morimati.pdf,森町-34,high,
382,大字森町31番地の1,コスモシティ森町弐番館406,森町西一丁目,10,8-406,kyuusinn-morimati.pdf,森町-35,high,
383,大字森町31番地の1,コスモシティ森町弐番館407,森町西一丁目,10,8-407,kyuusinn-morimati.pdf,森町-35,high,
384,大字森町31番地の1,コスモシティ森町弐番館408,森町西一丁目,10,8-408,kyuusinn-morimati.pdf,森町-35,high,
385,大字森町31番地の1,コスモシティ森町弐番館501,森町西一丁目,10,8-501,kyuusinn-morimati.pdf,森町-35,high,
386,大字森町31番地の1,コスモシティ森町弐番館502,森町西一丁目,10,8-502,kyuusinn-morimati.pdf,森町-35,high,
387,大字森町31番地の1,コスモシティ森町弐番館503,森町西一丁目,10,8-503,kyuusinn-morimati.pdf,森町-35,high,
388,大字森町31番地の1,コスモシティ森町弐番館505,森町西一丁目,10,8-505,kyuusinn-morimati.pdf,森町-35,high,
389,大字森町31番地の1,コスモシティ森町弐番館506,森町西一丁目,10,8-506,kyuusinn-morimati.pdf,森町-35,high,
390,大字森町31番地の1,コスモシティ森町弐番館507,森町西一丁目,10,8-507,kyuusinn-morimati.pdf,森町-35,high,
391,大字森町31番地の1,コスモシティ森町弐番館508,森町西一丁目,10,8-508,kyuusinn-morimati.pdf,森町-35,high,
392,大字森町31番地の1,コスモシティ森町弐番館601,森町西一丁目,10,8-601,kyuusinn-morimati.pdf,森町-35,high,
393,大字森町31番地の1,コスモシティ森町弐番館602,森町西一丁目,10,8-602,kyuusinn-morimati.pdf,森町-35,high,資料上2回出現
394,大字森町31番地の1,コスモシティ森町弐番館603,森町西一丁目,10,8-603,kyuusinn-morimati.pdf,森町-36,high,
395,大字森町31番地の1,コスモシティ森町弐番館605,森町西一丁目,10,8-605,kyuusinn-morimati.pdf,森町-36,high,
396,大字森町31番地の1,コスモシティ森町弐番館606,森町西一丁目,10,8-606,kyuusinn-morimati.pdf,森町-36,high,資料上2回出現
397,大字森町31番地の1,コスモシティ森町弐番館607,森町西一丁目,10,8-607,kyuusinn-morimati.pdf,森町-36,high,
398,大字森町31番地の1,コスモシティ森町弐番館701,森町西一丁目,10,8-701,kyuusinn-morimati.pdf,森町-36,high,
399,大字森町31番地の1,コスモシティ森町弐番館702,森町西一丁目,10,8-702,kyuusinn-morimati.pdf,森町-36,high,資料上2回出現
400,大字森町31番地の1,コスモシティ森町弐番館703,森町西一丁目,10,8-703,kyuusinn-morimati.pdf,森町-36,high,
401,大字森町31番地の1,コスモシティ森町弐番館705,森町西一丁目,10,8-705,kyuusinn-morimati.pdf,森町-36,high,
402,大字森町31番地の1,コスモシティ森町弐番館706,森町西一丁目,10,8-706,kyuusinn-morimati.pdf,森町-36,high,
403,大字森町31番地の1,コスモシティ森町弐番館707,森町西一丁目,10,8-707,kyuusinn-morimati.pdf,森町-36,high,
404,大字森町31番地の1,コスモシティ森町弐番館801,森町西一丁目,10,8-801,kyuusinn-morimati.pdf,森町-36,high,
405,大字森町31番地の1,コスモシティ森町弐番館802,森町西一丁目,10,8-802,kyuusinn-morimati.pdf,森町-37,high,
406,大字森町31番地の1,コスモシティ森町弐番館803,森町西一丁目,10,8-803,kyuusinn-morimati.pdf,森町-37,high,
407,大字森町31番地の1,コスモシティ森町弐番館805,森町西一丁目,10,8-805,kyuusinn-morimati.pdf,森町-37,high,
408,大字森町31番地の1,コスモシティ森町弐番館806,森町西一丁目,10,8-806,kyuusinn-morimati.pdf,森町-37,high,
409,大字森町31番地の1,コスモシティ森町弐番館807,森町西一丁目,10,8-807,kyuusinn-morimati.pdf,森町-37,high,
410,大字森町31番地の1,コスモシティ森町弐番館901,森町西一丁目,10,8-901,kyuusinn-morimati.pdf,森町-37,high,資料上2回出現
411,大字森町31番地の1,コスモシティ森町弐番館902,森町西一丁目,10,8-902,kyuusinn-morimati.pdf,森町-37,high,
412,大字森町31番地の1,コスモシティ森町弐番館903,森町西一丁目,10,8-903,kyuusinn-morimati.pdf,森町-37,high,
413,大字森町31番地の1,コスモシティ森町弐番館905,森町西一丁目,10,8-905,kyuusinn-morimati.pdf,森町-37,high,
414,大字森町31番地の1,コスモシティ森町弐番館1001,森町西一丁目,10,8-1001,kyuusinn-morimati.pdf,森町-37,high,
415,大字森町31番地の1,コスモシティ森町弐番館1002,森町西一丁目,10,8-1002,kyuusinn-morimati.pdf,森町-37,high,
416,大字森町31番地の1,コスモシティ森町弐番館1003,森町西一丁目,10,8-1003,kyuusinn-morimati.pdf,森町-37,high,
417,大字森町31番地の1,コスモシティ森町弐番館1005,森町西一丁目,10,8-1005,kyuusinn-morimati.pdf,森町-38,high,
418,大字森町31番地の1,コスモシティ森町弐番館1101,森町西一丁目,10,8-1101,kyuusinn-morimati.pdf,森町-38,high,
419,大字森町31番地の1,コスモシティ森町弐番館1102,森町西一丁目,10,8-1102,kyuusinn-morimati.pdf,森町-38,high,
420,大字森町31番地の1,コスモシティ森町弐番館1103,森町西一丁目,10,8-1103,kyuusinn-morimati.pdf,森町-38,high,
421,大字森町31番地の1,コスモシティ森町弐番館1105,森町西一丁目,10,8-1105,kyuusinn-morimati.pdf,森町-38,high,
422,大字森町36番地の2,,森町西一丁目,20,2,kyuusinn-morimati.pdf,森町-38,high,資料上通称の記載なし
423,大字森町36番地の3,,森町西一丁目,19,2,kyuusinn-morimati.pdf,森町-38,high,資料上通称の記載なし
424,大字森町36番地の4,,森町西一丁目,18,2,kyuusinn-morimati.pdf,森町-38,high,資料上通称の記載なし
425,大字森町36番地の5,,森町西一丁目,17,2,kyuusinn-morimati.pdf,森町-38,high,資料上通称の記載なし
426,大字森町36番地の6,,森町西一丁目,16,2,kyuusinn-morimati.pdf,森町-38,high,資料上通称の記載なし
427,大字森町36番地の7,,森町西一丁目,15,2,kyuusinn-morimati.pdf,森町-38,high,資料上通称の記載なし
428,大字森町36番地の8,,森町西一丁目,14,2,kyuusinn-morimati.pdf,森町-38,high,資料上通称の記載なし
429,大字森町36番地の9,,森町西一丁目,13,2,kyuusinn-morimati.pdf,森町-38,high,資料上2回出現(改ページ跨ぎ)、資料上通称の記載なし
430,大字森町36番地の12,,森町西一丁目,5,1,kyuusinn-morimati.pdf,森町-39,high,資料上通称の記載なし
431,大字森町36番地の12,,森町西一丁目,5,3,kyuusinn-morimati.pdf,森町-39,high,資料上2回出現、資料上通称の記載なし
432,大字森町36番地の13,,森町西一丁目,5,4,kyuusinn-morimati.pdf,森町-39,high,資料上通称の記載なし
433,大字森町36番地の14,,森町西一丁目,5,5,kyuusinn-morimati.pdf,森町-39,high,資料上通称の記載なし
434,大字森町36番地の16,,森町西一丁目,5,7,kyuusinn-morimati.pdf,森町-39,high,資料上通称の記載なし
435,大字森町39番地の2,,森町西一丁目,5,9,kyuusinn-morimati.pdf,森町-39,high,資料上通称の記載なし
436,大字森町39番地の5,,森町西一丁目,5,15,kyuusinn-morimati.pdf,森町-39,high,資料上通称の記載なし
437,大字森町39番地の6,,森町西一丁目,5,16,kyuusinn-morimati.pdf,森町-39,high,資料上2回出現、資料上通称の記載なし
438,大字森町39番地の7,,森町西一丁目,5,18,kyuusinn-morimati.pdf,森町-39,high,資料上通称の記載なし
439,大字森町39番地の8,,森町西一丁目,5,17,kyuusinn-morimati.pdf,森町-39,high,資料上通称の記載なし
440,大字森町39番地の9,,森町西一丁目,5,10,kyuusinn-morimati.pdf,森町-40,high,資料上通称の記載なし
441,大字森町39番地の10,,森町西一丁目,5,11,kyuusinn-morimati.pdf,森町-40,high,資料上通称の記載なし
442,大字森町39番地の11,,森町西一丁目,5,12,kyuusinn-morimati.pdf,森町-40,high,資料上通称の記載なし
443,大字森町39番地の18,,森町西一丁目,5,14,kyuusinn-morimati.pdf,森町-40,high,資料上通称の記載なし
444,大字森町41番地の2,,森町西一丁目,6,1,kyuusinn-morimati.pdf,森町-40,high,資料上通称の記載なし
445,大字森町41番地の3,,森町西一丁目,6,2,kyuusinn-morimati.pdf,森町-40,high,資料上通称の記載なし
446,大字森町41番地の4,,森町西一丁目,6,3,kyuusinn-morimati.pdf,森町-40,high,資料上2回出現、資料上通称の記載なし
447,大字森町41番地の5,,森町西一丁目,6,4,kyuusinn-morimati.pdf,森町-40,high,資料上通称の記載なし
448,大字森町41番地の6,,森町西一丁目,6,5,kyuusinn-morimati.pdf,森町-40,high,資料上通称の記載なし
449,大字森町41番地の7,,森町西一丁目,6,6,kyuusinn-morimati.pdf,森町-40,high,資料上2回出現、資料上通称の記載なし
450,大字森町41番地の8,,森町西一丁目,6,7,kyuusinn-morimati.pdf,森町-40,high,資料上通称の記載なし
451,大字森町41番地の9,,森町西一丁目,11,9,kyuusinn-morimati.pdf,森町-41,high,資料上2回出現、資料上通称の記載なし
452,大字森町41番地の10,,森町西一丁目,11,10,kyuusinn-morimati.pdf,森町-41,high,資料上2回出現、資料上通称の記載なし
453,大字森町41番地の11,,森町西一丁目,11,11,kyuusinn-morimati.pdf,森町-41,high,資料上通称の記載なし
454,大字森町41番地の12,,森町西一丁目,11,12,kyuusinn-morimati.pdf,森町-41,high,資料上通称の記載なし
455,大字森町41番地の13,,森町西一丁目,11,13,kyuusinn-morimati.pdf,森町-41,high,資料上2回出現、資料上通称の記載なし
456,大字森町41番地の14,,森町西一丁目,11,1,kyuusinn-morimati.pdf,森町-41,high,資料上通称の記載なし
457,大字森町41番地の18,,森町西一丁目,11,2,kyuusinn-morimati.pdf,森町-41,high,資料上通称の記載なし
458,大字森町41番地の19,,森町西一丁目,11,3,kyuusinn-morimati.pdf,森町-41,high,資料上通称の記載なし
459,大字森町41番地の20,,森町西一丁目,11,4,kyuusinn-morimati.pdf,森町-41,high,資料上3回出現(改ページ跨ぎ)、資料上通称の記載なし
460,大字森町41番地の21,,森町西一丁目,11,5,kyuusinn-morimati.pdf,森町-42,high,資料上通称の記載なし
461,大字森町41番地の22,,森町西一丁目,11,6,kyuusinn-morimati.pdf,森町-42,high,資料上通称の記載なし
462,大字森町41番地の23,,森町西一丁目,11,7,kyuusinn-morimati.pdf,森町-42,high,資料上通称の記載なし
463,大字森町41番地の24,,森町西一丁目,11,8,kyuusinn-morimati.pdf,森町-42,high,資料上通称の記載なし
464,大字森町41番地の26,,森町西一丁目,10,14,kyuusinn-morimati.pdf,森町-42,high,資料上通称の記載なし
465,大字森町41番地の27,,森町西一丁目,11,14,kyuusinn-morimati.pdf,森町-42,high,資料上2回出現、資料上通称の記載なし
466,大字森町41番地の28,,森町西一丁目,12,14,kyuusinn-morimati.pdf,森町-42,high,資料上2回出現、資料上通称の記載なし
467,大字森町41番地の29,,森町西一丁目,13,14,kyuusinn-morimati.pdf,森町-42,high,資料上通称の記載なし
468,大字森町41番地の30,,森町西一丁目,14,3,kyuusinn-morimati.pdf,森町-42,high,資料上通称の記載なし
469,大字森町41番地の32,,森町西一丁目,14,4,kyuusinn-morimati.pdf,森町-42,high,資料上通称の記載なし
470,大字森町41番地の33,,森町西一丁目,14,5,kyuusinn-morimati.pdf,森町-43,high,資料上2回出現、資料上通称の記載なし
471,大字森町41番地の34,,森町西一丁目,14,6,kyuusinn-morimati.pdf,森町-43,high,資料上2回出現、資料上通称の記載なし
472,大字森町41番地の35,,森町西一丁目,14,7,kyuusinn-morimati.pdf,森町-43,high,資料上通称の記載なし
473,大字森町41番地の36,,森町西一丁目,14,8,kyuusinn-morimati.pdf,森町-43,high,資料上通称の記載なし
474,大字森町41番地の37,,森町西一丁目,15,7,kyuusinn-morimati.pdf,森町-43,high,資料上通称の記載なし
475,大字森町41番地の38,,森町西一丁目,15,6,kyuusinn-morimati.pdf,森町-43,high,資料上通称の記載なし
476,大字森町41番地の39,,森町西一丁目,15,5,kyuusinn-morimati.pdf,森町-43,high,資料上2回出現、資料上通称の記載なし
477,大字森町41番地の40,,森町西一丁目,15,4,kyuusinn-morimati.pdf,森町-43,high,資料上2回出現、資料上通称の記載なし
478,大字森町41番地の41,,森町西一丁目,15,3,kyuusinn-morimati.pdf,森町-43,high,資料上通称の記載なし
479,大字森町41番地の42,,森町西一丁目,15,2,kyuusinn-morimati.pdf,森町-44,high,資料上通称の記載なし
480,大字森町41番地の43,,森町西一丁目,15,1,kyuusinn-morimati.pdf,森町-44,high,資料上通称の記載なし
481,大字森町49番地の7,,森町西一丁目,13,16,kyuusinn-morimati.pdf,森町-44,high,資料上通称の記載なし
482,大字森町50番地の4,,森町西一丁目,12,16,kyuusinn-morimati.pdf,森町-44,high,資料上通称の記載なし
483,大字森町50番地の5,,森町西一丁目,16,11,kyuusinn-morimati.pdf,森町-44,high,資料上通称の記載なし
484,大字森町50番地の6,,森町西一丁目,10,16,kyuusinn-morimati.pdf,森町-44,high,資料上通称の記載なし
485,大字森町50番地の7,,森町西一丁目,16,9,kyuusinn-morimati.pdf,森町-44,high,資料上通称の記載なし
486,大字森町50番地の8,,森町西一丁目,8,16,kyuusinn-morimati.pdf,森町-44,high,資料上通称の記載なし
487,大字森町50番地の9,,森町西一丁目,16,7,kyuusinn-morimati.pdf,森町-44,high,資料上通称の記載なし
488,大字森町50番地の10,,森町西二丁目,35,1,kyuusinn-morimati.pdf,森町-44,high,資料上2回出現、資料上通称の記載なし
489,大字森町50番地の11,,森町西二丁目,34,1,kyuusinn-morimati.pdf,森町-44,high,資料上2回出現、資料上通称の記載なし
490,大字森町50番地の12,,森町西二丁目,33,1,kyuusinn-morimati.pdf,森町-45,high,資料上通称の記載なし
491,大字森町50番地の13,,森町西二丁目,32,1,kyuusinn-morimati.pdf,森町-45,high,資料上通称の記載なし
492,大字森町50-20,,森町西二丁目,39,1,kyuusinn-morimati.pdf,森町-45,high,資料上通称の記載なし
493,大字森町50番地の20,,森町西二丁目,39,1,kyuusinn-morimati.pdf,森町-45,high,資料上3回出現、資料上通称の記載なし
494,大字森町51番地の3,,森町西二丁目,36,1,kyuusinn-morimati.pdf,森町-45,high,資料上通称の記載なし
495,大字森町51番地の4,,森町西二丁目,37,1,kyuusinn-morimati.pdf,森町-45,high,資料上通称の記載なし
496,大字森町51番地の5,,森町西二丁目,38,1,kyuusinn-morimati.pdf,森町-45,high,資料上通称の記載なし
497,大字森町53番地の8,,森町西二丁目,48,1,kyuusinn-morimati.pdf,森町-45,high,資料上通称の記載なし
498,大字森町53番地の10,,森町西二丁目,41,1,kyuusinn-morimati.pdf,森町-45,high,資料上通称の記載なし
499,大字森町53番地の11,,森町西二丁目,42,1,kyuusinn-morimati.pdf,森町-45,high,資料上通称の記載なし
500,大字森町53番地の12,,森町西二丁目,43,1,kyuusinn-morimati.pdf,森町-45,high,資料上通称の記載なし
501,大字森町53番地の13,,森町西二丁目,1,44,kyuusinn-morimati.pdf,森町-46,high,資料上通称の記載なし
502,大字森町53番地の14,,森町西二丁目,1,45,kyuusinn-morimati.pdf,森町-46,high,資料上2回出現、資料上通称の記載なし
503,大字森町53番地の15,,森町西二丁目,1,46,kyuusinn-morimati.pdf,森町-46,high,資料上2回出現、資料上通称の記載なし
504,大字森町53番地の18,,森町西二丁目,1,53,kyuusinn-morimati.pdf,森町-46,high,資料上通称の記載なし
505,大字森町53番地の19,,森町西二丁目,1,54,kyuusinn-morimati.pdf,森町-46,high,資料上通称の記載なし
506,大字森町53番地の20,,森町西二丁目,1,55,kyuusinn-morimati.pdf,森町-46,high,資料上通称の記載なし
507,大字森町53番地の21,,森町西二丁目,1,56,kyuusinn-morimati.pdf,森町-46,high,資料上2回出現、資料上通称の記載なし
508,大字森町53番地の22,,森町西二丁目,1,57,kyuusinn-morimati.pdf,森町-46,high,資料上通称の記載なし
509,大字森町53番地の23,,森町西二丁目,1,58,kyuusinn-morimati.pdf,森町-46,high,資料上通称の記載なし
510,大字森町53番地の24,,森町西二丁目,1,59,kyuusinn-morimati.pdf,森町-46,high,資料上通称の記載なし
511,大字森町53番地の25,,森町西二丁目,1,60,kyuusinn-morimati.pdf,森町-47,high,資料上通称の記載なし
512,大字森町56番地の5,,森町西二丁目,4,6,kyuusinn-morimati.pdf,森町-47,high,資料上通称の記載なし
513,大字森町56番地の7,,森町西二丁目,4,2,kyuusinn-morimati.pdf,森町-47,high,資料上通称の記載なし
514,大字森町56番地の8,,森町西二丁目,3,4,kyuusinn-morimati.pdf,森町-47,high,1対多、資料上通称の記載なし
515,大字森町56番地の8,,森町西二丁目,4,3,kyuusinn-morimati.pdf,森町-47,high,1対多、資料上通称の記載なし
516,大字森町56番地の9,,森町西二丁目,4,4,kyuusinn-morimati.pdf,森町-47,high,資料上通称の記載なし
517,大字森町56番地の10,,森町西二丁目,5,4,kyuusinn-morimati.pdf,森町-47,high,1対多、資料上通称の記載なし
518,大字森町56番地の10,,森町西二丁目,4,5,kyuusinn-morimati.pdf,森町-47,high,1対多、資料上通称の記載なし
519,大字森町56番地の11,,森町西二丁目,4,11,kyuusinn-morimati.pdf,森町-47,high,資料上通称の記載なし
520,大字森町56番地の12,,森町西二丁目,10,4,kyuusinn-morimati.pdf,森町-47,high,資料上通称の記載なし
521,大字森町56番地の13,,森町西二丁目,4,9,kyuusinn-morimati.pdf,森町-47,high,資料上通称の記載なし
522,大字森町56番地の14,,森町西二丁目,8,4,kyuusinn-morimati.pdf,森町-47,high,資料上通称の記載なし
523,大字森町57番地の1,,森町西二丁目,12,4,kyuusinn-morimati.pdf,森町-47,high,資料上通称の記載なし
524,大字森町57番地の4,,森町西二丁目,47,37-101,kyuusinn-morimati.pdf,森町-48,high,資料上通称の記載なし
525,大字森町58番地の2,メジャーベル森町Ⅱ 101,森町西二丁目,7,37-101,kyuusinn-morimati.pdf,森町-48,high,
526,大字森町58番地の2,メジャーベル森町Ⅱ 102,森町西二丁目,7,37-102,kyuusinn-morimati.pdf,森町-48,high,
527,大字森町58番地の2,メジャーベル森町Ⅱ103,森町西二丁目,7,37-103,kyuusinn-morimati.pdf,森町-48,high,
528,大字森町58番地の2,メジャーベル森町Ⅱ105,森町西二丁目,7,37-105,kyuusinn-morimati.pdf,森町-48,high,
529,大字森町58番地の2,メジャーベル森町Ⅱ 201,森町西二丁目,7,37-201,kyuusinn-morimati.pdf,森町-48,high,
530,大字森町58番地の2,メジャーベル森町Ⅱ 202,森町西二丁目,7,37-202,kyuusinn-morimati.pdf,森町-48,high,
531,大字森町58番地の2,メジャーベル森町Ⅱ 203,森町西二丁目,7,37-203,kyuusinn-morimati.pdf,森町-48,high,
532,大字森町58番地の2,メジャーベル森町Ⅱ 205,森町西二丁目,7,37-205,kyuusinn-morimati.pdf,森町-48,high,
533,大字森町58番地の2,メジャーベル森町Ⅱ301,森町西二丁目,7,37-301,kyuusinn-morimati.pdf,森町-48,high,
534,大字森町58番地の2,メジャーベル森町Ⅱ302,森町西二丁目,7,37-302,kyuusinn-morimati.pdf,森町-48,high,
535,大字森町58番地の2,メジャーベル森町Ⅱ303,森町西二丁目,7,37-303,kyuusinn-morimati.pdf,森町-48,high,
536,大字森町58番地の2,メジャーベル森町Ⅱ305,森町西二丁目,7,37-305,kyuusinn-morimati.pdf,森町-48,high,
537,大字森町58番地の6,メジャーベル森町1101,森町西二丁目,7,40-101,kyuusinn-morimati.pdf,森町-49,high,
538,大字森町58番地の6,メジャーベル森町1102,森町西二丁目,7,40-102,kyuusinn-morimati.pdf,森町-49,high,
539,大字森町58番地の6,メジャーベル森町 103,森町西二丁目,7,40-103,kyuusinn-morimati.pdf,森町-49,high,
540,大字森町58番地の6,メジャーベル森町1105,森町西二丁目,7,40-105,kyuusinn-morimati.pdf,森町-49,high,
541,大字森町58番地の6,メジャーベル森町1201,森町西二丁目,7,40-201,kyuusinn-morimati.pdf,森町-49,high,
542,大字森町58番地の6,メジャーベル森町1202,森町西二丁目,7,40-202,kyuusinn-morimati.pdf,森町-49,high,
543,大字森町58番地の6,メジャーベル森町1203,森町西二丁目,7,40-203,kyuusinn-morimati.pdf,森町-49,high,
544,大字森町58番地の6,メジャーベル森町1205,森町西二丁目,7,40-205,kyuusinn-morimati.pdf,森町-49,high,
545,大字森町58番地の6,メジャーベル森町1301,森町西二丁目,7,40-301,kyuusinn-morimati.pdf,森町-49,high,
546,大字森町58番地の6,メジャーベル森町1302,森町西二丁目,7,40-302,kyuusinn-morimati.pdf,森町-49,high,
547,大字森町58番地の6,メジャーベル森町1303,森町西二丁目,7,40-303,kyuusinn-morimati.pdf,森町-49,high,
548,大字森町58番地の6,メジャーベル森町1305,森町西二丁目,7,40-305,kyuusinn-morimati.pdf,森町-49,high,
549,大字森町58番地の8,,森町西二丁目,14,4,kyuusinn-morimati.pdf,森町-49,high,資料上通称の記載なし
550,大字森町58番地の11,,森町西二丁目,4,13,kyuusinn-morimati.pdf,森町-50,high,資料上2回出現、資料上通称の記載なし
551,大字森町61番地の1,ユアーハウスA101,森町西二丁目,7,25,kyuusinn-morimati.pdf,森町-50,high,資料上2回出現
552,大字森町61番地の1,ユアーハウスA102,森町西二丁目,7,25,kyuusinn-morimati.pdf,森町-50,high,
553,大字森町61番地の1,ユアーハウスA103,森町西二丁目,7,25,kyuusinn-morimati.pdf,森町-50,high,
554,大字森町61番地の1,ユアーハウスA105,森町西二丁目,7,25,kyuusinn-morimati.pdf,森町-50,high,
555,大字森町61番地の1,ユアーハウスA201,森町西二丁目,7,25,kyuusinn-morimati.pdf,森町-50,high,
556,大字森町61番地の1,ユアーハウスA202,森町西二丁目,7,25,kyuusinn-morimati.pdf,森町-50,high,
557,大字森町61番地の1,ユアーハウスA203,森町西二丁目,7,25,kyuusinn-morimati.pdf,森町-50,high,
558,大字森町61番地の1,ユアーハウスA205,森町西二丁目,7,25,kyuusinn-morimati.pdf,森町-50,high,
559,大字森町61番地の1,ユアーハウス106,森町西二丁目,7,26,kyuusinn-morimati.pdf,森町-50,high,
560,大字森町61番地の1,ユアーハウスB107,森町西二丁目,7,26,kyuusinn-morimati.pdf,森町-50,high,
561,大字森町61番地の1,ユアーハウスB206,森町西二丁目,7,26,kyuusinn-morimati.pdf,森町-51,high,
562,大字森町61番地の1,ユアーハウスB207,森町西二丁目,7,26,kyuusinn-morimati.pdf,森町-51,high,
563,大字森町61番地の1,ユアーハウスC108,森町西二丁目,7,27,kyuusinn-morimati.pdf,森町-51,high,
564,大字森町61番地の1,ユアーハウス C110,森町西二丁目,7,27,kyuusinn-morimati.pdf,森町-51,high,
565,大字森町61番地の1,ユアーハウスC208,森町西二丁目,7,27,kyuusinn-morimati.pdf,森町-51,high,
566,大字森町61番地の1,ユアーハウスC210,森町西二丁目,7,27,kyuusinn-morimati.pdf,森町-51,high,
567,大字森町61番地の1,ユアーハウスD111,森町西二丁目,7,28,kyuusinn-morimati.pdf,森町-51,high,
568,大字森町61番地の1,ユアーハウスD112,森町西二丁目,7,28,kyuusinn-morimati.pdf,森町-51,high,
569,大字森町61番地の1,ユアーハウスD211,森町西二丁目,7,28,kyuusinn-morimati.pdf,森町-51,high,
570,大字森町61番地の1,ユアーハウスD212,森町西二丁目,7,28,kyuusinn-morimati.pdf,森町-51,high,
571,大字森町61番地の2,ユアーハウスE101,森町西二丁目,7,29,kyuusinn-morimati.pdf,森町-51,high,
572,大字森町61番地の2,ユアーハウスE102,森町西二丁目,7,29,kyuusinn-morimati.pdf,森町-51,high,
573,大字森町61番地の2,ユアーハウスE103,森町西二丁目,7,29,kyuusinn-morimati.pdf,森町-51,high,
574,大字森町61番地の2,ユアーハウスE201,森町西二丁目,7,29,kyuusinn-morimati.pdf,森町-52,high,
575,大字森町61番地の2,ユアーハウスE202,森町西二丁目,7,29,kyuusinn-morimati.pdf,森町-52,high,
576,大字森町61番地の2,ユアーハウスE203,森町西二丁目,7,29,kyuusinn-morimati.pdf,森町-52,high,
577,大字森町62番地の3,,森町西二丁目,7,24,kyuusinn-morimati.pdf,森町-52,high,資料上通称の記載なし
578,大字森町63番地の6,レインボー森町101,森町西二丁目,7,50-101,kyuusinn-morimati.pdf,森町-52,high,
579,大字森町63番地の6,レインボー森町102,森町西二丁目,7,50-102,kyuusinn-morimati.pdf,森町-52,high,
580,大字森町63番地の6,レインボー森町103,森町西二丁目,7,50-103,kyuusinn-morimati.pdf,森町-52,high,
581,大字森町63番地の6,レインボー森町105,森町西二丁目,7,50-105,kyuusinn-morimati.pdf,森町-52,high,
582,大字森町63番地の6,レインボー森町106,森町西二丁目,7,50-106,kyuusinn-morimati.pdf,森町-52,high,
583,大字森町63番地の6,レインボー森町107,森町西二丁目,7,50-107,kyuusinn-morimati.pdf,森町-52,high,
584,大字森町63番地の6,レインボー森町108,森町西二丁目,7,50-108,kyuusinn-morimati.pdf,森町-52,high,
585,大字森町63番地の6,レインボー森町110,森町西二丁目,7,50-110,kyuusinn-morimati.pdf,森町-52,high,
586,大字森町63番地の6,レインボー森町201,森町西二丁目,7,50-201,kyuusinn-morimati.pdf,森町-52,high,
587,大字森町63番地の6,レインボー森町202,森町西二丁目,7,50-202,kyuusinn-morimati.pdf,森町-53,high,
588,大字森町63番地の6,レインボー森町203,森町西二丁目,7,50-203,kyuusinn-morimati.pdf,森町-53,high,
589,大字森町63番地の6,レインボー森町205,森町西二丁目,7,50-205,kyuusinn-morimati.pdf,森町-53,high,
590,大字森町63番地の6,レインボー森町206,森町西二丁目,7,50-206,kyuusinn-morimati.pdf,森町-53,high,資料上2回出現
591,大字森町63番地の6,レインボー森町207,森町西二丁目,7,50-207,kyuusinn-morimati.pdf,森町-53,high,
592,大字森町63番地の6,レインボー森町208,森町西二丁目,7,50-208,kyuusinn-morimati.pdf,森町-53,high,
593,大字森町63番地の6,レインボー森町210,森町西二丁目,7,50-210,kyuusinn-morimati.pdf,森町-53,high,
594,大字森町63番地の6,レインボー森町301,森町西二丁目,7,50-301,kyuusinn-morimati.pdf,森町-53,high,
595,大字森町63番地の6,レインボー森町302,森町西二丁目,7,50-302,kyuusinn-morimati.pdf,森町-53,high,
596,大字森町63番地の6,レインボー森町303,森町西二丁目,7,50-303,kyuusinn-morimati.pdf,森町-53,high,
597,大字森町63番地の6,レインボー森町305,森町西二丁目,7,50-305,kyuusinn-morimati.pdf,森町-53,high,
598,大字森町63番地の6,レインボー森町306,森町西二丁目,7,50-306,kyuusinn-morimati.pdf,森町-53,high,
599,大字森町63番地の6,レインボー森町307,森町西二丁目,7,50-307,kyuusinn-morimati.pdf,森町-54,high,
600,大字森町63番地の6,レインボー森町308,森町西二丁目,7,50-308,kyuusinn-morimati.pdf,森町-54,high,
601,大字森町63番地の6,レインボー森町310,森町西二丁目,7,50-310,kyuusinn-morimati.pdf,森町-54,high,
602,大字森町64番地の2,,森町西二丁目,7,17-1,kyuusinn-morimati.pdf,森町-54,high,資料上通称の記載なし
603,大字森町64番地の2,,森町西二丁目,7,17-2,kyuusinn-morimati.pdf,森町-54,high,資料上通称の記載なし
604,大字森町64番地の3,,森町西二丁目,7,16-1,kyuusinn-morimati.pdf,森町-54,high,資料上通称の記載なし
605,大字森町64番地の3,,森町西二丁目,7,16-2,kyuusinn-morimati.pdf,森町-54,high,資料上通称の記載なし
606,大字森町64番地の4,,森町西二丁目,7,15-1,kyuusinn-morimati.pdf,森町-54,high,資料上2回出現、資料上通称の記載なし
607,大字森町64番地の4,,森町西二丁目,7,15-2,kyuusinn-morimati.pdf,森町-54,high,資料上通称の記載なし
608,大字森町64番地の5,,森町西二丁目,7,14-1,kyuusinn-morimati.pdf,森町-54,high,資料上通称の記載なし
609,大字森町64番地の5,,森町西二丁目,7,14-2,kyuusinn-morimati.pdf,森町-54,high,資料上通称の記載なし
610,大字森町64番地の6,,森町西二丁目,7,8-2,kyuusinn-morimati.pdf,森町-54,high,資料上通称の記載なし
611,大字森町64番地の6,,森町西二丁目,7,8-1,kyuusinn-morimati.pdf,森町-55,high,資料上通称の記載なし
612,大字森町64番地の7,,森町西二丁目,7,7-2,kyuusinn-morimati.pdf,森町-55,high,資料上通称の記載なし
613,大字森町64番地の7,,森町西二丁目,7,7-1,kyuusinn-morimati.pdf,森町-55,high,資料上通称の記載なし
614,大字森町64番地の8,,森町西二丁目,7,6-1,kyuusinn-morimati.pdf,森町-55,high,資料上通称の記載なし
615,大字森町64番地の8,,森町西二丁目,7,6-2,kyuusinn-morimati.pdf,森町-55,high,資料上2回出現、資料上通称の記載なし
616,大字森町64番地の9,,森町西二丁目,7,5-2,kyuusinn-morimati.pdf,森町-55,high,資料上通称の記載なし
617,大字森町64番地の9,,森町西二丁目,7,5-1,kyuusinn-morimati.pdf,森町-55,high,資料上通称の記載なし
618,大字森町64番地の12,,森町西二丁目,8,16-2,kyuusinn-morimati.pdf,森町-55,high,資料上通称の記載なし
619,大字森町64番地の12,,森町西二丁目,8,16-1,kyuusinn-morimati.pdf,森町-55,high,資料上通称の記載なし
620,大字森町64番地の13,,森町西二丁目,8,15-2,kyuusinn-morimati.pdf,森町-55,high,資料上通称の記載なし
621,大字森町64番地の13,,森町西二丁目,8,15-1,kyuusinn-morimati.pdf,森町-55,high,資料上通称の記載なし
622,大字森町64番地の14,,森町西二丁目,8,14-1,kyuusinn-morimati.pdf,森町-55,high,資料上通称の記載なし
623,大字森町64番地の14,,森町西二丁目,8,14-2,kyuusinn-morimati.pdf,森町-56,high,資料上2回出現、資料上通称の記載なし
624,大字森町64番地の15,,森町西二丁目,7,13,kyuusinn-morimati.pdf,森町-56,high,資料上通称の記載なし
625,大字森町64番地の16,,森町西二丁目,7,12,kyuusinn-morimati.pdf,森町-56,high,資料上通称の記載なし
626,大字森町64番地の17,,森町西二丁目,7,11,kyuusinn-morimati.pdf,森町-56,high,資料上通称の記載なし
627,大字森町64番地の18,,森町西二丁目,7,10,kyuusinn-morimati.pdf,森町-56,high,資料上通称の記載なし
628,大字森町64番地の19,,森町西二丁目,8,13,kyuusinn-morimati.pdf,森町-56,high,資料上2回出現、資料上通称の記載なし
629,大字森町64番地の20,,森町西二丁目,8,12,kyuusinn-morimati.pdf,森町-56,high,資料上通称の記載なし
630,大字森町64番地の21,,森町西二丁目,8,11,kyuusinn-morimati.pdf,森町-56,high,資料上通称の記載なし
631,大字森町64番地の22,,森町西二丁目,8,10,kyuusinn-morimati.pdf,森町-56,high,資料上通称の記載なし
632,大字森町64番地の23,,森町西二丁目,8,9,kyuusinn-morimati.pdf,森町-56,high,資料上通称の記載なし
633,大字森町64番地の25,,森町西二丁目,7,9,kyuusinn-morimati.pdf,森町-56,high,資料上通称の記載なし
634,大字森町69番地の5,,森町西二丁目,7,4-2,kyuusinn-morimati.pdf,森町-57,high,資料上通称の記載なし
635,大字森町69番地の5,,森町西二丁目,7,4-1,kyuusinn-morimati.pdf,森町-57,high,資料上通称の記載なし
636,大字森町69番地の6,,森町西二丁目,7,3,kyuusinn-morimati.pdf,森町-57,high,資料上通称の記載なし
637,大字森町69番地の7,,森町西二丁目,8,17-2,kyuusinn-morimati.pdf,森町-57,high,資料上通称の記載なし
638,大字森町69番地の7,,森町西二丁目,8,17-1,kyuusinn-morimati.pdf,森町-57,high,資料上2回出現、資料上通称の記載なし
639,大字森町69番地の8,,森町西二丁目,7,22,kyuusinn-morimati.pdf,森町-57,high,資料上通称の記載なし
640,大字森町69番地の9,,森町西二丁目,7,21,kyuusinn-morimati.pdf,森町-57,high,資料上通称の記載なし
641,大字森町69番地の10,,森町西二丁目,7,20,kyuusinn-morimati.pdf,森町-57,high,資料上通称の記載なし
642,大字森町69番地の11,,森町西二丁目,7,19,kyuusinn-morimati.pdf,森町-57,high,資料上通称の記載なし
643,大字森町69番地の12,,森町西二丁目,8,1,kyuusinn-morimati.pdf,森町-57,high,資料上通称の記載なし
644,大字森町69番地の13,,森町西二丁目,8,2,kyuusinn-morimati.pdf,森町-57,high,資料上2回出現、資料上通称の記載なし
645,大字森町69番地の14,,森町西二丁目,8,3,kyuusinn-morimati.pdf,森町-58,high,資料上通称の記載なし
646,大字森町69番地の15,,森町西二丁目,8,4,kyuusinn-morimati.pdf,森町-58,high,資料上2回出現、資料上通称の記載なし
647,大字森町69番地の17,,森町西二丁目,8,5,kyuusinn-morimati.pdf,森町-58,high,資料上通称の記載なし
648,大字森町69番地の18,,森町西二丁目,8,18-1,kyuusinn-morimati.pdf,森町-58,high,資料上通称の記載なし
649,大字森町69番地の18,,森町西二丁目,8,18-2,kyuusinn-morimati.pdf,森町-58,high,資料上通称の記載なし
650,大字森町69番地の19,,森町西二丁目,8,8,kyuusinn-morimati.pdf,森町-58,high,資料上通称の記載なし
651,大字森町69番地の20,,森町西二丁目,8,7,kyuusinn-morimati.pdf,森町-58,high,資料上通称の記載なし
652,大字森町69番地の21,,森町西二丁目,8,6,kyuusinn-morimati.pdf,森町-58,high,資料上通称の記載なし
653,大字森町69番地の22,,森町西二丁目,9,20,kyuusinn-morimati.pdf,森町-58,high,資料上通称の記載なし
654,大字森町69番地の23,,森町西二丁目,9,19,kyuusinn-morimati.pdf,森町-58,high,資料上通称の記載なし
655,大字森町69番地の24,,森町西二丁目,9,18,kyuusinn-morimati.pdf,森町-58,high,資料上通称の記載なし
656,大字森町69番地の25,,森町西二丁目,9,17,kyuusinn-morimati.pdf,森町-58,high,資料上2回出現(改ページ跨ぎ)、資料上通称の記載なし
657,大字森町69番地の26,,森町西二丁目,9,16,kyuusinn-morimati.pdf,森町-59,high,資料上通称の記載なし
658,大字森町69番地の28,,森町西二丁目,9,15,kyuusinn-morimati.pdf,森町-59,high,資料上通称の記載なし
659,大字森町69番地の29,,森町西二丁目,9,14,kyuusinn-morimati.pdf,森町-59,high,資料上通称の記載なし
660,大字森町69番地の30,,森町西二丁目,7,2,kyuusinn-morimati.pdf,森町-59,high,資料上通称の記載なし
661,大字森町73番地の2,,森町西二丁目,9,12,kyuusinn-morimati.pdf,森町-59,high,資料上通称の記載なし
662,大字森町74番地の1,ドミール K101 ・,森町西二丁目,9,5,kyuusinn-morimati.pdf,森町-59,high,
663,大字森町74番地の1,ドミール・K102,森町西二丁目,9,5,kyuusinn-morimati.pdf,森町-59,high,
664,大字森町74番地の1,ドミール・K10,森町西二丁目,9,5,kyuusinn-morimati.pdf,森町-59,high,
665,大字森町74番地の1,ミール・K201,森町西二丁目,9,5,kyuusinn-morimati.pdf,森町-59,high,
666,大字森町74番地の1,ミール・K202,森町西二丁目,9,5,kyuusinn-morimati.pdf,森町-59,high,
667,大字森町74番地の1,ドミール・K203,森町西二丁目,9,5,kyuusinn-morimati.pdf,森町-59,high,
668,大字森町74番地の4,,森町西二丁目,9,4,kyuusinn-morimati.pdf,森町-59,high,資料上通称の記載なし
669,大字森町75番地の3,,森町西二丁目,5,6,kyuusinn-morimati.pdf,森町-60,high,資料上通称の記載なし
670,大字森町75番地の4,,森町西二丁目,5,7,kyuusinn-morimati.pdf,森町-60,high,資料上2回出現、資料上通称の記載なし
671,大字森町75番地の6,,森町西二丁目,6,13-2,kyuusinn-morimati.pdf,森町-60,high,資料上通称の記載なし
672,大字森町75番地の6,,森町西二丁目,6,13-1,kyuusinn-morimati.pdf,森町-60,high,資料上通称の記載なし
673,大字森町75番地の7,,森町西二丁目,6,12-2,kyuusinn-morimati.pdf,森町-60,high,資料上2回出現、資料上通称の記載なし
674,大字森町75番地の7,,森町西二丁目,6,12-1,kyuusinn-morimati.pdf,森町-60,high,資料上通称の記載なし
675,大字森町75番地の8,,森町西二丁目,6,11-1,kyuusinn-morimati.pdf,森町-60,high,資料上通称の記載なし
676,大字森町75番地の8,,森町西二丁目,6,11-2,kyuusinn-morimati.pdf,森町-60,high,資料上通称の記載なし
677,大字森町75番地の9,,森町西二丁目,6,10-1,kyuusinn-morimati.pdf,森町-60,high,資料上通称の記載なし
678,大字森町75番地の9,,森町西二丁目,6,10-2,kyuusinn-morimati.pdf,森町-60,high,資料上通称の記載なし
679,大字森町75番地の10,,森町西二丁目,6,9-2,kyuusinn-morimati.pdf,森町-60,high,資料上通称の記載なし
680,大字森町75番地の10,大字森町75番地の10(森町西),森町西二丁目,6,9-1,kyuusinn-morimati.pdf,森町-61,high,
681,大字森町75番地の11,大字森町75番地の11(森町西),森町西二丁目,6,1-2,kyuusinn-morimati.pdf,森町-61,high,
682,大字森町75番地の11,大字森町75番地の11(森町西),森町西二丁目,6,1-1,kyuusinn-morimati.pdf,森町-61,high,
683,大字森町75番地の12,大字森町75番地の12(森町西),森町西二丁目,6,2,kyuusinn-morimati.pdf,森町-61,high,資料上2回出現
684,大字森町75番地の13,大字森町75番地の13(森町西),森町西二丁目,6,3,kyuusinn-morimati.pdf,森町-61,high,
685,大字森町75番地の14,大字森町75番地の14(森町西),森町西二丁目,6,4,kyuusinn-morimati.pdf,森町-61,high,
686,大字森町75番地の15,大字森町75番地の15(森町西),森町西二丁目,6,5,kyuusinn-morimati.pdf,森町-61,high,
687,大字森町75番地の16,大字森町75番地の16(森町西),森町西二丁目,6,6,kyuusinn-morimati.pdf,森町-61,high,
688,大字森町75番地の17,大字森町75番地の17(森町西),森町西二丁目,6,7,kyuusinn-morimati.pdf,森町-61,high,
689,大字森町75番地の18,大字森町75番地の18(森町西),森町西二丁目,6,8,kyuusinn-morimati.pdf,森町-61,high,
690,大字森町75番地の19,大字森町75番地の19(森町西),森町西二丁目,5,12,kyuusinn-morimati.pdf,森町-61,high,資料上2回出現
691,大字森町75番地の20,大字森町75番地の20(森町西),森町西二丁目,5,13,kyuusinn-morimati.pdf,森町-62,high,
692,大字森町75番地の21,大字森町75番地の21(森町西),森町西二丁目,5,14,kyuusinn-morimati.pdf,森町-62,high,
693,大字森町75番地の22,大字森町75番地の22(森町西),森町西二丁目,5,15,kyuusinn-morimati.pdf,森町-62,high,
694,大字森町75番地の23,大字森町75番地の23(森町西),森町西二丁目,7,34,kyuusinn-morimati.pdf,森町-62,high,
695,大字森町75番地の24,大字森町75番地の24(森町西),森町西二丁目,7,33,kyuusinn-morimati.pdf,森町-62,high,
696,大字森町75番地の25,大字森町75番地の25(森町西),森町西二丁目,7,32,kyuusinn-morimati.pdf,森町-62,high,
697,大字森町75番地の26,,森町西二丁目,5,4,kyuusinn-morimati.pdf,森町-62,high,資料上通称の記載なし
698,大字森町75番地の26,大字森町75番地の26(森町西),森町西二丁目,5,4,kyuusinn-morimati.pdf,森町-62,high,
699,大字森町75番地の27,大字森町75番地の27(森町西),森町西二丁目,5,5,kyuusinn-morimati.pdf,森町-62,high,
700,大字森町75番地の28,大字森町75番地の28(森町西),森町西二丁目,5,8,kyuusinn-morimati.pdf,森町-62,high,資料上2回出現
701,大字森町80番地の1,大字森町80番地の1(森町西),森町西二丁目,5,2,kyuusinn-morimati.pdf,森町-62,high,資料上2回出現
702,大字森町82番地,大字森町82番地(森町西),森町西二丁目,1,2,kyuusinn-morimati.pdf,森町-63,high,
703,大字森町83番地の3,大字森町83番地の3(森町西),森町西二丁目,8,1,kyuusinn-morimati.pdf,森町-63,high,
704,大字森町83番地の4,大字森町83番地の4(森町西),森町西二丁目,1,7,kyuusinn-morimati.pdf,森町-63,high,
705,大字森町83番地の5,大字森町83番地の5(森町西),森町西二丁目,6,1,kyuusinn-morimati.pdf,森町-63,high,
706,大字森町83番地の6,大字森町83番地の6(森町西),森町西二丁目,5,1,kyuusinn-morimati.pdf,森町-63,high,
707,大字森町83番地の7,大字森町83番地の7(森町西),森町西二丁目,5,1,kyuusinn-morimati.pdf,森町-63,high,
708,大字森町83番地の8,大字森町83番地の8(森町西),森町西二丁目,1,50,kyuusinn-morimati.pdf,森町-63,high,
709,大字森町84番地,大字森町84番地(森町西) 森町101,森町西二丁目,1,12,kyuusinn-morimati.pdf,森町-63,high,
710,大字森町84番地,大字森町84番地(森町西) 森町102,森町西二丁目,12,1,kyuusinn-morimati.pdf,森町-63,high,
711,大字森町84番地,大字森町84番地(森町西) 森町103,森町西二丁目,12,1,kyuusinn-morimati.pdf,森町-63,high,
712,大字森町84番地,大字森町84番地(森町西) 森町201,森町西二丁目,1,12,kyuusinn-morimati.pdf,森町-63,high,
713,大字森町84番地,大字森町84番地(森町西) ベルテ森町202,森町西二丁目,12,1,kyuusinn-morimati.pdf,森町-63,high,
714,大字森町84番地,大字森町84番地(森町西) 森町203,森町西二丁目,12,1,kyuusinn-morimati.pdf,森町-63,high,
715,大字森町84番地の1,大字森町84番地の1(森町西),森町西二丁目,1,14,kyuusinn-morimati.pdf,森町-64,high,
716,大字森町84番地の4,大字森町84番地の4(森町西),森町西二丁目,11,1,kyuusinn-morimati.pdf,森町-64,high,
717,大字森町84番地の5,大字森町84番地の5(森町西),森町西二丁目,1,16,kyuusinn-morimati.pdf,森町-64,high,
718,大字森町84番地の6,大字森町84番地の6(森町西) 森町II 101,森町西二丁目,15,1,kyuusinn-morimati.pdf,森町-64,high,
719,大字森町84番地の6,大字森町84番地の6(森町西) 森町II 102,森町西二丁目,15,1,kyuusinn-morimati.pdf,森町-64,high,
720,大字森町84番地の6,大字森町84番地の6(森町西) 森町II 201,森町西二丁目,15,1,kyuusinn-morimati.pdf,森町-64,high,
721,大字森町84番地の6,大字森町84番地の6(森町西) 森町II 202,森町西二丁目,15,1,kyuusinn-morimati.pdf,森町-64,high,
722,大字森町85番地の2,大字森町85番地の2(森町西),森町西二丁目,1,23,kyuusinn-morimati.pdf,森町-64,high,
723,大字森町85番地の2,大字森町85番地の2(森町西),森町西二丁目,23,1,kyuusinn-morimati.pdf,森町-64,high,
724,大字森町85番地の3,大字森町85番地の3(森町西),森町西二丁目,21,1,kyuusinn-morimati.pdf,森町-64,high,
725,大字森町85番地の4,大字森町85番地の4(森町西),森町西二丁目,20,1,kyuusinn-morimati.pdf,森町-64,high,
726,大字森町85番地の5,大字森町85番地の5(森町西),森町西二丁目,19,1,kyuusinn-morimati.pdf,森町-64,high,
727,大字森町85番地の6,大字森町85番地の6(森町西),森町西二丁目,18,1,kyuusinn-morimati.pdf,森町-64,high,資料上2回出現
728,大字森町85番地の7,大字森町85番地の7(森町西),森町西二丁目,17,1,kyuusinn-morimati.pdf,森町-65,high,
729,大字森町86番地の2,大字森町86番地の2(森町西),森町西一丁目,18,2,kyuusinn-morimati.pdf,森町-65,high,
730,大字森町86番地の3,大字森町86番地の3(森町西),森町西二丁目,24,1,kyuusinn-morimati.pdf,森町-65,high,資料上2回出現
731,大字森町86番地の4,大字森町86番地の4(森町西),森町西一丁目,18,3,kyuusinn-morimati.pdf,森町-65,high,
732,大字森町86番地の5,大字森町86番地の5(森町西),森町西一丁目,18,4,kyuusinn-morimati.pdf,森町-65,high,資料上2回出現
733,大字森町86番地の6,大字森町86番地の6(森町西),森町西二丁目,25,1,kyuusinn-morimati.pdf,森町-65,high,
734,大字森町86番地の7,大字森町86番地の7(森町西),森町西二丁目,26,1,kyuusinn-morimati.pdf,森町-65,high,
735,大字森町86番地の10,大字森町86番地の10(森町西),森町西二丁目,1,27,kyuusinn-morimati.pdf,森町-65,high,
736,大字森町86番地の11,大字森町86番地の11(森町西),森町西二丁目,28,1,kyuusinn-morimati.pdf,森町-65,high,
737,大字森町86番地の12,大字森町86番地の12(森町西),森町西一丁目,16,3,kyuusinn-morimati.pdf,森町-65,high,資料上2回出現
738,大字森町86番地の13,大字森町86番地の13(森町西),森町西一丁目,4,16,kyuusinn-morimati.pdf,森町-66,high,
739,大字森町86番地の13,大字森町86番地の13(森町西),森町西一丁目,16,4,kyuusinn-morimati.pdf,森町-66,high,
740,大字森町86番地の14,大字森町86番地の14(森町西),森町西二丁目,29,1,kyuusinn-morimati.pdf,森町-66,high,資料上2回出現
741,大字森町86番地の15,大字森町86番地の15(森町西),森町西二丁目,1,30,kyuusinn-morimati.pdf,森町-66,high,
742,大字森町86番地の16,大字森町86番地の16(森町西),森町西一丁目,16,5,kyuusinn-morimati.pdf,森町-66,high,
743,大字森町86番地の17,大字森町86番地の17(森町西),森町西二丁目,31,1,kyuusinn-morimati.pdf,森町-66,high,資料上2回出現
744,大字森町88番地の3,大字森町88番地の3(森町西),森町西三丁目,18,17,kyuusinn-morimati.pdf,森町-66,high,
745,大字森町88番地の4,,森町西三丁目,19,17,kyuusinn-morimati.pdf,森町-66,high,資料上通称の記載なし
746,大字森町88番地の4,大字森町88番地の4(森町西),森町西三丁目,19,17,kyuusinn-morimati.pdf,森町-66,high,
747,大字森町88番地の5,大字森町88番地の5(森町西),森町西三丁目,20,17,kyuusinn-morimati.pdf,森町-66,high,
748,大字森町88番地の8,大字森町88番地の8(森町西),森町西三丁目,21,17,kyuusinn-morimati.pdf,森町-67,high,
749,大字森町90番地の1,大字森町90番地の1(森町西) フェニックス5-101,森町西三丁目,16,17,kyuusinn-morimati.pdf,森町-67,high,
750,大字森町90番地の1,大字森町90番地の1(森町西) フェニックス5-102,森町西三丁目,16,17,kyuusinn-morimati.pdf,森町-67,high,
751,大字森町90番地の1,大字森町90番地の1(森町西) フェニックス5-201,森町西三丁目,16,17,kyuusinn-morimati.pdf,森町-67,high,
752,大字森町90番地の1,大字森町90番地の1(森町西) フェニックス5-202,森町西三丁目,16,17,kyuusinn-morimati.pdf,森町-67,high,
753,大字森町91番地の2,大字森町91番地の2(森町西) コーポすみれ101,森町西三丁目,71,17,kyuusinn-morimati.pdf,森町-67,high,
754,大字森町91番地の2,大字森町91番地の2(森町西) コーポすみれ201,森町西三丁目,17,71,kyuusinn-morimati.pdf,森町-67,high,
755,大字森町91番地の5,大字森町91番地の5(森町西),森町西三丁目,17,70,kyuusinn-morimati.pdf,森町-67,high,
756,大字森町91番地の5,大字森町91番地の5(森町西),森町西三丁目,70,17,kyuusinn-morimati.pdf,森町-67,high,
757,大字森町91番地の6,大字森町91番地の6(森町西),森町西三丁目,17,69,kyuusinn-morimati.pdf,森町-67,high,
758,大字森町92番地の1,大字森町92番地の1(森町西),森町西三丁目,65,17,kyuusinn-morimati.pdf,森町-67,high,資料上2回出現
759,大字森町92番地の4,大字森町92番地の4(森町西),森町西三丁目,17,64,kyuusinn-morimati.pdf,森町-68,high,
760,大字森町93番地の1,大字森町93番地の1(森町西),森町西三丁目,17,57,kyuusinn-morimati.pdf,森町-68,high,資料上2回出現
761,大字森町98番地の1,大字森町98番地の1(森町西) ZERO II 森町101,森町西三丁目,17,25-101,kyuusinn-morimati.pdf,森町-68,high,
762,大字森町98番地の1,大字森町98番地の1(森町西) ZERO II 森町102,森町西三丁目,17,25-102,kyuusinn-morimati.pdf,森町-68,high,
763,大字森町98番地の1,大字森町98番地の1(森町西) ZERO II 森町103,森町西三丁目,17,25-103,kyuusinn-morimati.pdf,森町-68,high,
764,大字森町98番地の1,大字森町98番地の1(森町西) ZERO II 森町201,森町西三丁目,17,25-201,kyuusinn-morimati.pdf,森町-68,high,
765,大字森町98番地の1,大字森町98番地の1(森町西) ZERO II 森町202,森町西三丁目,17,25-202,kyuusinn-morimati.pdf,森町-68,high,
766,大字森町98番地の1,大字森町98番地の1(森町西) ZERO II 森町203,森町西三丁目,17,25-203,kyuusinn-morimati.pdf,森町-68,high,
767,大字森町98番地の1,大字森町98番地の1(森町西) ZERO II 森町301,森町西三丁目,17,25-301,kyuusinn-morimati.pdf,森町-68,high,
768,大字森町98番地の1,大字森町98番地の1(森町西) ZERO II 森町302,森町西三丁目,17,25-302,kyuusinn-morimati.pdf,森町-68,high,
769,大字森町98番地の1,大字森町98番地の1(森町西) ZERO II 森町303,森町西三丁目,17,25-303,kyuusinn-morimati.pdf,森町-68,high,
770,大字森町98番地の1,大字森町98番地の1(森町西) ZERO II 森町401,森町西三丁目,17,25-401,kyuusinn-morimati.pdf,森町-68,high,
771,大字森町98番地の1,大字森町98番地の1(森町西) ZERO II 森町402,森町西三丁目,17,25-402,kyuusinn-morimati.pdf,森町-69,high,
772,大字森町98番地の1,大字森町98番地の1(森町西) ZERO II 森町403,森町西三丁目,17,25-403,kyuusinn-morimati.pdf,森町-69,high,
773,大字森町98番地の1,大字森町98番地の1(森町西) ZERO II 森町501,森町西三丁目,17,25-501,kyuusinn-morimati.pdf,森町-69,high,
774,大字森町98番地の1,大字森町98番地の1(森町西) ZERO II 森町502,森町西三丁目,17,25-502,kyuusinn-morimati.pdf,森町-69,high,
775,大字森町98番地の1,大字森町98番地の1(森町西) ZERO II 森町503,森町西三丁目,17,25-503,kyuusinn-morimati.pdf,森町-69,high,
776,大字森町98番地の1,大字森町98番地の1(森町西) ZERO II 森町505,森町西三丁目,17,25-505,kyuusinn-morimati.pdf,森町-69,high,
777,大字森町98番地の1,大字森町98番地の1(森町西) ZERO II 森町601,森町西三丁目,17,25-601,kyuusinn-morimati.pdf,森町-69,high,
778,大字森町98番地の1,大字森町98番地の1(森町西) ZERO II 森町602,森町西三丁目,17,25-602,kyuusinn-morimati.pdf,森町-69,high,
779,大字森町98番地の1,大字森町98番地の1(森町西) ZERO II 森町603,森町西三丁目,17,25-603,kyuusinn-morimati.pdf,森町-69,high,
780,大字森町98番地の1,大字森町98番地の1(森町西) ZERO II 森町605,森町西三丁目,17,25-605,kyuusinn-morimati.pdf,森町-69,high,
781,大字森町99番地の1,大字森町99番地の1(森町西) アベニュー千101号,森町西三丁目,17,29-101,kyuusinn-morimati.pdf,森町-69,high,
782,大字森町99番地の1,大字森町99番地の1(森町西) アベニュー千105号,森町西三丁目,17,29-105,kyuusinn-morimati.pdf,森町-69,high,
783,大字森町99番地の1,大字森町99番地の1(森町西) アベニュー 201,森町西三丁目,17,29-201,kyuusinn-morimati.pdf,森町-69,high,
784,大字森町99番地の1,大字森町99番地の1(森町西) アベニュー -202,森町西三丁目,17,29-202,kyuusinn-morimati.pdf,森町-70,high,
785,大字森町99番地の1,大字森町99番地の1(森町西) アベニュー千203,森町西三丁目,17,29-203,kyuusinn-morimati.pdf,森町-70,high,
786,大字森町99番地の1,大字森町99番地の1(森町西) アベニュー -205,森町西三丁目,17,29-205,kyuusinn-morimati.pdf,森町-70,high,
787,大字森町99番地の1,大字森町99番地の1(森町西) アベニュー -301,森町西三丁目,17,29-301,kyuusinn-morimati.pdf,森町-70,high,
788,大字森町99番地の1,大字森町99番地の1(森町西) アベニュー 302,森町西三丁目,17,29-302,kyuusinn-morimati.pdf,森町-70,high,
789,大字森町99番地の1,大字森町99番地の1(森町西) アベニュー-303千,森町西三丁目,17,29-303,kyuusinn-morimati.pdf,森町-70,high,
790,大字森町99番地の1,大字森町99番地の1(森町西) アベニュー千305,森町西三丁目,17,29-305,kyuusinn-morimati.pdf,森町-70,high,
791,大字森町99番地の1,大字森町99番地の1(森町西) アベニュー 401,森町西三丁目,17,29-401,kyuusinn-morimati.pdf,森町-70,high,
792,大字森町99番地の1,大字森町99番地の1(森町西) アベニュー千402,森町西三丁目,17,29-402,kyuusinn-morimati.pdf,森町-70,high,
793,大字森町99番地の1,大字森町99番地の1(森町西) アベニュー千403,森町西三丁目,17,29-403,kyuusinn-morimati.pdf,森町-70,high,
794,大字森町99番地の1,大字森町99番地の1(森町西) アベニュー千405,森町西三丁目,17,29-405,kyuusinn-morimati.pdf,森町-70,high,
795,大字森町99番地の1,大字森町99番地の1(森町西) アベニュー千501,森町西三丁目,17,29-501,kyuusinn-morimati.pdf,森町-70,high,
796,大字森町99番地の1,大字森町99番地の1(森町西) アベニュー千502,森町西三丁目,17,29-502,kyuusinn-morimati.pdf,森町-70,high,
797,大字森町99番地の1,大字森町99番地の1(森町西) アベニュー 503,森町西三丁目,17,29-503,kyuusinn-morimati.pdf,森町-71,high,
798,大字森町99番地の1,大字森町99番地の1(森町西) アベニュー千-505,森町西三丁目,17,29-505,kyuusinn-morimati.pdf,森町-71,high,
799,大字森町99番地の1,大字森町99番地の1(森町西) アベニュー千-601,森町西三丁目,17,29-601,kyuusinn-morimati.pdf,森町-71,high,
800,大字森町99番地の1,大字森町99番地の1(森町西) アベニュー -601,森町西三丁目,17,29-601,kyuusinn-morimati.pdf,森町-71,high,
801,大字森町101番地,大字森町101番地(森町西) けやきハウス101,森町西三丁目,17,43,kyuusinn-morimati.pdf,森町-71,high,
802,大字森町101番地,大字森町101番地(森町西) けやきハウス102,森町西三丁目,17,43,kyuusinn-morimati.pdf,森町-71,high,
803,大字森町101番地,大字森町101番地(森町西) けやきハウス103,森町西三丁目,17,43,kyuusinn-morimati.pdf,森町-71,high,
804,大字森町101番地,大字森町101番地(森町西) けやきハウス105,森町西三丁目,17,43,kyuusinn-morimati.pdf,森町-71,high,
805,大字森町101番地,大字森町101番地(森町西) けやきハウス201,森町西三丁目,17,43,kyuusinn-morimati.pdf,森町-71,high,
806,大字森町101番地,大字森町101番地(森町西) けやきハウス202,森町西三丁目,17,43,kyuusinn-morimati.pdf,森町-71,high,
807,大字森町101番地,大字森町101番地(森町西) けやきハウス203,森町西三丁目,17,43,kyuusinn-morimati.pdf,森町-71,high,
808,大字森町101番地,大字森町101番地(森町西) けやきハウス205,森町西三丁目,17,43,kyuusinn-morimati.pdf,森町-71,high,
809,大字森町102番地の4,大字森町102番地の4(森町西),森町西五丁目,2,5-2,kyuusinn-morimati.pdf,森町-72,high,
810,大字森町102番地の4,大字森町102番地の4(森町西),森町西五丁目,2,5-1,kyuusinn-morimati.pdf,森町-72,high,
811,大字森町102番地の5,大字森町102番地の5(森町西),森町西五丁目,2,4-1,kyuusinn-morimati.pdf,森町-72,high,
812,大字森町102番地の5,大字森町102番地の5(森町西),森町西五丁目,2,4-2,kyuusinn-morimati.pdf,森町-72,high,
813,大字森町102番地の6,大字森町102番地の6(森町西),森町西五丁目,2,3-1,kyuusinn-morimati.pdf,森町-72,high,
814,大字森町102番地の6,大字森町102番地の6(森町西),森町西五丁目,2,3-2,kyuusinn-morimati.pdf,森町-72,high,
815,大字森町102番地の7,大字森町102番地の7(森町西),森町西五丁目,2,2-1,kyuusinn-morimati.pdf,森町-72,high,
816,大字森町102番地の8,大字森町102番地の8(森町西),森町西五丁目,2,1,kyuusinn-morimati.pdf,森町-72,high,
817,大字森町102番地の9,大字森町102番地の9(森町西),森町西五丁目,2,16,kyuusinn-morimati.pdf,森町-72,high,
818,大字森町102番地の10,大字森町102番地の10(森町西),森町西五丁目,2,15-1,kyuusinn-morimati.pdf,森町-72,high,
819,大字森町102番地の10,大字森町102番地の10(森町西),森町西五丁目,2,15-2,kyuusinn-morimati.pdf,森町-72,high,
820,大字森町102番地の11,大字森町102番地の11(森町西),森町西五丁目,2,14-1,kyuusinn-morimati.pdf,森町-72,high,
821,大字森町102番地の11,大字森町102番地の11(森町西),森町西五丁目,2,14-2,kyuusinn-morimati.pdf,森町-72,high,
822,大字森町102番地の12,大字森町102番地の12(森町西),森町西五丁目,2,13-1,kyuusinn-morimati.pdf,森町-73,high,資料上2回出現
823,大字森町102番地の12,大字森町102番地の12(森町西),森町西五丁目,2,13-2,kyuusinn-morimati.pdf,森町-73,high,
824,大字森町102番地の13,大字森町102番地の13(森町西),森町西五丁目,2,12,kyuusinn-morimati.pdf,森町-73,high,
825,大字森町102番地の15,大字森町102番地の15(森町西),森町西五丁目,9,4-1,kyuusinn-morimati.pdf,森町-73,high,
826,大字森町102番地の15,大字森町102番地の15(森町西),森町西五丁目,9,4-2,kyuusinn-morimati.pdf,森町-73,high,
827,大字森町102番地の16,大字森町102番地の16(森町西),森町西五丁目,9,3-1,kyuusinn-morimati.pdf,森町-73,high,
828,大字森町102番地の16,大字森町102番地の16(森町西),森町西五丁目,9,3-2,kyuusinn-morimati.pdf,森町-73,high,
829,大字森町102番地の17,大字森町102番地の17(森町西),森町西五丁目,9,2-1,kyuusinn-morimati.pdf,森町-73,high,
830,大字森町102番地の17,大字森町102番地の17(森町西),森町西五丁目,9,2-2,kyuusinn-morimati.pdf,森町-73,high,
831,大字森町102番地の18,大字森町102番地の18(森町西),森町西五丁目,9,1,kyuusinn-morimati.pdf,森町-73,high,
832,大字森町102番地の19,大字森町102番地の19(森町西),森町西五丁目,9,16,kyuusinn-morimati.pdf,森町-73,high,
833,大字森町102番地の20,大字森町102番地の20(森町西),森町西五丁目,9,15,kyuusinn-morimati.pdf,森町-73,high,
834,大字森町102番地の21,大字森町102番地の21(森町西),森町西五丁目,9,14,kyuusinn-morimati.pdf,森町-74,high,
835,大字森町102番地の22,大字森町102番地の22(森町西),森町西五丁目,9,13,kyuusinn-morimati.pdf,森町-74,high,
836,大字森町102番地の26,大字森町102番地の26(森町西),森町西五丁目,1,22,kyuusinn-morimati.pdf,森町-74,high,
837,大字森町102番地の27,大字森町102番地の27(森町西),森町西五丁目,1,21,kyuusinn-morimati.pdf,森町-74,high,
838,大字森町102番地の28,大字森町102番地の28(森町西),森町西五丁目,1,20,kyuusinn-morimati.pdf,森町-74,high,
839,大字森町102番地の29,大字森町102番地の29(森町西),森町西五丁目,1,19,kyuusinn-morimati.pdf,森町-74,high,
840,大字森町102番地の30,大字森町102番地の30(森町西),森町西五丁目,1,18,kyuusinn-morimati.pdf,森町-74,high,
841,大字森町102番地の31,大字森町102番地の31(森町西),森町西五丁目,1,17,kyuusinn-morimati.pdf,森町-74,high,
842,大字森町102番地の32,大字森町102番地の32(森町西),森町西五丁目,1,16,kyuusinn-morimati.pdf,森町-74,high,資料上2回出現
843,大字森町102番地の33,大字森町102番地の33(森町西),森町西五丁目,1,15,kyuusinn-morimati.pdf,森町-74,high,
844,大字森町102番地の34,大字森町102番地の34(森町西),森町西五丁目,1,14,kyuusinn-morimati.pdf,森町-74,high,
845,大字森町102番地の36,大字森町102番地の36(森町西),森町西五丁目,10,8,kyuusinn-morimati.pdf,森町-74,high,
846,大字森町102番地の37,大字森町102番地の37(森町西),森町西五丁目,10,9,kyuusinn-morimati.pdf,森町-75,high,
847,大字森町102番地の38,大字森町102番地の38(森町西),森町西五丁目,10,10,kyuusinn-morimati.pdf,森町-75,high,
848,大字森町102番地の43,大字森町102番地の43(森町西),森町西五丁目,1,23,kyuusinn-morimati.pdf,森町-75,high,
849,大字森町102番地の67,大字森町102番地の67(森町西),森町西五丁目,2,2-2,kyuusinn-morimati.pdf,森町-75,high,
850,大字森町102番地の73,大字森町102番地の73(森町西),森町西四丁目,15,11,kyuusinn-morimati.pdf,森町-75,high,資料上2回出現
851,大字森町102番地の74,大字森町102番地の74(森町西),森町西四丁目,15,12,kyuusinn-morimati.pdf,森町-75,high,
852,大字森町102番地の75,大字森町102番地の75(森町西),森町西三丁目,17,40,kyuusinn-morimati.pdf,森町-75,high,
853,大字森町102番地の80,大字森町102番地の80(森町西),森町西四丁目,15,13,kyuusinn-morimati.pdf,森町-75,high,
854,大字森町102番地の81,大字森町102番地の81(森町西),森町西四丁目,15,14,kyuusinn-morimati.pdf,森町-75,high,
855,大字森町102番地の82,大字森町102番地の82(森町西),森町西四丁目,15,15,kyuusinn-morimati.pdf,森町-75,high,
856,大字森町102番地の83,大字森町102番地の83(森町西),森町西三丁目,17,38,kyuusinn-morimati.pdf,森町-75,high,
857,大字森町102番地の84,大字森町102番地の84(森町西),森町西三丁目,17,36,kyuusinn-morimati.pdf,森町-75,high,資料上2回出現
858,大字森町102番地の85,大字森町102番地の85(森町西),森町西三丁目,17,35-2,kyuusinn-morimati.pdf,森町-76,high,
859,大字森町102番地の85,大字森町102番地の85(森町西),森町西三丁目,17,35-1,kyuusinn-morimati.pdf,森町-76,high,資料上2回出現
860,大字森町102番地の86,大字森町102番地の86(森町西),森町西三丁目,17,33,kyuusinn-morimati.pdf,森町-76,high,
861,大字森町102番地の89,大字森町102番地の89(森町西),森町西五丁目,1,1,kyuusinn-morimati.pdf,森町-76,high,資料上2回出現
862,大字森町102番地の90,大字森町102番地の90(森町西),森町西五丁目,2,1,kyuusinn-morimati.pdf,森町-76,high,
863,大字森町102番地の91,大字森町102番地の91(森町西),森町西五丁目,24,1,kyuusinn-morimati.pdf,森町-76,high,
864,大字森町102番地の93,大字森町102番地の93(森町西),森町西二丁目,10,1,kyuusinn-morimati.pdf,森町-76,high,
865,大字森町106番地の2,大字森町106番地の2(森町西),森町西五丁目,1,3,kyuusinn-morimati.pdf,森町-76,high,
866,大字森町109番地の2,大字森町109番地の2(森町西),森町西五丁目,1,5,kyuusinn-morimati.pdf,森町-76,high,
867,大字森町112番地の2,大字森町112番地の2(森町西),森町西二丁目,12,10,kyuusinn-morimati.pdf,森町-76,high,
868,大字森町112番地の3,大字森町112番地の3(森町西),森町西二丁目,10,13,kyuusinn-morimati.pdf,森町-77,high,
869,大字森町113番地の6,大字森町113番地の6(森町西),森町西五丁目,1,13,kyuusinn-morimati.pdf,森町-77,high,
870,大字森町113番地の7,大字森町113番地の7(森町西),森町西五丁目,1,12,kyuusinn-morimati.pdf,森町-77,high,
871,大字森町122番地の6,大字森町122番地の6(森町西),森町西四丁目,14,7,kyuusinn-morimati.pdf,森町-77,high,
872,大字森町122番地の7,大字森町122番地の7(森町西),森町西四丁目,14,8,kyuusinn-morimati.pdf,森町-77,high,
873,大字森町122番地の8,大字森町122番地の8(森町西),森町西四丁目,14,9,kyuusinn-morimati.pdf,森町-77,high,資料上2回出現
874,大字森町122番地の9,大字森町122番地の9(森町西),森町西四丁目,14,10,kyuusinn-morimati.pdf,森町-77,high,
875,大字森町122番地の10,大字森町122番地の10(森町西),森町西四丁目,14,11,kyuusinn-morimati.pdf,森町-77,high,
876,大字森町122番地の11,大字森町122番地の11(森町西),森町西四丁目,14,12,kyuusinn-morimati.pdf,森町-77,high,
877,大字森町122番地の12,大字森町122番地の12(森町西),森町西四丁目,13,5,kyuusinn-morimati.pdf,森町-77,high,
878,大字森町122番地の13,大字森町122番地の13(森町西),森町西四丁目,13,6,kyuusinn-morimati.pdf,森町-77,high,資料上2回出現
879,大字森町122番地の14,大字森町122番地の14(森町西),森町西四丁目,13,7,kyuusinn-morimati.pdf,森町-78,high,
880,大字森町122番地の15,大字森町122番地の15(森町西),森町西四丁目,13,8,kyuusinn-morimati.pdf,森町-78,high,
881,大字森町122番地の16,大字森町122番地の16(森町西),森町西四丁目,13,9-1,kyuusinn-morimati.pdf,森町-78,high,
882,大字森町122番地の16の2,大字森町122番地の16の2(森町西),森町西四丁目,13,9-2,kyuusinn-morimati.pdf,森町-78,high,
883,大字森町122番地の17,大字森町122番地の17(森町西),森町西四丁目,13,10-1,kyuusinn-morimati.pdf,森町-78,high,
884,大字森町122番地の17,大字森町122番地の17(森町西),森町西四丁目,13,10-2,kyuusinn-morimati.pdf,森町-78,high,
885,大字森町126番地の3,大字森町126番地の3(森町西),森町西三丁目,17,48,kyuusinn-morimati.pdf,森町-78,high,
886,大字森町132番地の2,大字森町132番地の2(森町西),森町西四丁目,12,1,kyuusinn-morimati.pdf,森町-78,high,
887,大字森町132番地の4,大字森町132番地の4(森町西),森町西三丁目,16,1,kyuusinn-morimati.pdf,森町-78,high,資料上2回出現
888,大字森町132番地の5,大字森町132番地の5(森町西),森町西三丁目,16,2,kyuusinn-morimati.pdf,森町-78,high,
889,大字森町132番地の6,大字森町132番地の6(森町西),森町西三丁目,16,8,kyuusinn-morimati.pdf,森町-78,high,
890,大字森町132番地の7,大字森町132番地の7(森町西),森町西三丁目,16,3,kyuusinn-morimati.pdf,森町-78,high,
891,大字森町132番地の8,大字森町132番地の8(森町西),森町西三丁目,16,7,kyuusinn-morimati.pdf,森町-79,high,
892,大字森町132番地の9,大字森町132番地の9(森町西),森町西三丁目,16,4,kyuusinn-morimati.pdf,森町-79,high,資料上2回出現
893,大字森町132番地の10,大字森町132番地の10(森町西),森町西三丁目,16,6,kyuusinn-morimati.pdf,森町-79,high,資料上2回出現
894,大字森町132番地の11,大字森町132番地の11(森町西),森町西三丁目,16,5,kyuusinn-morimati.pdf,森町-79,high,
895,大字森町132番地の12,大字森町132番地の12(森町西),森町西三丁目,17,52,kyuusinn-morimati.pdf,森町-79,high,資料上2回出現
896,大字森町132番地の23,大字森町132番地の23(森町西),森町西四丁目,10,1,kyuusinn-morimati.pdf,森町-79,high,
897,大字森町132番地の25,大字森町132番地の25(森町西),森町西四丁目,11,1,kyuusinn-morimati.pdf,森町-79,high,
898,大字森町132番地の26,大字森町132番地の26(森町西),森町西四丁目,11,18,kyuusinn-morimati.pdf,森町-79,high,
899,大字森町132番地の28,大字森町132番地の28(森町西),森町西四丁目,12,2,kyuusinn-morimati.pdf,森町-79,high,
900,大字森町139番地の2,大字森町139番地の2(森町西),森町西三丁目,12,10,kyuusinn-morimati.pdf,森町-79,high,
901,大字森町139番地の3,大字森町139番地の3(森町西),森町西三丁目,12,9,kyuusinn-morimati.pdf,森町-80,high,資料上2回出現
902,大字森町139番地の4,大字森町139番地の4(森町西),森町西三丁目,12,8,kyuusinn-morimati.pdf,森町-80,high,
903,大字森町139番地の5,大字森町139番地の5(森町西),森町西三丁目,12,7,kyuusinn-morimati.pdf,森町-80,high,資料上2回出現
904,大字森町139番地の6,大字森町139番地の6(森町西),森町西三丁目,12,11,kyuusinn-morimati.pdf,森町-80,high,
905,大字森町139番地の7,大字森町139番地の7(森町西),森町西三丁目,12,12,kyuusinn-morimati.pdf,森町-80,high,
906,大字森町139番地の8,大字森町139番地の8(森町西),森町西三丁目,12,13,kyuusinn-morimati.pdf,森町-80,high,
907,大字森町139番地の9,大字森町139番地の9(森町西),森町西三丁目,12,14,kyuusinn-morimati.pdf,森町-80,high,
908,大字森町139番地の10,大字森町139番地の10(森町西),森町西三丁目,13,2,kyuusinn-morimati.pdf,森町-80,high,
909,大字森町139番地の11,大字森町139番地の11(森町西),森町西三丁目,13,3,kyuusinn-morimati.pdf,森町-80,high,
910,大字森町139番地の12,大字森町139番地の12(森町西),森町西三丁目,13,4,kyuusinn-morimati.pdf,森町-80,high,
911,大字森町139番地の13,大字森町139番地の13(森町西),森町西三丁目,13,5,kyuusinn-morimati.pdf,森町-80,high,
912,大字森町139番地の14,大字森町139番地の14(森町西),森町西三丁目,13,6,kyuusinn-morimati.pdf,森町-81,high,
913,大字森町139番地の15,大字森町139番地の15(森町西),森町西三丁目,13,1,kyuusinn-morimati.pdf,森町-81,high,
914,大字森町139番地の16,大字森町139番地の16(森町西),森町西三丁目,14,2,kyuusinn-morimati.pdf,森町-81,high,
915,大字森町139番地の17,大字森町139番地の17(森町西),森町西三丁目,14,3,kyuusinn-morimati.pdf,森町-81,high,
916,大字森町139番地の18,大字森町139番地の18(森町西),森町西三丁目,14,4,kyuusinn-morimati.pdf,森町-81,high,
917,大字森町139番地の19,大字森町139番地の19(森町西),森町西三丁目,14,5,kyuusinn-morimati.pdf,森町-81,high,
918,大字森町139番地の20,大字森町139番地の20(森町西),森町西三丁目,14,6,kyuusinn-morimati.pdf,森町-81,high,
919,大字森町139番地の21,大字森町139番地の21(森町西),森町西三丁目,14,1,kyuusinn-morimati.pdf,森町-81,high,
920,大字森町139番地の22,大字森町139番地の22(森町西),森町西三丁目,15,6,kyuusinn-morimati.pdf,森町-81,high,資料上2回出現
921,大字森町139番地の23,大字森町139番地の23(森町西),森町西三丁目,12,1,kyuusinn-morimati.pdf,森町-81,high,
922,大字森町139番地の24,大字森町139番地の24(森町西),森町西三丁目,8,10,kyuusinn-morimati.pdf,森町-81,high,
923,大字森町139番地の25,大字森町139番地の25(森町西),森町西三丁目,8,9,kyuusinn-morimati.pdf,森町-81,high,
924,大字森町139番地の26,大字森町139番地の26(森町西),森町西三丁目,8,8,kyuusinn-morimati.pdf,森町-82,high,
925,大字森町139番地の27,大字森町139番地の27(森町西),森町西三丁目,8,7,kyuusinn-morimati.pdf,森町-82,high,
926,大字森町139番地の28,,森町西三丁目,8,6,kyuusinn-morimati.pdf,森町-82,high,資料上通称の記載なし
927,大字森町139番地の29,大字森町139番地の29(森町西),森町西三丁目,8,5,kyuusinn-morimati.pdf,森町-82,high,
928,大字森町139番地の30,大字森町139番地の30(森町西),森町西三丁目,8,4,kyuusinn-morimati.pdf,森町-82,high,
929,大字森町139番地の32,大字森町139番地の32(森町西),森町西三丁目,8,11,kyuusinn-morimati.pdf,森町-82,high,
930,大字森町139番地の33,,森町西三丁目,8,12,kyuusinn-morimati.pdf,森町-82,high,資料上通称の記載なし
931,大字森町139番地の33,大字森町139番地の33(森町西),森町西三丁目,8,12,kyuusinn-morimati.pdf,森町-82,high,
932,大字森町139番地の34,大字森町139番地の34(森町西),森町西三丁目,8,13,kyuusinn-morimati.pdf,森町-82,high,
933,大字森町139番地の35,大字森町139番地の35(森町西),森町西三丁目,8,14,kyuusinn-morimati.pdf,森町-82,high,資料上2回出現
934,大字森町139番地の37,大字森町139番地の37(森町西),森町西三丁目,8,17,kyuusinn-morimati.pdf,森町-82,high,
935,大字森町139番地の38,大字森町139番地の38(森町西),森町西三丁目,11,3,kyuusinn-morimati.pdf,森町-82,high,
936,大字森町139番地の39,大字森町139番地の39(森町西),森町西三丁目,11,2,kyuusinn-morimati.pdf,森町-83,high,
937,大字森町139番地の40,大字森町139番地の40(森町西),森町西三丁目,11,1,kyuusinn-morimati.pdf,森町-83,high,
938,大字森町139番地の43,大字森町139番地の43(森町西),森町西三丁目,11,4,kyuusinn-morimati.pdf,森町-83,high,
939,大字森町139番地の44,大字森町139番地の44(森町西),森町西三丁目,11,5,kyuusinn-morimati.pdf,森町-83,high,資料上2回出現
940,大字森町139番地の45,大字森町139番地の45(森町西),森町西三丁目,11,6,kyuusinn-morimati.pdf,森町-83,high,
941,大字森町139番地の48,大字森町139番地の48(森町西),森町西三丁目,9,3,kyuusinn-morimati.pdf,森町-83,high,
942,大字森町139番地の49,大字森町139番地の49(森町西),森町西三丁目,9,2,kyuusinn-morimati.pdf,森町-83,high,
943,大字森町139番地の50,大字森町139番地の50(森町西),森町西三丁目,9,1,kyuusinn-morimati.pdf,森町-83,high,
944,大字森町139番地の51,大字森町139番地の51(森町西),森町西三丁目,9,4,kyuusinn-morimati.pdf,森町-83,high,
945,大字森町139番地の52,大字森町139番地の52(森町西),森町西三丁目,9,5,kyuusinn-morimati.pdf,森町-83,high,
946,大字森町139番地の53,大字森町139番地の53(森町西),森町西三丁目,9,6,kyuusinn-morimati.pdf,森町-83,high,資料上2回出現
947,大字森町139番地の54,大字森町139番地の54(森町西),森町西三丁目,7,2,kyuusinn-morimati.pdf,森町-84,high,
948,大字森町139番地の55,大字森町139番地の55(森町西),森町西三丁目,7,3,kyuusinn-morimati.pdf,森町-84,high,
949,大字森町139番地の56,大字森町139番地の56(森町西),森町西三丁目,7,4,kyuusinn-morimati.pdf,森町-84,high,
950,大字森町139番地の57,大字森町139番地の57(森町西),森町西三丁目,7,5,kyuusinn-morimati.pdf,森町-84,high,資料上2回出現
951,大字森町139番地の58,大字森町139番地の58(森町西),森町西三丁目,7,6,kyuusinn-morimati.pdf,森町-84,high,
952,大字森町139番地の61,大字森町139番地の61(森町西),森町西三丁目,12,6,kyuusinn-morimati.pdf,森町-84,high,
953,大字森町139番地の63,大字森町139番地の63(森町西),森町西三丁目,12,5,kyuusinn-morimati.pdf,森町-84,high,
954,大字森町139番地の64,大字森町139番地の64(森町西),森町西三丁目,12,4,kyuusinn-morimati.pdf,森町-84,high,資料上2回出現
955,大字森町139番地の65,大字森町139番地の65(森町西),森町西三丁目,12,3,kyuusinn-morimati.pdf,森町-84,high,資料上2回出現
956,大字森町139番地の66,大字森町139番地の66(森町西),森町西三丁目,12,2,kyuusinn-morimati.pdf,森町-84,high,
957,大字森町139番地の67,大字森町139番地の67(森町西),森町西三丁目,12,15,kyuusinn-morimati.pdf,森町-85,high,資料上2回出現
958,大字森町139番地の69,大字森町139番地の69(森町西),森町西三丁目,12,16,kyuusinn-morimati.pdf,森町-85,high,
959,大字森町139番地の70,大字森町139番地の70(森町西),森町西三丁目,12,17,kyuusinn-morimati.pdf,森町-85,high,資料上2回出現
960,大字森町139番地の71,大字森町139番地の71(森町西),森町西三丁目,12,18,kyuusinn-morimati.pdf,森町-85,high,
961,大字森町139番地の73,大字森町139番地の73(森町西),森町西三丁目,15,1,kyuusinn-morimati.pdf,森町-85,high,資料上2回出現
962,大字森町139番地の74,大字森町139番地の74(森町西),森町西三丁目,15,2,kyuusinn-morimati.pdf,森町-85,high,資料上2回出現
963,大字森町139番地の75,大字森町139番地の75(森町西),森町西三丁目,15,3,kyuusinn-morimati.pdf,森町-85,high,資料上2回出現
964,大字森町139番地の76,大字森町139番地の76(森町西),森町西三丁目,15,4,kyuusinn-morimati.pdf,森町-85,high,
965,大字森町139番地の77,大字森町139番地の77(森町西),森町西三丁目,15,5,kyuusinn-morimati.pdf,森町-86,high,資料上2回出現
966,大字森町139番地の80,大字森町139番地の80(森町西),森町西三丁目,15,7,kyuusinn-morimati.pdf,森町-86,high,
967,大字森町139番地の81,大字森町139番地の81(森町西),森町西三丁目,15,8,kyuusinn-morimati.pdf,森町-86,high,資料上2回出現
968,大字森町139番地の83,大字森町139番地の83(森町西),森町西三丁目,15,10,kyuusinn-morimati.pdf,森町-86,high,資料上3回出現
969,大字森町139番地の84,大字森町139番地の84(森町西),森町西三丁目,15,11,kyuusinn-morimati.pdf,森町-86,high,
970,大字森町139番地の85,大字森町139番地の85(森町西),森町西三丁目,15,12,kyuusinn-morimati.pdf,森町-86,high,
971,大字森町139番地の98,大字森町139番地の98(森町西),森町西三丁目,8,15,kyuusinn-morimati.pdf,森町-86,high,
972,大字森町143番地の2,大字森町143番地の2(森町西) フェニックスアパート101,森町西三丁目,17,15,kyuusinn-morimati.pdf,森町-86,high,
973,大字森町143番地の2,大字森町143番地の2(森町西) フェニックスアパート102,森町西三丁目,17,15,kyuusinn-morimati.pdf,森町-87,high,
974,大字森町143番地の2,大字森町143番地の2(森町西) フェニックスアパート103,森町西三丁目,17,15,kyuusinn-morimati.pdf,森町-87,high,
975,大字森町143番地の2,大字森町143番地の2(森町西) フェニックスアパート105,森町西三丁目,17,15,kyuusinn-morimati.pdf,森町-87,high,
976,大字森町143番地の2,大字森町143番地の2(森町西) フェニックスアパート106,森町西三丁目,17,15,kyuusinn-morimati.pdf,森町-87,high,
977,大字森町143番地の2,大字森町143番地の2(森町西) フェニックスアパート107,森町西三丁目,17,15,kyuusinn-morimati.pdf,森町-87,high,
978,大字森町143番地の2,大字森町143番地の2(森町西) フェニックスアパート201,森町西三丁目,17,15,kyuusinn-morimati.pdf,森町-87,high,
979,大字森町143番地の2,大字森町143番地の2(森町西) フェニックスアパート202,森町西三丁目,17,15,kyuusinn-morimati.pdf,森町-87,high,
980,大字森町143番地の2,大字森町143番地の2(森町西) フェニックスアパート203,森町西三丁目,17,15,kyuusinn-morimati.pdf,森町-87,high,
981,大字森町143番地の2,大字森町143番地の2(森町西) フェニックスアパート205,森町西三丁目,17,15,kyuusinn-morimati.pdf,森町-87,high,
982,大字森町143番地の2,大字森町143番地の2(森町西) フェニックスアパート206,森町西三丁目,17,15,kyuusinn-morimati.pdf,森町-87,high,
983,大字森町143番地の2,大字森町143番地の2(森町西) フェニックスアパート207,森町西三丁目,17,15,kyuusinn-morimati.pdf,森町-87,high,
984,大字森町143番地の2,大字森町143番地の2(森町西) フェニックスアパート208,森町西三丁目,17,15,kyuusinn-morimati.pdf,森町-87,high,
985,大字森町144番地の1,大字森町144番地の1(森町西) C棟,森町西三丁目,17,9,kyuusinn-morimati.pdf,森町-88,high,
986,大字森町144番地の1,大字森町144番地の1(森町西) C棟,森町西三丁目,17,10,kyuusinn-morimati.pdf,森町-88,high,
987,大字森町144番地の1,大字森町144番地の1(森町西),森町西三丁目,17,11,kyuusinn-morimati.pdf,森町-88,high,
988,大字森町144番地の1,大字森町144番地の1(森町西),森町西三丁目,17,12,kyuusinn-morimati.pdf,森町-88,high,資料上2回出現
989,大字森町144番地の1,大字森町144番地の1(森町西),森町西三丁目,17,13,kyuusinn-morimati.pdf,森町-88,high,
990,大字森町146番地の1,大字森町146番地の1(森町西) HAPPINESS101,森町西三丁目,17,4-101,kyuusinn-morimati.pdf,森町-88,high,
991,大字森町146番地の1,大字森町146番地の1(森町西) HAPPINESS102,森町西三丁目,17,4-102,kyuusinn-morimati.pdf,森町-88,high,
992,大字森町146番地の1,大字森町146番地の1(森町西) HAPPINESS103,森町西三丁目,17,4-103,kyuusinn-morimati.pdf,森町-88,high,
993,大字森町146番地の1,大字森町146番地の1(森町西) HAPPINESS 105,森町西三丁目,17,4-105,kyuusinn-morimati.pdf,森町-88,high,
994,大字森町146番地の1,大字森町146番地の1(森町西) HAPPINESS106,森町西三丁目,17,4-106,kyuusinn-morimati.pdf,森町-88,high,
995,大字森町146番地の1,大字森町146番地の1(森町西) HAPPINESS107,森町西三丁目,17,4-107,kyuusinn-morimati.pdf,森町-88,high,
996,大字森町146番地の1,大字森町146番地の1(森町西) HAPPINESS201,森町西三丁目,17,4-201,kyuusinn-morimati.pdf,森町-89,high,
997,大字森町146番地の1,大字森町146番地の1(森町西) HAPPINESS202,森町西三丁目,17,4-202,kyuusinn-morimati.pdf,森町-89,high,
998,大字森町146番地の1,大字森町146番地の1(森町西) HAPPI NESS203,森町西三丁目,17,4-203,kyuusinn-morimati.pdf,森町-89,high,
999,大字森町146番地の1,大字森町146番地の1(森町西) HAPPINESS205,森町西三丁目,17,4-205,kyuusinn-morimati.pdf,森町-89,high,
1000,大字森町146番地の1,大字森町146番地の1(森町西) HAPPINESS206,森町西三丁目,17,4-206,kyuusinn-morimati.pdf,森町-89,high,
1001,大字森町146番地の1,大字森町146番地の1(森町西) HAPPI NESS207,森町西三丁目,17,4-207,kyuusinn-morimati.pdf,森町-89,high,
1002,大字森町146番地の1,大字森町146番地の1(森町西) HAPPINESS301,森町西三丁目,17,4-301,kyuusinn-morimati.pdf,森町-89,high,
1003,大字森町146番地の1,大字森町146番地の1(森町西) HAPPINESS302,森町西三丁目,17,4-302,kyuusinn-morimati.pdf,森町-89,high,
1004,大字森町146番地の1,大字森町146番地の1(森町西) HAPPINESS303,森町西三丁目,17,4-303,kyuusinn-morimati.pdf,森町-89,high,
1005,大字森町146番地の1,大字森町146番地の1(森町西) HAPPINESS305,森町西三丁目,17,4-305,kyuusinn-morimati.pdf,森町-89,high,
1006,大字森町146番地の1,大字森町146番地の1(森町西) HAPPINESS306,森町西三丁目,17,4-306,kyuusinn-morimati.pdf,森町-89,high,
1007,大字森町146番地の1,大字森町146番地の1(森町西) HAPPINESS307,森町西三丁目,17,4-307,kyuusinn-morimati.pdf,森町-89,high,
1008,大字森町147番地の1,大字森町147番地の1(森町西) パークホームズ森町A1,森町西三丁目,17,1,kyuusinn-morimati.pdf,森町-89,high,
1009,大字森町147番地の1,大字森町147番地の1(森町西) パークホームズ森町A2,森町西三丁目,17,1,kyuusinn-morimati.pdf,森町-90,high,
1010,大字森町147番地の1,大字森町147番地の1(森町西) パークホームズ森町B1,森町西三丁目,17,2,kyuusinn-morimati.pdf,森町-90,high,
1011,大字森町147番地の1,大字森町147番地の1(森町西) パークホームズ森町B2,森町西三丁目,17,2,kyuusinn-morimati.pdf,森町-90,high,
1012,大字森町147番地の1,大字森町147番地の1(森町西) パークホームズ森町C1,森町西三丁目,17,3,kyuusinn-morimati.pdf,森町-90,high,
1013,大字森町147番地の1,大字森町147番地の1(森町西) パークホームズ森町C2,森町西三丁目,17,3,kyuusinn-morimati.pdf,森町-90,high,
1014,大字森町154番地の2,大字森町154番地の2(森町西),森町西三丁目,19,8,kyuusinn-morimati.pdf,森町-90,high,
1015,大字森町154番地の5,大字森町154番地の5(森町西),森町西三丁目,6,1,kyuusinn-morimati.pdf,森町-90,high,
1016,大字森町154番地の6,大字森町154番地の6(森町西),森町西三丁目,6,2,kyuusinn-morimati.pdf,森町-90,high,資料上3回出現
1017,大字森町154番地の7,大字森町154番地の7(森町西),森町西三丁目,6,3,kyuusinn-morimati.pdf,森町-90,high,
1018,大字森町154番地の8,大字森町154番地の8(森町西),森町西三丁目,6,4,kyuusinn-morimati.pdf,森町-90,high,
1019,大字森町154番地の9,大字森町154番地の9(森町西),森町西三丁目,6,5,kyuusinn-morimati.pdf,森町-90,high,
1020,大字森町154番地の10,大字森町154番地の10(森町西),森町西三丁目,6,6,kyuusinn-morimati.pdf,森町-91,high,資料上2回出現
1021,大字森町154番地の11,大字森町154番地の11(森町西),森町西三丁目,6,8,kyuusinn-morimati.pdf,森町-91,high,
1022,大字森町154番地の19,大字森町154番地の19(森町西),森町西三丁目,8,2,kyuusinn-morimati.pdf,森町-91,high,
1023,大字森町154番地の20,大字森町154番地の20(森町西),森町西三丁目,8,1,kyuusinn-morimati.pdf,森町-91,high,
1024,大字森町154番地の22,大字森町154番地の22(森町西),森町西三丁目,8,18,kyuusinn-morimati.pdf,森町-91,high,
1025,大字森町154番地の23,大字森町154番地の23(森町西),森町西三丁目,7,1,kyuusinn-morimati.pdf,森町-91,high,資料上2回出現
1026,大字森町154番地の27,大字森町154番地の27(森町西),森町西三丁目,6,7,kyuusinn-morimati.pdf,森町-91,high,資料上2回出現
1027,大字森町177番地の10,大字森町177番地の10(森町西),森町西四丁目,1,8,kyuusinn-morimati.pdf,森町-91,high,資料上2回出現
1028,大字森町177番地の11,大字森町177番地の11(森町西),森町西四丁目,1,7,kyuusinn-morimati.pdf,森町-91,high,
1029,大字森町177番地の12,大字森町177番地の12(森町西),森町西四丁目,1,6,kyuusinn-morimati.pdf,森町-92,high,
1030,大字森町177番地の13,大字森町177番地の13(森町西),森町西四丁目,1,5,kyuusinn-morimati.pdf,森町-92,high,
1031,大字森町177番地の14,大字森町177番地の14(森町西),森町西四丁目,1,4,kyuusinn-morimati.pdf,森町-92,high,
1032,大字森町177番地の15,大字森町177番地の15(森町西),森町西四丁目,1,3,kyuusinn-morimati.pdf,森町-92,high,
1033,大字森町177番地の16,大字森町177番地の16(森町西),森町西四丁目,1,2,kyuusinn-morimati.pdf,森町-92,high,
1034,大字森町177番地の17,大字森町177番地の17(森町西),森町西四丁目,1,1,kyuusinn-morimati.pdf,森町-92,high,
1035,大字森町177番地の18,大字森町177番地の18(森町西),森町西四丁目,5,22,kyuusinn-morimati.pdf,森町-92,high,
1036,大字森町177番地の23,大字森町177番地の23(森町西),森町西四丁目,2,1,kyuusinn-morimati.pdf,森町-92,high,
1037,大字森町177番地の24,大字森町177番地の24(森町西),森町西四丁目,2,2,kyuusinn-morimati.pdf,森町-92,high,
1038,大字森町177番地の25,大字森町177番地の25(森町西),森町西四丁目,2,3,kyuusinn-morimati.pdf,森町-92,high,資料上2回出現
1039,大字森町177番地の26,大字森町177番地の26(森町西),森町西四丁目,2,4,kyuusinn-morimati.pdf,森町-92,high,
1040,大字森町177番地の27,大字森町177番地の27(森町西),森町西四丁目,5,1,kyuusinn-morimati.pdf,森町-92,high,
1041,大字森町177番地の28,大字森町177番地の28(森町西),森町西四丁目,5,2,kyuusinn-morimati.pdf,森町-93,high,
1042,大字森町177番地の29,大字森町177番地の29(森町西),森町西四丁目,5,3,kyuusinn-morimati.pdf,森町-93,high,
1043,大字森町177番地の30,大字森町177番地の30(森町西),森町西四丁目,5,4,kyuusinn-morimati.pdf,森町-93,high,
1044,大字森町177番地の31,大字森町177番地の31(森町西),森町西四丁目,5,5,kyuusinn-morimati.pdf,森町-93,high,
1045,大字森町177番地の32,大字森町177番地の32(森町西),森町西四丁目,5,6,kyuusinn-morimati.pdf,森町-93,high,資料上2回出現
1046,大字森町177番地の33,大字森町177番地の33(森町西),森町西四丁目,5,7,kyuusinn-morimati.pdf,森町-93,high,
1047,大字森町177番地の34,大字森町177番地の34(森町西),森町西四丁目,5,8,kyuusinn-morimati.pdf,森町-93,high,
1048,大字森町177番地の35,大字森町177番地の35(森町西),森町西四丁目,5,9,kyuusinn-morimati.pdf,森町-93,high,
1049,大字森町177番地の36,大字森町177番地の36(森町西),森町西四丁目,5,10,kyuusinn-morimati.pdf,森町-93,high,
1050,大字森町177番地の37,大字森町177番地の37(森町西),森町西四丁目,5,11,kyuusinn-morimati.pdf,森町-93,high,
1051,大字森町177番地の38,大字森町177番地の38(森町西),森町西四丁目,5,12,kyuusinn-morimati.pdf,森町-93,high,
1052,大字森町177番地の39,大字森町177番地の39(森町西),森町西四丁目,5,13,kyuusinn-morimati.pdf,森町-93,high,
1053,大字森町177番地の40,大字森町177番地の40(森町西),森町西四丁目,5,14,kyuusinn-morimati.pdf,森町-94,high,
1054,大字森町177番地の41,大字森町177番地の41(森町西),森町西四丁目,5,15,kyuusinn-morimati.pdf,森町-94,high,
1055,大字森町177番地の42,大字森町177番地の42(森町西),森町西四丁目,5,16,kyuusinn-morimati.pdf,森町-94,high,
1056,大字森町177番地の43,大字森町177番地の43(森町西),森町西四丁目,5,17,kyuusinn-morimati.pdf,森町-94,high,
1057,大字森町177番地の44,大字森町177番地の44(森町西),森町西四丁目,5,18,kyuusinn-morimati.pdf,森町-94,high,
1058,大字森町177番地の45,大字森町177番地の45(森町西),森町西四丁目,5,19,kyuusinn-morimati.pdf,森町-94,high,
1059,大字森町177番地の46,大字森町177番地の46(森町西),森町西四丁目,5,20,kyuusinn-morimati.pdf,森町-94,high,
1060,大字森町177番地の47,大字森町177番地の47(森町西),森町西四丁目,3,7,kyuusinn-morimati.pdf,森町-94,high,
1061,大字森町177番地の48,大字森町177番地の48(森町西),森町西四丁目,3,6,kyuusinn-morimati.pdf,森町-94,high,
1062,大字森町177番地の49,大字森町177番地の49(森町西),森町西四丁目,3,5,kyuusinn-morimati.pdf,森町-94,high,
1063,大字森町177番地の50,大字森町177番地の50(森町西),森町西四丁目,3,4,kyuusinn-morimati.pdf,森町-94,high,
1064,大字森町177番地の51,大字森町177番地の51(森町西),森町西四丁目,3,3,kyuusinn-morimati.pdf,森町-94,high,
1065,大字森町177番地の52,大字森町177番地の52(森町西),森町西四丁目,3,2,kyuusinn-morimati.pdf,森町-94,high,
1066,大字森町177番地の53,大字森町177番地の53(森町西),森町西四丁目,3,1,kyuusinn-morimati.pdf,森町-95,high,資料上2回出現
1067,大字森町177番地の54,大字森町177番地の54(森町西),森町西四丁目,3,21,kyuusinn-morimati.pdf,森町-95,high,
1068,大字森町177番地の55,大字森町177番地の55(森町西),森町西四丁目,3,20,kyuusinn-morimati.pdf,森町-95,high,
1069,大字森町177番地の56,大字森町177番地の56(森町西),森町西四丁目,3,19,kyuusinn-morimati.pdf,森町-95,high,
1070,大字森町177番地の57,大字森町177番地の57(森町西),森町西四丁目,3,18,kyuusinn-morimati.pdf,森町-95,high,
1071,大字森町177番地の58,大字森町177番地の58(森町西),森町西四丁目,3,17,kyuusinn-morimati.pdf,森町-95,high,
1072,大字森町177番地の59,大字森町177番地の59(森町西),森町西四丁目,3,16,kyuusinn-morimati.pdf,森町-95,high,
1073,大字森町177番地の61,大字森町177番地の61(森町西),森町西四丁目,3,14,kyuusinn-morimati.pdf,森町-95,high,
1074,大字森町177番地の62,大字森町177番地の62(森町西),森町西四丁目,3,13,kyuusinn-morimati.pdf,森町-95,high,
1075,大字森町177番地の63,大字森町177番地の63(森町西),森町西四丁目,3,12,kyuusinn-morimati.pdf,森町-95,high,
1076,大字森町177番地の64,大字森町177番地の64(森町西),森町西四丁目,3,11,kyuusinn-morimati.pdf,森町-95,high,資料上2回出現
1077,大字森町177番地の65,大字森町177番地の65(森町西),森町西四丁目,3,10,kyuusinn-morimati.pdf,森町-96,high,
1078,大字森町177番地の66,大字森町177番地の66(森町西),森町西四丁目,3,9,kyuusinn-morimati.pdf,森町-96,high,
1079,大字森町177番地の67,大字森町177番地の67(森町西),森町西四丁目,3,8,kyuusinn-morimati.pdf,森町-96,high,
1080,大字森町177番地の68,大字森町177番地の68(森町西),森町西四丁目,4,5,kyuusinn-morimati.pdf,森町-96,high,
1081,大字森町177番地の69,大字森町177番地の69(森町西),森町西四丁目,4,6,kyuusinn-morimati.pdf,森町-96,high,
1082,大字森町177番地の70,,森町西四丁目,4,7,kyuusinn-morimati.pdf,森町-96,high,資料上通称の記載なし
1083,大字森町177番地の70,大字森町177番地の70(森町西),森町西四丁目,4,7,kyuusinn-morimati.pdf,森町-96,high,資料上2回出現
1084,大字森町177番地の71,大字森町177番地の71(森町西),森町西四丁目,4,8,kyuusinn-morimati.pdf,森町-96,high,
1085,大字森町177番地の72,大字森町177番地の72(森町西),森町西四丁目,4,9,kyuusinn-morimati.pdf,森町-96,high,
1086,大字森町177番地の73,大字森町177番地の73(森町西),森町西四丁目,4,10,kyuusinn-morimati.pdf,森町-96,high,
1087,大字森町177番地の74,大字森町177番地の74(森町西),森町西四丁目,4,11,kyuusinn-morimati.pdf,森町-96,high,
1088,大字森町177番地の75,大字森町177番地の75(森町西),森町西四丁目,4,1,kyuusinn-morimati.pdf,森町-96,high,
1089,大字森町207番地の3,大字森町207番地の3(森町西),森町西四丁目,6,1,kyuusinn-morimati.pdf,森町-97,high,
1090,大字森町207番地の4,大字森町207番地の4(森町西),森町西四丁目,6,2,kyuusinn-morimati.pdf,森町-97,high,
1091,大字森町207番地の5,大字森町207番地の5(森町西),森町西四丁目,6,3,kyuusinn-morimati.pdf,森町-97,high,
1092,大字森町207番地の6,大字森町207番地の6(森町西),森町西四丁目,6,4,kyuusinn-morimati.pdf,森町-97,high,
1093,大字森町207番地の7,大字森町207番地の7(森町西),森町西四丁目,6,5,kyuusinn-morimati.pdf,森町-97,high,
1094,大字森町207番地の8,大字森町207番地の8(森町西),森町西四丁目,6,6,kyuusinn-morimati.pdf,森町-97,high,
1095,大字森町207番地の9,大字森町207番地の9(森町西),森町西四丁目,6,7,kyuusinn-morimati.pdf,森町-97,high,
1096,大字森町207番地の10,大字森町207番地の10(森町西),森町西四丁目,6,8,kyuusinn-morimati.pdf,森町-97,high,
1097,大字森町207番地の11,大字森町207番地の11(森町西),森町西四丁目,8,1,kyuusinn-morimati.pdf,森町-97,high,
1098,大字森町207番地の29,大字森町207番地の29(森町西),森町西四丁目,8,2,kyuusinn-morimati.pdf,森町-97,high,
1099,大字森町207番地の30,大字森町207番地の30(森町西),森町西四丁目,8,3,kyuusinn-morimati.pdf,森町-97,high,
1100,大字森町207番地の31,大字森町207番地の31(森町西),森町西四丁目,8,4,kyuusinn-morimati.pdf,森町-97,high,
1101,大字森町207番地の32,大字森町207番地の32(森町西),森町西四丁目,8,5,kyuusinn-morimati.pdf,森町-97,high,
1102,大字森町207番地の33,大字森町207番地の33(森町西),森町西四丁目,8,6,kyuusinn-morimati.pdf,森町-98,high,
1103,大字森町207番地の34,大字森町207番地の34(森町西),森町西四丁目,8,7,kyuusinn-morimati.pdf,森町-98,high,資料上2回出現
1104,大字森町207番地の35,大字森町207番地の35(森町西),森町西四丁目,8,13,kyuusinn-morimati.pdf,森町-98,high,
1105,大字森町207番地の36,大字森町207番地の36(森町西),森町西四丁目,8,12,kyuusinn-morimati.pdf,森町-98,high,
1106,大字森町207番地の37,大字森町207番地の37(森町西),森町西四丁目,8,11,kyuusinn-morimati.pdf,森町-98,high,資料上2回出現
1107,大字森町207番地の39,大字森町207番地の39(森町西),森町西四丁目,8,9,kyuusinn-morimati.pdf,森町-98,high,
1108,大字森町207番地の40,大字森町207番地の40(森町西),森町西四丁目,8,8,kyuusinn-morimati.pdf,森町-98,high,
1109,大字森町207番地の41,大字森町207番地の41(森町西),森町西四丁目,9,6,kyuusinn-morimati.pdf,森町-98,high,
1110,大字森町207番地の42,大字森町207番地の42(森町西),森町西四丁目,9,5,kyuusinn-morimati.pdf,森町-98,high,資料上2回出現
1111,大字森町207番地の43,大字森町207番地の43(森町西),森町西四丁目,9,4,kyuusinn-morimati.pdf,森町-98,high,資料上2回出現
1112,大字森町207番地の44,大字森町207番地の44(森町西),森町西四丁目,9,3,kyuusinn-morimati.pdf,森町-99,high,
1113,大字森町207番地の45,大字森町207番地の45(森町西),森町西四丁目,9,2,kyuusinn-morimati.pdf,森町-99,high,
1114,大字森町207番地の46,大字森町207番地の46(森町西),森町西四丁目,9,1,kyuusinn-morimati.pdf,森町-99,high,
1115,大字森町207番地の47,大字森町207番地の47(森町西),森町西四丁目,6,9,kyuusinn-morimati.pdf,森町-99,high,
1116,大字森町211番地の2,大字森町211番地の2(森町西),森町西四丁目,11,2,kyuusinn-morimati.pdf,森町-99,high,資料上2回出現
1117,大字森町211番地の3,大字森町211番地の3(森町西),森町西四丁目,11,3,kyuusinn-morimati.pdf,森町-99,high,資料上2回出現
1118,大字森町211番地の4,大字森町211番地の4(森町西),森町西四丁目,11,4,kyuusinn-morimati.pdf,森町-99,high,
1119,大字森町211番地の5,大字森町211番地の5(森町西),森町西四丁目,11,5,kyuusinn-morimati.pdf,森町-99,high,資料上2回出現
1120,大字森町211番地の6,大字森町211番地の6(森町西),森町西四丁目,11,6,kyuusinn-morimati.pdf,森町-99,high,
1121,大字森町211番地の7,大字森町211番地の7(森町西),森町西四丁目,11,8,kyuusinn-morimati.pdf,森町-100,high,
1122,大字森町211番地の8,大字森町211番地の8(森町西),森町西四丁目,11,9,kyuusinn-morimati.pdf,森町-100,high,
1123,大字森町211番地の9,大字森町211番地の9(森町西),森町西四丁目,11,10,kyuusinn-morimati.pdf,森町-100,high,
1124,大字森町211番地の10,大字森町211番地の10(森町西),森町西四丁目,11,17,kyuusinn-morimati.pdf,森町-100,high,資料上2回出現
1125,大字森町211番地の11,大字森町211番地の11(森町西),森町西四丁目,11,16,kyuusinn-morimati.pdf,森町-100,high,
1126,大字森町211番地の12,大字森町211番地の12(森町西),森町西四丁目,11,15,kyuusinn-morimati.pdf,森町-100,high,資料上2回出現
1127,大字森町211番地の13,大字森町211番地の13(森町西),森町西四丁目,11,14,kyuusinn-morimati.pdf,森町-100,high,
1128,大字森町211番地の14,大字森町211番地の14(森町西),森町西四丁目,11,12,kyuusinn-morimati.pdf,森町-100,high,
1129,大字森町211番地の15,大字森町211番地の15(森町西),森町西四丁目,11,11,kyuusinn-morimati.pdf,森町-100,high,
1130,大字森町211番地の17,大字森町211番地の17(森町西),森町西四丁目,12,4,kyuusinn-morimati.pdf,森町-100,high,
1131,大字森町211番地の18,大字森町211番地の18(森町西),森町西四丁目,12,5,kyuusinn-morimati.pdf,森町-100,high,
1132,大字森町211番地の19,大字森町211番地の19(森町西),森町西四丁目,12,7,kyuusinn-morimati.pdf,森町-101,high,
1133,大字森町211番地の20,大字森町211番地の20(森町西),森町西四丁目,12,8,kyuusinn-morimati.pdf,森町-101,high,
1134,大字森町211番地の21,大字森町211番地の21(森町西),森町西四丁目,9,12,kyuusinn-morimati.pdf,森町-101,high,
1135,大字森町211番地の22,大字森町211番地の22(森町西),森町西四丁目,9,9,kyuusinn-morimati.pdf,森町-101,high,資料上2回出現
1136,大字森町211番地の23,大字森町211番地の23(森町西),森町西四丁目,9,8,kyuusinn-morimati.pdf,森町-101,high,
1137,大字森町211番地の24,大字森町211番地の24(森町西),森町西四丁目,9,7,kyuusinn-morimati.pdf,森町-101,high,
1138,大字森町211番地の32,大字森町211番地の32(森町西),森町西四丁目,12,6,kyuusinn-morimati.pdf,森町-101,high,資料上2回出現
1139,大字森町211番地の34,大字森町211番地の34(森町西),森町西四丁目,11,13,kyuusinn-morimati.pdf,森町-101,high,
1140,大字森町211番地の35,大字森町211番地の35(森町西),森町西四丁目,11,7,kyuusinn-morimati.pdf,森町-101,high,
1141,大字森町211番地の36,大字森町211番地の36(森町西),森町西四丁目,10,2,kyuusinn-morimati.pdf,森町-101,high,
1142,大字森町211番地の37,大字森町211番地の37(森町西),森町西四丁目,10,3,kyuusinn-morimati.pdf,森町-101,high,
1143,大字森町211番地の38,大字森町211番地の38(森町西),森町西四丁目,10,4,kyuusinn-morimati.pdf,森町-102,high,
1144,大字森町211番地の39,大字森町211番地の39(森町西),森町西四丁目,10,5,kyuusinn-morimati.pdf,森町-102,high,
1145,大字森町211番地の40,大字森町211番地の40(森町西),森町西四丁目,10,6,kyuusinn-morimati.pdf,森町-102,high,資料上2回出現
1146,大字森町211番地の41,大字森町211番地の41(森町西),森町西四丁目,10,7,kyuusinn-morimati.pdf,森町-102,high,
1147,大字森町211番地の42,大字森町211番地の42(森町西),森町西四丁目,10,8,kyuusinn-morimati.pdf,森町-102,high,
1148,大字森町211番地の43,大字森町211番地の43(森町西),森町西四丁目,10,9,kyuusinn-morimati.pdf,森町-102,high,
1149,大字森町211番地の44,大字森町211番地の44(森町西),森町西四丁目,12,10,kyuusinn-morimati.pdf,森町-102,high,
1150,大字森町211番地の45,大字森町211番地の45(森町西),森町西四丁目,10,11,kyuusinn-morimati.pdf,森町-102,high,
1151,大字森町211番地の46,大字森町211番地の46(森町西),森町西四丁目,10,10,kyuusinn-morimati.pdf,森町-102,high,
1152,大字森町245番地の7,大字森町245番地の7(森町西),森町西五丁目,3,2,kyuusinn-morimati.pdf,森町-102,high,資料上2回出現
1153,大字森町245番地の8,,森町西五丁目,1,4,kyuusinn-morimati.pdf,森町-102,high,資料上通称の記載なし
1154,大字森町245番地の8,大字森町245番地の8(森町西),森町西五丁目,4,1,kyuusinn-morimati.pdf,森町-103,high,
1155,大字森町245番地の9,大字森町245番地の9(森町西),森町西五丁目,4,2,kyuusinn-morimati.pdf,森町-103,high,
1156,大字森町245番地の10,大字森町245番地の10(森町西),森町西五丁目,4,3,kyuusinn-morimati.pdf,森町-103,high,
1157,大字森町245番地の22,大字森町245番地の22(森町西),森町西五丁目,7,7,kyuusinn-morimati.pdf,森町-103,high,
1158,大字森町245番地の23,大字森町245番地の23(森町西),森町西五丁目,7,5,kyuusinn-morimati.pdf,森町-103,high,
1159,大字森町245番地の24,大字森町245番地の24(森町西),森町西五丁目,7,4,kyuusinn-morimati.pdf,森町-103,high,
1160,大字森町245番地の25,大字森町245番地の25(森町西),森町西五丁目,7,3-1,kyuusinn-morimati.pdf,森町-103,high,
1161,大字森町245番地の25,大字森町245番地の25(森町西),森町西五丁目,7,3-2,kyuusinn-morimati.pdf,森町-103,high,
1162,大字森町245番地の26,大字森町245番地の26(森町西),森町西五丁目,7,6,kyuusinn-morimati.pdf,森町-103,high,
1163,大字森町245番地の27,大字森町245番地の27(森町西),森町西五丁目,8,6,kyuusinn-morimati.pdf,森町-103,high,資料上3回出現
1164,大字森町245番地の28,大字森町245番地の28(森町西),森町西五丁目,8,7,kyuusinn-morimati.pdf,森町-103,high,資料上2回出現
1165,大字森町245番地の29,大字森町245番地の29(森町西),森町西五丁目,8,8,kyuusinn-morimati.pdf,森町-104,high,
1166,大字森町245番地の30,大字森町245番地の30(森町西),森町西五丁目,8,9,kyuusinn-morimati.pdf,森町-104,high,
1167,大字森町245番地の31,大字森町245番地の31(森町西),森町西五丁目,8,10,kyuusinn-morimati.pdf,森町-104,high,資料上2回出現
1168,大字森町245番地の32,大字森町245番地の32(森町西),森町西五丁目,8,1,kyuusinn-morimati.pdf,森町-104,high,資料上2回出現
1169,大字森町245番地の33,大字森町245番地の33(森町西),森町西五丁目,8,2,kyuusinn-morimati.pdf,森町-104,high,
1170,大字森町245番地の34,大字森町245番地の34(森町西),森町西五丁目,8,3,kyuusinn-morimati.pdf,森町-104,high,
1171,大字森町245番地の35,大字森町245番地の35(森町西),森町西五丁目,8,4,kyuusinn-morimati.pdf,森町-104,high,
1172,大字森町245番地の36,大字森町245番地の36(森町西),森町西五丁目,8,5,kyuusinn-morimati.pdf,森町-104,high,
1173,大字森町245番地の38,大字森町245番地の38(森町西),森町西五丁目,6,5,kyuusinn-morimati.pdf,森町-104,high,資料上2回出現
1174,大字森町245番地の39,大字森町245番地の39(森町西),森町西五丁目,6,6,kyuusinn-morimati.pdf,森町-105,high,
1175,大字森町245番地の40,大字森町245番地の40(森町西),森町西五丁目,6,7,kyuusinn-morimati.pdf,森町-105,high,資料上2回出現
1176,大字森町245番地の41,大字森町245番地の41(森町西),森町西五丁目,6,8,kyuusinn-morimati.pdf,森町-105,high,
1177,大字森町245番地の42,大字森町245番地の42(森町西),森町西五丁目,6,1,kyuusinn-morimati.pdf,森町-105,high,
1178,大字森町245番地の43,大字森町245番地の43(森町西),森町西五丁目,6,2,kyuusinn-morimati.pdf,森町-105,high,
1179,大字森町245番地の44,大字森町245番地の44(森町西),森町西五丁目,6,3,kyuusinn-morimati.pdf,森町-105,high,
1180,大字森町245番地の45,大字森町245番地の45(森町西),森町西五丁目,4,6,kyuusinn-morimati.pdf,森町-105,high,
1181,大字森町245番地の52,大字森町245番地の52(森町西),森町西四丁目,15,1,kyuusinn-morimati.pdf,森町-105,high,
1182,大字森町245番地の53,大字森町245番地の53(森町西),森町西四丁目,15,2,kyuusinn-morimati.pdf,森町-105,high,
1183,大字森町245番地の54,大字森町245番地の54(森町西),森町西四丁目,15,3,kyuusinn-morimati.pdf,森町-105,high,
1184,大字森町245番地の56,大字森町245番地の56(森町西),森町西四丁目,15,4,kyuusinn-morimati.pdf,森町-105,high,
1185,大字森町245番地の57,大字森町245番地の57(森町西),森町西四丁目,15,5,kyuusinn-morimati.pdf,森町-105,high,資料上2回出現
1186,大字森町245番地の58,大字森町245番地の58(森町西),森町西四丁目,15,6,kyuusinn-morimati.pdf,森町-106,high,
1187,大字森町245番地の59,大字森町245番地の59(森町西),森町西四丁目,15,7,kyuusinn-morimati.pdf,森町-106,high,
1188,大字森町245番地の60,大字森町245番地の60(森町西),森町西四丁目,15,8,kyuusinn-morimati.pdf,森町-106,high,
1189,大字森町245番地の61,大字森町245番地の61(森町西),森町西四丁目,15,9,kyuusinn-morimati.pdf,森町-106,high,
1190,大字森町245番地の62,大字森町245番地の62(森町西),森町西四丁目,15,10,kyuusinn-morimati.pdf,森町-106,high,
1191,大字森町245番地の64,大字森町245番地の64(森町西),森町西四丁目,15,16,kyuusinn-morimati.pdf,森町-106,high,
1192,大字森町245番地の65,大字森町245番地の65(森町西),森町西四丁目,15,17,kyuusinn-morimati.pdf,森町-106,high,
1193,大字森町245番地の66,大字森町245番地の66(森町西),森町西四丁目,15,18,kyuusinn-morimati.pdf,森町-106,high,
1194,大字森町245番地の67,大字森町245番地の67(森町西),森町西四丁目,15,19,kyuusinn-morimati.pdf,森町-106,high,資料上2回出現
1195,大字森町245番地の68,大字森町245番地の68(森町西),森町西四丁目,15,20,kyuusinn-morimati.pdf,森町-106,high,
1196,大字森町245番地の69,大字森町245番地の69(森町西),森町西四丁目,15,21,kyuusinn-morimati.pdf,森町-106,high,
1197,大字森町245番地の70,大字森町245番地の70(森町西),森町西四丁目,15,22,kyuusinn-morimati.pdf,森町-107,high,
1198,大字森町245番地の71,大字森町245番地の71(森町西),森町西四丁目,15,23,kyuusinn-morimati.pdf,森町-107,high,資料上2回出現
1199,大字森町245番地の73,大字森町245番地の73(森町西),森町西四丁目,14,1,kyuusinn-morimati.pdf,森町-107,high,資料上2回出現
1200,大字森町245番地の74,大字森町245番地の74(森町西),森町西四丁目,14,17,kyuusinn-morimati.pdf,森町-107,high,
1201,大字森町245番地の75,大字森町245番地の75(森町西),森町西四丁目,14,2,kyuusinn-morimati.pdf,森町-107,high,
1202,大字森町245番地の76,大字森町245番地の76(森町西),森町西四丁目,14,3,kyuusinn-morimati.pdf,森町-107,high,
1203,大字森町245番地の77,大字森町245番地の77(森町西),森町西四丁目,14,4,kyuusinn-morimati.pdf,森町-107,high,
1204,大字森町245番地の78,大字森町245番地の78(森町西),森町西四丁目,14,5,kyuusinn-morimati.pdf,森町-107,high,
1205,大字森町245番地の79,大字森町245番地の79(森町西),森町西四丁目,14,6,kyuusinn-morimati.pdf,森町-107,high,資料上2回出現
1206,大字森町245番地の82,大字森町245番地の82(森町西),森町西四丁目,14,13,kyuusinn-morimati.pdf,森町-107,high,
1207,大字森町245番地の83,大字森町245番地の83(森町西),森町西四丁目,14,14,kyuusinn-morimati.pdf,森町-108,high,
1208,大字森町245番地の84,大字森町245番地の84(森町西),森町西四丁目,14,15,kyuusinn-morimati.pdf,森町-108,high,
1209,大字森町245番地の85,大字森町245番地の85(森町西),森町西四丁目,14,16,kyuusinn-morimati.pdf,森町-108,high,
1210,大字森町245番地の86,大字森町245番地の86(森町西),森町西四丁目,13,1,kyuusinn-morimati.pdf,森町-108,high,
1211,大字森町245番地の87,大字森町245番地の87(森町西),森町西四丁目,13,2,kyuusinn-morimati.pdf,森町-108,high,資料上2回出現
1212,大字森町245番地の88,大字森町245番地の88(森町西),森町西四丁目,13,3,kyuusinn-morimati.pdf,森町-108,high,
1213,大字森町245番地の89,大字森町245番地の89(森町西),森町西四丁目,13,4,kyuusinn-morimati.pdf,森町-108,high,
1214,大字森町245番地の92,大字森町245番地の92(森町西),森町西四丁目,13,11,kyuusinn-morimati.pdf,森町-108,high,
1215,大字森町245番地の96,大字森町245番地の96(森町西),森町西五丁目,4,4,kyuusinn-morimati.pdf,森町-108,high,
1216,大字森町245番地の97,大字森町245番地の97(森町西),森町西五丁目,4,5,kyuusinn-morimati.pdf,森町-108,high,
1217,大字森町字無田々通250番7,,森町西五丁目,5,1,kyuusinn-morimati.pdf,森町-108,high,資料上通称の記載なし
1218,大字森町250番地の7,大字森町250番地の7(森町西),森町西五丁目,5,1,kyuusinn-morimati.pdf,森町-108,high,
1219,大字森町255番地の5,大字森町255番地の5(森町西),森町西五丁目,2,8,kyuusinn-morimati.pdf,森町-109,high,
1220,大字森町255番地の6,大字森町255番地の6(森町西),森町西五丁目,2,7-2,kyuusinn-morimati.pdf,森町-109,high,
1221,大字森町255番地の6,大字森町255番地の6(森町西),森町西五丁目,2,7-1,kyuusinn-morimati.pdf,森町-109,high,
1222,大字森町255番地の7,大字森町255番地の7(森町西),森町西五丁目,2,6-1,kyuusinn-morimati.pdf,森町-109,high,
1223,大字森町255番地の7,大字森町255番地の7(森町西),森町西五丁目,2,6-2,kyuusinn-morimati.pdf,森町-109,high,
1224,大字森町255番地の9,大字森町255番地の9(森町西),森町西五丁目,2,11-1,kyuusinn-morimati.pdf,森町-109,high,
1225,大字森町255番地の9,大字森町255番地の9(森町西),森町西五丁目,2,11-2,kyuusinn-morimati.pdf,森町-109,high,
1226,大字森町255番地の10,大字森町255番地の10(森町西),森町西五丁目,2,10-1,kyuusinn-morimati.pdf,森町-109,high,
1227,大字森町255番地の10,大字森町255番地の10(森町西),森町西五丁目,2,10-2,kyuusinn-morimati.pdf,森町-109,high,
1228,大字森町255番地の11,大字森町255番地の11(森町西),森町西五丁目,2,9,kyuusinn-morimati.pdf,森町-109,high,
1229,大字森町255番地の12,大字森町255番地の12(森町西),森町西五丁目,9,8,kyuusinn-morimati.pdf,森町-109,high,
1230,大字森町255番地の13,大字森町255番地の13(森町西),森町西五丁目,9,7-1,kyuusinn-morimati.pdf,森町-109,high,資料上2回出現
1231,大字森町255番地の13,大字森町255番地の13(森町西),森町西五丁目,9,7-2,kyuusinn-morimati.pdf,森町-110,high,
1232,大字森町255番地の14,大字森町255番地の14(森町西),森町西五丁目,9,6,kyuusinn-morimati.pdf,森町-110,high,
1233,大字森町255番地の18,大字森町255番地の18(森町西),森町西五丁目,9,12,kyuusinn-morimati.pdf,森町-110,high,資料上2回出現
1234,大字森町255番地の19,大字森町255番地の19(森町西),森町西五丁目,9,11,kyuusinn-morimati.pdf,森町-110,high,
1235,大字森町255番地の20,大字森町255番地の20(森町西),森町西五丁目,9,10,kyuusinn-morimati.pdf,森町-110,high,
1236,大字森町255番地の21,大字森町255番地の21(森町西),森町西五丁目,9,9,kyuusinn-morimati.pdf,森町-110,high,
1237,大字森町255番地の24,大字森町255番地の24(森町西),森町西五丁目,10,13,kyuusinn-morimati.pdf,森町-110,high,
1238,大字森町255番地の31,大字森町255番地の31(森町西),森町西五丁目,10,7,kyuusinn-morimati.pdf,森町-110,high,資料上2回出現
1239,大字森町255番地の34,大字森町255番地の34(森町西),森町西五丁目,10,11,kyuusinn-morimati.pdf,森町-110,high,
1240,大字森町255番地の35,大字森町255番地の35(森町西),森町西五丁目,10,12,kyuusinn-morimati.pdf,森町-110,high,
1241,大字森町255番地の36,大字森町255番地の36(森町西),森町西五丁目,11,9,kyuusinn-morimati.pdf,森町-111,high,
1242,大字森町255番地の37,大字森町255番地の37(森町西),森町西五丁目,11,10,kyuusinn-morimati.pdf,森町-111,high,
1243,大字森町255番地の38,大字森町255番地の38(森町西),森町西五丁目,11,11,kyuusinn-morimati.pdf,森町-111,high,
1244,大字森町255番地の39,大字森町255番地の39(森町西),森町西五丁目,11,1,kyuusinn-morimati.pdf,森町-111,high,
1245,大字森町255番地の40,大字森町255番地の40(森町西),森町西五丁目,11,2,kyuusinn-morimati.pdf,森町-111,high,
1246,大字森町255番地の41,大字森町255番地の41(森町西),森町西五丁目,11,3,kyuusinn-morimati.pdf,森町-111,high,
1247,大字森町255番地の42,大字森町255番地の42(森町西),森町西五丁目,11,4,kyuusinn-morimati.pdf,森町-111,high,
1248,大字森町255番地の43,大字森町255番地の43(森町西),森町西五丁目,12,1,kyuusinn-morimati.pdf,森町-111,high,
1249,大字森町268番地の15,大字森町268番地の15(森町西),森町西五丁目,7,2,kyuusinn-morimati.pdf,森町-111,high,資料上2回出現
1250,大字森町268番地の16,大字森町268番地の16(森町西),森町西五丁目,7,1,kyuusinn-morimati.pdf,森町-111,high,
1251,大字森町271番地の7,大字森町271番地の7(森町西),森町西五丁目,11,8,kyuusinn-morimati.pdf,森町-111,high,
1252,大字森町271番地の12,大字森町271番地の12(森町西),森町西五丁目,11,5,kyuusinn-morimati.pdf,森町-111,high,
1253,大字森町271番地の13,大字森町271番地の13(森町西),森町西五丁目,11,6,kyuusinn-morimati.pdf,森町-112,high,
1254,大字森町271番地の14,大字森町271番地の14(森町西),森町西五丁目,11,7,kyuusinn-morimati.pdf,森町-112,high,
1255,大字森町271番地の16,大字森町271番地の16(森町西),森町西五丁目,12,11,kyuusinn-morimati.pdf,森町-112,high,
1256,大字森町271番地の17,大字森町271番地の17(森町西),森町西五丁目,12,12,kyuusinn-morimati.pdf,森町-112,high,
1257,大字森町271番地の18,大字森町271番地の18(森町西),森町西五丁目,12,13,kyuusinn-morimati.pdf,森町-112,high,
1258,大字森町271番地の19,大字森町271番地の19(森町西),森町西五丁目,12,14,kyuusinn-morimati.pdf,森町-112,high,
1259,大字森町271番地の21,大字森町271番地の21(森町西),森町西五丁目,12,2,kyuusinn-morimati.pdf,森町-112,high,
1260,大字森町271番地の22,大字森町271番地の22(森町西),森町西五丁目,12,3,kyuusinn-morimati.pdf,森町-112,high,
1261,大字森町271番地の23,大字森町271番地の23(森町西),森町西五丁目,12,4,kyuusinn-morimati.pdf,森町-112,high,
1262,大字森町271番地の24,大字森町271番地の24(森町西),森町西五丁目,12,5,kyuusinn-morimati.pdf,森町-112,high,
1263,大字森町271番地の25,大字森町271番地の25(森町西),森町西五丁目,12,6,kyuusinn-morimati.pdf,森町-112,high,
1264,大字森町271番地の26,大字森町271番地の26(森町西),森町西五丁目,12,7,kyuusinn-morimati.pdf,森町-112,high,
1265,大字森町271番地の55,大字森町271番地の55(森町西),森町西五丁目,5,23,kyuusinn-morimati.pdf,森町-112,high,
1266,大字森町271番地の57,大字森町271番地の57(森町西),森町西五丁目,14,21,kyuusinn-morimati.pdf,森町-113,high,
1267,大字森町271番地の58,大字森町271番地の58(森町西),森町西五丁目,14,20,kyuusinn-morimati.pdf,森町-113,high,
1268,大字森町271番地の59,大字森町271番地の59(森町西),森町西五丁目,14,17,kyuusinn-morimati.pdf,森町-113,high,
1269,大字森町271番地の60,大字森町271番地の60(森町西),森町西五丁目,14,18,kyuusinn-morimati.pdf,森町-113,high,資料上2回出現
1270,大字森町271番地の61,大字森町271番地の61(森町西),森町西五丁目,14,19,kyuusinn-morimati.pdf,森町-113,high,
1271,大字森町271番地の62,大字森町271番地の62(森町西),森町西五丁目,14,22,kyuusinn-morimati.pdf,森町-113,high,資料上2回出現
1272,大字森町271番地の63,大字森町271番地の63(森町西),森町西五丁目,14,23,kyuusinn-morimati.pdf,森町-113,high,資料上2回出現
1273,大字森町271番地の64,大字森町271番地の64(森町西),森町西五丁目,14,24,kyuusinn-morimati.pdf,森町-113,high,
1274,大字森町271番地の67,大字森町271番地の67(森町西),森町西五丁目,14,1,kyuusinn-morimati.pdf,森町-113,high,
1275,大字森町285番地の7,大字森町285番地の7(森町西),森町西五丁目,5,14,kyuusinn-morimati.pdf,森町-113,high,
1276,大字森町285番地の8,大字森町285番地の8(森町西),森町西五丁目,5,17,kyuusinn-morimati.pdf,森町-114,high,
1277,大字森町285番地の9,大字森町285番地の9(森町西),森町西五丁目,5,18,kyuusinn-morimati.pdf,森町-114,high,資料上2回出現
1278,大字森町285番地の10,大字森町285番地の10(森町西),森町西五丁目,5,21,kyuusinn-morimati.pdf,森町-114,high,
1279,大字森町285番地の11,大字森町285番地の11(森町西),森町西五丁目,5,20,kyuusinn-morimati.pdf,森町-114,high,
1280,大字森町285番地の12,大字森町285番地の12(森町西),森町西五丁目,5,19,kyuusinn-morimati.pdf,森町-114,high,
1281,大字森町285番地の13,大字森町285番地の13(森町西),森町西五丁目,5,16,kyuusinn-morimati.pdf,森町-114,high,資料上2回出現
1282,大字森町285番地の14,大字森町285番地の14(森町西),森町西五丁目,5,14,kyuusinn-morimati.pdf,森町-114,high,
1283,大字森町292番地の4,大字森町292番地の4(森町),森町西五丁目,14,3,kyuusinn-morimati.pdf,森町-114,high,資料上の表記通り((森町)印字)
1284,大字森町無田々通り293-1,,森町西五丁目,14,10,kyuusinn-morimati.pdf,森町-114,high,資料上通称の記載なし
1285,大字森町293番地の1,大字森町293番地の1(森町西) レスポアール101,森町西五丁目,14,10,kyuusinn-morimati.pdf,森町-114,high,資料上2回出現
1286,大字森町293番地の1,大字森町293番地の1(森町西) レスポアール201,森町西五丁目,14,10,kyuusinn-morimati.pdf,森町-115,high,
1287,大字森町293番地の1,大字森町293番地の1(森町西) レスポアール202,森町西五丁目,14,10,kyuusinn-morimati.pdf,森町-115,high,
1288,大字森町293番地の1,大字森町293番地の1(森町西) レスポアール203,森町西五丁目,14,10,kyuusinn-morimati.pdf,森町-115,high,
1289,大字森町293番地の1,大字森町293番地の1(森町西) レスポアール301,森町西五丁目,14,10,kyuusinn-morimati.pdf,森町-115,high,
1290,大字森町293番地の1,大字森町293番地の1(森町西) レスポアール302,森町西五丁目,14,10,kyuusinn-morimati.pdf,森町-115,high,
1291,大字森町293番地の1,大字森町293番地の1(森町西) レスポアール303,森町西五丁目,14,10,kyuusinn-morimati.pdf,森町-115,high,
1292,大字森町296番地の14,大字森町296番地の14(森町西),森町西五丁目,12,9,kyuusinn-morimati.pdf,森町-115,high,
1293,大字森町296番地の15,大字森町296番地の15(森町西),森町西五丁目,12,10,kyuusinn-morimati.pdf,森町-115,high,
1294,大字森町296番地の17,大字森町296番地の17(森町西),森町西五丁目,12,8,kyuusinn-morimati.pdf,森町-115,high,
1295,大字森町296番地の19,大字森町296番地の19(森町西),森町西五丁目,13,7,kyuusinn-morimati.pdf,森町-115,high,
1296,大字森町296番地の20,大字森町296番地の20(森町西),森町西五丁目,13,8,kyuusinn-morimati.pdf,森町-115,high,資料上3回出現
1297,大字森町296番地の21,大字森町296番地の21(森町西),森町西五丁目,9,13,kyuusinn-morimati.pdf,森町-116,high,
1298,大字森町296番地の22,大字森町296番地の22(森町西),森町西五丁目,10,13,kyuusinn-morimati.pdf,森町-116,high,
1299,大字森町296番地の23,大字森町296番地の23(森町西),森町西五丁目,11,13,kyuusinn-morimati.pdf,森町-116,high,
1300,大字森町296番地の25,大字森町296番地の25(森町西),森町西五丁目,1,13,kyuusinn-morimati.pdf,森町-116,high,
1301,大字森町296番地の26,大字森町296番地の26(森町西),森町西五丁目,13,2,kyuusinn-morimati.pdf,森町-116,high,
1302,大字森町296番地の27,大字森町296番地の27(森町西),森町西五丁目,3,13,kyuusinn-morimati.pdf,森町-116,high,
1303,大字森町296番地の28,大字森町296番地の28(森町西),森町西五丁目,4,13,kyuusinn-morimati.pdf,森町-116,high,
1304,大字森町296番地の29,大字森町296番地の29(森町西),森町西五丁目,5,13,kyuusinn-morimati.pdf,森町-116,high,
1305,大字森町296番地の30,大字森町296番地の30(森町西),森町西五丁目,6,13,kyuusinn-morimati.pdf,森町-116,high,資料上2回出現
1306,大字森町306番地の7,大字森町306番地の7(森町西),森町西五丁目,1,10,kyuusinn-morimati.pdf,森町-116,high,
1307,大字森町306番地の8,大字森町306番地の8(森町西),森町西五丁目,2,10,kyuusinn-morimati.pdf,森町-116,high,
1308,大字森町306番地の9,大字森町306番地の9(森町西),森町西五丁目,10,3,kyuusinn-morimati.pdf,森町-116,high,
1309,大字森町306番地の10,大字森町306番地の10(森町西),森町西五丁目,4,2,kyuusinn-morimati.pdf,森町-117,high,街区に2つの号があり原本ではblock列に結合記載、block/houseに分離
1310,大字森町306番地の10,大字森町306番地の10(森町西),森町西五丁目,4,1,kyuusinn-morimati.pdf,森町-117,high,街区に2つの号があり原本ではblock列に結合記載、block/houseに分離
1311,大字森町306番地の11,大字森町306番地の11(森町西),森町西五丁目,5,2,kyuusinn-morimati.pdf,森町-117,high,街区に2つの号があり原本ではblock列に結合記載、block/houseに分離
1312,大字森町306番地の11,大字森町306番地の11(森町西),森町西五丁目,5,1,kyuusinn-morimati.pdf,森町-117,high,街区に2つの号があり原本ではblock列に結合記載、block/houseに分離
1313,大字森町306番地の12,大字森町306番地の12(森町西),森町西五丁目,6,10,kyuusinn-morimati.pdf,森町-117,high,
1314,大字皆春360番地の2,,森町西三丁目,1,1,kyuusinn-morimati.pdf,皆春-118,high,資料上通称の記載なし
1315,大字皆春362番地,,森町西三丁目,1,5,kyuusinn-morimati.pdf,皆春-118,high,資料上通称の記載なし
1316,大字皆春363番地の3,大字皆春363番地の3(森町西),森町西三丁目,1,19,kyuusinn-morimati.pdf,皆春-118,high,
1317,大字皆春363番地の4,大字皆春363番地の4(森町西),森町西三丁目,1,20,kyuusinn-morimati.pdf,皆春-118,high,
1318,大字皆春363番地の5,大字皆春363番地の5(森町西),森町西三丁目,3,8,kyuusinn-morimati.pdf,皆春-118,high,
1319,大字皆春363番地の6,大字皆春363番地の6(森町西),森町西三丁目,3,7,kyuusinn-morimati.pdf,皆春-118,high,
1320,大字皆春363番地の7,大字皆春363番地の7(森町西),森町西三丁目,3,6-2,kyuusinn-morimati.pdf,皆春-118,high,
1321,大字皆春363番地の7,大字皆春363番地の7(森町西),森町西三丁目,3,6-1,kyuusinn-morimati.pdf,皆春-118,high,
1322,大字皆春363番地の10,大字皆春363番地の10(森町西),森町西三丁目,1,17,kyuusinn-morimati.pdf,皆春-118,high,
1323,大字皆春363番地の11,大字皆春363番地の11(森町西),森町西三丁目,1,18,kyuusinn-morimati.pdf,皆春-118,high,
1324,大字皆春363番地の12,大字皆春363番地の12(森町西),森町西三丁目,3,1,kyuusinn-morimati.pdf,皆春-118,high,
1325,大字皆春363番地の13,大字皆春363番地の13(森町西),森町西三丁目,3,2,kyuusinn-morimati.pdf,皆春-118,high,
1326,大字皆春363番地の14,大字皆春363番地の14(森町西),森町西三丁目,3,3,kyuusinn-morimati.pdf,皆春-118,high,資料上2回出現
1327,大字皆春363番地の16,大字皆春363番地の16(森町西),森町西三丁目,1,15,kyuusinn-morimati.pdf,皆春-119,high,
1328,大字皆春363番地の17,大字皆春363番地の17(森町西),森町西三丁目,1,9,kyuusinn-morimati.pdf,皆春-119,high,
1329,大字皆春363番地の18,大字皆春363番地の18(森町西),森町西三丁目,2,1,kyuusinn-morimati.pdf,皆春-119,high,
1330,大字皆春363番地の19,大字皆春363番地の19(森町西),森町西三丁目,2,5,kyuusinn-morimati.pdf,皆春-119,high,資料上2回出現
1331,大字皆春363番地の22,大字皆春363番地の22(森町西),森町西三丁目,2,2,kyuusinn-morimati.pdf,皆春-119,high,
1332,大字皆春363番地の23,大字皆春363番地の23(森町西),森町西三丁目,2,3,kyuusinn-morimati.pdf,皆春-119,high,資料上2回出現
1333,大字皆春363番地の25,大字皆春363番地の25(森町西),森町西三丁目,1,13,kyuusinn-morimati.pdf,皆春-119,high,
1334,大字皆春363番地の26,大字皆春363番地の26(森町西),森町西三丁目,1,14,kyuusinn-morimati.pdf,皆春-119,high,
1335,大字皆春363番地の32,大字皆春363番地の32(森町西),森町西三丁目,3,5,kyuusinn-morimati.pdf,皆春-119,high,
1336,大字皆春363番地の33,大字皆春363番地の33(森町西),森町西三丁目,1,16,kyuusinn-morimati.pdf,皆春-119,high,
1337,大字皆春363番地の34,大字皆春363番地の34(森町西),森町西三丁目,4,3,kyuusinn-morimati.pdf,皆春-120,high,
1338,大字皆春363番地の35,大字皆春363番地の35(森町西),森町西三丁目,4,2,kyuusinn-morimati.pdf,皆春-120,high,
1339,大字皆春363番地の36,大字皆春363番地の36(森町西),森町西三丁目,1,10,kyuusinn-morimati.pdf,皆春-120,high,
1340,大字皆春363番地の36,大字皆春363番地の36(森町西),森町西三丁目,10,1,kyuusinn-morimati.pdf,皆春-120,high,
1341,大字皆春363番地の37,大字皆春363番地の37(森町西),森町西三丁目,12,1,kyuusinn-morimati.pdf,皆春-120,high,
1342,大字皆春365番地の2,大字皆春365番地の2(森町西),森町西三丁目,1,27,kyuusinn-morimati.pdf,皆春-120,high,
1343,大字皆春366番地の2,大字皆春366番地の2(森町西),森町西三丁目,5,4,kyuusinn-morimati.pdf,皆春-120,high,
1344,大字皆春366番地の3,大字皆春366番地の3(森町西),森町西三丁目,5,5,kyuusinn-morimati.pdf,皆春-120,high,
1345,大字皆春366番地の4,大字皆春366番地の4(森町西),森町西三丁目,5,6,kyuusinn-morimati.pdf,皆春-120,high,
1346,大字皆春366番地の5,大字皆春366番地の5(森町西),森町西三丁目,5,7,kyuusinn-morimati.pdf,皆春-120,high,
1347,大字皆春366番地の6,大字皆春366番地の6(森町西),森町西三丁目,8,5,kyuusinn-morimati.pdf,皆春-120,high,
1348,大字皆春366番地の6,大字皆春366番地の6(森町西),森町西三丁目,5,8,kyuusinn-morimati.pdf,皆春-120,high,
1349,大字皆春366番地の7,大字皆春366番地の7(森町西),森町西三丁目,9,5,kyuusinn-morimati.pdf,皆春-120,high,資料上2回出現
1350,大字皆春366番地の8,大字皆春366番地の8(森町西),森町西三丁目,5,10,kyuusinn-morimati.pdf,皆春-121,high,資料上2回出現
1351,大字皆春366番地の9,大字皆春366番地の9(森町西),森町西三丁目,5,1,kyuusinn-morimati.pdf,皆春-121,high,
1352,大字皆春366番地の10,大字皆春366番地の10(森町西),森町西三丁目,5,2,kyuusinn-morimati.pdf,皆春-121,high,
1353,大字皆春366番地の11,大字皆春366番地の11(森町西),森町西三丁目,5,3,kyuusinn-morimati.pdf,皆春-121,high,
1354,大字皆春366番地の12,大字皆春366番地の12(森町西),森町西三丁目,4,10,kyuusinn-morimati.pdf,皆春-121,high,
1355,大字皆春366番地の13,大字皆春366番地の13(森町西),森町西三丁目,4,9,kyuusinn-morimati.pdf,皆春-121,high,
1356,大字皆春366番地の14,大字皆春366番地の14(森町西),森町西三丁目,4,8,kyuusinn-morimati.pdf,皆春-121,high,
1357,大字皆春366番地の15,大字皆春366番地の15(森町西),森町西三丁目,7,4,kyuusinn-morimati.pdf,皆春-121,high,資料上2回出現
1358,大字皆春366番地の16,大字皆春366番地の16(森町西),森町西三丁目,6,4,kyuusinn-morimati.pdf,皆春-121,high,
1359,大字皆春366番地の17,大字皆春366番地の17(森町西),森町西三丁目,1,4,kyuusinn-morimati.pdf,皆春-121,high,
1360,大字皆春366番地の18,大字皆春366番地の18(森町西),森町西三丁目,2,4,kyuusinn-morimati.pdf,皆春-122,high,
1361,大字皆春366番地の19,大字皆春366番地の19(森町西),森町西三丁目,4,3-1,kyuusinn-morimati.pdf,皆春-122,high,
1362,大字皆春366番地の19,大字皆春366番地の19(森町西),森町西三丁目,4,3-2,kyuusinn-morimati.pdf,皆春-122,high,
1363,大字皆春366番地の20,大字皆春366番地の20(森町西),森町西三丁目,4,4,kyuusinn-morimati.pdf,皆春-122,high,
1364,大字皆春366番地の21,大字皆春366番地の21(森町西),森町西三丁目,5,4,kyuusinn-morimati.pdf,皆春-122,high,資料上2回出現
1365,大字皆春366番地の22,大字皆春366番地の22(森町西),森町西三丁目,5,4,kyuusinn-morimati.pdf,皆春-122,high,
1366,大字皆春366番地の23,大字皆春366番地の23(森町西),森町西三丁目,5,4,kyuusinn-morimati.pdf,皆春-122,high,資料上2回出現
1367,大字皆春366番地の24,大字皆春366番地の24(森町西),森町西三丁目,5,4,kyuusinn-morimati.pdf,皆春-122,high,
1368,大字皆春366番地の25,大字皆春366番地の25(森町西),森町西三丁目,5,4,kyuusinn-morimati.pdf,皆春-122,high,
1369,大字皆春366番地の26,大字皆春366番地の26(森町西),森町西三丁目,5,4,kyuusinn-morimati.pdf,皆春-122,high,
1370,大字皆春366番地の27,大字皆春366番地の27(森町西),森町西三丁目,5,4,kyuusinn-morimati.pdf,皆春-123,high,
1371,大字皆春366番地の28,大字皆春366番地の28(森町西),森町西三丁目,5,4,kyuusinn-morimati.pdf,皆春-123,high,
1372,大字皆春366番地の29,大字皆春366番地の29(森町西),森町西三丁目,5,4,kyuusinn-morimati.pdf,皆春-123,high,
1373,大字皆春366番地の30,大字皆春366番地の30(森町西),森町西三丁目,5,4,kyuusinn-morimati.pdf,皆春-123,high,
1374,大字皆春366番地の31,大字皆春366番地の31(森町西),森町西三丁目,5,4,kyuusinn-morimati.pdf,皆春-123,high,資料上2回出現
1375,大字皆春366番地の32,大字皆春366番地の32(森町西),森町西三丁目,5,4,kyuusinn-morimati.pdf,皆春-123,high,
1376,大字皆春366番地の33,大字皆春366番地の33(森町西),森町西三丁目,5,4,kyuusinn-morimati.pdf,皆春-123,high,
1377,大字皆春367番地,大字皆春367番地(森町西),森町西三丁目,5,4,kyuusinn-morimati.pdf,皆春-123,high,
1378,大字皆春368番地の1,大字皆春368番地の1(森町西),森町西三丁目,5,4,kyuusinn-morimati.pdf,皆春-123,high,
