seq,old_address,alias,new_town,block,house,source_doc,source_page,confidence,note
1,大字羽屋501番地の1,畑中8組の12 ｺｰﾎﾟ羽屋A101,畑中一丁目,2,67,hatakenakakyuusinnpdf.pdf,羽屋-1,high,
2,大字羽屋501番地の1,畑中8組の12 ｺｰﾎﾟ羽屋A102,畑中一丁目,2,67,hatakenakakyuusinnpdf.pdf,羽屋-1,high,
3,大字羽屋501番地の1,畑中8組の12 ｺｰﾎﾟ羽屋A103,畑中一丁目,2,67,hatakenakakyuusinnpdf.pdf,羽屋-1,high,
4,大字羽屋501番地の1,畑中8組の12 ｺｰﾎﾟ羽屋A105,畑中一丁目,2,67,hatakenakakyuusinnpdf.pdf,羽屋-1,high,
5,大字羽屋501番地の1,畑中8組の12 ｺｰﾎﾟ羽屋A201,畑中一丁目,2,67,hatakenakakyuusinnpdf.pdf,羽屋-1,high,
6,大字羽屋501番地の1,畑中8組の12 ｺｰﾎﾟ羽屋A202,畑中一丁目,2,67,hatakenakakyuusinnpdf.pdf,羽屋-1,high,
7,大字羽屋501番地の1,畑中8組の12 ｺｰﾎﾟ羽屋A203,畑中一丁目,2,67,hatakenakakyuusinnpdf.pdf,羽屋-1,high,
8,大字羽屋501番地の1,畑中8組の12 ｺｰﾎﾟ羽屋A205,畑中一丁目,2,67,hatakenakakyuusinnpdf.pdf,羽屋-1,high,
9,大字羽屋501番地の2,畑中8組の12 ｺｰﾎﾟ羽屋B101,畑中一丁目,2,68,hatakenakakyuusinnpdf.pdf,羽屋-1,high,
10,大字羽屋501番地の2,畑中8組の12 ｺｰﾎﾟ羽屋B102,畑中一丁目,2,68,hatakenakakyuusinnpdf.pdf,羽屋-1,high,
11,大字羽屋501番地の2,畑中8組の12 ｺｰﾎﾟ羽屋B103,畑中一丁目,2,68,hatakenakakyuusinnpdf.pdf,羽屋-1,high,
12,大字羽屋501番地の2,畑中8組の12 ｺｰﾎﾟ羽屋B201,畑中一丁目,2,68,hatakenakakyuusinnpdf.pdf,羽屋-1,high,
13,大字羽屋501番地の2,畑中8組の12 ｺｰﾎﾟ羽屋B202,畑中一丁目,2,68,hatakenakakyuusinnpdf.pdf,羽屋-1,high,
14,大字羽屋503-4,,畑中一丁目,2,61,hatakenakakyuusinnpdf.pdf,羽屋-2,high,
15,大字羽屋534-1,,畑中一丁目,2,51,hatakenakakyuusinnpdf.pdf,羽屋-2,high,
16,大字羽屋538-1,,畑中一丁目,2,49,hatakenakakyuusinnpdf.pdf,羽屋-2,high,
17,大字羽屋538番地の1,畑中8組の12,畑中一丁目,2,49,hatakenakakyuusinnpdf.pdf,羽屋-2,high,
18,大字羽屋539番地の1,畑中8組の12 ｸﾞﾘｰﾝﾊﾟｰｸ豊府101,畑中一丁目,2,46,hatakenakakyuusinnpdf.pdf,羽屋-2,high,
19,大字羽屋539番地の1,畑中8組の12 ｸﾞﾘｰﾝﾊﾟｰｸ豊府102,畑中一丁目,2,46,hatakenakakyuusinnpdf.pdf,羽屋-2,high,資料上2回出現
20,大字羽屋539番地の1,畑中8組の12 ｸﾞﾘｰﾝﾊﾟｰｸ豊府103,畑中一丁目,2,46,hatakenakakyuusinnpdf.pdf,羽屋-2,high,
21,大字羽屋539番地の1,畑中8組の12 ｸﾞﾘｰﾝﾊﾟｰｸ豊府104,畑中一丁目,2,46,hatakenakakyuusinnpdf.pdf,羽屋-2,high,
22,大字羽屋539番地の1,畑中8組の12 ｸﾞﾘｰﾝﾊﾟｰｸ豊府105,畑中一丁目,2,46,hatakenakakyuusinnpdf.pdf,羽屋-2,high,
23,大字羽屋539番地の1,畑中8組の12 ｸﾞﾘｰﾝﾊﾟｰｸ豊府201,畑中一丁目,2,46,hatakenakakyuusinnpdf.pdf,羽屋-2,high,
24,大字羽屋539番地の1,畑中8組の12 ｸﾞﾘｰﾝﾊﾟｰｸ豊府202,畑中一丁目,2,46,hatakenakakyuusinnpdf.pdf,羽屋-2,high,
25,大字羽屋539番地の1,畑中8組の12 ｸﾞﾘｰﾝﾊﾟｰｸ豊府203,畑中一丁目,2,46,hatakenakakyuusinnpdf.pdf,羽屋-2,high,
26,大字羽屋539番地の1,畑中8組の12 ｸﾞﾘｰﾝﾊﾟｰｸ豊府204,畑中一丁目,2,46,hatakenakakyuusinnpdf.pdf,羽屋-3,high,
27,大字羽屋539番地の1,畑中8組の12 ｸﾞﾘｰﾝﾊﾟｰｸ豊府205,畑中一丁目,2,46,hatakenakakyuusinnpdf.pdf,羽屋-3,high,
28,大字羽屋734-1,,畑中一丁目,1,5,hatakenakakyuusinnpdf.pdf,羽屋-3,high,
29,大字羽屋736-1,,畑中一丁目,1,11,hatakenakakyuusinnpdf.pdf,羽屋-3,high,
30,大字羽屋739番地,,畑中一丁目,1,10,hatakenakakyuusinnpdf.pdf,羽屋-3,high,
31,大字畑中2の1番地,畑中2組の1,畑中五丁目,8,4,hatakenakakyuusinnpdf.pdf,畑中-1,high,
32,大字畑中2番地の2,畑中2組の1,畑中五丁目,8,2,hatakenakakyuusinnpdf.pdf,畑中-1,high,
33,大字畑中3番地の2,畑中2組の1,畑中五丁目,8,28,hatakenakakyuusinnpdf.pdf,畑中-1,high,
34,大字畑中3番地の5,畑中2組の1,畑中五丁目,8,29,hatakenakakyuusinnpdf.pdf,畑中-1,high,資料上2回出現
35,大字畑中3番地の6,畑中2組の1,畑中五丁目,8,9,hatakenakakyuusinnpdf.pdf,畑中-1,high,
36,大字畑中3番地の6,畑中2組の1,畑中五丁目,8,10,hatakenakakyuusinnpdf.pdf,畑中-1,high,
37,大字畑中6番地の1,畑中2組の1,畑中五丁目,8,13,hatakenakakyuusinnpdf.pdf,畑中-1,high,資料上2回出現
38,大字畑中6番地の3,畑中2組の1,畑中五丁目,8,27,hatakenakakyuusinnpdf.pdf,畑中-1,high,
39,大字畑中7番地,畑中2組の1,畑中五丁目,8,24,hatakenakakyuusinnpdf.pdf,畑中-1,high,
40,大字畑中9番地の1,,畑中五丁目,8,20,hatakenakakyuusinnpdf.pdf,畑中-1,high,
41,大字畑中97番地の1,畑中2組の1,畑中五丁目,8,31,hatakenakakyuusinnpdf.pdf,畑中-1,high,
42,大字畑中97番地の2,畑中2組の1,畑中五丁目,8,1,hatakenakakyuusinnpdf.pdf,畑中-2,high,資料上2回出現
43,大字畑中100番地,畑中2組の1,畑中四丁目,3,23,hatakenakakyuusinnpdf.pdf,畑中-2,high,資料上2回出現
44,大字畑中101番地,畑中2組の1,畑中四丁目,3,19,hatakenakakyuusinnpdf.pdf,畑中-2,high,
45,大字畑中101番地の1,畑中2組の1,畑中四丁目,3,22,hatakenakakyuusinnpdf.pdf,畑中-2,high,
46,大字畑中102番地の2,畑中2組の2,畑中四丁目,3,16,hatakenakakyuusinnpdf.pdf,畑中-2,high,
47,大字畑中103番地の1,畑中2組の2,畑中四丁目,3,15,hatakenakakyuusinnpdf.pdf,畑中-2,high,資料上2回出現
48,大字畑中105番地,畑中2組の2,畑中四丁目,3,10,hatakenakakyuusinnpdf.pdf,畑中-2,high,
49,大字畑中106番地の1,畑中2組の2,畑中四丁目,3,8,hatakenakakyuusinnpdf.pdf,畑中-2,high,資料上3回出現
50,大字畑中123番地の1,畑中2組の3,畑中四丁目,2,22,hatakenakakyuusinnpdf.pdf,畑中-3,high,
51,大字畑中125番地,畑中2組の3,畑中四丁目,2,19,hatakenakakyuusinnpdf.pdf,畑中-3,high,
52,大字畑中125の1番地,畑中2組の3,畑中四丁目,2,18,hatakenakakyuusinnpdf.pdf,畑中-3,high,
53,大字畑中125番地の1,畑中2組の3,畑中四丁目,2,21,hatakenakakyuusinnpdf.pdf,畑中-3,high,
54,大字畑中125番地の3,畑中2組の3,畑中四丁目,2,20,hatakenakakyuusinnpdf.pdf,畑中-3,high,
55,大字畑中127番地の2,畑中2組の3,畑中四丁目,2,16,hatakenakakyuusinnpdf.pdf,畑中-3,high,
56,大字畑中127番地の4,畑中2組の3,畑中四丁目,2,14,hatakenakakyuusinnpdf.pdf,畑中-3,high,資料上2回出現
57,大字畑中128番地の3,畑中2組の3,畑中四丁目,2,9,hatakenakakyuusinnpdf.pdf,畑中-3,high,
58,大字畑中131番地の2,畑中2組の3,畑中四丁目,2,10,hatakenakakyuusinnpdf.pdf,畑中-3,high,
59,大字畑中133番地の4,畑中4組の3,畑中四丁目,2,2,hatakenakakyuusinnpdf.pdf,畑中-3,high,資料上2回出現
60,大字畑中133番地の5,畑中4組の3,畑中四丁目,2,3,hatakenakakyuusinnpdf.pdf,畑中-3,high,
61,大字畑中133番地の6,畑中4組の3,畑中四丁目,2,4,hatakenakakyuusinnpdf.pdf,畑中-4,high,
62,大字畑中133番地の6,畑中4組の3,畑中四丁目,2,8,hatakenakakyuusinnpdf.pdf,畑中-4,high,
63,大字畑中133番地の7,畑中4組の3,畑中四丁目,2,5,hatakenakakyuusinnpdf.pdf,畑中-4,high,資料上2回出現
64,大字畑中133番地の8,畑中4組の3,畑中四丁目,2,6,hatakenakakyuusinnpdf.pdf,畑中-4,high,資料上2回出現
65,大字畑中133番地の10,畑中4組の3,畑中四丁目,2,7,hatakenakakyuusinnpdf.pdf,畑中-4,high,
66,大字畑中134番地の1,畑中4組の3,畑中四丁目,2,1,hatakenakakyuusinnpdf.pdf,畑中-4,high,
67,大字畑中140番地の1,畑中7組の2の1 ﾙｰﾂMK101,畑中四丁目,1,22,hatakenakakyuusinnpdf.pdf,畑中-4,high,
68,大字畑中140番地の1,畑中7組の2の1 ﾙｰﾂMK102,畑中四丁目,1,22,hatakenakakyuusinnpdf.pdf,畑中-4,high,
69,大字畑中140番地の1,畑中7組の2の1 ﾙｰﾂMK201,畑中四丁目,1,22,hatakenakakyuusinnpdf.pdf,畑中-4,high,
70,大字畑中140番地の1,畑中7組の2の1 ﾙｰﾂMK202,畑中四丁目,1,22,hatakenakakyuusinnpdf.pdf,畑中-4,high,
71,大字畑中140番地の2,畑中7組の2の1,畑中四丁目,1,23,hatakenakakyuusinnpdf.pdf,畑中-4,high,
72,大字畑中142番地,畑中7組の2の1,畑中四丁目,1,11,hatakenakakyuusinnpdf.pdf,畑中-5,high,
73,大字畑中142番地の1,畑中7組の2の1,畑中四丁目,1,9,hatakenakakyuusinnpdf.pdf,畑中-5,high,資料上2回出現
74,大字畑中142番地の1,畑中7組の2の1,畑中四丁目,1,13,hatakenakakyuusinnpdf.pdf,畑中-5,high,
75,大字畑中143番地,畑中7組の2の1,畑中四丁目,1,10,hatakenakakyuusinnpdf.pdf,畑中-5,high,
76,大字畑中143番地の1,畑中7組の2,畑中四丁目,1,12,hatakenakakyuusinnpdf.pdf,畑中-5,high,
77,大字畑中143番地の2,畑中7組の2の1,畑中四丁目,1,7,hatakenakakyuusinnpdf.pdf,畑中-5,high,
78,大字畑中144番地,畑中7組の2の1,畑中四丁目,1,24,hatakenakakyuusinnpdf.pdf,畑中-5,high,
79,大字畑中144番地,畑中7組の2の1,畑中四丁目,1,25,hatakenakakyuusinnpdf.pdf,畑中-5,high,
80,大字畑中145番地の1,畑中7組の2の1,畑中四丁目,1,27,hatakenakakyuusinnpdf.pdf,畑中-5,high,
81,大字畑中146番地,畑中7組の2の1,畑中四丁目,1,33,hatakenakakyuusinnpdf.pdf,畑中-5,high,資料上2回出現
82,大字畑中147番地,畑中7組の2の1,畑中四丁目,1,36,hatakenakakyuusinnpdf.pdf,畑中-5,high,
83,大字畑中147番地,畑中7組の2の1,畑中四丁目,1,35,hatakenakakyuusinnpdf.pdf,畑中-6,high,
84,大字畑中149番地,畑中7組の2の1,畑中四丁目,1,39,hatakenakakyuusinnpdf.pdf,畑中-6,high,
85,大字畑中150番地,畑中7組の2の1,畑中四丁目,1,38,hatakenakakyuusinnpdf.pdf,畑中-6,high,資料上2回出現
86,大字畑中151番地の2,畑中7組の2の1,畑中四丁目,1,41,hatakenakakyuusinnpdf.pdf,畑中-6,high,資料上2回出現
87,大字畑中153番地の2,畑中7組の2の1,畑中四丁目,1,1,hatakenakakyuusinnpdf.pdf,畑中-6,high,
88,大字畑中160番地の1,畑中7組の2,畑中四丁目,1,19,hatakenakakyuusinnpdf.pdf,畑中-6,high,
89,大字畑中172番地,畑中4組の2,畑中四丁目,6,11,hatakenakakyuusinnpdf.pdf,畑中-6,high,
90,大字畑中183番地,畑中8組の11,畑中一丁目,5,16,hatakenakakyuusinnpdf.pdf,畑中-6,high,
91,大字畑中282番地の1,畑中7組の3の2,畑中五丁目,3,32,hatakenakakyuusinnpdf.pdf,畑中-6,high,
92,大字畑中303番地,,畑中五丁目,4,1,hatakenakakyuusinnpdf.pdf,畑中-6,high,資料上6回出現
93,大字畑中303番地,畑中9組 刑務所官舎D101,畑中五丁目,5,D-101,hatakenakakyuusinnpdf.pdf,畑中-7,high,
94,大字畑中303番地,畑中9組 刑務所官舎D102,畑中五丁目,5,D-102,hatakenakakyuusinnpdf.pdf,畑中-7,high,
95,大字畑中303番地,畑中9組 刑務所官舎D103,畑中五丁目,5,D-103,hatakenakakyuusinnpdf.pdf,畑中-7,high,
96,大字畑中303番地,畑中9組 刑務所官舎D104,畑中五丁目,5,D-104,hatakenakakyuusinnpdf.pdf,畑中-7,high,
97,大字畑中303番地,畑中9組 刑務所官舎D201,畑中五丁目,5,D-201,hatakenakakyuusinnpdf.pdf,畑中-7,high,
98,大字畑中303番地,畑中9組 刑務所官舎D202,畑中五丁目,5,D-202,hatakenakakyuusinnpdf.pdf,畑中-7,high,
99,大字畑中303番地,畑中9組 刑務所官舎D203,畑中五丁目,5,D-203,hatakenakakyuusinnpdf.pdf,畑中-7,high,
100,大字畑中303番地,畑中9組 刑務所官舎D204,畑中五丁目,5,D-204,hatakenakakyuusinnpdf.pdf,畑中-7,high,
101,大字畑中303番地,畑中9組 刑務所官舎D301,畑中五丁目,5,D-301,hatakenakakyuusinnpdf.pdf,畑中-7,high,
102,大字畑中303番地,畑中9組 刑務所官舎D302,畑中五丁目,5,D-302,hatakenakakyuusinnpdf.pdf,畑中-8,high,
103,大字畑中303番地,畑中9組 刑務所官舎D303,畑中五丁目,5,D-303,hatakenakakyuusinnpdf.pdf,畑中-8,high,
104,大字畑中303番地,畑中9組 刑務所官舎D304,畑中五丁目,5,D-304,hatakenakakyuusinnpdf.pdf,畑中-8,high,
105,大字畑中303番地,畑中9組 刑務所官舎D401,畑中五丁目,5,D-401,hatakenakakyuusinnpdf.pdf,畑中-8,high,
106,大字畑中303番地,畑中9組 刑務所官舎D402,畑中五丁目,5,D-402,hatakenakakyuusinnpdf.pdf,畑中-8,high,
107,大字畑中303番地,畑中9組 刑務所官舎D403,畑中五丁目,5,D-403,hatakenakakyuusinnpdf.pdf,畑中-8,high,
108,大字畑中303番地,畑中9組 刑務所官舎D404,畑中五丁目,5,D-404,hatakenakakyuusinnpdf.pdf,畑中-8,high,
109,大字畑中303番地,畑中9組 刑務所官舎E101,畑中五丁目,5,E-101,hatakenakakyuusinnpdf.pdf,畑中-8,high,
110,大字畑中303番地,畑中9組 刑務所官舎E102,畑中五丁目,5,E-102,hatakenakakyuusinnpdf.pdf,畑中-8,high,
111,大字畑中303番地,畑中9組 刑務所官舎E103,畑中五丁目,5,E-103,hatakenakakyuusinnpdf.pdf,畑中-8,high,
112,大字畑中303番地,畑中9組 刑務所官舎E104,畑中五丁目,5,E-104,hatakenakakyuusinnpdf.pdf,畑中-8,high,
113,大字畑中303番地,畑中9組 刑務所官舎E201,畑中五丁目,5,E-201,hatakenakakyuusinnpdf.pdf,畑中-8,high,
114,大字畑中303番地,畑中9組 刑務所官舎E202,畑中五丁目,5,E-202,hatakenakakyuusinnpdf.pdf,畑中-8,high,
115,大字畑中303番地,畑中9組 刑務所官舎E203,畑中五丁目,5,E-203,hatakenakakyuusinnpdf.pdf,畑中-9,high,
116,大字畑中303番地,畑中9組 刑務所官舎E204,畑中五丁目,5,E-204,hatakenakakyuusinnpdf.pdf,畑中-9,high,
117,大字畑中303番地,畑中9組 刑務所官舎E301,畑中五丁目,5,E-301,hatakenakakyuusinnpdf.pdf,畑中-9,high,
118,大字畑中303番地,畑中9組 刑務所官舎E302,畑中五丁目,5,E-302,hatakenakakyuusinnpdf.pdf,畑中-9,high,
119,大字畑中303番地,畑中9組 刑務所官舎E303,畑中五丁目,5,E-303,hatakenakakyuusinnpdf.pdf,畑中-9,high,
120,大字畑中303番地,畑中9組 刑務所官舎E304,畑中五丁目,5,E-304,hatakenakakyuusinnpdf.pdf,畑中-9,high,
121,大字畑中303番地,畑中9組 刑務所官舎E401,畑中五丁目,5,E-401,hatakenakakyuusinnpdf.pdf,畑中-9,high,
122,大字畑中303番地,畑中9組 刑務所官舎E402,畑中五丁目,5,E-402,hatakenakakyuusinnpdf.pdf,畑中-9,high,
123,大字畑中303番地,畑中9組 刑務所官舎E403,畑中五丁目,5,E-403,hatakenakakyuusinnpdf.pdf,畑中-9,high,
124,大字畑中303番地,畑中9組 刑務所官舎E404,畑中五丁目,5,E-404,hatakenakakyuusinnpdf.pdf,畑中-9,high,
125,大字畑中303番地,畑中9組 刑務所官舎F101,畑中五丁目,5,F-101,hatakenakakyuusinnpdf.pdf,畑中-9,high,
126,大字畑中303番地,畑中9組 刑務所官舎F102,畑中五丁目,5,F-102,hatakenakakyuusinnpdf.pdf,畑中-9,high,
127,大字畑中303番地,畑中9組 刑務所官舎F103,畑中五丁目,5,F-103,hatakenakakyuusinnpdf.pdf,畑中-9,high,
128,大字畑中303番地,畑中9組 刑務所官舎F104,畑中五丁目,5,F-104,hatakenakakyuusinnpdf.pdf,畑中-10,high,
129,大字畑中303番地,畑中9組 刑務所官舎F105,畑中五丁目,5,F-105,hatakenakakyuusinnpdf.pdf,畑中-10,high,
130,大字畑中303番地,畑中9組 刑務所官舎F106,畑中五丁目,5,F-106,hatakenakakyuusinnpdf.pdf,畑中-10,high,
131,大字畑中303番地,畑中9組 刑務所官舎F201,畑中五丁目,5,F-201,hatakenakakyuusinnpdf.pdf,畑中-10,high,
132,大字畑中303番地,畑中9組 刑務所官舎F202,畑中五丁目,5,F-202,hatakenakakyuusinnpdf.pdf,畑中-10,high,
133,大字畑中303番地,畑中9組 刑務所官舎F203,畑中五丁目,5,F-203,hatakenakakyuusinnpdf.pdf,畑中-10,high,
134,大字畑中303番地,畑中9組 刑務所官舎F204,畑中五丁目,5,F-204,hatakenakakyuusinnpdf.pdf,畑中-10,high,
135,大字畑中303番地,畑中9組 刑務所官舎F205,畑中五丁目,5,F-205,hatakenakakyuusinnpdf.pdf,畑中-10,high,
136,大字畑中303番地,畑中9組 刑務所官舎F206,畑中五丁目,5,F-206,hatakenakakyuusinnpdf.pdf,畑中-10,high,
137,大字畑中303番地,畑中9組 刑務所官舎F301,畑中五丁目,5,F-301,hatakenakakyuusinnpdf.pdf,畑中-10,high,
138,大字畑中303番地,畑中9組 刑務所官舎F302,畑中五丁目,5,F-302,hatakenakakyuusinnpdf.pdf,畑中-10,high,
139,大字畑中303番地,畑中9組 刑務所官舎F303,畑中五丁目,5,F-303,hatakenakakyuusinnpdf.pdf,畑中-10,high,
140,大字畑中303番地,畑中9組 刑務所官舎F304,畑中五丁目,5,F-304,hatakenakakyuusinnpdf.pdf,畑中-10,high,
141,大字畑中303番地,畑中9組 刑務所官舎F305,畑中五丁目,5,F-305,hatakenakakyuusinnpdf.pdf,畑中-11,high,
142,大字畑中303番地,畑中9組 刑務所官舎F306,畑中五丁目,5,F-306,hatakenakakyuusinnpdf.pdf,畑中-11,high,
143,大字畑中303番地,畑中9組 刑務所官舎F401,畑中五丁目,5,F-401,hatakenakakyuusinnpdf.pdf,畑中-11,high,
144,大字畑中303番地,畑中9組 刑務所官舎F402,畑中五丁目,5,F-402,hatakenakakyuusinnpdf.pdf,畑中-11,high,
145,大字畑中303番地,畑中9組 刑務所官舎F403,畑中五丁目,5,F-403,hatakenakakyuusinnpdf.pdf,畑中-11,high,
146,大字畑中303番地,畑中9組 刑務所官舎F404,畑中五丁目,5,F-404,hatakenakakyuusinnpdf.pdf,畑中-11,high,
147,大字畑中303番地,畑中9組 刑務所官舎F405,畑中五丁目,5,F-405,hatakenakakyuusinnpdf.pdf,畑中-11,high,
148,大字畑中303番地,畑中9組 刑務所官舎F406,畑中五丁目,5,F-406,hatakenakakyuusinnpdf.pdf,畑中-11,high,
149,大字畑中303番地,畑中9組 刑務所官舎F501,畑中五丁目,5,F-501,hatakenakakyuusinnpdf.pdf,畑中-11,high,
150,大字畑中303番地,畑中9組 刑務所官舎F502,畑中五丁目,5,F-502,hatakenakakyuusinnpdf.pdf,畑中-11,high,
151,大字畑中303番地,畑中9組 刑務所官舎F503,畑中五丁目,5,F-503,hatakenakakyuusinnpdf.pdf,畑中-11,high,
152,大字畑中303番地,畑中9組 刑務所官舎F504,畑中五丁目,5,F-504,hatakenakakyuusinnpdf.pdf,畑中-11,high,
153,大字畑中303番地,畑中9組 刑務所官舎F505,畑中五丁目,5,F-505,hatakenakakyuusinnpdf.pdf,畑中-11,high,
154,大字畑中303番地,畑中9組 刑務所官舎F506,畑中五丁目,5,F-506,hatakenakakyuusinnpdf.pdf,畑中-12,high,
155,大字畑中303番地,畑中9組 刑務所官舎G101,畑中五丁目,5,G-101,hatakenakakyuusinnpdf.pdf,畑中-12,high,
156,大字畑中303番地,畑中9組 刑務所官舎G102,畑中五丁目,5,G-102,hatakenakakyuusinnpdf.pdf,畑中-12,high,
157,大字畑中303番地,畑中9組 刑務所官舎G103,畑中五丁目,5,G-103,hatakenakakyuusinnpdf.pdf,畑中-12,high,
158,大字畑中303番地,畑中9組 刑務所官舎G104,畑中五丁目,5,G-104,hatakenakakyuusinnpdf.pdf,畑中-12,high,
159,大字畑中303番地,畑中9組 刑務所官舎G105,畑中五丁目,5,G-105,hatakenakakyuusinnpdf.pdf,畑中-12,high,
160,大字畑中303番地,畑中9組 刑務所官舎G106,畑中五丁目,5,G-106,hatakenakakyuusinnpdf.pdf,畑中-12,high,
161,大字畑中303番地,畑中9組 刑務所官舎G201,畑中五丁目,5,G-201,hatakenakakyuusinnpdf.pdf,畑中-12,high,
162,大字畑中303番地,畑中9組 刑務所官舎G202,畑中五丁目,5,G-202,hatakenakakyuusinnpdf.pdf,畑中-12,high,
163,大字畑中303番地,畑中9組 刑務所官舎G203,畑中五丁目,5,G-203,hatakenakakyuusinnpdf.pdf,畑中-12,high,
164,大字畑中303番地,畑中9組 刑務所官舎G204,畑中五丁目,5,G-204,hatakenakakyuusinnpdf.pdf,畑中-12,high,
165,大字畑中303番地,畑中9組 刑務所官舎G205,畑中五丁目,5,G-205,hatakenakakyuusinnpdf.pdf,畑中-12,high,
166,大字畑中303番地,畑中9組 刑務所官舎G206,畑中五丁目,5,G-206,hatakenakakyuusinnpdf.pdf,畑中-12,high,
167,大字畑中303番地,畑中9組 刑務所官舎G301,畑中五丁目,5,G-301,hatakenakakyuusinnpdf.pdf,畑中-13,high,
168,大字畑中303番地,畑中9組 刑務所官舎G302,畑中五丁目,5,G-302,hatakenakakyuusinnpdf.pdf,畑中-13,high,
169,大字畑中303番地,畑中9組 刑務所官舎G303,畑中五丁目,5,G-303,hatakenakakyuusinnpdf.pdf,畑中-13,high,
170,大字畑中303番地,畑中9組 刑務所官舎G304,畑中五丁目,5,G-304,hatakenakakyuusinnpdf.pdf,畑中-13,high,
171,大字畑中303番地,畑中9組 刑務所官舎G305,畑中五丁目,5,G-305,hatakenakakyuusinnpdf.pdf,畑中-13,high,
172,大字畑中303番地,畑中9組 刑務所官舎G306,畑中五丁目,5,G-306,hatakenakakyuusinnpdf.pdf,畑中-13,high,
173,大字畑中303番地,畑中9組 刑務所官舎G401,畑中五丁目,5,G-401,hatakenakakyuusinnpdf.pdf,畑中-13,high,
174,大字畑中303番地,畑中9組 刑務所官舎G402,畑中五丁目,5,G-402,hatakenakakyuusinnpdf.pdf,畑中-13,high,
175,大字畑中303番地,畑中9組 刑務所官舎G403,畑中五丁目,5,G-403,hatakenakakyuusinnpdf.pdf,畑中-13,high,
176,大字畑中303番地,畑中9組 刑務所官舎G404,畑中五丁目,5,G-404,hatakenakakyuusinnpdf.pdf,畑中-13,high,
177,大字畑中303番地,畑中9組 刑務所官舎G405,畑中五丁目,5,G-405,hatakenakakyuusinnpdf.pdf,畑中-13,high,
178,大字畑中303番地,畑中9組 刑務所官舎G406,畑中五丁目,5,G-406,hatakenakakyuusinnpdf.pdf,畑中-13,high,
179,大字畑中303番地,畑中9組 刑務所官舎G501,畑中五丁目,5,G-501,hatakenakakyuusinnpdf.pdf,畑中-13,high,
180,大字畑中303番地,畑中9組 刑務所官舎G502,畑中五丁目,5,G-502,hatakenakakyuusinnpdf.pdf,畑中-14,high,
181,大字畑中303番地,畑中9組 刑務所官舎G503,畑中五丁目,5,G-503,hatakenakakyuusinnpdf.pdf,畑中-14,high,
182,大字畑中303番地,畑中9組 刑務所官舎G504,畑中五丁目,5,G-504,hatakenakakyuusinnpdf.pdf,畑中-14,high,
183,大字畑中303番地,畑中9組 刑務所官舎G505,畑中五丁目,5,G-505,hatakenakakyuusinnpdf.pdf,畑中-14,high,
184,大字畑中303番地,畑中9組 刑務所官舎G506,畑中五丁目,5,G-506,hatakenakakyuusinnpdf.pdf,畑中-14,high,
185,大字畑中303番地,畑中9組 刑務所官舎A101,畑中五丁目,6,A-101,hatakenakakyuusinnpdf.pdf,畑中-14,high,
186,大字畑中303番地,畑中9組 刑務所官舎A102,畑中五丁目,6,A-102,hatakenakakyuusinnpdf.pdf,畑中-14,high,
187,大字畑中303番地,畑中9組 刑務所官舎A103,畑中五丁目,6,A-103,hatakenakakyuusinnpdf.pdf,畑中-14,high,
188,大字畑中303番地,畑中9組 刑務所官舎A104,畑中五丁目,6,A-104,hatakenakakyuusinnpdf.pdf,畑中-14,high,
189,大字畑中303番地,畑中9組 刑務所官舎A201,畑中五丁目,6,A-201,hatakenakakyuusinnpdf.pdf,畑中-14,high,
190,大字畑中303番地,畑中9組 刑務所官舎A202,畑中五丁目,6,A-202,hatakenakakyuusinnpdf.pdf,畑中-14,high,
191,大字畑中303番地,畑中9組 刑務所官舎A203,畑中五丁目,6,A-203,hatakenakakyuusinnpdf.pdf,畑中-14,high,
192,大字畑中303番地,畑中9組 刑務所官舎A204,畑中五丁目,6,A-204,hatakenakakyuusinnpdf.pdf,畑中-14,high,
193,大字畑中303番地,畑中9組 刑務所官舎A301,畑中五丁目,6,A-301,hatakenakakyuusinnpdf.pdf,畑中-15,high,
194,大字畑中303番地,畑中9組 刑務所官舎A302,畑中五丁目,6,A-302,hatakenakakyuusinnpdf.pdf,畑中-15,high,
195,大字畑中303番地,畑中9組 刑務所官舎A303,畑中五丁目,6,A-303,hatakenakakyuusinnpdf.pdf,畑中-15,high,
196,大字畑中303番地,畑中9組 刑務所官舎A304,畑中五丁目,6,A-304,hatakenakakyuusinnpdf.pdf,畑中-15,high,資料上2回出現
197,大字畑中303番地,畑中9組 刑務所官舎A401,畑中五丁目,6,A-401,hatakenakakyuusinnpdf.pdf,畑中-15,high,資料上2回出現
198,大字畑中303番地,畑中9組 刑務所官舎A402,畑中五丁目,6,A-402,hatakenakakyuusinnpdf.pdf,畑中-15,high,
199,大字畑中303番地,畑中9組 刑務所官舎A403,畑中五丁目,6,A-403,hatakenakakyuusinnpdf.pdf,畑中-15,high,
200,大字畑中303番地,畑中9組 刑務所官舎A404,畑中五丁目,6,A-404,hatakenakakyuusinnpdf.pdf,畑中-15,high,
201,大字畑中303番地,畑中9組 刑務所官舎B101,畑中五丁目,6,B-101,hatakenakakyuusinnpdf.pdf,畑中-15,high,
202,大字畑中303番地,畑中9組 刑務所官舎B102,畑中五丁目,6,B-102,hatakenakakyuusinnpdf.pdf,畑中-15,high,
203,大字畑中303番地,畑中9組 刑務所官舎B103,畑中五丁目,6,B-103,hatakenakakyuusinnpdf.pdf,畑中-15,high,
204,大字畑中303番地,畑中9組 刑務所官舎B104,畑中五丁目,6,B-104,hatakenakakyuusinnpdf.pdf,畑中-16,high,
205,大字畑中303番地,畑中9組 刑務所官舎B201,畑中五丁目,6,B-201,hatakenakakyuusinnpdf.pdf,畑中-16,high,
206,大字畑中303番地,畑中9組 刑務所官舎B202,畑中五丁目,6,B-202,hatakenakakyuusinnpdf.pdf,畑中-16,high,
207,大字畑中303番地,畑中9組 刑務所官舎B203,畑中五丁目,6,B-203,hatakenakakyuusinnpdf.pdf,畑中-16,high,
208,大字畑中303番地,畑中9組 刑務所官舎B204,畑中五丁目,6,B-204,hatakenakakyuusinnpdf.pdf,畑中-16,high,
209,大字畑中303番地,畑中9組 刑務所官舎B301,畑中五丁目,6,B-301,hatakenakakyuusinnpdf.pdf,畑中-16,high,
210,大字畑中303番地,畑中9組 刑務所官舎B302,畑中五丁目,6,B-302,hatakenakakyuusinnpdf.pdf,畑中-16,high,
211,大字畑中303番地,畑中9組 刑務所官舎B303,畑中五丁目,6,B-303,hatakenakakyuusinnpdf.pdf,畑中-16,high,
212,大字畑中303番地,畑中9組 刑務所官舎B304,畑中五丁目,6,B-304,hatakenakakyuusinnpdf.pdf,畑中-16,high,
213,大字畑中303番地,畑中9組 刑務所官舎B401,畑中五丁目,6,B-401,hatakenakakyuusinnpdf.pdf,畑中-16,high,
214,大字畑中303番地,畑中9組 刑務所官舎B402,畑中五丁目,6,B-402,hatakenakakyuusinnpdf.pdf,畑中-16,high,
215,大字畑中303番地,畑中9組 刑務所官舎B403,畑中五丁目,6,B-403,hatakenakakyuusinnpdf.pdf,畑中-16,high,
216,大字畑中303番地,畑中9組 刑務所官舎B404,畑中五丁目,6,B-404,hatakenakakyuusinnpdf.pdf,畑中-16,high,
217,大字畑中303番地,畑中9組 刑務所官舎C101,畑中五丁目,6,C-101,hatakenakakyuusinnpdf.pdf,畑中-17,high,
218,大字畑中303番地,畑中9組 刑務所官舎C102,畑中五丁目,6,C-102,hatakenakakyuusinnpdf.pdf,畑中-17,high,
219,大字畑中303番地,畑中9組 刑務所官舎C103,畑中五丁目,6,C-103,hatakenakakyuusinnpdf.pdf,畑中-17,high,
220,大字畑中303番地,畑中9組 刑務所官舎C104,畑中五丁目,6,C-104,hatakenakakyuusinnpdf.pdf,畑中-17,high,
221,大字畑中303番地,畑中9組 刑務所官舎C201,畑中五丁目,6,C-201,hatakenakakyuusinnpdf.pdf,畑中-17,high,
222,大字畑中303番地,畑中9組 刑務所官舎C202,畑中五丁目,6,C-202,hatakenakakyuusinnpdf.pdf,畑中-17,high,
223,大字畑中303番地,畑中9組 刑務所官舎C203,畑中五丁目,6,C-203,hatakenakakyuusinnpdf.pdf,畑中-17,high,
224,大字畑中303番地,畑中9組 刑務所官舎C204,畑中五丁目,6,C-204,hatakenakakyuusinnpdf.pdf,畑中-17,high,資料上2回出現
225,大字畑中303番地,畑中9組 刑務所官舎C301,畑中五丁目,6,C-301,hatakenakakyuusinnpdf.pdf,畑中-17,high,
226,大字畑中303番地,畑中9組 刑務所官舎C302,畑中五丁目,6,C-302,hatakenakakyuusinnpdf.pdf,畑中-17,high,
227,大字畑中303番地,畑中9組 刑務所官舎C303,畑中五丁目,6,C-303,hatakenakakyuusinnpdf.pdf,畑中-17,high,
228,大字畑中303番地,畑中9組 刑務所官舎C304,畑中五丁目,6,C-304,hatakenakakyuusinnpdf.pdf,畑中-17,high,
229,大字畑中303番地,畑中9組 刑務所官舎C401,畑中五丁目,6,C-401,hatakenakakyuusinnpdf.pdf,畑中-18,high,
230,大字畑中303番地,畑中9組 刑務所官舎C402,畑中五丁目,6,C-402,hatakenakakyuusinnpdf.pdf,畑中-18,high,
231,大字畑中303番地,畑中9組 刑務所官舎C403,畑中五丁目,6,C-403,hatakenakakyuusinnpdf.pdf,畑中-18,high,
232,大字畑中303番地,畑中9組 刑務所官舎C404,畑中五丁目,6,C-404,hatakenakakyuusinnpdf.pdf,畑中-18,high,
233,大字畑中303番地の4,畑中2組の4 市営1A2-101,畑中五丁目,7,1-101,hatakenakakyuusinnpdf.pdf,畑中-18,high,
234,大字畑中303番地の4,畑中2組の4 市営1A2-102,畑中五丁目,7,1-102,hatakenakakyuusinnpdf.pdf,畑中-18,high,
235,大字畑中303番地の4,畑中2組の4 市営1A2-103,畑中五丁目,7,1-103,hatakenakakyuusinnpdf.pdf,畑中-18,high,
236,大字畑中303番地の4,畑中2組の4 市営1A2-104,畑中五丁目,7,1-104,hatakenakakyuusinnpdf.pdf,畑中-18,high,
237,大字畑中303番地の4,畑中2組の4 市営1A2-105,畑中五丁目,7,1-105,hatakenakakyuusinnpdf.pdf,畑中-18,high,
238,大字畑中303番地の4,畑中2組の4 市営1A2-106,畑中五丁目,7,1-106,hatakenakakyuusinnpdf.pdf,畑中-18,high,
239,大字畑中303番地の4,畑中2組の4 市営1A2-107,畑中五丁目,7,1-107,hatakenakakyuusinnpdf.pdf,畑中-18,high,
240,大字畑中303番地の4,畑中2組の4 市営1A2-201,畑中五丁目,7,1-201,hatakenakakyuusinnpdf.pdf,畑中-18,high,
241,大字畑中303番地の4,畑中2組の4 市営1A2-202,畑中五丁目,7,1-202,hatakenakakyuusinnpdf.pdf,畑中-18,high,
242,大字畑中303番地の4,畑中2組の4 市営1A2-203,畑中五丁目,7,1-203,hatakenakakyuusinnpdf.pdf,畑中-19,high,
243,大字畑中303番地の4,畑中2組の4 市営1A2-204,畑中五丁目,7,1-204,hatakenakakyuusinnpdf.pdf,畑中-19,high,
244,大字畑中303番地の4,畑中2組の4 市営1A2-205,畑中五丁目,7,1-205,hatakenakakyuusinnpdf.pdf,畑中-19,high,
245,大字畑中303番地の4,畑中2組の4 市営1A2-206,畑中五丁目,7,1-206,hatakenakakyuusinnpdf.pdf,畑中-19,high,
246,大字畑中303番地の4,畑中2組の4 市営1A2-207,畑中五丁目,7,1-207,hatakenakakyuusinnpdf.pdf,畑中-19,high,
247,大字畑中303番地の4,畑中2組の4 市営1A2-301,畑中五丁目,7,1-301,hatakenakakyuusinnpdf.pdf,畑中-19,high,
248,大字畑中303番地の4,畑中2組の4 市営1A2-302,畑中五丁目,7,1-302,hatakenakakyuusinnpdf.pdf,畑中-19,high,
249,大字畑中303番地の4,畑中2組の4 市営1A2-303,畑中五丁目,7,1-303,hatakenakakyuusinnpdf.pdf,畑中-19,high,
250,大字畑中303番地の4,畑中2組の4 市営1A2-304,畑中五丁目,7,1-304,hatakenakakyuusinnpdf.pdf,畑中-19,high,
251,大字畑中303番地の4,畑中2組の4 市営1A2-305,畑中五丁目,7,1-305,hatakenakakyuusinnpdf.pdf,畑中-19,high,
252,大字畑中303番地の4,畑中2組の4 市営1A2-306,畑中五丁目,7,1-306,hatakenakakyuusinnpdf.pdf,畑中-19,high,
253,大字畑中303番地の4,畑中2組の4 市営1A2-307,畑中五丁目,7,1-307,hatakenakakyuusinnpdf.pdf,畑中-19,high,
254,大字畑中303番地の4,畑中2組の4 市営1A2-401,畑中五丁目,7,1-401,hatakenakakyuusinnpdf.pdf,畑中-19,high,
255,大字畑中303番地の4,畑中2組の4 市営1A2-402,畑中五丁目,7,1-402,hatakenakakyuusinnpdf.pdf,畑中-20,high,
256,大字畑中303番地の4,畑中2組の4 市営1A2-403,畑中五丁目,7,1-403,hatakenakakyuusinnpdf.pdf,畑中-20,high,
257,大字畑中303番地の4,畑中2組の4 市営1A2-404,畑中五丁目,7,1-404,hatakenakakyuusinnpdf.pdf,畑中-20,high,
258,大字畑中303番地の4,畑中2組の4 市営1A2-405,畑中五丁目,7,1-405,hatakenakakyuusinnpdf.pdf,畑中-20,high,
259,大字畑中303番地の4,畑中2組の4 市営1A2-406,畑中五丁目,7,1-406,hatakenakakyuusinnpdf.pdf,畑中-20,high,
260,大字畑中303番地の4,畑中2組の4 市営1A2-407,畑中五丁目,7,1-407,hatakenakakyuusinnpdf.pdf,畑中-20,high,
261,大字畑中303番地の4,畑中2組の4 市営1A2-501,畑中五丁目,7,1-501,hatakenakakyuusinnpdf.pdf,畑中-20,high,
262,大字畑中303番地の4,畑中2組の4 市営1A2-502,畑中五丁目,7,1-502,hatakenakakyuusinnpdf.pdf,畑中-20,high,
263,大字畑中303番地の4,畑中2組の4 市営1A2-503,畑中五丁目,7,1-503,hatakenakakyuusinnpdf.pdf,畑中-20,high,
264,大字畑中303番地の4,畑中2組の4 市営1A2-504,畑中五丁目,7,1-504,hatakenakakyuusinnpdf.pdf,畑中-20,high,
265,大字畑中303番地の4,畑中2組の4 市営1A2-505,畑中五丁目,7,1-505,hatakenakakyuusinnpdf.pdf,畑中-20,high,
266,大字畑中303番地の4,畑中2組の4 市営1A2-506,畑中五丁目,7,1-506,hatakenakakyuusinnpdf.pdf,畑中-20,high,
267,大字畑中303番地の4,畑中2組の4 市営1A2-507,畑中五丁目,7,1-507,hatakenakakyuusinnpdf.pdf,畑中-20,high,
268,大字畑中303番地の4,畑中2組の4 市営2A1-101,畑中五丁目,7,2-101,hatakenakakyuusinnpdf.pdf,畑中-21,high,
269,大字畑中303番地の4,畑中2組の4 市営2A1-102,畑中五丁目,7,2-102,hatakenakakyuusinnpdf.pdf,畑中-21,high,
270,大字畑中303番地の4,畑中2組の4 市営2A1-103,畑中五丁目,7,2-103,hatakenakakyuusinnpdf.pdf,畑中-21,high,
271,大字畑中303番地の4,畑中2組の4 市営2A1-104,畑中五丁目,7,2-104,hatakenakakyuusinnpdf.pdf,畑中-21,high,
272,大字畑中303番地の4,畑中2組の4 市営2A1-105,畑中五丁目,7,2-105,hatakenakakyuusinnpdf.pdf,畑中-21,high,
273,大字畑中303番地の4,畑中2組の4 市営2A1-106,畑中五丁目,7,2-106,hatakenakakyuusinnpdf.pdf,畑中-21,high,
274,大字畑中303番地の4,畑中2組の4 市営2A1-107,畑中五丁目,7,2-107,hatakenakakyuusinnpdf.pdf,畑中-21,high,
275,大字畑中303番地の4,畑中2組の4 市営2A1-201,畑中五丁目,7,2-201,hatakenakakyuusinnpdf.pdf,畑中-21,high,
276,大字畑中303番地の4,畑中2組の4 市営2A1-202,畑中五丁目,7,2-202,hatakenakakyuusinnpdf.pdf,畑中-21,high,
277,大字畑中303番地の4,畑中2組の4 市営2A1-203,畑中五丁目,7,2-203,hatakenakakyuusinnpdf.pdf,畑中-21,high,
278,大字畑中303番地の4,畑中2組の4 市営2A1-204,畑中五丁目,7,2-204,hatakenakakyuusinnpdf.pdf,畑中-21,high,
279,大字畑中303番地の4,畑中2組の4 市営2A1-205,畑中五丁目,7,2-205,hatakenakakyuusinnpdf.pdf,畑中-21,high,
280,大字畑中303番地の4,畑中2組の4 市営2A1-206,畑中五丁目,7,2-206,hatakenakakyuusinnpdf.pdf,畑中-21,high,
281,大字畑中303番地の4,畑中2組の4 市営2A1-207,畑中五丁目,7,2-207,hatakenakakyuusinnpdf.pdf,畑中-22,high,
282,大字畑中303番地の4,畑中2組の4 市営2A1-301,畑中五丁目,7,2-301,hatakenakakyuusinnpdf.pdf,畑中-22,high,資料上2回出現
283,大字畑中303番地の4,畑中2組の4 市営2A1-302,畑中五丁目,7,2-302,hatakenakakyuusinnpdf.pdf,畑中-22,high,
284,大字畑中303番地の4,畑中2組の4 市営2A1-303,畑中五丁目,7,2-303,hatakenakakyuusinnpdf.pdf,畑中-22,high,
285,大字畑中303番地の4,畑中2組の4 市営2A1-304,畑中五丁目,7,2-304,hatakenakakyuusinnpdf.pdf,畑中-22,high,
286,大字畑中303番地の4,畑中2組の4 市営2A1-305,畑中五丁目,7,2-305,hatakenakakyuusinnpdf.pdf,畑中-22,high,
287,大字畑中303番地の4,畑中2組の4 市営2A1-306,畑中五丁目,7,2-306,hatakenakakyuusinnpdf.pdf,畑中-22,high,
288,大字畑中303番地の4,畑中2組の4 市営2A1-307,畑中五丁目,7,2-307,hatakenakakyuusinnpdf.pdf,畑中-22,high,
289,大字畑中303番地の4,畑中2組の4 市営2A1-401,畑中五丁目,7,2-401,hatakenakakyuusinnpdf.pdf,畑中-22,high,
290,大字畑中303番地の4,畑中2組の4 市営2A1-402,畑中五丁目,7,2-402,hatakenakakyuusinnpdf.pdf,畑中-22,high,
291,大字畑中303番地の4,畑中2組の4 市営2A1-403,畑中五丁目,7,2-403,hatakenakakyuusinnpdf.pdf,畑中-22,high,
292,大字畑中303番地の4,畑中2組の4 市営2A1-404,畑中五丁目,7,2-404,hatakenakakyuusinnpdf.pdf,畑中-22,high,
293,大字畑中303番地の4,畑中2組の4 市営2A1-405,畑中五丁目,7,2-405,hatakenakakyuusinnpdf.pdf,畑中-23,high,
294,大字畑中303番地の4,畑中2組の4 市営2A1-406,畑中五丁目,7,2-406,hatakenakakyuusinnpdf.pdf,畑中-23,high,
295,大字畑中303番地の4,畑中2組の4 市営2A1-407,畑中五丁目,7,2-407,hatakenakakyuusinnpdf.pdf,畑中-23,high,
296,大字畑中303番地の4,畑中2組の4 市営2A1-501,畑中五丁目,7,2-501,hatakenakakyuusinnpdf.pdf,畑中-23,high,
297,大字畑中303番地の4,畑中2組の4 市営2A1-502,畑中五丁目,7,2-502,hatakenakakyuusinnpdf.pdf,畑中-23,high,
298,大字畑中303番地の4,畑中2組の4 市営2A1-503,畑中五丁目,7,2-503,hatakenakakyuusinnpdf.pdf,畑中-23,high,
299,大字畑中303番地の4,畑中2組の4 市営2A1-504,畑中五丁目,7,2-504,hatakenakakyuusinnpdf.pdf,畑中-23,high,
300,大字畑中303番地の4,畑中2組の4 市営2A1-505,畑中五丁目,7,2-505,hatakenakakyuusinnpdf.pdf,畑中-23,high,
301,大字畑中303番地の4,畑中2組の4 市営2A1-506,畑中五丁目,7,2-506,hatakenakakyuusinnpdf.pdf,畑中-23,high,
302,大字畑中303番地の4,畑中2組の4 市営2A1-507,畑中五丁目,7,2-507,hatakenakakyuusinnpdf.pdf,畑中-23,high,
303,大字畑中303番地の4,畑中2組の4 市営1A1-101,畑中五丁目,7,3-101,hatakenakakyuusinnpdf.pdf,畑中-23,high,
304,大字畑中303番地の4,畑中2組の4 市営1A1-102,畑中五丁目,7,3-102,hatakenakakyuusinnpdf.pdf,畑中-23,high,
305,大字畑中303番地の4,畑中2組の4 市営1A1-103,畑中五丁目,7,3-103,hatakenakakyuusinnpdf.pdf,畑中-23,high,
306,大字畑中303番地の4,畑中2組の4 市営1A1-104,畑中五丁目,7,3-104,hatakenakakyuusinnpdf.pdf,畑中-24,high,
307,大字畑中303番地の4,畑中2組の4 市営1A1-105,畑中五丁目,7,3-105,hatakenakakyuusinnpdf.pdf,畑中-24,high,
308,大字畑中303番地の4,畑中2組の4 市営1A1-106,畑中五丁目,7,3-106,hatakenakakyuusinnpdf.pdf,畑中-24,high,
309,大字畑中303番地の4,畑中2組の4 市営1A1-107,畑中五丁目,7,3-107,hatakenakakyuusinnpdf.pdf,畑中-24,high,
310,大字畑中303番地の4,畑中2組の4 市営1A1-201,畑中五丁目,7,3-201,hatakenakakyuusinnpdf.pdf,畑中-24,high,
311,大字畑中303番地の4,畑中2組の4 市営1A1-202,畑中五丁目,7,3-202,hatakenakakyuusinnpdf.pdf,畑中-24,high,
312,大字畑中303番地の4,畑中2組の4 市営1A1-203,畑中五丁目,7,3-203,hatakenakakyuusinnpdf.pdf,畑中-24,high,
313,大字畑中303番地の4,畑中2組の4 市営1A1-204,畑中五丁目,7,3-204,hatakenakakyuusinnpdf.pdf,畑中-24,high,
314,大字畑中303番地の4,畑中2組の4 市営1A1-205,畑中五丁目,7,3-205,hatakenakakyuusinnpdf.pdf,畑中-24,high,
315,大字畑中303番地の4,畑中2組の4 市営1A1-206,畑中五丁目,7,3-206,hatakenakakyuusinnpdf.pdf,畑中-24,high,
316,大字畑中303番地の4,畑中2組の4 市営1A1-207,畑中五丁目,7,3-207,hatakenakakyuusinnpdf.pdf,畑中-24,high,
317,大字畑中303番地の4,畑中2組の4 市営1A1-301,畑中五丁目,7,3-301,hatakenakakyuusinnpdf.pdf,畑中-24,high,
318,大字畑中303番地の4,畑中2組の4 市営1A1-302,畑中五丁目,7,3-302,hatakenakakyuusinnpdf.pdf,畑中-24,high,
319,大字畑中303番地の4,畑中2組の4 市営1A1-303,畑中五丁目,7,3-303,hatakenakakyuusinnpdf.pdf,畑中-25,high,
320,大字畑中303番地の4,畑中2組の4 市営1A1-304,畑中五丁目,7,3-304,hatakenakakyuusinnpdf.pdf,畑中-25,high,
321,大字畑中303番地の4,畑中2組の4 市営1A1-305,畑中五丁目,7,3-305,hatakenakakyuusinnpdf.pdf,畑中-25,high,
322,大字畑中303番地の4,畑中2組の4 市営1A1-306,畑中五丁目,7,3-306,hatakenakakyuusinnpdf.pdf,畑中-25,high,
323,大字畑中303番地の4,畑中2組の4 市営1A1-307,畑中五丁目,7,3-307,hatakenakakyuusinnpdf.pdf,畑中-25,high,
324,大字畑中303番地の4,畑中2組の4 市営1A1-401,畑中五丁目,7,3-401,hatakenakakyuusinnpdf.pdf,畑中-25,high,
325,大字畑中303番地の4,畑中2組の4 市営1A1-402,畑中五丁目,7,3-402,hatakenakakyuusinnpdf.pdf,畑中-25,high,
326,大字畑中303番地の4,畑中2組の4 市営1A1-403,畑中五丁目,7,3-403,hatakenakakyuusinnpdf.pdf,畑中-25,high,
327,大字畑中303番地の4,畑中2組の4 市営1A1-404,畑中五丁目,7,3-404,hatakenakakyuusinnpdf.pdf,畑中-25,high,
328,大字畑中303番地の4,畑中2組の4 市営1A1-405,畑中五丁目,7,3-405,hatakenakakyuusinnpdf.pdf,畑中-25,high,
329,大字畑中303番地の4,畑中2組の4 市営1A1-406,畑中五丁目,7,3-406,hatakenakakyuusinnpdf.pdf,畑中-25,high,
330,大字畑中303番地の4,畑中2組の4 市営1A1-407,畑中五丁目,7,3-407,hatakenakakyuusinnpdf.pdf,畑中-25,high,
331,大字畑中303番地の4,畑中2組の4 市営1A1-501,畑中五丁目,7,3-501,hatakenakakyuusinnpdf.pdf,畑中-25,high,
332,大字畑中303番地の4,畑中2組の4 市営1A1-502,畑中五丁目,7,3-502,hatakenakakyuusinnpdf.pdf,畑中-26,high,
333,大字畑中303番地の4,畑中2組の4 市営1A1-503,畑中五丁目,7,3-503,hatakenakakyuusinnpdf.pdf,畑中-26,high,
334,大字畑中303番地の4,畑中2組の4 市営1A1-504,畑中五丁目,7,3-504,hatakenakakyuusinnpdf.pdf,畑中-26,high,
335,大字畑中303番地の4,畑中2組の4 市営1A1-505,畑中五丁目,7,3-505,hatakenakakyuusinnpdf.pdf,畑中-26,high,
336,大字畑中303番地の4,畑中2組の4 市営1A1-506,畑中五丁目,7,3-506,hatakenakakyuusinnpdf.pdf,畑中-26,high,
337,大字畑中303番地の4,畑中2組の4 市営1A1-507,畑中五丁目,7,3-507,hatakenakakyuusinnpdf.pdf,畑中-26,high,
338,大字畑中327番地の1,畑中7組の2の2,畑中二丁目,11,20,hatakenakakyuusinnpdf.pdf,畑中-26,high,
339,大字畑中330番地の1,畑中7組の3の1,畑中二丁目,11,23,hatakenakakyuusinnpdf.pdf,畑中-26,high,資料上2回出現
340,大字畑中331番地の1,畑中7組の3の1,畑中二丁目,11,27,hatakenakakyuusinnpdf.pdf,畑中-26,high,
341,大字畑中331番地の2,畑中7組の3の1,畑中二丁目,11,25,hatakenakakyuusinnpdf.pdf,畑中-26,high,
342,大字畑中331番地の3,畑中7組の3の1,畑中二丁目,11,28,hatakenakakyuusinnpdf.pdf,畑中-26,high,資料上2回出現
343,大字畑中331番地の5,畑中7組の3の1,畑中二丁目,11,31,hatakenakakyuusinnpdf.pdf,畑中-27,high,資料上4回出現
344,大字畑中345番地の1,畑中7組の3,畑中五丁目,3,21,hatakenakakyuusinnpdf.pdf,畑中-27,high,
345,大字畑中345番地の2,畑中7組の3の2,畑中五丁目,3,20,hatakenakakyuusinnpdf.pdf,畑中-27,high,
346,大字畑中字大津留346番地の4,,畑中五丁目,3,23,hatakenakakyuusinnpdf.pdf,畑中-27,high,
347,大字畑中347番地の5,畑中7組の3の2,畑中五丁目,3,26,hatakenakakyuusinnpdf.pdf,畑中-27,high,
348,大字畑中350番地の1,畑中7組の13 田島ｱﾊﾟｰﾄ,畑中五丁目,3,46,hatakenakakyuusinnpdf.pdf,畑中-27,high,資料上2回出現
349,大字畑中350番地の1,畑中7組の13 田島ｱﾊﾟｰﾄｲ,畑中五丁目,3,46,hatakenakakyuusinnpdf.pdf,畑中-27,high,
350,大字畑中350番地の1,畑中7組の13 田島ｱﾊﾟｰﾄ6,畑中五丁目,3,46,hatakenakakyuusinnpdf.pdf,畑中-27,high,
351,大字畑中380番地,畑中7組の3の3,畑中五丁目,3,52,hatakenakakyuusinnpdf.pdf,畑中-27,high,資料上2回出現
352,大字畑中380番地の1,,畑中五丁目,3,53,hatakenakakyuusinnpdf.pdf,畑中-28,high,
353,大字畑中381番地１,,畑中五丁目,3,49,hatakenakakyuusinnpdf.pdf,畑中-28,high,
354,大字畑中381番地の3,畑中7組の3 田島ｱﾊﾟｰﾄ7,畑中五丁目,3,46,hatakenakakyuusinnpdf.pdf,畑中-28,high,
355,大字畑中381番地の3,畑中7組の3 田島ｱﾊﾟｰﾄ8,畑中五丁目,3,46,hatakenakakyuusinnpdf.pdf,畑中-28,high,
356,大字畑中381番地の3,畑中7組の3 田島ｱﾊﾟｰﾄ201,畑中五丁目,3,47,hatakenakakyuusinnpdf.pdf,畑中-28,high,
357,大字畑中381番地の3,畑中7組の3 田島ｱﾊﾟｰﾄ202,畑中五丁目,3,47,hatakenakakyuusinnpdf.pdf,畑中-28,high,
358,大字畑中381番地の3,畑中7組の3 田島ｱﾊﾟｰﾄ203,畑中五丁目,3,47,hatakenakakyuusinnpdf.pdf,畑中-28,high,
359,大字畑中383番地の1,畑中7組の3の2,畑中五丁目,3,57,hatakenakakyuusinnpdf.pdf,畑中-28,high,
360,大字畑中383番地の1,畑中7組の3の2,畑中五丁目,3,58,hatakenakakyuusinnpdf.pdf,畑中-28,high,
361,大字畑中383番地の1,畑中7組の3の2,畑中五丁目,3,59,hatakenakakyuusinnpdf.pdf,畑中-28,high,
362,大字畑中385番地の1,,畑中五丁目,3,63,hatakenakakyuusinnpdf.pdf,畑中-28,high,
363,大字畑中385番地の1,畑中7組の3の2 住宅型有料老人ﾎｰﾑ畑中,畑中五丁目,3,63,hatakenakakyuusinnpdf.pdf,畑中-28,high,資料上10回出現
364,大字畑中386番地の1,畑中7組の3の3 庄司ｱﾊﾟｰﾄ2(空室),畑中五丁目,3,67,hatakenakakyuusinnpdf.pdf,畑中-29,high,
365,大字畑中386番地の1,畑中7組の3の3 庄司ｱﾊﾟｰﾄ3,畑中五丁目,3,67,hatakenakakyuusinnpdf.pdf,畑中-29,high,
366,大字畑中386番地の1,畑中7組の3の3 庄司ｱﾊﾟｰﾄ5,畑中五丁目,3,67,hatakenakakyuusinnpdf.pdf,畑中-29,high,
367,大字畑中386番地の1,畑中7組の3の3 庄司ｱﾊﾟｰﾄ6,畑中五丁目,3,67,hatakenakakyuusinnpdf.pdf,畑中-29,high,
368,大字畑中386番地の1,畑中7組の3の3 庄司ｱﾊﾟｰﾄ7,畑中五丁目,3,68,hatakenakakyuusinnpdf.pdf,畑中-30,high,
369,大字畑中386番地の1,畑中7組の3の3 庄司ｱﾊﾟｰﾄ8,畑中五丁目,3,68,hatakenakakyuusinnpdf.pdf,畑中-30,high,
370,大字畑中386番地の1,畑中7組の3の3 庄司ｱﾊﾟｰﾄ9号,畑中五丁目,3,68,hatakenakakyuusinnpdf.pdf,畑中-30,high,
371,大字畑中386番地の2,畑中7組の3の3 庄司ｱﾊﾟｰﾄ,畑中五丁目,3,67,hatakenakakyuusinnpdf.pdf,畑中-30,high,
372,大字畑中386番地の6,畑中7組の3の2,畑中五丁目,3,69,hatakenakakyuusinnpdf.pdf,畑中-30,high,
373,大字畑中386番地の7,畑中7組の3の2,畑中五丁目,3,65,hatakenakakyuusinnpdf.pdf,畑中-30,high,
374,大字畑中386番地の7,畑中7組の3の2,畑中五丁目,3,66,hatakenakakyuusinnpdf.pdf,畑中-30,high,
375,大字畑中389番地の1,畑中7組の3の2,畑中五丁目,3,72,hatakenakakyuusinnpdf.pdf,畑中-30,high,
376,大字畑中390番地の1,畑中7組の3の2,畑中五丁目,3,73,hatakenakakyuusinnpdf.pdf,畑中-30,high,
377,大字畑中391番地,畑中7組の3の2,畑中五丁目,3,3,hatakenakakyuusinnpdf.pdf,畑中-30,high,
378,大字畑中393番地の2,畑中7組の14の1 ﾊﾟｰｸﾀｳﾝ畑中NE101,畑中五丁目,2,9-101,hatakenakakyuusinnpdf.pdf,畑中-30,high,
379,大字畑中393番地の2,畑中7組の14の1 ﾊﾟｰｸﾀｳﾝ畑中NE102,畑中五丁目,2,9-102,hatakenakakyuusinnpdf.pdf,畑中-30,high,
380,大字畑中393番地の2,畑中7組の14の1 ﾊﾟｰｸﾀｳﾝ畑中NE103,畑中五丁目,2,9-103,hatakenakakyuusinnpdf.pdf,畑中-30,high,
381,大字畑中393番地の2,畑中7組の14の1 ﾊﾟｰｸﾀｳﾝ畑中NE105,畑中五丁目,2,9-105,hatakenakakyuusinnpdf.pdf,畑中-31,high,
382,大字畑中393番地の2,畑中7組の14の1 ﾊﾟｰｸﾀｳﾝ畑中NE201,畑中五丁目,2,9-201,hatakenakakyuusinnpdf.pdf,畑中-31,high,
383,大字畑中393番地の2,畑中7組の14の1 ﾊﾟｰｸﾀｳﾝ畑中NE202,畑中五丁目,2,9-202,hatakenakakyuusinnpdf.pdf,畑中-31,high,
384,大字畑中393番地の2,畑中7組の14の1 ﾊﾟｰｸﾀｳﾝ畑中NE203,畑中五丁目,2,9-203,hatakenakakyuusinnpdf.pdf,畑中-31,high,
385,大字畑中393番地の2,畑中7組の14の1 ﾊﾟｰｸﾀｳﾝ畑中NE205,畑中五丁目,2,9-205,hatakenakakyuusinnpdf.pdf,畑中-31,high,
386,大字畑中393番地の2,畑中7組の14の1 ﾊﾟｰｸﾀｳﾝ畑中NE301,畑中五丁目,2,9-301,hatakenakakyuusinnpdf.pdf,畑中-31,high,
387,大字畑中393番地の2,畑中7組の14の1 ﾊﾟｰｸﾀｳﾝ畑中NE302,畑中五丁目,2,9-302,hatakenakakyuusinnpdf.pdf,畑中-31,high,
388,大字畑中393番地の2,畑中7組の14の1 ﾊﾟｰｸﾀｳﾝ畑中NE303,畑中五丁目,2,9-303,hatakenakakyuusinnpdf.pdf,畑中-31,high,
389,大字畑中393番地の2,畑中7組の14の1 ﾊﾟｰｸﾀｳﾝ畑中NE305,畑中五丁目,2,9-305,hatakenakakyuusinnpdf.pdf,畑中-31,high,
390,大字畑中393番地の2,畑中7組の14の1 ﾊﾟｰｸﾀｳﾝ畑中ND101,畑中五丁目,2,10-101,hatakenakakyuusinnpdf.pdf,畑中-31,high,
391,大字畑中393番地の2,畑中7組の14の1 ﾊﾟｰｸﾀｳﾝ畑中ND102,畑中五丁目,2,10-102,hatakenakakyuusinnpdf.pdf,畑中-31,high,
392,大字畑中393番地の2,畑中7組の14の1 ﾊﾟｰｸﾀｳﾝ畑中ND103,畑中五丁目,2,10-103,hatakenakakyuusinnpdf.pdf,畑中-31,high,
393,大字畑中393番地の2,畑中7組の14の1 ﾊﾟｰｸﾀｳﾝ畑中ND105,畑中五丁目,2,10-105,hatakenakakyuusinnpdf.pdf,畑中-31,high,
394,大字畑中393番地の2,畑中7組の14の1 ﾊﾟｰｸﾀｳﾝ畑中ND201,畑中五丁目,2,10-201,hatakenakakyuusinnpdf.pdf,畑中-32,high,
395,大字畑中393番地の2,畑中7組の14の1 ﾊﾟｰｸﾀｳﾝ畑中ND202,畑中五丁目,2,10-202,hatakenakakyuusinnpdf.pdf,畑中-32,high,
396,大字畑中393番地の2,畑中7組の14の1 ﾊﾟｰｸﾀｳﾝ畑中ND203,畑中五丁目,2,10-203,hatakenakakyuusinnpdf.pdf,畑中-32,high,
397,大字畑中393番地の2,畑中7組の14の1 ﾊﾟｰｸﾀｳﾝ畑中ND205,畑中五丁目,2,10-205,hatakenakakyuusinnpdf.pdf,畑中-32,high,
398,大字畑中393番地の2,畑中7組の14の1 ﾊﾟｰｸﾀｳﾝ畑中ND301,畑中五丁目,2,10-301,hatakenakakyuusinnpdf.pdf,畑中-32,high,
399,大字畑中393番地の2,畑中7組の14の1 ﾊﾟｰｸﾀｳﾝ畑中ND302,畑中五丁目,2,10-302,hatakenakakyuusinnpdf.pdf,畑中-32,high,
400,大字畑中393番地の2,畑中7組の14の1 ﾊﾟｰｸﾀｳﾝ畑中ND303,畑中五丁目,2,10-303,hatakenakakyuusinnpdf.pdf,畑中-32,high,
401,大字畑中393番地の2,畑中7組の14の1 ﾊﾟｰｸﾀｳﾝ畑中ND305,畑中五丁目,2,10-305,hatakenakakyuusinnpdf.pdf,畑中-32,high,
402,大字畑中393番地の2,畑中7組の14の1 ﾊﾟｰｸﾀｳﾝ畑中NC101,畑中五丁目,2,11-101,hatakenakakyuusinnpdf.pdf,畑中-32,high,
403,大字畑中393番地の2,畑中7組の14の1 ﾊﾟｰｸﾀｳﾝ畑中NC102,畑中五丁目,2,11-102,hatakenakakyuusinnpdf.pdf,畑中-32,high,
404,大字畑中393番地の2,畑中7組の14の1 ﾊﾟｰｸﾀｳﾝ畑中NC103,畑中五丁目,2,11-103,hatakenakakyuusinnpdf.pdf,畑中-32,high,
405,大字畑中393番地の2,畑中7組の14の1 ﾊﾟｰｸﾀｳﾝ畑中NC105,畑中五丁目,2,11-105,hatakenakakyuusinnpdf.pdf,畑中-32,high,
406,大字畑中393番地の2,畑中7組の14の1 ﾊﾟｰｸﾀｳﾝ畑中NC201,畑中五丁目,2,11-201,hatakenakakyuusinnpdf.pdf,畑中-32,high,
407,大字畑中393番地の2,畑中7組の14の1 ﾊﾟｰｸﾀｳﾝ畑中NC202,畑中五丁目,2,11-202,hatakenakakyuusinnpdf.pdf,畑中-33,high,資料上3回出現
408,大字畑中393番地の2,畑中7組の14の1 ﾊﾟｰｸﾀｳﾝ畑中NC203,畑中五丁目,2,11-203,hatakenakakyuusinnpdf.pdf,畑中-33,high,
409,大字畑中393番地の2,畑中7組の14の1 ﾊﾟｰｸﾀｳﾝ畑中NC205,畑中五丁目,2,11-205,hatakenakakyuusinnpdf.pdf,畑中-33,high,
410,大字畑中393番地の2,畑中7組の14の1 ﾊﾟｰｸﾀｳﾝ畑中NC301,畑中五丁目,2,11-301,hatakenakakyuusinnpdf.pdf,畑中-33,high,
411,大字畑中393番地の2,畑中7組の14の1 ﾊﾟｰｸﾀｳﾝ畑中NC302,畑中五丁目,2,11-302,hatakenakakyuusinnpdf.pdf,畑中-33,high,
412,大字畑中393番地の2,畑中7組の14の1 ﾊﾟｰｸﾀｳﾝ畑中NC303,畑中五丁目,2,11-303,hatakenakakyuusinnpdf.pdf,畑中-33,high,
413,大字畑中393番地の2,畑中7組の14の1 ﾊﾟｰｸﾀｳﾝ畑中NC305,畑中五丁目,2,11-305,hatakenakakyuusinnpdf.pdf,畑中-33,high,
414,大字畑中393番地の2,畑中7組の14の1 ﾊﾟｰｸﾀｳﾝ畑中NB101,畑中五丁目,2,12-101,hatakenakakyuusinnpdf.pdf,畑中-33,high,
415,大字畑中393番地の2,畑中7組の14の1 ﾊﾟｰｸﾀｳﾝ畑中NB102,畑中五丁目,2,12-102,hatakenakakyuusinnpdf.pdf,畑中-33,high,
416,大字畑中393番地の2,畑中7組の14の1 ﾊﾟｰｸﾀｳﾝ畑中NB103,畑中五丁目,2,12-103,hatakenakakyuusinnpdf.pdf,畑中-33,high,
417,大字畑中393番地の2,畑中7組の14の1 ﾊﾟｰｸﾀｳﾝ畑中NB105,畑中五丁目,2,12-105,hatakenakakyuusinnpdf.pdf,畑中-33,high,
418,大字畑中393番地の2,畑中7組の14の1 ﾊﾟｰｸﾀｳﾝ畑中NB201,畑中五丁目,2,12-201,hatakenakakyuusinnpdf.pdf,畑中-34,high,
419,大字畑中393番地の2,畑中7組の14の1 ﾊﾟｰｸﾀｳﾝ畑中NB202,畑中五丁目,2,12-202,hatakenakakyuusinnpdf.pdf,畑中-34,high,
420,大字畑中393番地の2,畑中7組の14の1 ﾊﾟｰｸﾀｳﾝ畑中NB203,畑中五丁目,2,12-203,hatakenakakyuusinnpdf.pdf,畑中-34,high,
421,大字畑中393番地の2,畑中7組の14の1 ﾊﾟｰｸﾀｳﾝ畑中NB205,畑中五丁目,2,12-205,hatakenakakyuusinnpdf.pdf,畑中-34,high,
422,大字畑中393番地の2,畑中7組の14の1 ﾊﾟｰｸﾀｳﾝ畑中NB301,畑中五丁目,2,12-301,hatakenakakyuusinnpdf.pdf,畑中-34,high,
423,大字畑中393番地の2,畑中7組の14の1 ﾊﾟｰｸﾀｳﾝ畑中NB302,畑中五丁目,2,12-302,hatakenakakyuusinnpdf.pdf,畑中-34,high,
424,大字畑中393番地の2,畑中7組の14の1 ﾊﾟｰｸﾀｳﾝ畑中NB303,畑中五丁目,2,12-303,hatakenakakyuusinnpdf.pdf,畑中-34,high,
425,大字畑中393番地の2,畑中7組の14の1 ﾊﾟｰｸﾀｳﾝ畑中NB305,畑中五丁目,2,12-305,hatakenakakyuusinnpdf.pdf,畑中-34,high,資料上2回出現
426,大字畑中393番地の2,畑中7組の14の1 ﾊﾟｰｸﾀｳﾝ畑中NA101,畑中五丁目,2,13-101,hatakenakakyuusinnpdf.pdf,畑中-34,high,
427,大字畑中393番地の2,畑中7組の14の1 ﾊﾟｰｸﾀｳﾝ畑中NA102,畑中五丁目,2,13-102,hatakenakakyuusinnpdf.pdf,畑中-34,high,
428,大字畑中393番地の2,畑中7組の14の1 ﾊﾟｰｸﾀｳﾝ畑中NA103,畑中五丁目,2,13-103,hatakenakakyuusinnpdf.pdf,畑中-34,high,
429,大字畑中393番地の2,畑中7組の14の1 ﾊﾟｰｸﾀｳﾝ畑中NA105,畑中五丁目,2,13-105,hatakenakakyuusinnpdf.pdf,畑中-34,high,
430,大字畑中393番地の2,畑中7組の14の1 ﾊﾟｰｸﾀｳﾝ畑中NA201,畑中五丁目,2,13-201,hatakenakakyuusinnpdf.pdf,畑中-35,high,
431,大字畑中393番地の2,畑中7組の14の1 ﾊﾟｰｸﾀｳﾝ畑中NA202,畑中五丁目,2,13-202,hatakenakakyuusinnpdf.pdf,畑中-35,high,
432,大字畑中393番地の2,畑中7組の14の1 ﾊﾟｰｸﾀｳﾝ畑中NA203,畑中五丁目,2,13-203,hatakenakakyuusinnpdf.pdf,畑中-35,high,
433,大字畑中393番地の2,畑中7組の14の1 ﾊﾟｰｸﾀｳﾝ畑中NA205,畑中五丁目,2,13-205,hatakenakakyuusinnpdf.pdf,畑中-35,high,
434,大字畑中393番地の2,畑中7組の14の1 ﾊﾟｰｸﾀｳﾝ畑中NA301,畑中五丁目,2,13-301,hatakenakakyuusinnpdf.pdf,畑中-35,high,
435,大字畑中393番地の2,畑中7組の14の1 ﾊﾟｰｸﾀｳﾝ畑中NA302,畑中五丁目,2,13-302,hatakenakakyuusinnpdf.pdf,畑中-35,high,
436,大字畑中393番地の2,畑中7組の14の1 ﾊﾟｰｸﾀｳﾝ畑中NA303,畑中五丁目,2,13-303,hatakenakakyuusinnpdf.pdf,畑中-35,high,
437,大字畑中393番地の2,畑中7組の14の1 ﾊﾟｰｸﾀｳﾝ畑中NA305,畑中五丁目,2,13-305,hatakenakakyuusinnpdf.pdf,畑中-35,high,
438,大字畑中400番地の1,畑中7組の3の4 佐藤ｱﾊﾟｰﾄ106,畑中二丁目,10,16,hatakenakakyuusinnpdf.pdf,畑中-35,high,資料上2回出現
439,大字畑中400番地の1,畑中7組の3の4 佐藤ｱﾊﾟｰﾄ107,畑中二丁目,10,16,hatakenakakyuusinnpdf.pdf,畑中-35,high,
440,大字畑中400番地の1,畑中7組の3の4 佐藤ｱﾊﾟｰﾄ108,畑中二丁目,10,16,hatakenakakyuusinnpdf.pdf,畑中-35,high,
441,大字畑中400番地の1,畑中7組の3の4 佐藤ｱﾊﾟｰﾄ110,畑中二丁目,10,16,hatakenakakyuusinnpdf.pdf,畑中-35,high,
442,大字畑中400番地の1,畑中7組の3の4 佐藤ｱﾊﾟｰﾄ201,畑中二丁目,10,16,hatakenakakyuusinnpdf.pdf,畑中-36,high,
443,大字畑中400番地の1,畑中7組の3の4 佐藤ｱﾊﾟｰﾄ202,畑中二丁目,10,16,hatakenakakyuusinnpdf.pdf,畑中-36,high,
444,大字畑中400番地の1,畑中7組の3の4 佐藤ｱﾊﾟｰﾄ203,畑中二丁目,10,16,hatakenakakyuusinnpdf.pdf,畑中-36,high,
445,大字畑中400番地の1,畑中7組の3の4 佐藤ｱﾊﾟｰﾄ205,畑中二丁目,10,16,hatakenakakyuusinnpdf.pdf,畑中-36,high,
446,大字畑中400番地の1,畑中7組の3の4,畑中二丁目,10,22,hatakenakakyuusinnpdf.pdf,畑中-36,high,
447,大字畑中401番地の2,畑中7組の3の1 甲斐ｱﾊﾟｰﾄ東301,畑中二丁目,10,14,hatakenakakyuusinnpdf.pdf,畑中-36,high,
448,大字畑中402番地の5,畑中7組の3の1,畑中二丁目,9,29,hatakenakakyuusinnpdf.pdf,畑中-36,high,
449,大字畑中402番地の6,畑中7組の3の1,畑中二丁目,9,28,hatakenakakyuusinnpdf.pdf,畑中-36,high,
450,大字畑中402番地の6,畑中7組の3の1,畑中二丁目,9,30,hatakenakakyuusinnpdf.pdf,畑中-36,high,
451,大字畑中402番地の7,畑中7組の3の1,畑中二丁目,10,2,hatakenakakyuusinnpdf.pdf,畑中-36,high,
452,大字畑中402番地の7,畑中7組の3の1,畑中二丁目,10,3,hatakenakakyuusinnpdf.pdf,畑中-36,high,
453,大字畑中402番地の8,畑中7組の3の1,畑中二丁目,9,27,hatakenakakyuusinnpdf.pdf,畑中-36,high,資料上2回出現
454,大字畑中402番地の10,畑中7組の3の1,畑中二丁目,10,5,hatakenakakyuusinnpdf.pdf,畑中-37,high,
455,大字畑中402番地の11,畑中7組の3の1 第1大分ﾕｰｽｺｰﾎﾟ1201,畑中二丁目,10,6-201,hatakenakakyuusinnpdf.pdf,畑中-37,high,
456,大字畑中402番地の11,畑中7組の3の1 第1大分ﾕｰｽｺｰﾎﾟ1202,畑中二丁目,10,6-202,hatakenakakyuusinnpdf.pdf,畑中-37,high,
457,大字畑中402番地の11,畑中7組の3の1 第1大分ﾕｰｽｺｰﾎﾟ1203,畑中二丁目,10,6-203,hatakenakakyuusinnpdf.pdf,畑中-37,high,
458,大字畑中402番地の11,畑中7組の3の1 第1大分ﾕｰｽｺｰﾎﾟ1205,畑中二丁目,10,6-205,hatakenakakyuusinnpdf.pdf,畑中-37,high,
459,大字畑中402番地の11,畑中7組の3の1 第1大分ﾕｰｽｺｰﾎﾟ1301,畑中二丁目,10,6-301,hatakenakakyuusinnpdf.pdf,畑中-37,high,
460,大字畑中402番地の11,畑中7組の3の1 第1大分ﾕｰｽｺｰﾎﾟ1302,畑中二丁目,10,6-302,hatakenakakyuusinnpdf.pdf,畑中-37,high,
461,大字畑中402番地の11,畑中7組の3の1 第1大分ﾕｰｽｺｰﾎﾟ1303,畑中二丁目,10,6-303,hatakenakakyuusinnpdf.pdf,畑中-37,high,
462,大字畑中402番地の11,畑中7組の3の1 第1大分ﾕｰｽｺｰﾎﾟ1305,畑中二丁目,10,6-305,hatakenakakyuusinnpdf.pdf,畑中-37,high,
463,大字畑中402番地の11,畑中7組の3の1 第1大分ﾕｰｽｺｰﾎﾟ1401,畑中二丁目,10,6-401,hatakenakakyuusinnpdf.pdf,畑中-37,high,
464,大字畑中402番地の11,畑中7組の3の1 第1大分ﾕｰｽｺｰﾎﾟ1402,畑中二丁目,10,6-402,hatakenakakyuusinnpdf.pdf,畑中-37,high,
465,大字畑中402番地の11,畑中7組の3の1 第1大分ﾕｰｽｺｰﾎﾟ1403,畑中二丁目,10,6-403,hatakenakakyuusinnpdf.pdf,畑中-37,high,
466,大字畑中402番地の11,畑中7組の3の1 第1大分ﾕｰｽｺｰﾎﾟ1405,畑中二丁目,10,6-405,hatakenakakyuusinnpdf.pdf,畑中-37,high,
467,大字畑中402番地の12,畑中7組の3の1,畑中二丁目,10,12,hatakenakakyuusinnpdf.pdf,畑中-38,high,
468,大字畑中402番地の12,畑中7組の3の1 甲斐ｱﾊﾟｰﾄ101,畑中二丁目,10,13,hatakenakakyuusinnpdf.pdf,畑中-38,high,
469,大字畑中402番地の12,畑中7組の3の1 甲斐ｱﾊﾟｰﾄ201,畑中二丁目,10,13,hatakenakakyuusinnpdf.pdf,畑中-38,high,
470,大字畑中402番地の12,畑中7組の3の1 甲斐ｱﾊﾟｰﾄ202,畑中二丁目,10,13,hatakenakakyuusinnpdf.pdf,畑中-38,high,
471,大字畑中402番地の12,畑中7組の3の1 甲斐ｱﾊﾟｰﾄ203,畑中二丁目,10,13,hatakenakakyuusinnpdf.pdf,畑中-38,high,
472,大字畑中402番地の12,畑中7組の3の1 甲斐ｱﾊﾟｰﾄ301,畑中二丁目,10,13,hatakenakakyuusinnpdf.pdf,畑中-38,high,
473,大字畑中402番地の12,畑中7組の3の1 甲斐ｱﾊﾟｰﾄ302,畑中二丁目,10,13,hatakenakakyuusinnpdf.pdf,畑中-38,high,
474,大字畑中402番地の12,畑中7組の3の1 甲斐ｱﾊﾟｰﾄ303,畑中二丁目,10,13,hatakenakakyuusinnpdf.pdf,畑中-38,high,
475,大字畑中402番地の12,畑中7組の3の1 甲斐ｱﾊﾟｰﾄ201,畑中二丁目,10,14,hatakenakakyuusinnpdf.pdf,畑中-38,high,
476,大字畑中407番地の1,,畑中二丁目,9,18,hatakenakakyuusinnpdf.pdf,畑中-38,high,
477,大字畑中407番地の1,畑中7組の3の1 住宅型有料老人ﾎｰﾑ凪ぎ,畑中二丁目,9,18,hatakenakakyuusinnpdf.pdf,畑中-38,high,資料上15回出現
478,大字畑中409番地の1,畑中7組の3の1,畑中二丁目,9,38,hatakenakakyuusinnpdf.pdf,畑中-39,high,資料上2回出現
479,大字畑中410番地の1,畑中7組の3の1,畑中二丁目,9,35,hatakenakakyuusinnpdf.pdf,畑中-40,high,
480,大字畑中410番地の4,畑中7組の3の1,畑中二丁目,9,32,hatakenakakyuusinnpdf.pdf,畑中-40,high,
481,大字畑中410番地の5,畑中7組の3の1,畑中二丁目,9,33,hatakenakakyuusinnpdf.pdf,畑中-40,high,
482,大字畑中410番地の6,畑中7組の3の1,畑中二丁目,9,34,hatakenakakyuusinnpdf.pdf,畑中-40,high,
483,大字畑中411番地の3,畑中7組の3の1,畑中二丁目,9,37,hatakenakakyuusinnpdf.pdf,畑中-40,high,
484,大字畑中411番地の5,畑中7組の3の1,畑中二丁目,9,36,hatakenakakyuusinnpdf.pdf,畑中-40,high,
485,大字畑中412番地の1,畑中7組の4,畑中二丁目,8,12,hatakenakakyuusinnpdf.pdf,畑中-40,high,
486,大字畑中414番地,畑中7組の6,畑中二丁目,8,54,hatakenakakyuusinnpdf.pdf,畑中-40,high,
487,大字畑中415番地の1,畑中7組の6,畑中二丁目,8,52,hatakenakakyuusinnpdf.pdf,畑中-40,high,
488,大字畑中416番地の1,畑中7組の7 ｸﾞﾘｰﾝｺｰﾎﾟ201,畑中二丁目,8,50-201,hatakenakakyuusinnpdf.pdf,畑中-40,high,
489,大字畑中416番地の1,畑中7組の7 ｸﾞﾘｰﾝｺｰﾎﾟ202,畑中二丁目,8,50-202,hatakenakakyuusinnpdf.pdf,畑中-40,high,
490,大字畑中416番地の1,畑中7組の7 ｸﾞﾘｰﾝｺｰﾎﾟ203,畑中二丁目,8,50-203,hatakenakakyuusinnpdf.pdf,畑中-40,high,
491,大字畑中416番地の1,畑中7組の7 ｸﾞﾘｰﾝｺｰﾎﾟ205,畑中二丁目,8,50-205,hatakenakakyuusinnpdf.pdf,畑中-41,high,
492,大字畑中416番地の1,畑中7組の7 ｸﾞﾘｰﾝｺｰﾎﾟ206,畑中二丁目,8,50-206,hatakenakakyuusinnpdf.pdf,畑中-41,high,
493,大字畑中416番地の1,畑中7組の7 ｸﾞﾘｰﾝｺｰﾎﾟ207,畑中二丁目,8,50-207,hatakenakakyuusinnpdf.pdf,畑中-41,high,
494,大字畑中416番地の1,畑中7組の7 ｸﾞﾘｰﾝｺｰﾎﾟ301,畑中二丁目,8,50-301,hatakenakakyuusinnpdf.pdf,畑中-41,high,
495,大字畑中416番地の1,畑中7組の7 ｸﾞﾘｰﾝｺｰﾎﾟ302,畑中二丁目,8,50-302,hatakenakakyuusinnpdf.pdf,畑中-41,high,
496,大字畑中416番地の1,畑中7組の7 ｸﾞﾘｰﾝｺｰﾎﾟ303,畑中二丁目,8,50-303,hatakenakakyuusinnpdf.pdf,畑中-41,high,
497,大字畑中416番地の1,畑中7組の7 ｸﾞﾘｰﾝｺｰﾎﾟ305,畑中二丁目,8,50-305,hatakenakakyuusinnpdf.pdf,畑中-41,high,
498,大字畑中416番地の1,畑中7組の7 ｸﾞﾘｰﾝｺｰﾎﾟ306,畑中二丁目,8,50-306,hatakenakakyuusinnpdf.pdf,畑中-41,high,
499,大字畑中416番地の1,畑中7組の7 ｸﾞﾘｰﾝｺｰﾎﾟ307,畑中二丁目,8,50-307,hatakenakakyuusinnpdf.pdf,畑中-41,high,
500,大字畑中416番地の4,畑中7組の4,畑中二丁目,8,17,hatakenakakyuusinnpdf.pdf,畑中-41,high,
501,大字畑中416番地の5,畑中7組の4の2,畑中二丁目,8,16,hatakenakakyuusinnpdf.pdf,畑中-41,high,
502,大字畑中417番地の1,畑中7組の5の2 ﾚｵﾊﾟﾚｽZIN101,畑中二丁目,8,18,hatakenakakyuusinnpdf.pdf,畑中-41,high,
503,大字畑中417番地の1,畑中7組の5の2 ﾚｵﾊﾟﾚｽZIN102,畑中二丁目,8,18,hatakenakakyuusinnpdf.pdf,畑中-41,high,
504,大字畑中417番地の1,畑中7組の5の2 ﾚｵﾊﾟﾚｽZIN103,畑中二丁目,8,18,hatakenakakyuusinnpdf.pdf,畑中-42,high,
505,大字畑中417番地の1,畑中7組の5の2 ﾚｵﾊﾟﾚｽZIN104,畑中二丁目,8,18,hatakenakakyuusinnpdf.pdf,畑中-42,high,
506,大字畑中417番地の1,畑中7組の5の2 ﾚｵﾊﾟﾚｽZIN105,畑中二丁目,8,18,hatakenakakyuusinnpdf.pdf,畑中-42,high,
507,大字畑中417番地の1,畑中7組の5の2 ﾚｵﾊﾟﾚｽZIN106,畑中二丁目,8,18,hatakenakakyuusinnpdf.pdf,畑中-42,high,
508,大字畑中417番地の1,畑中7組の5の2 ﾚｵﾊﾟﾚｽZIN107,畑中二丁目,8,18,hatakenakakyuusinnpdf.pdf,畑中-42,high,
509,大字畑中417番地の1,畑中7組の5の2 ﾚｵﾊﾟﾚｽZIN108,畑中二丁目,8,18,hatakenakakyuusinnpdf.pdf,畑中-42,high,
510,大字畑中417番地の1,畑中7組の5の2 ﾚｵﾊﾟﾚｽZIN109,畑中二丁目,8,18,hatakenakakyuusinnpdf.pdf,畑中-42,high,
511,大字畑中417番地の1,畑中7組の5の2 ﾚｵﾊﾟﾚｽZIN110,畑中二丁目,8,18,hatakenakakyuusinnpdf.pdf,畑中-42,high,
512,大字畑中417番地の1,畑中7組の5の2 ﾚｵﾊﾟﾚｽZIN201,畑中二丁目,8,18,hatakenakakyuusinnpdf.pdf,畑中-42,high,
513,大字畑中417番地の1,畑中7組の5の2 ﾚｵﾊﾟﾚｽZIN202,畑中二丁目,8,18,hatakenakakyuusinnpdf.pdf,畑中-42,high,
514,大字畑中417番地の1,畑中7組の5の2 ﾚｵﾊﾟﾚｽZIN203,畑中二丁目,8,18,hatakenakakyuusinnpdf.pdf,畑中-42,high,
515,大字畑中417番地の1,畑中7組の5の2 ﾚｵﾊﾟﾚｽZIN204,畑中二丁目,8,18,hatakenakakyuusinnpdf.pdf,畑中-42,high,
516,大字畑中417番地の1,畑中7組の5の2 ﾚｵﾊﾟﾚｽZIN205,畑中二丁目,8,18,hatakenakakyuusinnpdf.pdf,畑中-42,high,
517,大字畑中417番地の1,畑中7組の5の2 ﾚｵﾊﾟﾚｽZIN206,畑中二丁目,8,18,hatakenakakyuusinnpdf.pdf,畑中-43,high,
518,大字畑中417番地の1,畑中7組の5の2 ﾚｵﾊﾟﾚｽZIN207,畑中二丁目,8,18,hatakenakakyuusinnpdf.pdf,畑中-43,high,
519,大字畑中417番地の1,畑中7組の5の2 ﾚｵﾊﾟﾚｽZIN208,畑中二丁目,8,18,hatakenakakyuusinnpdf.pdf,畑中-43,high,
520,大字畑中417番地の1,畑中7組の5の2 ﾚｵﾊﾟﾚｽZIN209,畑中二丁目,8,18,hatakenakakyuusinnpdf.pdf,畑中-43,high,
521,大字畑中417番地の1,畑中7組の5の2 ﾚｵﾊﾟﾚｽZIN210,畑中二丁目,8,18,hatakenakakyuusinnpdf.pdf,畑中-43,high,
522,大字畑中418番地の1,畑中7組,畑中二丁目,8,48,hatakenakakyuusinnpdf.pdf,畑中-43,high,
523,大字畑中418番地の1,畑中7組の6,畑中二丁目,8,48,hatakenakakyuusinnpdf.pdf,畑中-43,high,
524,大字畑中418番地の3,畑中7組の6,畑中二丁目,8,20,hatakenakakyuusinnpdf.pdf,畑中-43,high,
525,大字畑中419番地の2,畑中7組の5の1,畑中二丁目,8,26,hatakenakakyuusinnpdf.pdf,畑中-43,high,
526,大字畑中419番地の5,畑中7組の5の1,畑中二丁目,8,21,hatakenakakyuusinnpdf.pdf,畑中-43,high,
527,大字畑中421番地の1,大字畑中7の5,畑中二丁目,8,45,hatakenakakyuusinnpdf.pdf,畑中-43,high,
528,大字畑中427番地の6,畑中7組の6,畑中二丁目,7,28,hatakenakakyuusinnpdf.pdf,畑中-43,high,
529,大字畑中427番地の7,畑中7組の6,畑中二丁目,7,29,hatakenakakyuusinnpdf.pdf,畑中-43,high,
530,大字畑中428番地の3,畑中7組の6 佐藤ﾋﾞﾙ202,畑中二丁目,7,27,hatakenakakyuusinnpdf.pdf,畑中-44,high,
531,大字畑中428番地の4,畑中7組の6,畑中二丁目,7,25,hatakenakakyuusinnpdf.pdf,畑中-44,high,
532,大字畑中433番地,,畑中二丁目,7,42,hatakenakakyuusinnpdf.pdf,畑中-44,high,
533,大字畑中443-1,,畑中二丁目,7,7,hatakenakakyuusinnpdf.pdf,畑中-44,high,
534,大字畑中443番地の1,畑中7組の15,畑中二丁目,7,7,hatakenakakyuusinnpdf.pdf,畑中-44,high,資料上5回出現
535,大字畑中452番地の2,畑中8組の1,畑中五丁目,1,7,hatakenakakyuusinnpdf.pdf,畑中-44,high,資料上2回出現
536,大字畑中453番地の1,畑中8組の1,畑中五丁目,1,5,hatakenakakyuusinnpdf.pdf,畑中-44,high,資料上2回出現
537,大字畑中458番地1,,畑中二丁目,8,43,hatakenakakyuusinnpdf.pdf,畑中-45,high,
538,大字畑中458-1,,畑中二丁目,8,43,hatakenakakyuusinnpdf.pdf,畑中-45,high,
539,大字畑中460番地,畑中7組の5の1,畑中二丁目,8,27,hatakenakakyuusinnpdf.pdf,畑中-45,high,
540,大字畑中460番地の2,畑中7組の5の1,畑中二丁目,8,25,hatakenakakyuusinnpdf.pdf,畑中-45,high,
541,大字畑中461番地の2,畑中7組の5の1,畑中二丁目,8,28,hatakenakakyuusinnpdf.pdf,畑中-45,high,
542,大字畑中461番地の7,畑中7組の5の1,畑中二丁目,8,29,hatakenakakyuusinnpdf.pdf,畑中-45,high,
543,大字畑中462番地の1,畑中7組の5の1,畑中二丁目,8,24,hatakenakakyuusinnpdf.pdf,畑中-45,high,
544,大字畑中464番地の1,畑中7組の14の2 ﾊﾟｰｸﾀｳﾝ畑中NF101,畑中五丁目,2,5-101,hatakenakakyuusinnpdf.pdf,畑中-45,high,
545,大字畑中464番地の1,畑中7組の14の2 ﾊﾟｰｸﾀｳﾝ畑中NF102,畑中五丁目,2,5-102,hatakenakakyuusinnpdf.pdf,畑中-45,high,
546,大字畑中464番地の1,畑中7組の14の2 ﾊﾟｰｸﾀｳﾝ畑中NF103,畑中五丁目,2,5-103,hatakenakakyuusinnpdf.pdf,畑中-45,high,
547,大字畑中464番地の1,畑中7組の14の2 ﾊﾟｰｸﾀｳﾝ畑中NF105,畑中五丁目,2,5-105,hatakenakakyuusinnpdf.pdf,畑中-45,high,
548,大字畑中464番地の1,畑中7組の14の2 ﾊﾟｰｸﾀｳﾝ畑中NF201,畑中五丁目,2,5-201,hatakenakakyuusinnpdf.pdf,畑中-45,high,
549,大字畑中464番地の1,畑中7組の14の2 ﾊﾟｰｸﾀｳﾝ畑中NF202,畑中五丁目,2,5-202,hatakenakakyuusinnpdf.pdf,畑中-45,high,
550,大字畑中464番地の1,畑中7組の14の3 ﾊﾟｰｸﾀｳﾝ畑中NF203,畑中五丁目,2,5-203,hatakenakakyuusinnpdf.pdf,畑中-46,high,
551,大字畑中464番地の1,畑中7組の14の2 ﾊﾟｰｸﾀｳﾝ畑中NF205,畑中五丁目,2,5-205,hatakenakakyuusinnpdf.pdf,畑中-46,high,
552,大字畑中464番地の1,畑中7組の14の2 ﾊﾟｰｸﾀｳﾝ畑中NF301,畑中五丁目,2,5-301,hatakenakakyuusinnpdf.pdf,畑中-46,high,
553,大字畑中464番地の1,畑中7組の14の2 ﾊﾟｰｸﾀｳﾝ畑中NF302,畑中五丁目,2,5-302,hatakenakakyuusinnpdf.pdf,畑中-46,high,
554,大字畑中464番地の1,畑中7組の14の2 ﾊﾟｰｸﾀｳﾝ畑中NF303,畑中五丁目,2,5-303,hatakenakakyuusinnpdf.pdf,畑中-46,high,
555,大字畑中464番地の1,畑中7組の14の2 ﾊﾟｰｸﾀｳﾝ畑中NF305,畑中五丁目,2,5-305,hatakenakakyuusinnpdf.pdf,畑中-46,high,
556,大字畑中464番地の1,畑中7組の14の2 ﾊﾟｰｸﾀｳﾝ畑中NG101,畑中五丁目,2,6-101,hatakenakakyuusinnpdf.pdf,畑中-46,high,
557,大字畑中464番地の1,畑中7組の14の2 ﾊﾟｰｸﾀｳﾝ畑中NG102,畑中五丁目,2,6-102,hatakenakakyuusinnpdf.pdf,畑中-46,high,
558,大字畑中464番地の1,畑中7組の14の2 ﾊﾟｰｸﾀｳﾝ畑中NG103,畑中五丁目,2,6-103,hatakenakakyuusinnpdf.pdf,畑中-46,high,資料上2回出現
559,大字畑中464番地の1,畑中7組の14の2 ﾊﾟｰｸﾀｳﾝ畑中NG105,畑中五丁目,2,6-105,hatakenakakyuusinnpdf.pdf,畑中-46,high,
560,大字畑中464番地の1,畑中7組の14の2 ﾊﾟｰｸﾀｳﾝ畑中NG201,畑中五丁目,2,6-201,hatakenakakyuusinnpdf.pdf,畑中-46,high,
561,大字畑中464番地の1,畑中7組の14の2 ﾊﾟｰｸﾀｳﾝ畑中NG202,畑中五丁目,2,6-202,hatakenakakyuusinnpdf.pdf,畑中-46,high,
562,大字畑中464番地の1,畑中7組の14の2 ﾊﾟｰｸﾀｳﾝ畑中NG203,畑中五丁目,2,6-203,hatakenakakyuusinnpdf.pdf,畑中-47,high,
563,大字畑中464番地の1,畑中7組の14の2 ﾊﾟｰｸﾀｳﾝ畑中NG205,畑中五丁目,2,6-205,hatakenakakyuusinnpdf.pdf,畑中-47,high,
564,大字畑中464番地の1,畑中7組の14の2 ﾊﾟｰｸﾀｳﾝ畑中NG301,畑中五丁目,2,6-301,hatakenakakyuusinnpdf.pdf,畑中-47,high,
565,大字畑中464番地の1,畑中7組の14の2 ﾊﾟｰｸﾀｳﾝ畑中NG302,畑中五丁目,2,6-302,hatakenakakyuusinnpdf.pdf,畑中-47,high,
566,大字畑中464番地の1,畑中7組の14の2 ﾊﾟｰｸﾀｳﾝ畑中NG303,畑中五丁目,2,6-303,hatakenakakyuusinnpdf.pdf,畑中-47,high,
567,大字畑中464番地の1,畑中7組の14の2 ﾊﾟｰｸﾀｳﾝ畑中NG305,畑中五丁目,2,6-305,hatakenakakyuusinnpdf.pdf,畑中-47,high,
568,大字畑中464番地の1,畑中7組の14の2 ﾊﾟｰｸﾀｳﾝ畑中NH101,畑中五丁目,2,7-101,hatakenakakyuusinnpdf.pdf,畑中-47,high,
569,大字畑中464番地の1,畑中7組の14の2 ﾊﾟｰｸﾀｳﾝ畑中NH102,畑中五丁目,2,7-102,hatakenakakyuusinnpdf.pdf,畑中-47,high,資料上2回出現
570,大字畑中464番地の1,畑中7組の14の2 ﾊﾟｰｸﾀｳﾝ畑中NH103,畑中五丁目,2,7-103,hatakenakakyuusinnpdf.pdf,畑中-47,high,
571,大字畑中464番地の1,畑中7組の14の2 ﾊﾟｰｸﾀｳﾝ畑中NH105,畑中五丁目,2,7-105,hatakenakakyuusinnpdf.pdf,畑中-47,high,
572,大字畑中464番地の1,畑中7組の14の2 ﾊﾟｰｸﾀｳﾝ畑中NH201,畑中五丁目,2,7-201,hatakenakakyuusinnpdf.pdf,畑中-47,high,
573,大字畑中464番地の1,畑中7組の14の2 ﾊﾟｰｸﾀｳﾝ畑中NH202,畑中五丁目,2,7-202,hatakenakakyuusinnpdf.pdf,畑中-47,high,
574,大字畑中464番地の1,畑中7組の14の2 ﾊﾟｰｸﾀｳﾝ畑中NH203,畑中五丁目,2,7-203,hatakenakakyuusinnpdf.pdf,畑中-48,high,
575,大字畑中464番地の1,畑中7組の14の2 ﾊﾟｰｸﾀｳﾝ畑中NH205,畑中五丁目,2,7-205,hatakenakakyuusinnpdf.pdf,畑中-48,high,
576,大字畑中464番地の1,畑中7組の14の2 ﾊﾟｰｸﾀｳﾝ畑中NH301,畑中五丁目,2,7-301,hatakenakakyuusinnpdf.pdf,畑中-48,high,
577,大字畑中464番地の1,畑中7組の14の2 ﾊﾟｰｸﾀｳﾝ畑中NH302,畑中五丁目,2,7-302,hatakenakakyuusinnpdf.pdf,畑中-48,high,
578,大字畑中464番地の1,畑中7組の14の2 ﾊﾟｰｸﾀｳﾝ畑中NH303,畑中五丁目,2,7-303,hatakenakakyuusinnpdf.pdf,畑中-48,high,
579,大字畑中464番地の1,畑中7組の14の2 ﾊﾟｰｸﾀｳﾝ畑中NH305,畑中五丁目,2,7-305,hatakenakakyuusinnpdf.pdf,畑中-48,high,
580,大字畑中464番地の1,畑中7組の14の2 ﾊﾟｰｸﾀｳﾝ畑中NI101,畑中五丁目,2,8-101,hatakenakakyuusinnpdf.pdf,畑中-48,high,
581,大字畑中464番地の1,畑中7組の14の2 ﾊﾟｰｸﾀｳﾝ畑中NI102,畑中五丁目,2,8-102,hatakenakakyuusinnpdf.pdf,畑中-48,high,
582,大字畑中464番地の1,畑中7組の14の2 ﾊﾟｰｸﾀｳﾝ畑中NI103,畑中五丁目,2,8-103,hatakenakakyuusinnpdf.pdf,畑中-48,high,
583,大字畑中464番地の1,畑中7組の14の2 ﾊﾟｰｸﾀｳﾝ畑中NI105,畑中五丁目,2,8-105,hatakenakakyuusinnpdf.pdf,畑中-48,high,
584,大字畑中464番地の1,畑中7組の14の2 ﾊﾟｰｸﾀｳﾝ畑中NI201,畑中五丁目,2,8-201,hatakenakakyuusinnpdf.pdf,畑中-48,high,
585,大字畑中464番地の1,畑中7組の14の2 ﾊﾟｰｸﾀｳﾝ畑中NI202,畑中五丁目,2,8-202,hatakenakakyuusinnpdf.pdf,畑中-48,high,
586,大字畑中464番地の1,畑中7組の14の2 ﾊﾟｰｸﾀｳﾝ畑中NI203,畑中五丁目,2,8-203,hatakenakakyuusinnpdf.pdf,畑中-48,high,
587,大字畑中464番地の1,畑中7組の14の2 ﾊﾟｰｸﾀｳﾝ畑中NI205,畑中五丁目,2,8-205,hatakenakakyuusinnpdf.pdf,畑中-49,high,
588,大字畑中464番地の1,畑中7組の14の2 ﾊﾟｰｸﾀｳﾝ畑中NI301,畑中五丁目,2,8-301,hatakenakakyuusinnpdf.pdf,畑中-49,high,
589,大字畑中464番地の1,畑中7組の14の2 ﾊﾟｰｸﾀｳﾝ畑中NI302,畑中五丁目,2,8-302,hatakenakakyuusinnpdf.pdf,畑中-49,high,
590,大字畑中464番地の1,畑中7組の14の2 ﾊﾟｰｸﾀｳﾝ畑中NI303,畑中五丁目,2,8-303,hatakenakakyuusinnpdf.pdf,畑中-49,high,
591,大字畑中464番地の1,畑中7組の14の2 ﾊﾟｰｸﾀｳﾝ畑中NI305,畑中五丁目,2,8-305,hatakenakakyuusinnpdf.pdf,畑中-49,high,
592,大字畑中464番地の13,畑中7組の14の3 ﾊﾟｰｸﾀｳﾝ畑中NL101,畑中五丁目,2,1,hatakenakakyuusinnpdf.pdf,畑中-49,high,
593,大字畑中464番地の13,畑中7組の14の3 ﾊﾟｰｸﾀｳﾝ畑中NL102,畑中五丁目,2,1,hatakenakakyuusinnpdf.pdf,畑中-49,high,
594,大字畑中464番地の13,畑中7組の14の3 ﾊﾟｰｸﾀｳﾝ畑中NL201,畑中五丁目,2,1,hatakenakakyuusinnpdf.pdf,畑中-49,high,
595,大字畑中464番地の13,畑中7組の14の3 ﾊﾟｰｸﾀｳﾝ畑中NL202,畑中五丁目,2,1,hatakenakakyuusinnpdf.pdf,畑中-49,high,
596,大字畑中464番地の13,畑中7組の14の3 ﾊﾟｰｸﾀｳﾝ畑中NL301,畑中五丁目,2,1,hatakenakakyuusinnpdf.pdf,畑中-49,high,
597,大字畑中464番地の13,畑中7組の14の3 ﾊﾟｰｸﾀｳﾝ畑中NL302,畑中五丁目,2,1,hatakenakakyuusinnpdf.pdf,畑中-49,high,
598,大字畑中464番地の13,畑中7組の14の3 ﾊﾟｰｸﾀｳﾝ畑中NK101,畑中五丁目,2,2,hatakenakakyuusinnpdf.pdf,畑中-49,high,
599,大字畑中464番地の13,畑中7組の14の3 ﾊﾟｰｸﾀｳﾝ畑中NK102,畑中五丁目,2,2,hatakenakakyuusinnpdf.pdf,畑中-49,high,
600,大字畑中464番地の13,畑中7組の14の3 ﾊﾟｰｸﾀｳﾝ畑中NK201,畑中五丁目,2,2,hatakenakakyuusinnpdf.pdf,畑中-50,high,
601,大字畑中464番地の13,畑中7組の14の3 ﾊﾟｰｸﾀｳﾝ畑中NK202,畑中五丁目,2,2,hatakenakakyuusinnpdf.pdf,畑中-50,high,
602,大字畑中464番地の13,畑中7組の14の3 ﾊﾟｰｸﾀｳﾝ畑中NK301,畑中五丁目,2,2,hatakenakakyuusinnpdf.pdf,畑中-50,high,
603,大字畑中464番地の13,畑中7組の14の3 ﾊﾟｰｸﾀｳﾝ畑中NK302,畑中五丁目,2,2,hatakenakakyuusinnpdf.pdf,畑中-50,high,
604,大字畑中464番地の13,畑中7組の14の3 ﾊﾟｰｸﾀｳﾝ畑中NJ101,畑中五丁目,2,3,hatakenakakyuusinnpdf.pdf,畑中-50,high,
605,大字畑中464番地の13,畑中7組の14の3 ﾊﾟｰｸﾀｳﾝ畑中NJ102,畑中五丁目,2,3,hatakenakakyuusinnpdf.pdf,畑中-50,high,
606,大字畑中464番地の13,畑中7組の14の3 ﾊﾟｰｸﾀｳﾝ畑中NJ103,畑中五丁目,2,3,hatakenakakyuusinnpdf.pdf,畑中-50,high,
607,大字畑中464番地の13,畑中7組の14の3 ﾊﾟｰｸﾀｳﾝ畑中NJ201,畑中五丁目,2,3,hatakenakakyuusinnpdf.pdf,畑中-50,high,
608,大字畑中464番地の13,畑中7組の14の3 ﾊﾟｰｸﾀｳﾝ畑中NJ202,畑中五丁目,2,3,hatakenakakyuusinnpdf.pdf,畑中-50,high,
609,大字畑中464番地の13,畑中7組の14の3 ﾊﾟｰｸﾀｳﾝ畑中NJ203,畑中五丁目,2,3,hatakenakakyuusinnpdf.pdf,畑中-50,high,
610,大字畑中464番地の13,畑中7組の14の3 ﾊﾟｰｸﾀｳﾝ畑中NJ301,畑中五丁目,2,3,hatakenakakyuusinnpdf.pdf,畑中-50,high,
611,大字畑中464番地の13,畑中7組の14の3 ﾊﾟｰｸﾀｳﾝ畑中NJ302,畑中五丁目,2,3,hatakenakakyuusinnpdf.pdf,畑中-50,high,
612,大字畑中464番地の13,畑中7組の14の3 ﾊﾟｰｸﾀｳﾝ畑中NJ303,畑中五丁目,2,3,hatakenakakyuusinnpdf.pdf,畑中-50,high,
613,大字畑中464番地の13,畑中7組の14の3 ﾊﾟｰｸﾀｳﾝ畑中NM101,畑中五丁目,2,4-101,hatakenakakyuusinnpdf.pdf,畑中-51,high,
614,大字畑中464番地の13,畑中7組の14の3 ﾊﾟｰｸﾀｳﾝ畑中NM102,畑中五丁目,2,4-102,hatakenakakyuusinnpdf.pdf,畑中-51,high,
615,大字畑中464番地の13,畑中7組の14の3 ﾊﾟｰｸﾀｳﾝ畑中NM103,畑中五丁目,2,4-103,hatakenakakyuusinnpdf.pdf,畑中-51,high,
616,大字畑中464番地の13,畑中7組の14の3 ﾊﾟｰｸﾀｳﾝ畑中NM105,畑中五丁目,2,4-105,hatakenakakyuusinnpdf.pdf,畑中-51,high,
617,大字畑中464番地の13,畑中7組の14の3 ﾊﾟｰｸﾀｳﾝ畑中NM106,畑中五丁目,2,4-106,hatakenakakyuusinnpdf.pdf,畑中-51,high,
618,大字畑中464番地の13,畑中7組の14の3 ﾊﾟｰｸﾀｳﾝ畑中NM201,畑中五丁目,2,4-201,hatakenakakyuusinnpdf.pdf,畑中-51,high,
619,大字畑中464番地の13,畑中7組の14の3 ﾊﾟｰｸﾀｳﾝ畑中NM202,畑中五丁目,2,4-202,hatakenakakyuusinnpdf.pdf,畑中-51,high,
620,大字畑中464番地の13,畑中7組の14の3 ﾊﾟｰｸﾀｳﾝ畑中NM203,畑中五丁目,2,4-203,hatakenakakyuusinnpdf.pdf,畑中-51,high,
621,大字畑中464番地の13,畑中7組の14の3 ﾊﾟｰｸﾀｳﾝ畑中NM205,畑中五丁目,2,4-205,hatakenakakyuusinnpdf.pdf,畑中-51,high,
622,大字畑中464番地の13,畑中7組の14の3 ﾊﾟｰｸﾀｳﾝ畑中NM206,畑中五丁目,2,4-206,hatakenakakyuusinnpdf.pdf,畑中-51,high,
623,大字畑中464番地の13,畑中7組の14の3 ﾊﾟｰｸﾀｳﾝ畑中NM301,畑中五丁目,2,4-301,hatakenakakyuusinnpdf.pdf,畑中-51,high,
624,大字畑中464番地の13,畑中7組の14の3 ﾊﾟｰｸﾀｳﾝ畑中NM302,畑中五丁目,2,4-302,hatakenakakyuusinnpdf.pdf,畑中-51,high,
625,大字畑中464番地の13,畑中7組の14の3 ﾊﾟｰｸﾀｳﾝ畑中NM303,畑中五丁目,2,4-303,hatakenakakyuusinnpdf.pdf,畑中-51,high,
626,大字畑中464番地の13,畑中7組の14の3 ﾊﾟｰｸﾀｳﾝ畑中NM305,畑中五丁目,2,4-305,hatakenakakyuusinnpdf.pdf,畑中-52,high,
627,大字畑中464番地の13,畑中7組の14の3 ﾊﾟｰｸﾀｳﾝ畑中NM306,畑中五丁目,2,4-306,hatakenakakyuusinnpdf.pdf,畑中-52,high,
628,大字畑中474番地の1,畑中8組の1,畑中五丁目,1,2,hatakenakakyuusinnpdf.pdf,畑中-52,high,資料上2回出現
629,大字畑中476番地の1,畑中7組の10 市営1A1-1,畑中五丁目,1,18-1,hatakenakakyuusinnpdf.pdf,畑中-52,high,
630,大字畑中476番地の1,畑中7組の10 市営1A1-2,畑中五丁目,1,18-2,hatakenakakyuusinnpdf.pdf,畑中-52,high,
631,大字畑中476番地の1,畑中7組の10 市営1A1-003,畑中五丁目,1,18-3,hatakenakakyuusinnpdf.pdf,畑中-52,high,
632,大字畑中476番地の1,畑中7組の10 市営1A1-4,畑中五丁目,1,18-4,hatakenakakyuusinnpdf.pdf,畑中-52,high,
633,大字畑中476番地の1,畑中7組の10 市営1A1-5号,畑中五丁目,1,18-5,hatakenakakyuusinnpdf.pdf,畑中-52,high,
634,大字畑中476番地の1,畑中7組の10 市営1A1-6,畑中五丁目,1,18-6,hatakenakakyuusinnpdf.pdf,畑中-52,high,
635,大字畑中476番地の1,畑中7組の10 市営1A1-7,畑中五丁目,1,18-7,hatakenakakyuusinnpdf.pdf,畑中-52,high,
636,大字畑中476番地の1,畑中7組の10 市営1A1-8,畑中五丁目,1,18-8,hatakenakakyuusinnpdf.pdf,畑中-52,high,
637,大字畑中476番地の1,畑中7組の10 市営1A1-9,畑中五丁目,1,18-9,hatakenakakyuusinnpdf.pdf,畑中-52,high,
638,大字畑中476番地の1,畑中7組の10 市営1A1-10,畑中五丁目,1,18-10,hatakenakakyuusinnpdf.pdf,畑中-53,high,
639,大字畑中476番地の1,畑中7組の10 市営1A1-11,畑中五丁目,1,18-11,hatakenakakyuusinnpdf.pdf,畑中-53,high,
640,大字畑中476番地の1,畑中7組の10 市営1A1-12,畑中五丁目,1,18-12,hatakenakakyuusinnpdf.pdf,畑中-53,high,
641,大字畑中476番地の1,畑中7組の10 市営1A1-13,畑中五丁目,1,18-13,hatakenakakyuusinnpdf.pdf,畑中-53,high,
642,大字畑中476番地の1,畑中7組の10 市営1A1-14,畑中五丁目,1,18-14,hatakenakakyuusinnpdf.pdf,畑中-53,high,
643,大字畑中476番地の1,畑中7組の10 市営1A1-15,畑中五丁目,1,18-15,hatakenakakyuusinnpdf.pdf,畑中-53,high,
644,大字畑中476番地の1,畑中7組の10 市営1A1-16,畑中五丁目,1,18-16,hatakenakakyuusinnpdf.pdf,畑中-53,high,
645,大字畑中476番地の1,畑中7組の11 市営1A2-17,畑中五丁目,1,19-17,hatakenakakyuusinnpdf.pdf,畑中-53,high,
646,大字畑中476番地の1,畑中7組の11 市営1A2-18,畑中五丁目,1,19-18,hatakenakakyuusinnpdf.pdf,畑中-53,high,
647,大字畑中476番地の1,畑中7組の11 市営1A2-19,畑中五丁目,1,19-19,hatakenakakyuusinnpdf.pdf,畑中-53,high,
648,大字畑中476番地の1,畑中7組の11 市営1A2-20,畑中五丁目,1,19-20,hatakenakakyuusinnpdf.pdf,畑中-53,high,
649,大字畑中476番地の1,畑中7組の11 市営1A2-21,畑中五丁目,1,19-21,hatakenakakyuusinnpdf.pdf,畑中-53,high,
650,大字畑中476番地の1,畑中7組の11 市営1A2-22,畑中五丁目,1,19-22,hatakenakakyuusinnpdf.pdf,畑中-53,high,
651,大字畑中476番地の1,畑中7組の11 市営1A2-23,畑中五丁目,1,19-23,hatakenakakyuusinnpdf.pdf,畑中-54,high,
652,大字畑中476番地の1,畑中7組の11 市営1A2-24,畑中五丁目,1,19-24,hatakenakakyuusinnpdf.pdf,畑中-54,high,
653,大字畑中476番地の1,畑中7組の11 市営1A2-25,畑中五丁目,1,19-25,hatakenakakyuusinnpdf.pdf,畑中-54,high,
654,大字畑中476番地の1,畑中7組の11 市営1A2-26,畑中五丁目,1,19-26,hatakenakakyuusinnpdf.pdf,畑中-54,high,
655,大字畑中476番地の1,畑中7組の11 市営1A2-27,畑中五丁目,1,19-27,hatakenakakyuusinnpdf.pdf,畑中-54,high,
656,大字畑中476番地の1,畑中7組の11 市営1A2-28,畑中五丁目,1,19-28,hatakenakakyuusinnpdf.pdf,畑中-54,high,
657,大字畑中476番地の1,畑中7組の11 市営1A2-29,畑中五丁目,1,19-29,hatakenakakyuusinnpdf.pdf,畑中-54,high,
658,大字畑中476番地の1,畑中7組の11 市営1A2-30,畑中五丁目,1,19-30,hatakenakakyuusinnpdf.pdf,畑中-54,high,
659,大字畑中476番地の1,畑中7組の11 市営1A2-31,畑中五丁目,1,19-31,hatakenakakyuusinnpdf.pdf,畑中-54,high,
660,大字畑中476番地の1,畑中7組の11 市営1A2-32,畑中五丁目,1,19-32,hatakenakakyuusinnpdf.pdf,畑中-54,high,
661,大字畑中526番地の1,畑中8組の1,畑中五丁目,1,8,hatakenakakyuusinnpdf.pdf,畑中-54,high,
662,大字畑中546番地の1,畑中8組の2,畑中二丁目,6,62,hatakenakakyuusinnpdf.pdf,畑中-54,high,
663,大字畑中553番地の3,畑中8組の1,畑中二丁目,6,48,hatakenakakyuusinnpdf.pdf,畑中-54,high,
664,大字畑中556番地の1,畑中8組の2,畑中二丁目,6,63,hatakenakakyuusinnpdf.pdf,畑中-55,high,
665,大字畑中556番地の1,畑中8組の2,畑中二丁目,6,64,hatakenakakyuusinnpdf.pdf,畑中-55,high,
666,大字畑中557番地の2,畑中8組の2,畑中二丁目,6,69,hatakenakakyuusinnpdf.pdf,畑中-55,high,資料上2回出現
667,大字畑中566番地の1,畑中8組の2,畑中二丁目,6,57,hatakenakakyuusinnpdf.pdf,畑中-55,high,資料上2回出現
668,大字畑中566番地の2,畑中8組の2,畑中二丁目,6,58,hatakenakakyuusinnpdf.pdf,畑中-55,high,資料上2回出現
669,大字畑中567番地,畑中8組の1,畑中二丁目,6,60,hatakenakakyuusinnpdf.pdf,畑中-55,high,
670,大字畑中569番地の1,,畑中二丁目,6,46,hatakenakakyuusinnpdf.pdf,畑中-55,high,資料上3回出現
671,大字畑中569番地の2,畑中8組の1,畑中二丁目,6,45,hatakenakakyuusinnpdf.pdf,畑中-55,high,資料上2回出現
672,大字畑中570番地の1,畑中8組の1,畑中二丁目,6,41,hatakenakakyuusinnpdf.pdf,畑中-56,high,
673,大字畑中570番地の3,畑中8組の1,畑中二丁目,6,44,hatakenakakyuusinnpdf.pdf,畑中-56,high,
674,大字畑中571番地の1,畑中8組の2,畑中二丁目,6,53,hatakenakakyuusinnpdf.pdf,畑中-56,high,
675,大字畑中571番地の2,畑中8組の2,畑中二丁目,6,43,hatakenakakyuusinnpdf.pdf,畑中-56,high,
676,大字畑中571番地の8,畑中8組の2,畑中二丁目,6,54,hatakenakakyuusinnpdf.pdf,畑中-56,high,
677,大字畑中571番地の9,畑中8組の2,畑中二丁目,6,52,hatakenakakyuusinnpdf.pdf,畑中-56,high,
678,大字畑中571番地の12,畑中8組の2,畑中二丁目,6,39,hatakenakakyuusinnpdf.pdf,畑中-56,high,
679,大字畑中571番地の14,畑中8組の2 ｻﾝｸﾞﾚｲｽ畑中101,畑中二丁目,6,38,hatakenakakyuusinnpdf.pdf,畑中-56,high,資料上2回出現
680,大字畑中571番地の14,畑中8組の2 ｻﾝｸﾞﾚｲｽ畑中102,畑中二丁目,6,38,hatakenakakyuusinnpdf.pdf,畑中-56,high,
681,大字畑中571番地の14,畑中8組の2 ｻﾝｸﾞﾚｲｽ畑中201,畑中二丁目,6,38,hatakenakakyuusinnpdf.pdf,畑中-56,high,
682,大字畑中571番地の14,畑中8組の2 ｻﾝｸﾞﾚｲｽ畑中202,畑中二丁目,6,38,hatakenakakyuusinnpdf.pdf,畑中-56,high,
683,大字畑中573番地の7,畑中8組の2,畑中二丁目,6,40,hatakenakakyuusinnpdf.pdf,畑中-57,high,
684,大字畑中574番地の1,畑中8組の1,畑中二丁目,6,33,hatakenakakyuusinnpdf.pdf,畑中-57,high,
685,大字畑中574番地の2,畑中8組の1,畑中二丁目,6,34,hatakenakakyuusinnpdf.pdf,畑中-57,high,資料上2回出現
686,大字畑中575番地の1,畑中8組の1,畑中二丁目,6,37,hatakenakakyuusinnpdf.pdf,畑中-57,high,資料上2回出現
687,大字畑中577番地,畑中10組 県営2A2-101,畑中二丁目,6,75-101,hatakenakakyuusinnpdf.pdf,畑中-57,high,
688,大字畑中577番地,畑中10組 県営2A2-102,畑中二丁目,6,75-102,hatakenakakyuusinnpdf.pdf,畑中-57,high,
689,大字畑中577番地,畑中10組 県営2A2-103,畑中二丁目,6,75-103,hatakenakakyuusinnpdf.pdf,畑中-57,high,
690,大字畑中577番地,畑中10組 県営2A2-104,畑中二丁目,6,75-104,hatakenakakyuusinnpdf.pdf,畑中-57,high,
691,大字畑中577番地,畑中10組 県営2A2-201,畑中二丁目,6,75-201,hatakenakakyuusinnpdf.pdf,畑中-57,high,
692,大字畑中577番地,畑中10組 県営2A2-202,畑中二丁目,6,75-202,hatakenakakyuusinnpdf.pdf,畑中-57,high,
693,大字畑中577番地,畑中10組 県営2A2-203,畑中二丁目,6,75-203,hatakenakakyuusinnpdf.pdf,畑中-57,high,
694,大字畑中577番地,畑中10組 県営2A2-204,畑中二丁目,6,75-204,hatakenakakyuusinnpdf.pdf,畑中-58,high,
695,大字畑中577番地,畑中10組 県営2A2-301,畑中二丁目,6,75-301,hatakenakakyuusinnpdf.pdf,畑中-58,high,
696,大字畑中577番地,畑中10組 県営2A2-302,畑中二丁目,6,75-302,hatakenakakyuusinnpdf.pdf,畑中-58,high,
697,大字畑中577番地,畑中10組 県営2A2-303,畑中二丁目,6,75-303,hatakenakakyuusinnpdf.pdf,畑中-58,high,
698,大字畑中577番地,畑中10組 県営2A2-401,畑中二丁目,6,75-401,hatakenakakyuusinnpdf.pdf,畑中-58,high,
699,大字畑中577番地,畑中10組 県営2A2-402,畑中二丁目,6,75-402,hatakenakakyuusinnpdf.pdf,畑中-58,high,
700,大字畑中577番地,畑中10組 県営2A1-101,畑中二丁目,6,76-101,hatakenakakyuusinnpdf.pdf,畑中-58,high,
701,大字畑中577番地,畑中10組 県営2A1-102,畑中二丁目,6,76-102,hatakenakakyuusinnpdf.pdf,畑中-58,high,
702,大字畑中577番地,畑中10組 県営2A1-103,畑中二丁目,6,76-103,hatakenakakyuusinnpdf.pdf,畑中-58,high,
703,大字畑中577番地,畑中10組 県営2A1-104,畑中二丁目,6,76-104,hatakenakakyuusinnpdf.pdf,畑中-58,high,
704,大字畑中577番地,畑中10組 県営2A1-105,畑中二丁目,6,76-105,hatakenakakyuusinnpdf.pdf,畑中-58,high,
705,大字畑中577番地,畑中10組 県営2A1-201,畑中二丁目,6,76-201,hatakenakakyuusinnpdf.pdf,畑中-58,high,
706,大字畑中577番地,畑中10組 県営2A1-202,畑中二丁目,6,76-202,hatakenakakyuusinnpdf.pdf,畑中-58,high,
707,大字畑中577番地,畑中10組 県営2A1-203,畑中二丁目,6,76-203,hatakenakakyuusinnpdf.pdf,畑中-59,high,
708,大字畑中577番地,畑中10組 県営2A1-204,畑中二丁目,6,76-204,hatakenakakyuusinnpdf.pdf,畑中-59,high,
709,大字畑中577番地,畑中10組 県営2A1-301,畑中二丁目,6,76-301,hatakenakakyuusinnpdf.pdf,畑中-59,high,
710,大字畑中577番地,畑中10組 県営2A1-302,畑中二丁目,6,76-302,hatakenakakyuusinnpdf.pdf,畑中-59,high,
711,大字畑中577番地,畑中10組 県営2A1-303,畑中二丁目,6,76-303,hatakenakakyuusinnpdf.pdf,畑中-59,high,
712,大字畑中577番地,畑中10組 県営2A1-304,畑中二丁目,6,76-304,hatakenakakyuusinnpdf.pdf,畑中-59,high,
713,大字畑中577番地,畑中10組 県営2A1-401,畑中二丁目,6,76-401,hatakenakakyuusinnpdf.pdf,畑中-59,high,
714,大字畑中577番地,畑中10組 県営2A1-402,畑中二丁目,6,76-402,hatakenakakyuusinnpdf.pdf,畑中-59,high,
715,大字畑中577番地,畑中10組 県営2A1-403,畑中二丁目,6,76-403,hatakenakakyuusinnpdf.pdf,畑中-59,high,
716,大字畑中577番地,畑中10組 県営2A1-404,畑中二丁目,6,76-404,hatakenakakyuusinnpdf.pdf,畑中-59,high,
717,大字畑中578番地の1,畑中8組の3,畑中二丁目,6,32,hatakenakakyuusinnpdf.pdf,畑中-59,high,
718,大字畑中579番地の1,畑中8組の3,畑中二丁目,6,30,hatakenakakyuusinnpdf.pdf,畑中-59,high,資料上2回出現
719,大字畑中580番地の3,畑中8組の3,畑中二丁目,6,26,hatakenakakyuusinnpdf.pdf,畑中-60,high,
720,大字畑中580番地の3,畑中8組の3,畑中二丁目,6,28,hatakenakakyuusinnpdf.pdf,畑中-60,high,
721,大字畑中581番地の1,畑中8組の4の1,畑中二丁目,6,23,hatakenakakyuusinnpdf.pdf,畑中-60,high,資料上3回出現
722,大字畑中582番地,畑中8組の4の1,畑中二丁目,6,17,hatakenakakyuusinnpdf.pdf,畑中-60,high,
723,大字畑中583番地,畑中8組の4の1,畑中二丁目,6,20,hatakenakakyuusinnpdf.pdf,畑中-60,high,
724,大字畑中583番地,畑中8組の4の1,畑中二丁目,6,21,hatakenakakyuusinnpdf.pdf,畑中-60,high,資料上2回出現
725,大字畑中583番地の2,畑中8組の4の1,畑中二丁目,6,19,hatakenakakyuusinnpdf.pdf,畑中-60,high,
726,大字畑中585番地の2,畑中8組の3,畑中二丁目,6,80,hatakenakakyuusinnpdf.pdf,畑中-60,high,資料上2回出現
727,大字畑中585番地の2,畑中8組の3,畑中一丁目,6,10,hatakenakakyuusinnpdf.pdf,畑中-60,high,
728,大字畑中585番地の3,畑中8組の3,畑中二丁目,6,24,hatakenakakyuusinnpdf.pdf,畑中-61,high,
729,大字畑中586番地の2,畑中8組の3,畑中二丁目,6,82,hatakenakakyuusinnpdf.pdf,畑中-61,high,
730,大字畑中587番地の2,畑中8組の3,畑中二丁目,6,77,hatakenakakyuusinnpdf.pdf,畑中-61,high,
731,大字畑中587番地の3,畑中8組の3,畑中二丁目,6,78,hatakenakakyuusinnpdf.pdf,畑中-61,high,
732,大字畑中587番地の4,畑中8組の3,畑中二丁目,6,79,hatakenakakyuusinnpdf.pdf,畑中-61,high,
733,大字畑中590番地,畑中8組の4の1,畑中二丁目,6,84,hatakenakakyuusinnpdf.pdf,畑中-61,high,資料上2回出現
734,大字畑中593番地,畑中8組の10の1,畑中二丁目,3,18,hatakenakakyuusinnpdf.pdf,畑中-61,high,
735,大字畑中593番地,畑中8組の10の1,畑中二丁目,3,16,hatakenakakyuusinnpdf.pdf,畑中-61,high,
736,大字畑中593番地,畑中8組の10の1 いなみ荘15,畑中二丁目,3,13,hatakenakakyuusinnpdf.pdf,畑中-61,high,
737,大字畑中593番地,畑中8組の10の1 いなみ荘18,畑中二丁目,3,13,hatakenakakyuusinnpdf.pdf,畑中-61,high,
738,大字畑中593番地,畑中8組の10の1 いなみ荘20,畑中二丁目,3,13,hatakenakakyuusinnpdf.pdf,畑中-61,high,
739,大字畑中593番地,畑中8組の10の1 いなみ荘6,畑中二丁目,3,12,hatakenakakyuusinnpdf.pdf,畑中-61,high,
740,大字畑中593番地の4,畑中8組の10の1 いなみ荘1,畑中二丁目,3,12,hatakenakakyuusinnpdf.pdf,畑中-62,high,
741,大字畑中593番地の4,畑中8組の10の1 いなみ荘10,畑中二丁目,3,12,hatakenakakyuusinnpdf.pdf,畑中-62,high,
742,大字畑中593番地の4,畑中8組の10の1 いなみ荘11,畑中二丁目,3,13,hatakenakakyuusinnpdf.pdf,畑中-62,high,
743,大字畑中593番地の4,畑中8組の10の1 いなみ荘12,畑中二丁目,3,13,hatakenakakyuusinnpdf.pdf,畑中-62,high,
744,大字畑中593番地の4,畑中8組の10の1 いなみ荘13,畑中二丁目,3,13,hatakenakakyuusinnpdf.pdf,畑中-62,high,資料上2回出現
745,大字畑中593番地の4,畑中8組の10の1 いなみ荘16,畑中二丁目,3,13,hatakenakakyuusinnpdf.pdf,畑中-62,high,
746,大字畑中593番地の4,畑中8組の10の1 いなみ荘17,畑中二丁目,3,13,hatakenakakyuusinnpdf.pdf,畑中-62,high,
747,大字畑中593番地の4,畑中8組の10の1 いなみ荘2,畑中二丁目,3,12,hatakenakakyuusinnpdf.pdf,畑中-62,high,
748,大字畑中593番地の4,畑中8組の10の1 いなみ荘3,畑中二丁目,3,12,hatakenakakyuusinnpdf.pdf,畑中-62,high,
749,大字畑中593番地の4,畑中8組の10の1 いなみ荘5,畑中二丁目,3,12,hatakenakakyuusinnpdf.pdf,畑中-62,high,
750,大字畑中593番地の4,畑中8組の10の1 いなみ荘7,畑中二丁目,3,12,hatakenakakyuusinnpdf.pdf,畑中-62,high,
751,大字畑中593番地の4,畑中8組の10の1 いなみ荘8,畑中二丁目,3,12,hatakenakakyuusinnpdf.pdf,畑中-62,high,
752,大字畑中593番地の8,畑中8組の10の1,畑中二丁目,3,17,hatakenakakyuusinnpdf.pdf,畑中-63,high,
753,大字畑中593番地の8,畑中8組の10の1 ｾﾋﾟｱｺｰﾄⅠ101,畑中二丁目,3,6,hatakenakakyuusinnpdf.pdf,畑中-63,high,
754,大字畑中593番地の8,畑中8組の10の1 ｾﾋﾟｱｺｰﾄⅠ102,畑中二丁目,3,6,hatakenakakyuusinnpdf.pdf,畑中-63,high,
755,大字畑中593番地の8,畑中8組の10の1 ｾﾋﾟｱｺｰﾄⅠ201,畑中二丁目,3,6,hatakenakakyuusinnpdf.pdf,畑中-63,high,
756,大字畑中593番地の8,畑中8組の10の1 ｾﾋﾟｱｺｰﾄⅠ202,畑中二丁目,3,6,hatakenakakyuusinnpdf.pdf,畑中-63,high,
757,大字畑中593番地の8,畑中8組の10の1 ｾﾋﾟｱｺｰﾄⅡ101,畑中二丁目,3,7,hatakenakakyuusinnpdf.pdf,畑中-63,high,
758,大字畑中593番地の8,畑中8組の10の1 ｾﾋﾟｱｺｰﾄⅡ102,畑中二丁目,3,7,hatakenakakyuusinnpdf.pdf,畑中-63,high,
759,大字畑中593番地の8,畑中8組の10の1 ｾﾋﾟｱｺｰﾄⅡ201,畑中二丁目,3,7,hatakenakakyuusinnpdf.pdf,畑中-63,high,資料上3回出現
760,大字畑中593番地の8,畑中8組の10の1 ｾﾋﾟｱｺｰﾄⅡ202,畑中二丁目,3,7,hatakenakakyuusinnpdf.pdf,畑中-63,high,
761,大字畑中593番地の9,畑中8組の10の2,畑中二丁目,4,29,hatakenakakyuusinnpdf.pdf,畑中-63,high,
762,大字畑中593番地の11,,畑中二丁目,4,1,hatakenakakyuusinnpdf.pdf,畑中-63,high,資料上2回出現
763,大字畑中593番地の11,畑中8組の17 畑中ﾊｲﾂ201,畑中二丁目,4,1-201,hatakenakakyuusinnpdf.pdf,畑中-64,high,
764,大字畑中593番地の11,畑中8組の17 畑中ﾊｲﾂ202,畑中二丁目,4,1-202,hatakenakakyuusinnpdf.pdf,畑中-64,high,
765,大字畑中593番地の11,畑中8組の17 畑中ﾊｲﾂ203,畑中二丁目,4,1-203,hatakenakakyuusinnpdf.pdf,畑中-64,high,
766,大字畑中593番地の11,畑中8組の17 畑中ﾊｲﾂ301,畑中二丁目,4,1-301,hatakenakakyuusinnpdf.pdf,畑中-64,high,
767,大字畑中593番地の11,畑中8組の17 畑中ﾊｲﾂ302,畑中二丁目,4,1-302,hatakenakakyuusinnpdf.pdf,畑中-64,high,
768,大字畑中593番地の11,畑中8組の17 畑中ﾊｲﾂ303,畑中二丁目,4,1-303,hatakenakakyuusinnpdf.pdf,畑中-64,high,
769,大字畑中593番地の11,畑中8組の17 畑中ﾊｲﾂ401,畑中二丁目,4,1-401,hatakenakakyuusinnpdf.pdf,畑中-64,high,
770,大字畑中593番地の11,畑中8組の17 畑中ﾊｲﾂ402,畑中二丁目,4,1-402,hatakenakakyuusinnpdf.pdf,畑中-64,high,
771,大字畑中593番地の11,畑中8組の17 畑中ﾊｲﾂ403,畑中二丁目,4,1-403,hatakenakakyuusinnpdf.pdf,畑中-64,high,
772,大字畑中593番地の11,畑中8組の17 畑中ﾊｲﾂ501,畑中二丁目,4,1-501,hatakenakakyuusinnpdf.pdf,畑中-64,high,
773,大字畑中593番地の11,畑中8組の17 畑中ﾊｲﾂ502,畑中二丁目,4,1-502,hatakenakakyuusinnpdf.pdf,畑中-64,high,
774,大字畑中593番地の11,畑中8組の17 畑中ﾊｲﾂ503,畑中二丁目,4,1-503,hatakenakakyuusinnpdf.pdf,畑中-64,high,資料上2回出現
775,大字畑中593番地の11,畑中8組の17 畑中ﾊｲﾂ601,畑中二丁目,4,1-601,hatakenakakyuusinnpdf.pdf,畑中-65,high,
776,大字畑中593番地の11,畑中8組の17 畑中ﾊｲﾂ602,畑中二丁目,4,1-602,hatakenakakyuusinnpdf.pdf,畑中-65,high,
777,大字畑中593番地の11,畑中8組の17 畑中ﾊｲﾂ603,畑中二丁目,4,1-603,hatakenakakyuusinnpdf.pdf,畑中-65,high,
778,大字畑中593番地の11,畑中8組の17 畑中ﾊｲﾂ701,畑中二丁目,4,1-701,hatakenakakyuusinnpdf.pdf,畑中-65,high,
779,大字畑中593番地の11,畑中8組の17 畑中ﾊｲﾂ702,畑中二丁目,4,1-702,hatakenakakyuusinnpdf.pdf,畑中-65,high,
780,大字畑中593番地の11,畑中8組の17 畑中ﾊｲﾂ801,畑中二丁目,4,1-801,hatakenakakyuusinnpdf.pdf,畑中-65,high,
781,大字畑中593番地の11,畑中8組の17 畑中ﾊｲﾂ802,畑中二丁目,4,1-802,hatakenakakyuusinnpdf.pdf,畑中-65,high,
782,大字畑中593番地の11,畑中8組の17 畑中ﾊｲﾂ901,畑中二丁目,4,1-901,hatakenakakyuusinnpdf.pdf,畑中-65,high,
783,大字畑中593番地の11,畑中8組の17 畑中ﾊｲﾂ902,畑中二丁目,4,1-902,hatakenakakyuusinnpdf.pdf,畑中-65,high,
784,大字畑中593番地の20,畑中8組の10の2,畑中二丁目,4,25,hatakenakakyuusinnpdf.pdf,畑中-65,high,資料上2回出現
785,大字畑中607番地の2,畑中8組の10の4 karin畑中Ⅰ101,畑中二丁目,2,14-101,hatakenakakyuusinnpdf.pdf,畑中-65,high,
786,大字畑中607番地の2,畑中8組の10の4 ﾌｫﾚｽﾄ2-102,畑中二丁目,2,14-102,hatakenakakyuusinnpdf.pdf,畑中-66,high,
787,大字畑中607番地の2,畑中8組の10の4 ﾌｫﾚｽﾄ2-103,畑中二丁目,2,14-103,hatakenakakyuusinnpdf.pdf,畑中-66,high,
788,大字畑中607番地の2,畑中8組の10の4 ﾌｫﾚｽﾄ2-104,畑中二丁目,2,14-104,hatakenakakyuusinnpdf.pdf,畑中-66,high,
789,大字畑中607番地の2,畑中8組の10の4 第2森ﾋﾞﾙ201,畑中二丁目,2,14-201,hatakenakakyuusinnpdf.pdf,畑中-66,high,
790,大字畑中607番地の2,畑中8組の10の4 karin畑中202,畑中二丁目,2,14-202,hatakenakakyuusinnpdf.pdf,畑中-66,high,
791,大字畑中607番地の2,畑中8組の10の4 第2森ﾋﾞﾙ203,畑中二丁目,2,14-203,hatakenakakyuusinnpdf.pdf,畑中-66,high,
792,大字畑中607番地の2,畑中8組の10の4 第2森ﾋﾞﾙ204,畑中二丁目,2,14-204,hatakenakakyuusinnpdf.pdf,畑中-66,high,
793,大字畑中607番地の2,畑中8組の10の4 第2森ﾋﾞﾙ301,畑中二丁目,2,14-301,hatakenakakyuusinnpdf.pdf,畑中-66,high,
794,大字畑中607番地の2,畑中8組の10の4 第2森ﾋﾞﾙ302,畑中二丁目,2,14-302,hatakenakakyuusinnpdf.pdf,畑中-66,high,
795,大字畑中607番地の2,畑中8組の10の4 第2森ﾋﾞﾙ303,畑中二丁目,2,14-303,hatakenakakyuusinnpdf.pdf,畑中-66,high,
796,大字畑中607番地の2,畑中8組の10の4 第2森ﾋﾞﾙ304,畑中二丁目,2,14-304,hatakenakakyuusinnpdf.pdf,畑中-66,high,
797,大字畑中607番地の2,畑中8組の10の4 第2森ﾋﾞﾙ401,畑中二丁目,2,14-401,hatakenakakyuusinnpdf.pdf,畑中-66,high,
798,大字畑中607番地の2,畑中8組の10の4 第2森ﾋﾞﾙ402,畑中二丁目,2,14-402,hatakenakakyuusinnpdf.pdf,畑中-66,high,
799,大字畑中607番地の2,畑中8組の10の4 第2森ﾋﾞﾙ403,畑中二丁目,2,14-403,hatakenakakyuusinnpdf.pdf,畑中-67,high,
800,大字畑中607番地の2,畑中8組の10の4 第2森ﾋﾞﾙ404,畑中二丁目,2,14-404,hatakenakakyuusinnpdf.pdf,畑中-67,high,
801,大字畑中607番地の2,畑中8組の10の4 第3森ﾋﾞﾙ101,畑中二丁目,2,22-101,hatakenakakyuusinnpdf.pdf,畑中-67,high,
802,大字畑中607番地の2,畑中8組の10の4 ﾌｫﾚｽﾄ3-102,畑中二丁目,2,22-102,hatakenakakyuusinnpdf.pdf,畑中-67,high,
803,大字畑中607番地の2,畑中8組の10の4 第3森ﾋﾞﾙ103,畑中二丁目,2,22-103,hatakenakakyuusinnpdf.pdf,畑中-67,high,
804,大字畑中607番地の2,畑中8組の10の4 第3森ﾋﾞﾙ104,畑中二丁目,2,22-104,hatakenakakyuusinnpdf.pdf,畑中-67,high,
805,大字畑中607番地の2,畑中8組の10の4 ﾌｫﾚｽﾄ3-201,畑中二丁目,2,22-201,hatakenakakyuusinnpdf.pdf,畑中-67,high,
806,大字畑中607番地の2,畑中8組の10の4 第3森ﾋﾞﾙ202,畑中二丁目,2,22-202,hatakenakakyuusinnpdf.pdf,畑中-67,high,
807,大字畑中607番地の2,畑中8組の10の4 第3森ﾋﾞﾙ203,畑中二丁目,2,22-203,hatakenakakyuusinnpdf.pdf,畑中-67,high,
808,大字畑中607番地の2,畑中8組の10の4 第3森ﾋﾞﾙ204,畑中二丁目,2,22-204,hatakenakakyuusinnpdf.pdf,畑中-67,high,
809,大字畑中607番地の2,畑中8組の10の4 第3森ﾋﾞﾙ301,畑中二丁目,2,22-301,hatakenakakyuusinnpdf.pdf,畑中-67,high,
810,大字畑中607番地の2,畑中8組の10の4 第3森ﾋﾞﾙ302,畑中二丁目,2,22-302,hatakenakakyuusinnpdf.pdf,畑中-67,high,
811,大字畑中607番地の2,畑中8組の10の4 第3森ﾋﾞﾙ303,畑中二丁目,2,22-303,hatakenakakyuusinnpdf.pdf,畑中-67,high,
812,大字畑中607番地の2,畑中8組の10の4 第3森ﾋﾞﾙ304,畑中二丁目,2,22-304,hatakenakakyuusinnpdf.pdf,畑中-68,high,
813,大字畑中607番地の2,畑中8組の10の4 ﾌｫﾚｽﾄ3-401,畑中二丁目,2,22-401,hatakenakakyuusinnpdf.pdf,畑中-68,high,
814,大字畑中607番地の2,畑中8組の10の4 ﾌｫﾚｽﾄ3-402,畑中二丁目,2,22-402,hatakenakakyuusinnpdf.pdf,畑中-68,high,
815,大字畑中607番地の2,畑中8組の10の4 第3森ﾋﾞﾙ403,畑中二丁目,2,22-403,hatakenakakyuusinnpdf.pdf,畑中-68,high,
816,大字畑中607番地の2,畑中8組の10の4 第3森ﾋﾞﾙ404,畑中二丁目,2,22-404,hatakenakakyuusinnpdf.pdf,畑中-68,high,
817,大字畑中607番地の3,,畑中二丁目,2,34,hatakenakakyuusinnpdf.pdf,畑中-68,high,
818,大字畑中607番地の3,畑中8組の13,畑中二丁目,2,34,hatakenakakyuusinnpdf.pdf,畑中-68,high,
819,大字畑中607番地の6,畑中8組の10の1,畑中二丁目,2,32,hatakenakakyuusinnpdf.pdf,畑中-68,high,資料上2回出現
820,大字畑中607番地の10,畑中8組の10の2,畑中二丁目,2,24,hatakenakakyuusinnpdf.pdf,畑中-68,high,
821,大字畑中607番地の11,畑中8組の13,畑中二丁目,2,25,hatakenakakyuusinnpdf.pdf,畑中-68,high,
822,大字畑中607番地の18,畑中8組の10の2,畑中二丁目,2,16,hatakenakakyuusinnpdf.pdf,畑中-68,high,
823,大字畑中607番地の28,畑中8組の13 かわの荘113,畑中二丁目,2,27,hatakenakakyuusinnpdf.pdf,畑中-69,high,
824,大字畑中607番地の28,畑中8組の13 第2かわの荘115,畑中二丁目,2,27,hatakenakakyuusinnpdf.pdf,畑中-69,high,
825,大字畑中607番地の28,畑中8組の13 第2かわの荘116,畑中二丁目,2,27,hatakenakakyuusinnpdf.pdf,畑中-69,high,
826,大字畑中607番地の28,畑中8組の13 かわの荘117,畑中二丁目,2,27,hatakenakakyuusinnpdf.pdf,畑中-69,high,
827,大字畑中607番地の28,畑中8組の13 第2かわの荘118,畑中二丁目,2,27,hatakenakakyuusinnpdf.pdf,畑中-69,high,
828,大字畑中607番地の28,畑中8組の13 かわの荘120,畑中二丁目,2,27,hatakenakakyuusinnpdf.pdf,畑中-69,high,
829,大字畑中607番地の28,畑中8組の13 かわの荘121,畑中二丁目,2,27,hatakenakakyuusinnpdf.pdf,畑中-69,high,
830,大字畑中607番地の28,畑中8組の13 第2かわの荘122,畑中二丁目,2,27,hatakenakakyuusinnpdf.pdf,畑中-69,high,
831,大字畑中607番地の28,畑中8組の13 第2かわの荘211,畑中二丁目,2,27,hatakenakakyuusinnpdf.pdf,畑中-69,high,
832,大字畑中607番地の28,畑中8組の13 第2かわの荘212,畑中二丁目,2,27,hatakenakakyuusinnpdf.pdf,畑中-69,high,
833,大字畑中607番地の28,畑中8組の13 第2かわの荘213,畑中二丁目,2,27,hatakenakakyuusinnpdf.pdf,畑中-69,high,
834,大字畑中607番地の28,畑中8組の13 第2かわの荘215,畑中二丁目,2,27,hatakenakakyuusinnpdf.pdf,畑中-69,high,
835,大字畑中607番地の28,畑中8組の13 第2かわの荘216,畑中二丁目,2,27,hatakenakakyuusinnpdf.pdf,畑中-69,high,
836,大字畑中607番地の28,畑中8組の13 かわの荘217,畑中二丁目,2,27,hatakenakakyuusinnpdf.pdf,畑中-70,high,
837,大字畑中607番地の28,畑中8組の13 第2かわの荘218,畑中二丁目,2,27,hatakenakakyuusinnpdf.pdf,畑中-70,high,
838,大字畑中607番地の28,畑中8組の13 第2かわの荘220,畑中二丁目,2,27,hatakenakakyuusinnpdf.pdf,畑中-70,high,
839,大字畑中607番地の28,畑中8組の13 第2かわの荘221,畑中二丁目,2,27,hatakenakakyuusinnpdf.pdf,畑中-70,high,
840,大字畑中607番地の28,畑中8組の13 かわの荘222,畑中二丁目,2,27,hatakenakakyuusinnpdf.pdf,畑中-70,high,
841,大字畑中607番地の28,畑中8組の13 かわの荘37,畑中二丁目,2,34,hatakenakakyuusinnpdf.pdf,畑中-70,high,
842,大字畑中607番地の28,畑中8組の13 かわの荘38,畑中二丁目,2,34,hatakenakakyuusinnpdf.pdf,畑中-70,high,
843,大字畑中607番地の30,畑中8組の10の1,畑中二丁目,2,28,hatakenakakyuusinnpdf.pdf,畑中-70,high,資料上2回出現
844,大字畑中658番地の1,畑中8組の14 P-BOXbuilding301,畑中二丁目,2,5-301,hatakenakakyuusinnpdf.pdf,畑中-70,high,
845,大字畑中658番地の1,畑中8組の14 P-BOXbuilding302,畑中二丁目,2,5-302,hatakenakakyuusinnpdf.pdf,畑中-70,high,
846,大字畑中658番地の1,畑中8組の14 ﾋﾞｸﾄﾘｰﾊｲﾂ303,畑中二丁目,2,5-303,hatakenakakyuusinnpdf.pdf,畑中-70,high,
847,大字畑中658番地の1,畑中8組の14 P-BOXbuilding305,畑中二丁目,2,5-305,hatakenakakyuusinnpdf.pdf,畑中-70,high,
848,大字畑中658番地の1,畑中8組の14 ﾋﾞｸﾄﾘｰﾊｲﾂ306,畑中二丁目,2,5-306,hatakenakakyuusinnpdf.pdf,畑中-71,high,
849,大字畑中658番地の1,畑中8組の14 ﾋﾞｸﾄﾘｰﾊｲﾂ307,畑中二丁目,2,5-307,hatakenakakyuusinnpdf.pdf,畑中-71,high,
850,大字畑中658番地の1,畑中8組の14 P-BOXbuilding308,畑中二丁目,2,5-308,hatakenakakyuusinnpdf.pdf,畑中-71,high,
851,大字畑中658番地の1,畑中8組の14 P-BOXbuilding310,畑中二丁目,2,5-310,hatakenakakyuusinnpdf.pdf,畑中-71,high,
852,大字畑中658番地の1,畑中8組の14 ﾋﾞｸﾄﾘｰﾊｲﾂ311,畑中二丁目,2,5-311,hatakenakakyuusinnpdf.pdf,畑中-71,high,
853,大字畑中658番地の1,畑中8組の14 P-BOXbuilding312,畑中二丁目,2,5-312,hatakenakakyuusinnpdf.pdf,畑中-71,high,
854,大字畑中658番地の1,畑中8組の14 P-BOXbuilding401,畑中二丁目,2,5-401,hatakenakakyuusinnpdf.pdf,畑中-71,high,
855,大字畑中658番地の1,畑中8組の14 P-BOXbuilding402,畑中二丁目,2,5-402,hatakenakakyuusinnpdf.pdf,畑中-71,high,
856,大字畑中658番地の1,畑中8組の14 P-BOXbuilding403,畑中二丁目,2,5-403,hatakenakakyuusinnpdf.pdf,畑中-71,high,
857,大字畑中658番地の1,畑中8組の14 P-BOXbuilding405,畑中二丁目,2,5-405,hatakenakakyuusinnpdf.pdf,畑中-71,high,
858,大字畑中658番地の1,畑中8組の14 P-BOXbuilding406,畑中二丁目,2,5-406,hatakenakakyuusinnpdf.pdf,畑中-71,high,
859,大字畑中658番地の1,畑中8組の14 ﾋﾞｸﾄﾘｰﾊｲﾂ407,畑中二丁目,2,5-407,hatakenakakyuusinnpdf.pdf,畑中-71,high,
860,大字畑中658番地の1,畑中8組の14 P-BOXbuilding408,畑中二丁目,2,5-408,hatakenakakyuusinnpdf.pdf,畑中-71,high,
861,大字畑中658番地の1,畑中8組の14 P-BOXbuilding410,畑中二丁目,2,5-410,hatakenakakyuusinnpdf.pdf,畑中-72,high,
862,大字畑中658番地の1,畑中8組の14 ﾋﾞｸﾄﾘｰﾊｲﾂ411,畑中二丁目,2,5-411,hatakenakakyuusinnpdf.pdf,畑中-72,high,
863,大字畑中658番地の1,畑中8組の14 P-BOXbuilding412,畑中二丁目,2,5-412,hatakenakakyuusinnpdf.pdf,畑中-72,high,
864,大字畑中658番地の1,畑中8組の14 P-BOXbuilding413,畑中二丁目,2,5-413,hatakenakakyuusinnpdf.pdf,畑中-72,high,
865,大字畑中658番地の1,畑中8組の14 P-BOXbuilding501,畑中二丁目,2,5-501,hatakenakakyuusinnpdf.pdf,畑中-72,high,
866,大字畑中658番地の1,畑中8組の14 P-BOXbuilding502,畑中二丁目,2,5-502,hatakenakakyuusinnpdf.pdf,畑中-72,high,
867,大字畑中658番地の1,畑中8組の14 P-BOXbuilding503,畑中二丁目,2,5-503,hatakenakakyuusinnpdf.pdf,畑中-72,high,
868,大字畑中658番地の1,畑中8組の14 P-BOXbuilding505,畑中二丁目,2,5-505,hatakenakakyuusinnpdf.pdf,畑中-72,high,
869,大字畑中658番地の1,畑中8組の14 P-BOXbuilding506,畑中二丁目,2,5-506,hatakenakakyuusinnpdf.pdf,畑中-72,high,
870,大字畑中658番地の1,畑中8組の14 ﾋﾞｸﾄﾘｰﾊｲﾂ507,畑中二丁目,2,5-507,hatakenakakyuusinnpdf.pdf,畑中-72,high,
871,大字畑中658番地の1,畑中8組の14 P-BOXbuilding508,畑中二丁目,2,5-508,hatakenakakyuusinnpdf.pdf,畑中-72,high,
872,大字畑中658番地の1,畑中8組の14 P-BOXbuilding510,畑中二丁目,2,5-510,hatakenakakyuusinnpdf.pdf,畑中-72,high,
873,大字畑中658番地の1,畑中8組の14 P-BOXbuilding511,畑中二丁目,2,5-511,hatakenakakyuusinnpdf.pdf,畑中-72,high,
874,大字畑中658番地の1,畑中8組の14 P-BOXbuilding512,畑中二丁目,2,5-512,hatakenakakyuusinnpdf.pdf,畑中-73,high,
875,大字畑中658番地の1,畑中8組の14 P-BOXbuilding513,畑中二丁目,2,5-513,hatakenakakyuusinnpdf.pdf,畑中-73,high,
876,大字畑中659番地の1,畑中8組の16 第5豊成ﾋﾞﾙ201,畑中二丁目,2,1-201,hatakenakakyuusinnpdf.pdf,畑中-73,high,
877,大字畑中659番地の1,畑中8組の16 第5豊成ﾋﾞﾙ202,畑中二丁目,2,1-202,hatakenakakyuusinnpdf.pdf,畑中-73,high,
878,大字畑中659番地の1,畑中8組の16 第5豊成ﾋﾞﾙ203,畑中二丁目,2,1-203,hatakenakakyuusinnpdf.pdf,畑中-73,high,
879,大字畑中659番地の1,畑中8組の16 第5豊成ﾋﾞﾙ205,畑中二丁目,2,1-205,hatakenakakyuusinnpdf.pdf,畑中-73,high,
880,大字畑中659番地の1,畑中8組の16 第5豊成ﾋﾞﾙ206,畑中二丁目,2,1-206,hatakenakakyuusinnpdf.pdf,畑中-73,high,
881,大字畑中659番地の1,畑中8組の16 第5豊成ﾋﾞﾙ301,畑中二丁目,2,1-301,hatakenakakyuusinnpdf.pdf,畑中-73,high,
882,大字畑中659番地の1,畑中8組の16 第5豊成ﾋﾞﾙ302,畑中二丁目,2,1-302,hatakenakakyuusinnpdf.pdf,畑中-73,high,
883,大字畑中659番地の1,畑中8組の16 第5豊成ﾋﾞﾙ303,畑中二丁目,2,1-303,hatakenakakyuusinnpdf.pdf,畑中-73,high,
884,大字畑中659番地の1,畑中8組の16 第5豊成ﾋﾞﾙ305,畑中二丁目,2,1-305,hatakenakakyuusinnpdf.pdf,畑中-73,high,
885,大字畑中659番地の1,畑中8組の16 第5豊成ﾋﾞﾙ306,畑中二丁目,2,1-306,hatakenakakyuusinnpdf.pdf,畑中-73,high,
886,大字畑中670-6,,畑中一丁目,2,38,hatakenakakyuusinnpdf.pdf,畑中-74,high,
887,大字畑中685番地の1,,畑中二丁目,1,31,hatakenakakyuusinnpdf.pdf,畑中-74,high,
888,大字畑中685番地の1,,畑中二丁目,1,32,hatakenakakyuusinnpdf.pdf,畑中-74,high,
889,大字畑中685番地の1,,畑中二丁目,1,33,hatakenakakyuusinnpdf.pdf,畑中-74,high,
890,大字畑中685番地の7,畑中8組の10の1,畑中二丁目,1,34,hatakenakakyuusinnpdf.pdf,畑中-74,high,
891,大字畑中687番地の1,畑中8組の16 ﾄﾖﾅﾘ98ﾋﾞﾙ101,畑中二丁目,1,6-101,hatakenakakyuusinnpdf.pdf,畑中-74,high,
892,大字畑中687番地の1,畑中8組の16 ﾄﾖﾅﾘ98ﾋﾞﾙ102,畑中二丁目,1,6-102,hatakenakakyuusinnpdf.pdf,畑中-74,high,
893,大字畑中687番地の1,畑中8組の16 ﾄﾖﾅﾘ98ﾋﾞﾙ201,畑中二丁目,1,6-201,hatakenakakyuusinnpdf.pdf,畑中-74,high,
894,大字畑中687番地の1,畑中8組の16 ﾄﾖﾅﾘ98ﾋﾞﾙ202,畑中二丁目,1,6-202,hatakenakakyuusinnpdf.pdf,畑中-74,high,
895,大字畑中687番地の1,畑中8組の16 ﾄﾖﾅﾘ98ﾋﾞﾙ203,畑中二丁目,1,6-203,hatakenakakyuusinnpdf.pdf,畑中-74,high,
896,大字畑中687番地の1,畑中8組の16 ﾄﾖﾅﾘ98ﾋﾞﾙ205,畑中二丁目,1,6-205,hatakenakakyuusinnpdf.pdf,畑中-74,high,
897,大字畑中687番地の1,畑中8組の16 ﾄﾖﾅﾘ98ﾋﾞﾙ301,畑中二丁目,1,6-301,hatakenakakyuusinnpdf.pdf,畑中-74,high,
898,大字畑中687番地の1,畑中8組の16 ﾄﾖﾅﾘ98ﾋﾞﾙ302,畑中二丁目,1,6-302,hatakenakakyuusinnpdf.pdf,畑中-74,high,
899,大字畑中687番地の1,ﾄﾖﾅﾘ98ﾋﾞﾙ303,畑中二丁目,1,6-303,hatakenakakyuusinnpdf.pdf,畑中-75,high,
900,大字畑中687番地の1,畑中8組の16 ﾄﾖﾅﾘ98ﾋﾞﾙ305,畑中二丁目,1,6-305,hatakenakakyuusinnpdf.pdf,畑中-75,high,
901,大字畑中691番地の2,,畑中一丁目,5,3,hatakenakakyuusinnpdf.pdf,畑中-75,high,
902,大字畑中692番地,畑中8組の10の1 ｾｼﾞｭｰﾙ生野101,畑中二丁目,1,28,hatakenakakyuusinnpdf.pdf,畑中-75,high,
903,大字畑中692番地,畑中8組の10の1 ｾｼﾞｭｰﾙ生野102,畑中二丁目,1,28,hatakenakakyuusinnpdf.pdf,畑中-75,high,
904,大字畑中692番地,畑中8組の10の1 ｾｼﾞｭｰﾙ生野103,畑中二丁目,1,28,hatakenakakyuusinnpdf.pdf,畑中-75,high,
905,大字畑中692番地,畑中8組の10の1 ｾｼﾞｭｰﾙ生野201,畑中二丁目,1,28,hatakenakakyuusinnpdf.pdf,畑中-75,high,
906,大字畑中692番地,畑中8組の10の1 ｾｼﾞｭｰﾙ生野202,畑中二丁目,1,28,hatakenakakyuusinnpdf.pdf,畑中-75,high,
907,大字畑中692番地,畑中8組の10の1 ｾｼﾞｭｰﾙ生野203,畑中二丁目,1,28,hatakenakakyuusinnpdf.pdf,畑中-75,high,
908,大字畑中697番地,畑中8組の10の1,畑中二丁目,1,11,hatakenakakyuusinnpdf.pdf,畑中-75,high,
909,大字畑中699番地,畑中8組の10の1,畑中二丁目,1,19,hatakenakakyuusinnpdf.pdf,畑中-75,high,
910,大字畑中700番地,,畑中二丁目,1,24,hatakenakakyuusinnpdf.pdf,畑中-75,high,
911,大字畑中700番地,畑中8組の10の1 ｺｰﾎﾟ河野201,畑中二丁目,1,24,hatakenakakyuusinnpdf.pdf,畑中-75,high,
912,大字畑中700番地,畑中8組の10の1 ｺｰﾎﾟ河野202,畑中二丁目,1,24,hatakenakakyuusinnpdf.pdf,畑中-76,high,
913,大字畑中700番地,畑中8組の10の1 ｺｰﾎﾟ河野301,畑中二丁目,1,24,hatakenakakyuusinnpdf.pdf,畑中-76,high,
914,大字畑中700番地,畑中8組の10の1 ｺｰﾎﾟ河野302,畑中二丁目,1,24,hatakenakakyuusinnpdf.pdf,畑中-76,high,
915,大字畑中701,,畑中二丁目,5,1,hatakenakakyuusinnpdf.pdf,畑中-76,high,
916,大字畑中701番地の5,畑中8組の10の3 県職員独身寮201,畑中二丁目,3,1,hatakenakakyuusinnpdf.pdf,畑中-76,high,
917,大字畑中701番地の5,畑中8組の10の3 県職員独身寮301,畑中二丁目,3,1,hatakenakakyuusinnpdf.pdf,畑中-76,high,
918,大字畑中701番地の5,畑中8組の10の3 県職員独身寮305,畑中二丁目,3,1,hatakenakakyuusinnpdf.pdf,畑中-76,high,
919,大字畑中701番地の5,畑中8組の10の3 県職員独身寮307,畑中二丁目,3,1,hatakenakakyuusinnpdf.pdf,畑中-76,high,
920,大字畑中701番地の5,畑中8組の10の3 県職員独身寮310,畑中二丁目,3,1,hatakenakakyuusinnpdf.pdf,畑中-76,high,
921,大字畑中701番地の5,畑中8組の10の3 県職員住宅101,畑中二丁目,3,4-101,hatakenakakyuusinnpdf.pdf,畑中-76,high,
922,大字畑中701番地の5,畑中8組の10の3 県職員住宅102,畑中二丁目,3,4-102,hatakenakakyuusinnpdf.pdf,畑中-76,high,
923,大字畑中701番地の5,畑中8組の10の3 県職員住宅103,畑中二丁目,3,4-103,hatakenakakyuusinnpdf.pdf,畑中-76,high,
924,大字畑中701番地の5,畑中8組の10の3 県職員住宅104,畑中二丁目,3,4-104,hatakenakakyuusinnpdf.pdf,畑中-76,high,
925,大字畑中701番地の5,畑中8組の10の3 県職員住宅105,畑中二丁目,3,4-105,hatakenakakyuusinnpdf.pdf,畑中-77,high,
926,大字畑中701番地の5,畑中8組の10の3 県職員住宅106,畑中二丁目,3,4-106,hatakenakakyuusinnpdf.pdf,畑中-77,high,資料上2回出現
927,大字畑中701番地の5,畑中8組の10の3 県職員住宅107,畑中二丁目,3,4-107,hatakenakakyuusinnpdf.pdf,畑中-77,high,
928,大字畑中701番地の5,畑中8組の10の3 県職員住宅108,畑中二丁目,3,4-108,hatakenakakyuusinnpdf.pdf,畑中-77,high,
929,大字畑中701番地の5,畑中8組の10の3 県職員住宅201,畑中二丁目,3,4-201,hatakenakakyuusinnpdf.pdf,畑中-77,high,
930,大字畑中701番地の5,畑中8組の10の3 県職員住宅202,畑中二丁目,3,4-202,hatakenakakyuusinnpdf.pdf,畑中-77,high,
931,大字畑中701番地の5,畑中8組の10の3 県職員住宅203,畑中二丁目,3,4-203,hatakenakakyuusinnpdf.pdf,畑中-77,high,
932,大字畑中701番地の5,畑中8組の10の3 県職員住宅204,畑中二丁目,3,4-204,hatakenakakyuusinnpdf.pdf,畑中-77,high,
933,大字畑中701番地の5,畑中8組の10の3 県職員住宅205,畑中二丁目,3,4-205,hatakenakakyuusinnpdf.pdf,畑中-77,high,
934,大字畑中701番地の5,畑中8組の10の3 県職員住宅206,畑中二丁目,3,4-206,hatakenakakyuusinnpdf.pdf,畑中-77,high,
935,大字畑中701番地の5,畑中8組の10の3 県職員住宅207,畑中二丁目,3,4-207,hatakenakakyuusinnpdf.pdf,畑中-77,high,
936,大字畑中701番地の5,畑中8組の10の3 県職員住宅208,畑中二丁目,3,4-208,hatakenakakyuusinnpdf.pdf,畑中-77,high,
937,大字畑中701番地の5,畑中8組の10の3 県職員住宅301,畑中二丁目,3,4-301,hatakenakakyuusinnpdf.pdf,畑中-78,high,
938,大字畑中701番地の5,畑中8組の10の3 県職員住宅302,畑中二丁目,3,4-302,hatakenakakyuusinnpdf.pdf,畑中-78,high,
939,大字畑中701番地の5,畑中8組の10の3 県職員住宅303,畑中二丁目,3,4-303,hatakenakakyuusinnpdf.pdf,畑中-78,high,
940,大字畑中701番地の5,畑中8組の10の3 県職員住宅304,畑中二丁目,3,4-304,hatakenakakyuusinnpdf.pdf,畑中-78,high,
941,大字畑中701番地の5,畑中8組の10の3 県職員住宅305,畑中二丁目,3,4-305,hatakenakakyuusinnpdf.pdf,畑中-78,high,
942,大字畑中701番地の5,畑中8組の10の3 県職員住宅306,畑中二丁目,3,4-306,hatakenakakyuusinnpdf.pdf,畑中-78,high,
943,大字畑中701番地の5,畑中8組の10の3 県職員住宅307,畑中二丁目,3,4-307,hatakenakakyuusinnpdf.pdf,畑中-78,high,
944,大字畑中701番地の5,畑中8組の10の3 県職員住宅308,畑中二丁目,3,4-308,hatakenakakyuusinnpdf.pdf,畑中-78,high,
945,大字畑中701番地の5,畑中8組の10の3 県職員住宅401,畑中二丁目,3,4-401,hatakenakakyuusinnpdf.pdf,畑中-78,high,
946,大字畑中701番地の5,畑中8組の10の3 県職員住宅402,畑中二丁目,3,4-402,hatakenakakyuusinnpdf.pdf,畑中-78,high,
947,大字畑中701番地の5,畑中8組の10の3 県職員住宅403,畑中二丁目,3,4-403,hatakenakakyuusinnpdf.pdf,畑中-78,high,
948,大字畑中701番地の5,畑中8組の10の3 県職員住宅404,畑中二丁目,3,4-404,hatakenakakyuusinnpdf.pdf,畑中-78,high,
949,大字畑中701番地の5,畑中8組の10の3 県職員住宅405,畑中二丁目,3,4-405,hatakenakakyuusinnpdf.pdf,畑中-78,high,
950,大字畑中701番地の5,畑中8組の10の3 県職員住宅406,畑中二丁目,3,4-406,hatakenakakyuusinnpdf.pdf,畑中-79,high,
951,大字畑中701番地の5,畑中8組の10の3 県職員住宅407,畑中二丁目,3,4-407,hatakenakakyuusinnpdf.pdf,畑中-79,high,
952,大字畑中701番地の5,畑中8組の10の3 県職員住宅408,畑中二丁目,3,4-408,hatakenakakyuusinnpdf.pdf,畑中-79,high,
953,大字畑中701番地の5,畑中8組の10の3 県職員住宅501,畑中二丁目,3,4-501,hatakenakakyuusinnpdf.pdf,畑中-79,high,
954,大字畑中701番地の5,畑中8組の10の3 県職員住宅502,畑中二丁目,3,4-502,hatakenakakyuusinnpdf.pdf,畑中-79,high,
955,大字畑中701番地の5,畑中8組の10の3 県職員住宅503,畑中二丁目,3,4-503,hatakenakakyuusinnpdf.pdf,畑中-79,high,
956,大字畑中701番地の5,畑中8組の10の3 県職員住宅504,畑中二丁目,3,4-504,hatakenakakyuusinnpdf.pdf,畑中-79,high,
957,大字畑中701番地の5,畑中8組の10の3 県職員住宅505,畑中二丁目,3,4-505,hatakenakakyuusinnpdf.pdf,畑中-79,high,
958,大字畑中701番地の5,畑中8組の10の3 県職員住宅506,畑中二丁目,3,4-506,hatakenakakyuusinnpdf.pdf,畑中-79,high,
959,大字畑中701番地の5,畑中8組の10の3 県職員住宅507,畑中二丁目,3,4-507,hatakenakakyuusinnpdf.pdf,畑中-79,high,
960,大字畑中701番地の5,畑中8組の10の3 県職員住宅508,畑中二丁目,3,4-508,hatakenakakyuusinnpdf.pdf,畑中-79,high,
961,大字畑中707番地,畑中8組の9,畑中一丁目,6,3,hatakenakakyuusinnpdf.pdf,畑中-79,high,資料上2回出現
962,大字畑中707番地の2,,畑中一丁目,6,5,hatakenakakyuusinnpdf.pdf,畑中-80,high,
963,大字畑中709番地の2,畑中8組の9 ﾍﾞﾙ畑中101,畑中一丁目,6,1-101,hatakenakakyuusinnpdf.pdf,畑中-80,high,
964,大字畑中709番地の2,畑中8組の9 ﾍﾞﾙ畑中102,畑中一丁目,6,1-102,hatakenakakyuusinnpdf.pdf,畑中-80,high,資料上2回出現
965,大字畑中709番地の2,畑中8組の9 ﾍﾞﾙ畑中103,畑中一丁目,6,1-103,hatakenakakyuusinnpdf.pdf,畑中-80,high,
966,大字畑中709番地の2,畑中8組の9 ﾍﾞﾙ畑中105,畑中一丁目,6,1-105,hatakenakakyuusinnpdf.pdf,畑中-80,high,
967,大字畑中709番地の2,畑中8組の9 ﾍﾞﾙ畑中106,畑中一丁目,6,1-106,hatakenakakyuusinnpdf.pdf,畑中-80,high,
968,大字畑中709番地の2,畑中8組の9 ﾍﾞﾙ畑中201,畑中一丁目,6,1-201,hatakenakakyuusinnpdf.pdf,畑中-80,high,
969,大字畑中709番地の2,畑中8組の9 ﾍﾞﾙ畑中202,畑中一丁目,6,1-202,hatakenakakyuusinnpdf.pdf,畑中-80,high,
970,大字畑中709番地の2,畑中8組の9 ﾍﾞﾙ畑中203,畑中一丁目,6,1-203,hatakenakakyuusinnpdf.pdf,畑中-80,high,
971,大字畑中709番地の2,畑中8組の9 ﾍﾞﾙ畑中205,畑中一丁目,6,1-205,hatakenakakyuusinnpdf.pdf,畑中-80,high,
972,大字畑中709番地の2,畑中8組の9 ﾍﾞﾙ畑中206,畑中一丁目,6,1-206,hatakenakakyuusinnpdf.pdf,畑中-80,high,資料上2回出現
973,大字畑中709番地の2,畑中8組の9 ﾍﾞﾙ畑中301,畑中一丁目,6,1-301,hatakenakakyuusinnpdf.pdf,畑中-81,high,
974,大字畑中709番地の2,畑中8組の9 ﾍﾞﾙ畑中302,畑中一丁目,6,1-302,hatakenakakyuusinnpdf.pdf,畑中-81,high,
975,大字畑中709番地の2,畑中8組の9 ﾍﾞﾙ畑中303,畑中一丁目,6,1-303,hatakenakakyuusinnpdf.pdf,畑中-81,high,
976,大字畑中709番地の2,畑中8組の9 ﾍﾞﾙ畑中305,畑中一丁目,6,1-305,hatakenakakyuusinnpdf.pdf,畑中-81,high,
977,大字畑中709番地の2,畑中8組の9 ﾍﾞﾙ畑中306,畑中一丁目,6,1-306,hatakenakakyuusinnpdf.pdf,畑中-81,high,
978,大字畑中709番地の2,畑中8組の9 ﾍﾞﾙ畑中401,畑中一丁目,6,1-401,hatakenakakyuusinnpdf.pdf,畑中-81,high,
979,大字畑中709番地の2,畑中8組の9 ﾍﾞﾙ畑中402,畑中一丁目,6,1-402,hatakenakakyuusinnpdf.pdf,畑中-81,high,
980,大字畑中709番地の2,畑中8組の9 ﾍﾞﾙ畑中403,畑中一丁目,6,1-403,hatakenakakyuusinnpdf.pdf,畑中-81,high,
981,大字畑中709番地の2,畑中8組の9 ﾍﾞﾙ畑中405,畑中一丁目,6,1-405,hatakenakakyuusinnpdf.pdf,畑中-81,high,
982,大字畑中709番地の2,畑中8組の9 ﾍﾞﾙ畑中406,畑中一丁目,6,1-406,hatakenakakyuusinnpdf.pdf,畑中-81,high,
983,大字畑中709番地の2,畑中8組の9 ﾍﾞﾙ畑中501,畑中一丁目,6,1-501,hatakenakakyuusinnpdf.pdf,畑中-81,high,
984,大字畑中709番地の2,畑中8組の9 ﾍﾞﾙ畑中502,畑中一丁目,6,1-502,hatakenakakyuusinnpdf.pdf,畑中-81,high,
985,大字畑中709番地の2,畑中8組の9 ﾍﾞﾙ畑中503,畑中一丁目,6,1-503,hatakenakakyuusinnpdf.pdf,畑中-81,high,
986,大字畑中709番地の2,畑中8組の9 ﾍﾞﾙ畑中505,畑中一丁目,6,1-505,hatakenakakyuusinnpdf.pdf,畑中-82,high,
987,大字畑中709番地の2,畑中8組の9 ﾍﾞﾙ畑中506,畑中一丁目,6,1-506,hatakenakakyuusinnpdf.pdf,畑中-82,high,
988,大字畑中710番地の5,畑中8組の11,畑中一丁目,5,20,hatakenakakyuusinnpdf.pdf,畑中-82,high,
989,大字畑中710番地の6,畑中8組の11,畑中一丁目,5,11,hatakenakakyuusinnpdf.pdf,畑中-82,high,
990,大字畑中710番地の7,畑中8組の11,畑中一丁目,5,15,hatakenakakyuusinnpdf.pdf,畑中-82,high,
991,大字畑中710番地の8,畑中8組の11,畑中一丁目,5,17,hatakenakakyuusinnpdf.pdf,畑中-82,high,
992,大字畑中711番地の1,畑中8組の11B ﾊﾟｰｸｻｲﾄﾞ素川101,畑中一丁目,5,23,hatakenakakyuusinnpdf.pdf,畑中-82,high,
993,大字畑中711番地の1,畑中8組の11B ﾊﾟｰｸｻｲﾄﾞ素川102,畑中一丁目,5,23,hatakenakakyuusinnpdf.pdf,畑中-82,high,
994,大字畑中711番地の1,畑中8組の11B ﾊﾟｰｸｻｲﾄﾞ素川103,畑中一丁目,5,23,hatakenakakyuusinnpdf.pdf,畑中-82,high,
995,大字畑中711番地の1,畑中8組の11B ﾊﾟｰｸｻｲﾄﾞ素川104,畑中一丁目,5,23,hatakenakakyuusinnpdf.pdf,畑中-82,high,資料上2回出現
996,大字畑中711番地の1,畑中8組の11B ﾊﾟｰｸｻｲﾄﾞ素川201,畑中一丁目,5,23,hatakenakakyuusinnpdf.pdf,畑中-82,high,
997,大字畑中711番地の1,畑中8組の11B ﾊﾟｰｸｻｲﾄﾞ素川202,畑中一丁目,5,23,hatakenakakyuusinnpdf.pdf,畑中-82,high,
998,大字畑中711番地の1,畑中8組の11B ﾊﾟｰｸｻｲﾄﾞ素川203,畑中一丁目,5,23,hatakenakakyuusinnpdf.pdf,畑中-83,high,資料上2回出現
999,大字畑中711番地の1,畑中8組の11B ﾊﾟｰｸｻｲﾄﾞ素川204,畑中一丁目,5,23,hatakenakakyuusinnpdf.pdf,畑中-83,high,
1000,大字畑中711番地の2,畑中8組の11,畑中一丁目,5,21,hatakenakakyuusinnpdf.pdf,畑中-83,high,
1001,大字畑中711番地の3,畑中8組の11,畑中一丁目,5,10,hatakenakakyuusinnpdf.pdf,畑中-83,high,資料上2回出現
1002,大字畑中711番地の4,畑中8組の11,畑中一丁目,5,22,hatakenakakyuusinnpdf.pdf,畑中-83,high,
1003,大字畑中715番地の2,,畑中一丁目,4,6,hatakenakakyuusinnpdf.pdf,畑中-83,high,
1004,大字畑中715番地の2,畑中8組の11 ﾀｳﾝﾋﾞﾙ101,畑中一丁目,4,6-101,hatakenakakyuusinnpdf.pdf,畑中-83,high,資料上2回出現
1005,大字畑中715番地の2,畑中8組の11 ﾀｳﾝﾋﾞﾙ102,畑中一丁目,4,6-102,hatakenakakyuusinnpdf.pdf,畑中-83,high,
1006,大字畑中715番地の2,畑中8組の11 ﾀｳﾝﾋﾞﾙ201,畑中一丁目,4,6-201,hatakenakakyuusinnpdf.pdf,畑中-83,high,
1007,大字畑中715番地の2,畑中8組の11A ﾀｳﾝﾋﾞﾙ202,畑中一丁目,4,6-202,hatakenakakyuusinnpdf.pdf,畑中-83,high,
1008,大字畑中715番地の2,畑中8組の11 ﾀｳﾝﾋﾞﾙ203,畑中一丁目,4,6-203,hatakenakakyuusinnpdf.pdf,畑中-84,high,
1009,大字畑中715番地の2,畑中8組の11 ﾀｳﾝﾋﾞﾙ301,畑中一丁目,4,6-301,hatakenakakyuusinnpdf.pdf,畑中-84,high,
1010,大字畑中715番地の2,畑中8組の11A ﾀｳﾝﾋﾞﾙ302,畑中一丁目,4,6-302,hatakenakakyuusinnpdf.pdf,畑中-84,high,
1011,大字畑中715番地の2,畑中8組の11 ﾀｳﾝﾋﾞﾙ303,畑中一丁目,4,6-303,hatakenakakyuusinnpdf.pdf,畑中-84,high,
1012,大字畑中715番地の2,畑中8組の11 ﾀｳﾝﾋﾞﾙ401,畑中一丁目,4,6-401,hatakenakakyuusinnpdf.pdf,畑中-84,high,
1013,大字畑中715番地の2,畑中8組の11 ﾀｳﾝﾋﾞﾙ402,畑中一丁目,4,6-402,hatakenakakyuusinnpdf.pdf,畑中-84,high,
1014,大字畑中715番地の2,畑中8組の11 ﾀｳﾝﾋﾞﾙ403,畑中一丁目,4,6-403,hatakenakakyuusinnpdf.pdf,畑中-84,high,
1015,大字畑中715番地の3,,畑中一丁目,4,10,hatakenakakyuusinnpdf.pdf,畑中-84,high,資料上2回出現
1016,大字畑中715番地の5,,畑中一丁目,4,8,hatakenakakyuusinnpdf.pdf,畑中-84,high,
1017,大字畑中715番地の6,畑中8組-11,畑中一丁目,4,9,hatakenakakyuusinnpdf.pdf,畑中-84,high,
1018,大字畑中716番地の4,畑中8組の11,畑中一丁目,4,15,hatakenakakyuusinnpdf.pdf,畑中-84,high,
1019,大字畑中716番地の5,畑中8組の11,畑中一丁目,4,16,hatakenakakyuusinnpdf.pdf,畑中-84,high,
1020,大字畑中717番地の2,畑中8組の11,畑中一丁目,4,21,hatakenakakyuusinnpdf.pdf,畑中-85,high,
1021,大字畑中字素川717番地の4,,畑中一丁目,4,24,hatakenakakyuusinnpdf.pdf,畑中-85,high,
1022,大字畑中718番地,畑中8組の9 ｺｰﾎﾟ佐藤103,畑中一丁目,6,24,hatakenakakyuusinnpdf.pdf,畑中-85,high,
1023,大字畑中718番地,畑中8組の9 ｺｰﾎﾟ佐藤105,畑中一丁目,6,24,hatakenakakyuusinnpdf.pdf,畑中-85,high,
1024,大字畑中718番地,畑中8組の9 ｺｰﾎﾟ佐藤203,畑中一丁目,6,24,hatakenakakyuusinnpdf.pdf,畑中-85,high,
1025,大字畑中718番地,畑中8組の9 ｺｰﾎﾟ佐藤205,畑中一丁目,6,24,hatakenakakyuusinnpdf.pdf,畑中-85,high,
1026,大字畑中718番地,畑中8組の9 ｺｰﾎﾟ佐藤101,畑中一丁目,6,25,hatakenakakyuusinnpdf.pdf,畑中-85,high,
1027,大字畑中718番地,畑中8組の9 ｺｰﾎﾟ佐藤102,畑中一丁目,6,25,hatakenakakyuusinnpdf.pdf,畑中-85,high,資料上3回出現
1028,大字畑中718番地,畑中8組の9 ｺｰﾎﾟ佐藤201,畑中一丁目,6,25,hatakenakakyuusinnpdf.pdf,畑中-85,high,
1029,大字畑中718番地,畑中8組の9 ｺｰﾎﾟ佐藤202,畑中一丁目,6,25,hatakenakakyuusinnpdf.pdf,畑中-85,high,
1030,大字畑中721番地の1,畑中8組の8の1,畑中一丁目,4,48,hatakenakakyuusinnpdf.pdf,畑中-85,high,
1031,大字畑中721-2,畑中8組,畑中一丁目,6,7,hatakenakakyuusinnpdf.pdf,畑中-86,high,
1032,大字畑中721番地の4,畑中8組の9,畑中一丁目,6,8,hatakenakakyuusinnpdf.pdf,畑中-86,high,
1033,大字畑中721番地の5,畑中8組の8の1,畑中一丁目,4,43,hatakenakakyuusinnpdf.pdf,畑中-86,high,
1034,大字畑中721番地の6,畑中8組の8の1,畑中一丁目,4,44,hatakenakakyuusinnpdf.pdf,畑中-86,high,
1035,大字畑中721番地の7,畑中8組の8の1,畑中一丁目,4,50,hatakenakakyuusinnpdf.pdf,畑中-86,high,
1036,大字畑中721番地の8,畑中8組の8の1,畑中一丁目,4,49,hatakenakakyuusinnpdf.pdf,畑中-86,high,
1037,大字畑中721番地の10,畑中8組の8の1,畑中一丁目,4,47,hatakenakakyuusinnpdf.pdf,畑中-86,high,
1038,大字畑中722番地,畑中8組の9,畑中一丁目,6,9,hatakenakakyuusinnpdf.pdf,畑中-86,high,
1039,大字畑中723番地,畑中8組の9B ﾗﾎﾟｰﾙ県病南101,畑中一丁目,6,18-101,hatakenakakyuusinnpdf.pdf,畑中-86,high,資料上2回出現
1040,大字畑中723番地,畑中8組の9B ﾗﾎﾟｰﾙ県病南102,畑中一丁目,6,18-102,hatakenakakyuusinnpdf.pdf,畑中-86,high,
1041,大字畑中723番地,畑中8組の9B ﾗﾎﾟｰﾙ県病南103,畑中一丁目,6,18-103,hatakenakakyuusinnpdf.pdf,畑中-86,high,
1042,大字畑中723番地,畑中8組の9B ﾗﾎﾟｰﾙ県病南105,畑中一丁目,6,18-105,hatakenakakyuusinnpdf.pdf,畑中-87,high,
1043,大字畑中723番地,畑中8組の9B ﾗﾎﾟｰﾙ県病南106,畑中一丁目,6,18-106,hatakenakakyuusinnpdf.pdf,畑中-87,high,
1044,大字畑中723番地,畑中8組の9B ﾗﾎﾟｰﾙ県病南201,畑中一丁目,6,18-201,hatakenakakyuusinnpdf.pdf,畑中-87,high,
1045,大字畑中723番地,畑中8組の9B ﾗﾎﾟｰﾙ県病南202,畑中一丁目,6,18-202,hatakenakakyuusinnpdf.pdf,畑中-87,high,
1046,大字畑中723番地,畑中8組の9B ﾗﾎﾟｰﾙ県病南203,畑中一丁目,6,18-203,hatakenakakyuusinnpdf.pdf,畑中-87,high,資料上2回出現
1047,大字畑中723番地,畑中8組の9B ﾗﾎﾟｰﾙ県病南205,畑中一丁目,6,18-205,hatakenakakyuusinnpdf.pdf,畑中-87,high,資料上2回出現
1048,大字畑中723番地,畑中8組の9B ﾗﾎﾟｰﾙ県病南206,畑中一丁目,6,18-206,hatakenakakyuusinnpdf.pdf,畑中-87,high,
1049,大字畑中723番地,畑中8組の9B ﾗﾎﾟｰﾙ県病南301,畑中一丁目,6,18-301,hatakenakakyuusinnpdf.pdf,畑中-87,high,
1050,大字畑中723番地,畑中8組の9B ﾗﾎﾟｰﾙ県病南302,畑中一丁目,6,18-302,hatakenakakyuusinnpdf.pdf,畑中-87,high,
1051,大字畑中723番地,畑中8組の9B ﾗﾎﾟｰﾙ県病南303,畑中一丁目,6,18-303,hatakenakakyuusinnpdf.pdf,畑中-87,high,
1052,大字畑中723番地,畑中8組の9B ﾗﾎﾟｰﾙ県病南305,畑中一丁目,6,18-305,hatakenakakyuusinnpdf.pdf,畑中-87,high,
1053,大字畑中723番地,畑中8組の9B ﾗﾎﾟｰﾙ県病南306,畑中一丁目,6,18-306,hatakenakakyuusinnpdf.pdf,畑中-88,high,
1054,大字畑中723番地,畑中8組の9B ﾗﾎﾟｰﾙ県病南401,畑中一丁目,6,18-401,hatakenakakyuusinnpdf.pdf,畑中-88,high,
1055,大字畑中723番地,畑中8組の9B ﾗﾎﾟｰﾙ県病南402,畑中一丁目,6,18-402,hatakenakakyuusinnpdf.pdf,畑中-88,high,
1056,大字畑中723番地,畑中8組の9B ﾗﾎﾟｰﾙ県病南403,畑中一丁目,6,18-403,hatakenakakyuusinnpdf.pdf,畑中-88,high,
1057,大字畑中723番地,畑中8組の9B ﾗﾎﾟｰﾙ県病南405,畑中一丁目,6,18-405,hatakenakakyuusinnpdf.pdf,畑中-88,high,
1058,大字畑中723番地,畑中8組の9B ﾗﾎﾟｰﾙ県病南406,畑中一丁目,6,18-406,hatakenakakyuusinnpdf.pdf,畑中-88,high,
1059,大字畑中723番地,畑中8組の9B ﾗﾎﾟｰﾙ県病南501,畑中一丁目,6,18-501,hatakenakakyuusinnpdf.pdf,畑中-88,high,
1060,大字畑中723番地,畑中8組の9B ﾗﾎﾟｰﾙ県病南502,畑中一丁目,6,18-502,hatakenakakyuusinnpdf.pdf,畑中-88,high,
1061,大字畑中723番地,畑中8組の9B ﾗﾎﾟｰﾙ県病南503,畑中一丁目,6,18-503,hatakenakakyuusinnpdf.pdf,畑中-88,high,資料上2回出現
1062,大字畑中723番地,畑中8組の9B ﾗﾎﾟｰﾙ県病南505,畑中一丁目,6,18-505,hatakenakakyuusinnpdf.pdf,畑中-88,high,
1063,大字畑中723番地,畑中8組の9B ﾗﾎﾟｰﾙ県病南506,畑中一丁目,6,18-506,hatakenakakyuusinnpdf.pdf,畑中-88,high,
1064,大字畑中724番地の1,畑中8組の8の3 ｴｽﾍﾟﾗﾝｻ畑中Ⅱ201,畑中一丁目,4,41,hatakenakakyuusinnpdf.pdf,畑中-88,high,
1065,大字畑中724番地の1,畑中8組の8の3 ｴｽﾍﾟﾗﾝｻ畑中Ⅱ202,畑中一丁目,4,41,hatakenakakyuusinnpdf.pdf,畑中-89,high,
1066,大字畑中724番地の1,畑中8組の8の3 ｴｽﾍﾟﾗﾝｻ畑中Ⅱ203,畑中一丁目,4,41,hatakenakakyuusinnpdf.pdf,畑中-89,high,
1067,大字畑中724番地の1,畑中8組の8の3 ｴｽﾍﾟﾗﾝｻ畑中Ⅱ205,畑中一丁目,4,41,hatakenakakyuusinnpdf.pdf,畑中-89,high,
1068,大字畑中724番地の2,畑中8組の8の3 ｴｽﾍﾟﾗﾝｻ畑中Ⅰ101,畑中一丁目,4,40-101,hatakenakakyuusinnpdf.pdf,畑中-89,high,
1069,大字畑中724番地の2,畑中8組の8の3 ｴｽﾍﾟﾗﾝｻ畑中Ⅰ102,畑中一丁目,4,40-102,hatakenakakyuusinnpdf.pdf,畑中-89,high,
1070,大字畑中724番地の2,畑中8組の8の3 ｴｽﾍﾟﾗﾝｻ畑中Ⅰ103,畑中一丁目,4,40-103,hatakenakakyuusinnpdf.pdf,畑中-89,high,
1071,大字畑中724番地の2,畑中8組の8の3 ｴｽﾍﾟﾗﾝｻ畑中Ⅰ105,畑中一丁目,4,40-105,hatakenakakyuusinnpdf.pdf,畑中-89,high,
1072,大字畑中724番地の2,畑中8組の8の3 浅野ｺｰﾎﾟ106,畑中一丁目,4,40-106,hatakenakakyuusinnpdf.pdf,畑中-89,high,
1073,大字畑中724番地の2,畑中8組の8の3 ｴｽﾍﾟﾗﾝｻ畑中Ⅰ107,畑中一丁目,4,40-107,hatakenakakyuusinnpdf.pdf,畑中-89,high,
1074,大字畑中724番地の2,畑中8組の8の3 ｴｽﾍﾟﾗﾝｻ畑中Ⅰ201,畑中一丁目,4,40-201,hatakenakakyuusinnpdf.pdf,畑中-89,high,
1075,大字畑中724番地の2,畑中8組の8の3 ｴｽﾍﾟﾗﾝｻ畑中Ⅰ202,畑中一丁目,4,40-202,hatakenakakyuusinnpdf.pdf,畑中-89,high,
1076,大字畑中724番地の2,畑中8組の8の3 ｴｽﾍﾟﾗﾝｻ畑中Ⅰ203,畑中一丁目,4,40-203,hatakenakakyuusinnpdf.pdf,畑中-89,high,
1077,大字畑中724番地の2,畑中8組の8の3 ｴｽﾍﾟﾗﾝｻ畑中Ⅰ205,畑中一丁目,4,40-205,hatakenakakyuusinnpdf.pdf,畑中-89,high,
1078,大字畑中724番地の2,畑中8組の8の3 浅野ｺｰﾎﾟ206,畑中一丁目,4,40-206,hatakenakakyuusinnpdf.pdf,畑中-90,high,
1079,大字畑中724番地の2,畑中8組の8の3 ｴｽﾍﾟﾗﾝｻ畑中Ⅰ207,畑中一丁目,4,40-207,hatakenakakyuusinnpdf.pdf,畑中-90,high,
1080,大字畑中724番地の2,畑中8組の8の3 ｴｽﾍﾟﾗﾝｻ畑中Ⅰ301,畑中一丁目,4,40-301,hatakenakakyuusinnpdf.pdf,畑中-90,high,
1081,大字畑中724番地の2,畑中8組の8の3 ｴｽﾍﾟﾗﾝｻ畑中Ⅰ302,畑中一丁目,4,40-302,hatakenakakyuusinnpdf.pdf,畑中-90,high,
1082,大字畑中724番地の2,畑中8組の8の3 ｴｽﾍﾟﾗﾝｻ畑中Ⅰ303,畑中一丁目,4,40-303,hatakenakakyuusinnpdf.pdf,畑中-90,high,
1083,大字畑中724番地の2,畑中8組の8の3 ｴｽﾍﾟﾗﾝｻ畑中Ⅰ305,畑中一丁目,4,40-305,hatakenakakyuusinnpdf.pdf,畑中-90,high,
1084,大字畑中724番地の2,畑中8組の8の3 ｴｽﾍﾟﾗﾝｻ畑中Ⅰ306,畑中一丁目,4,40-306,hatakenakakyuusinnpdf.pdf,畑中-90,high,
1085,大字畑中724番地の2,畑中8組の8の3 ｴｽﾍﾟﾗﾝｻ畑中Ⅰ307,畑中一丁目,4,40-307,hatakenakakyuusinnpdf.pdf,畑中-90,high,
1086,大字畑中727番地の1,畑中8組の11,畑中一丁目,4,29,hatakenakakyuusinnpdf.pdf,畑中-90,high,
1087,大字畑中727番地の1,畑中8組の11 木原ｱﾊﾟｰﾄ101,畑中一丁目,4,29,hatakenakakyuusinnpdf.pdf,畑中-90,high,
1088,大字畑中727番地の1,畑中8組の11 木原ｱﾊﾟｰﾄ,畑中一丁目,4,29,hatakenakakyuusinnpdf.pdf,畑中-90,high,
1089,大字畑中727番地の2,畑中8組の11,畑中一丁目,4,31,hatakenakakyuusinnpdf.pdf,畑中-90,high,
1090,大字畑中727番地の3,畑中8組の11,畑中一丁目,4,30,hatakenakakyuusinnpdf.pdf,畑中-90,high,
1091,大字畑中729番地,畑中8組の8の1,畑中一丁目,4,32,hatakenakakyuusinnpdf.pdf,畑中-91,high,
1092,大字畑中730番地の1,畑中8組の8の1,畑中一丁目,4,33,hatakenakakyuusinnpdf.pdf,畑中-91,high,
1093,大字畑中730番地の2,畑中8組の11C ﾚｵﾊﾟﾚｽｳﾗﾗ101,畑中一丁目,4,67,hatakenakakyuusinnpdf.pdf,畑中-91,high,
1094,大字畑中730番地の2,畑中8組の11C ﾚｵﾊﾟﾚｽｳﾗﾗ102,畑中一丁目,4,67,hatakenakakyuusinnpdf.pdf,畑中-91,high,
1095,大字畑中730番地の2,畑中8組の11C ﾚｵﾊﾟﾚｽｳﾗﾗ103,畑中一丁目,4,67,hatakenakakyuusinnpdf.pdf,畑中-91,high,
1096,大字畑中730番地の2,畑中8組の11C ﾚｵﾊﾟﾚｽｳﾗﾗ104,畑中一丁目,4,67,hatakenakakyuusinnpdf.pdf,畑中-91,high,
1097,大字畑中730番地の2,畑中8組の11C ﾚｵﾊﾟﾚｽｳﾗﾗ105,畑中一丁目,4,67,hatakenakakyuusinnpdf.pdf,畑中-91,high,
1098,大字畑中730番地の2,畑中8組の11C ﾚｵﾊﾟﾚｽｳﾗﾗ106,畑中一丁目,4,67,hatakenakakyuusinnpdf.pdf,畑中-91,high,資料上2回出現
1099,大字畑中730番地の2,畑中8組の11C ﾚｵﾊﾟﾚｽｳﾗﾗ107,畑中一丁目,4,67,hatakenakakyuusinnpdf.pdf,畑中-91,high,
1100,大字畑中730番地の2,畑中8組の11C ﾚｵﾊﾟﾚｽｳﾗﾗ108,畑中一丁目,4,67,hatakenakakyuusinnpdf.pdf,畑中-91,high,
1101,大字畑中730番地の2,畑中8組の11C ﾚｵﾊﾟﾚｽｳﾗﾗ201,畑中一丁目,4,67,hatakenakakyuusinnpdf.pdf,畑中-91,high,
1102,大字畑中730番地の2,畑中8組の11C ﾚｵﾊﾟﾚｽｳﾗﾗ202,畑中一丁目,4,67,hatakenakakyuusinnpdf.pdf,畑中-91,high,
1103,大字畑中730番地の2,畑中8組の11C ﾚｵﾊﾟﾚｽｳﾗﾗ203,畑中一丁目,4,67,hatakenakakyuusinnpdf.pdf,畑中-92,high,
1104,大字畑中730番地の2,畑中8組の11C ﾚｵﾊﾟﾚｽｳﾗﾗ204,畑中一丁目,4,67,hatakenakakyuusinnpdf.pdf,畑中-92,high,
1105,大字畑中730番地の2,畑中8組の11C ﾚｵﾊﾟﾚｽｳﾗﾗ205,畑中一丁目,4,67,hatakenakakyuusinnpdf.pdf,畑中-92,high,
1106,大字畑中730番地の2,畑中8組の11C ﾚｵﾊﾟﾚｽｳﾗﾗ206,畑中一丁目,4,67,hatakenakakyuusinnpdf.pdf,畑中-92,high,
1107,大字畑中730番地の2,畑中8組の11C ﾚｵﾊﾟﾚｽｳﾗﾗ207,畑中一丁目,4,67,hatakenakakyuusinnpdf.pdf,畑中-92,high,
1108,大字畑中730番地の2,畑中8組の11C ﾚｵﾊﾟﾚｽｳﾗﾗ208,畑中一丁目,4,67,hatakenakakyuusinnpdf.pdf,畑中-92,high,
1109,大字畑中731番地の1,畑中8組の8の3,畑中一丁目,4,34,hatakenakakyuusinnpdf.pdf,畑中-92,high,
1110,大字畑中731番地の2,畑中8組の9 ﾒｿﾞﾝ府内大橋201,畑中一丁目,6,22-201,hatakenakakyuusinnpdf.pdf,畑中-92,high,
1111,大字畑中731番地の2,畑中8組の9 ﾒｿﾞﾝ府内大橋202,畑中一丁目,6,22-202,hatakenakakyuusinnpdf.pdf,畑中-92,high,
1112,大字畑中731番地の2,畑中8組の9 ﾒｿﾞﾝ府内大橋203,畑中一丁目,6,22-203,hatakenakakyuusinnpdf.pdf,畑中-92,high,
1113,大字畑中731番地の2,畑中8組の9 ﾒｿﾞﾝ府内大橋205,畑中一丁目,6,22-205,hatakenakakyuusinnpdf.pdf,畑中-92,high,
1114,大字畑中731番地の2,畑中8組の9 ﾒｿﾞﾝ府内大橋206,畑中一丁目,6,22-206,hatakenakakyuusinnpdf.pdf,畑中-92,high,
1115,大字畑中731番地の2,畑中8組の9 ﾒｿﾞﾝ府内大橋301,畑中一丁目,6,22-301,hatakenakakyuusinnpdf.pdf,畑中-92,high,
1116,大字畑中731番地の2,畑中8組の9 ﾒｿﾞﾝ府内大橋302,畑中一丁目,6,22-302,hatakenakakyuusinnpdf.pdf,畑中-93,high,
1117,大字畑中731番地の2,畑中8組の9 ﾒｿﾞﾝ府内大橋303,畑中一丁目,6,22-303,hatakenakakyuusinnpdf.pdf,畑中-93,high,
1118,大字畑中731番地の2,畑中8組の9 ﾒｿﾞﾝ府内大橋305,畑中一丁目,6,22-305,hatakenakakyuusinnpdf.pdf,畑中-93,high,
1119,大字畑中731番地の2,畑中8組の9 ﾒｿﾞﾝ府内大橋306,畑中一丁目,6,22-306,hatakenakakyuusinnpdf.pdf,畑中-93,high,資料上2回出現
1120,大字畑中731番地の2,畑中8組の9 ﾒｿﾞﾝ府内大橋401,畑中一丁目,6,22-401,hatakenakakyuusinnpdf.pdf,畑中-93,high,資料上2回出現
1121,大字畑中731番地の3,畑中8組の8の1,畑中一丁目,4,36,hatakenakakyuusinnpdf.pdf,畑中-93,high,
1122,大字畑中731番地の4,畑中8組の8の1,畑中一丁目,4,39,hatakenakakyuusinnpdf.pdf,畑中-93,high,資料上3回出現
1123,大字畑中732-3,,畑中一丁目,4,54,hatakenakakyuusinnpdf.pdf,畑中-93,high,
1124,大字畑中733番地,畑中8組の8の1 たけだｱﾊﾟｰﾄ,畑中一丁目,4,55,hatakenakakyuusinnpdf.pdf,畑中-93,high,
1125,大字畑中733番地,畑中8組の8の1 たけだｱﾊﾟｰﾄ101,畑中一丁目,4,55,hatakenakakyuusinnpdf.pdf,畑中-94,high,
1126,大字畑中733番地,畑中8組の8の1 たけだｱﾊﾟｰﾄ102,畑中一丁目,4,55,hatakenakakyuusinnpdf.pdf,畑中-94,high,
1127,大字畑中733番地,畑中8組の8の1 たけだｱﾊﾟｰﾄ201,畑中一丁目,4,55,hatakenakakyuusinnpdf.pdf,畑中-94,high,
1128,大字畑中733番地,畑中8組の8の1 たけだｱﾊﾟｰﾄ202,畑中一丁目,4,55,hatakenakakyuusinnpdf.pdf,畑中-94,high,
1129,大字畑中733番地,畑中8組の8の1 たけだｱﾊﾟｰﾄ203,畑中一丁目,4,55,hatakenakakyuusinnpdf.pdf,畑中-94,high,
1130,大字畑中734番地の2,畑中8組の8の2,畑中一丁目,4,57,hatakenakakyuusinnpdf.pdf,畑中-94,high,
1131,大字畑中734番地の4,畑中8組の8の2 ｼﾃｨﾊｲﾂよしの101,畑中一丁目,4,56,hatakenakakyuusinnpdf.pdf,畑中-94,high,
1132,大字畑中734番地の4,畑中8組の8の2 ｼﾃｨﾊｲﾂよしの102,畑中一丁目,4,56,hatakenakakyuusinnpdf.pdf,畑中-94,high,
1133,大字畑中734番地の4,畑中8組の8の2 ｼﾃｨﾊｲﾂよしの103,畑中一丁目,4,56,hatakenakakyuusinnpdf.pdf,畑中-94,high,
1134,大字畑中734番地の4,畑中8組の8の2 ｼﾃｨﾊｲﾂよしの201,畑中一丁目,4,56,hatakenakakyuusinnpdf.pdf,畑中-94,high,
1135,大字畑中734番地の4,畑中8組の8の2 ｼﾃｨﾊｲﾂよしの202,畑中一丁目,4,56,hatakenakakyuusinnpdf.pdf,畑中-94,high,
1136,大字畑中734番地の4,畑中8組の8の2 ｼﾃｨﾊｲﾂよしの203,畑中一丁目,4,56,hatakenakakyuusinnpdf.pdf,畑中-94,high,
1137,大字畑中734番地の4,畑中8組の8の2 ｼﾃｨﾊｲﾂよしの301,畑中一丁目,4,56,hatakenakakyuusinnpdf.pdf,畑中-94,high,
1138,大字畑中734番地の4,畑中8組の8の2 ｼﾃｨﾊｲﾂよしの302,畑中一丁目,4,56,hatakenakakyuusinnpdf.pdf,畑中-95,high,
1139,大字畑中734番地の4,畑中8組の8の2 ｼﾃｨﾊｲﾂよしの303,畑中一丁目,4,56,hatakenakakyuusinnpdf.pdf,畑中-95,high,
1140,大字畑中735番地の2,畑中8組の8の2,畑中一丁目,4,61,hatakenakakyuusinnpdf.pdf,畑中-95,high,
1141,大字畑中735番地の2,,畑中一丁目,4,61,hatakenakakyuusinnpdf.pdf,畑中-95,high,
1142,大字畑中735番地の3,畑中8組の8の2,畑中一丁目,4,60,hatakenakakyuusinnpdf.pdf,畑中-95,high,
1143,大字畑中736番地の1,畑中8組の8の2,畑中一丁目,4,63,hatakenakakyuusinnpdf.pdf,畑中-95,high,
1144,大字畑中737番地の4,畑中8組の8の2,畑中一丁目,4,66,hatakenakakyuusinnpdf.pdf,畑中-95,high,
1145,大字畑中739番地の1,,畑中一丁目,4,68,hatakenakakyuusinnpdf.pdf,畑中-95,high,資料上2回出現
1146,大字畑中740番地の2,畑中8組の11,畑中一丁目,4,71,hatakenakakyuusinnpdf.pdf,畑中-95,high,
1147,大字畑中740番地の2,畑中8組の11 ｳｲﾝｸﾞﾊｳｽSHIN101,畑中一丁目,4,72,hatakenakakyuusinnpdf.pdf,畑中-95,high,
1148,大字畑中740番地の2,畑中8組の11 ｳｲﾝｸﾞﾊｳｽSHIN201,畑中一丁目,4,72,hatakenakakyuusinnpdf.pdf,畑中-95,high,
1149,大字畑中740番地の5,,畑中一丁目,4,70,hatakenakakyuusinnpdf.pdf,畑中-95,high,資料上2回出現
1150,大字畑中741番地,畑中8-11,畑中一丁目,4,1,hatakenakakyuusinnpdf.pdf,畑中-96,low,通称欄が「畑中N-M」形式(通常は「畑中N組のM」)で印字されており、直後に同一住所・同一番号で正規形式の行が続くため、資料上の表記ゆれまたは印字乱れの可能性がある。情報損失を避けるため削除せず採用
1151,大字畑中741番地,畑中8組の11,畑中一丁目,4,1,hatakenakakyuusinnpdf.pdf,畑中-96,high,
1152,大字畑中741番地,大分ｼｰﾄﾋﾞﾙ1F,畑中一丁目,4,1,hatakenakakyuusinnpdf.pdf,畑中-96,low,資料上、通称欄が空欄のため「大分ｼｰﾄﾋﾞﾙ1F」が旧住所欄と結合して印字されていた。同一番地の他行(畑中8組の11)との照合により番地部分を「大字畑中741番地」、建物名部分をaliasに分離
1153,大字畑中750番地の1,,畑中一丁目,2,30,hatakenakakyuusinnpdf.pdf,畑中-96,high,
1154,大字畑中750番地の2,畑中8組の12,畑中一丁目,2,21,hatakenakakyuusinnpdf.pdf,畑中-96,high,
1155,大字畑中754番地,畑中8組の12,畑中一丁目,2,20,hatakenakakyuusinnpdf.pdf,畑中-96,high,
1156,大字畑中754番地,畑中8組の12,畑中一丁目,2,19,hatakenakakyuusinnpdf.pdf,畑中-96,high,資料上2回出現
1157,大字畑中761番地の1,畑中8組の12,畑中一丁目,1,15,hatakenakakyuusinnpdf.pdf,畑中-96,high,
1158,大字畑中761番地の2,畑中8組の12 ｼｬｰﾒｿﾞﾝ豊府101,畑中一丁目,1,14,hatakenakakyuusinnpdf.pdf,畑中-96,high,
1159,大字畑中761番地の2,畑中8組の12 ｼｬｰﾒｿﾞﾝ豊府102,畑中一丁目,1,14,hatakenakakyuusinnpdf.pdf,畑中-96,high,
1160,大字畑中761番地の2,畑中8組の12 ｼｬｰﾒｿﾞﾝ豊府201,畑中一丁目,1,14,hatakenakakyuusinnpdf.pdf,畑中-97,high,
1161,大字畑中761番地の2,畑中8組の12 ｼｬｰﾒｿﾞﾝ豊府202,畑中一丁目,1,14,hatakenakakyuusinnpdf.pdf,畑中-97,high,
1162,大字畑中761番地の6,畑中8組の12,畑中一丁目,1,17,hatakenakakyuusinnpdf.pdf,畑中-97,high,
1163,大字畑中766番地,畑中8組の12 ﾌﾟﾁﾒｿﾞﾝ畑中Ⅱ,畑中一丁目,2,74,hatakenakakyuusinnpdf.pdf,畑中-97,high,
1164,大字畑中766番地,畑中8組の12 ﾌﾟﾁﾒｿﾞﾝ畑中101,畑中一丁目,2,75,hatakenakakyuusinnpdf.pdf,畑中-97,high,
1165,大字畑中766番地,畑中8組の12 ﾌﾟﾁﾒｿﾞﾝ畑中102,畑中一丁目,2,75,hatakenakakyuusinnpdf.pdf,畑中-97,high,
1166,大字畑中766番地,畑中8組の12 ﾌﾟﾁﾒｿﾞﾝ畑中201,畑中一丁目,2,75,hatakenakakyuusinnpdf.pdf,畑中-97,high,
1167,大字畑中766番地,畑中8組の12 ﾌﾟﾁﾒｿﾞﾝ畑中202,畑中一丁目,2,75,hatakenakakyuusinnpdf.pdf,畑中-97,high,
1168,大字畑中766番地,畑中8組の12 ﾌﾟﾁﾒｿﾞﾝ畑中203,畑中一丁目,2,75,hatakenakakyuusinnpdf.pdf,畑中-97,high,
1169,大字畑中766番地,畑中8組の12 ﾌﾟﾁﾒｿﾞﾝ畑中205,畑中一丁目,2,75,hatakenakakyuusinnpdf.pdf,畑中-97,high,
1170,大字畑中766番地,畑中8組の12 ﾌﾟﾁﾒｿﾞﾝ畑中Ⅱ201,畑中一丁目,2,74,hatakenakakyuusinnpdf.pdf,畑中-97,high,
1171,大字畑中766番地,畑中8組の12 ﾌﾟﾁﾒｿﾞﾝ畑中Ⅱ202,畑中一丁目,2,74,hatakenakakyuusinnpdf.pdf,畑中-97,high,
1172,大字畑中766番地,畑中8組の12 ﾌﾟﾁﾒｿﾞﾝ畑中Ⅱ203,畑中一丁目,2,74,hatakenakakyuusinnpdf.pdf,畑中-97,high,
1173,大字畑中767番地の1,畑中8組の12A ﾌﾟﾚｼﾞﾃﾞﾝﾄⅢ101,畑中一丁目,2,76,hatakenakakyuusinnpdf.pdf,畑中-98,high,資料上2回出現
1174,大字畑中767番地の1,畑中8組の12A ﾌﾟﾚｼﾞﾃﾞﾝﾄⅢ102,畑中一丁目,2,76,hatakenakakyuusinnpdf.pdf,畑中-98,high,
1175,大字畑中767番地の1,畑中8組の12A ﾌﾟﾚｼﾞﾃﾞﾝﾄⅢ103,畑中一丁目,2,76,hatakenakakyuusinnpdf.pdf,畑中-98,high,
1176,大字畑中767番地の1,畑中8組の12A ﾌﾟﾚｼﾞﾃﾞﾝﾄⅢ105,畑中一丁目,2,76,hatakenakakyuusinnpdf.pdf,畑中-98,high,
1177,大字畑中767番地の1,畑中8組の12A ﾌﾟﾚｼﾞﾃﾞﾝﾄⅢ201,畑中一丁目,2,76,hatakenakakyuusinnpdf.pdf,畑中-98,high,
1178,大字畑中767番地の1,畑中8組の12A ﾌﾟﾚｼﾞﾃﾞﾝﾄⅢ203,畑中一丁目,2,76,hatakenakakyuusinnpdf.pdf,畑中-98,high,
1179,大字畑中767番地の1,畑中8組の12A ﾌﾟﾚｼﾞﾃﾞﾝﾄⅢ202,畑中一丁目,2,76,hatakenakakyuusinnpdf.pdf,畑中-98,high,
1180,大字畑中767番地の1,畑中8組の12A ﾌﾟﾚｼﾞﾃﾞﾝﾄⅢ205,畑中一丁目,2,76,hatakenakakyuusinnpdf.pdf,畑中-98,high,
1181,大字畑中769番地の1,畑中8組の12A ﾌﾟﾚｼﾞﾃﾞﾝﾄⅠ102,畑中一丁目,2,77,hatakenakakyuusinnpdf.pdf,畑中-98,high,
1182,大字畑中769番地の1,畑中8組の12A ﾌﾟﾚｼﾞﾃﾞﾝﾄⅠ101,畑中一丁目,2,77,hatakenakakyuusinnpdf.pdf,畑中-98,high,
1183,大字畑中769番地の1,畑中8組の12A ﾌﾟﾚｼﾞﾃﾞﾝﾄⅠ103,畑中一丁目,2,77,hatakenakakyuusinnpdf.pdf,畑中-98,high,
1184,大字畑中769番地の1,畑中8組の12A ﾌﾟﾚｼﾞﾃﾞﾝﾄⅠ105,畑中一丁目,2,77,hatakenakakyuusinnpdf.pdf,畑中-98,high,
1185,大字畑中769番地の1,畑中8組の12A ﾌﾟﾚｼﾞﾃﾞﾝﾄⅠ201,畑中一丁目,2,77,hatakenakakyuusinnpdf.pdf,畑中-99,high,
1186,大字畑中769番地の1,畑中8組の12A ﾌﾟﾚｼﾞﾃﾞﾝﾄⅠ202,畑中一丁目,2,77,hatakenakakyuusinnpdf.pdf,畑中-99,high,
1187,大字畑中769番地の1,畑中8組の12A ﾌﾟﾚｼﾞﾃﾞﾝﾄⅠ203,畑中一丁目,2,77,hatakenakakyuusinnpdf.pdf,畑中-99,high,
1188,大字畑中769番地の1,畑中8組の12A ﾌﾟﾚｼﾞﾃﾞﾝﾄⅠ205,畑中一丁目,2,77,hatakenakakyuusinnpdf.pdf,畑中-99,high,
1189,大字畑中770番地,畑中8組の12A ﾌﾟﾚｼﾞﾃﾞﾝﾄⅡ101,畑中一丁目,2,78,hatakenakakyuusinnpdf.pdf,畑中-99,high,
1190,大字畑中770番地,畑中8組の12A ﾌﾟﾚｼﾞﾃﾞﾝﾄⅡ102,畑中一丁目,2,78,hatakenakakyuusinnpdf.pdf,畑中-99,high,
1191,大字畑中770番地,畑中8組の12A ﾌﾟﾚｼﾞﾃﾞﾝﾄⅡ103,畑中一丁目,2,78,hatakenakakyuusinnpdf.pdf,畑中-99,high,
1192,大字畑中770番地,畑中8組の12A ﾌﾟﾚｼﾞﾃﾞﾝﾄⅡ105,畑中一丁目,2,78,hatakenakakyuusinnpdf.pdf,畑中-99,high,
1193,大字畑中770番地,畑中8組の12A ﾌﾟﾚｼﾞﾃﾞﾝﾄⅡ201,畑中一丁目,2,78,hatakenakakyuusinnpdf.pdf,畑中-99,high,
1194,大字畑中770番地,畑中8組の12A ﾌﾟﾚｼﾞﾃﾞﾝﾄⅡ202,畑中一丁目,2,78,hatakenakakyuusinnpdf.pdf,畑中-99,high,
1195,大字畑中770番地,畑中8組の12A ﾌﾟﾚｼﾞﾃﾞﾝﾄⅡ203,畑中一丁目,2,78,hatakenakakyuusinnpdf.pdf,畑中-99,high,
1196,大字畑中770番地,畑中8組の12A ﾌﾟﾚｼﾞﾃﾞﾝﾄⅡ205,畑中一丁目,2,78,hatakenakakyuusinnpdf.pdf,畑中-99,high,
1197,大字畑中775番地,,畑中一丁目,2,9,hatakenakakyuusinnpdf.pdf,畑中-99,high,
1198,大字畑中780番地の1,,畑中一丁目,3,1,hatakenakakyuusinnpdf.pdf,畑中-100,high,資料上2回出現
1199,大字畑中字素川781番地の1,,畑中一丁目,3,1,hatakenakakyuusinnpdf.pdf,畑中-100,high,
1200,大字畑中782番地の3,畑中8組の8の2,畑中一丁目,3,16,hatakenakakyuusinnpdf.pdf,畑中-100,high,
1201,大字畑中784番地の1,畑中8組の8の2,畑中一丁目,3,17,hatakenakakyuusinnpdf.pdf,畑中-100,high,
1202,大字畑中785番地の1,,畑中一丁目,3,19,hatakenakakyuusinnpdf.pdf,畑中-100,high,
1203,大字畑中787番地の6,畑中8組の7D CREA COURT畑中101,畑中一丁目,3,24-101,hatakenakakyuusinnpdf.pdf,畑中-100,high,
1204,大字畑中787番地の6,畑中8組の7D CREA COURT畑中102,畑中一丁目,3,24-102,hatakenakakyuusinnpdf.pdf,畑中-100,high,
1205,大字畑中787番地の6,畑中8組の7D CREA COURT畑中103,畑中一丁目,3,24-103,hatakenakakyuusinnpdf.pdf,畑中-100,high,
1206,大字畑中787番地の6,畑中8組の7D CREA COURT畑中105,畑中一丁目,3,24-105,hatakenakakyuusinnpdf.pdf,畑中-100,high,
1207,大字畑中787番地の6,畑中8組の7D CREA COURT畑中106,畑中一丁目,3,24-106,hatakenakakyuusinnpdf.pdf,畑中-100,high,
1208,大字畑中787番地の6,畑中8組の7D CREA COURT畑中201,畑中一丁目,3,24-201,hatakenakakyuusinnpdf.pdf,畑中-100,high,
1209,大字畑中787番地の6,畑中8組の7D CREA COURT畑中202,畑中一丁目,3,24-202,hatakenakakyuusinnpdf.pdf,畑中-100,high,
1210,大字畑中787番地の6,畑中8組の7D CREA COURT畑中203,畑中一丁目,3,24-203,hatakenakakyuusinnpdf.pdf,畑中-101,high,
1211,大字畑中787番地の6,畑中8組の7D CREA COURT畑中205,畑中一丁目,3,24-205,hatakenakakyuusinnpdf.pdf,畑中-101,high,
1212,大字畑中787番地の6,畑中8組の7D CREA COURT畑中206,畑中一丁目,3,24-206,hatakenakakyuusinnpdf.pdf,畑中-101,high,
1213,大字畑中787番地の6,畑中8組の7D CREA COURT畑中301,畑中一丁目,3,24-301,hatakenakakyuusinnpdf.pdf,畑中-101,high,
1214,大字畑中787番地の6,畑中8組の7D CREA COURT畑中302,畑中一丁目,3,24-302,hatakenakakyuusinnpdf.pdf,畑中-101,high,
1215,大字畑中787番地の6,畑中8組の7D CREA COURT畑中303,畑中一丁目,3,24-303,hatakenakakyuusinnpdf.pdf,畑中-101,high,
1216,大字畑中787番地の6,畑中8組の7D CREA COURT畑中305,畑中一丁目,3,24-305,hatakenakakyuusinnpdf.pdf,畑中-101,high,
1217,大字畑中787番地の6,畑中8組の7D CREA COURT畑中306,畑中一丁目,3,24-306,hatakenakakyuusinnpdf.pdf,畑中-101,high,
1218,大字畑中787番地の6,畑中8組の7D CREA COURT畑中401,畑中一丁目,3,24-401,hatakenakakyuusinnpdf.pdf,畑中-101,high,
1219,大字畑中787番地の6,畑中8組の7D CREA COURT畑中402,畑中一丁目,3,24-402,hatakenakakyuusinnpdf.pdf,畑中-101,high,
1220,大字畑中787番地の6,畑中8組の7D CREA COURT畑中403,畑中一丁目,3,24-403,hatakenakakyuusinnpdf.pdf,畑中-101,high,
1221,大字畑中787番地の6,畑中8組の7D CREA COURT畑中405,畑中一丁目,3,24-405,hatakenakakyuusinnpdf.pdf,畑中-101,high,
1222,大字畑中787番地の6,畑中8組の7D CREA COURT畑中406,畑中一丁目,3,24-406,hatakenakakyuusinnpdf.pdf,畑中-101,high,
1223,大字畑中790番地の1,畑中8組の7A 多々良ﾊｲﾂⅡ103,畑中一丁目,9,4-103,hatakenakakyuusinnpdf.pdf,畑中-102,high,
1224,大字畑中790番地の1,畑中8組の7A 畑中Rｱﾊﾟｰﾄﾒﾝﾄ201,畑中一丁目,9,4-201,hatakenakakyuusinnpdf.pdf,畑中-102,high,
1225,大字畑中790番地の1,畑中8組の7A 多々良ﾊｲﾂⅡ202,畑中一丁目,9,4-202,hatakenakakyuusinnpdf.pdf,畑中-102,high,
1226,大字畑中790番地の1,畑中8組の7A 畑中Rｱﾊﾟｰﾄﾒﾝﾄ203,畑中一丁目,9,4-203,hatakenakakyuusinnpdf.pdf,畑中-102,high,
1227,大字畑中790番地の1,畑中8組の7A ｸﾞﾘｰﾝﾋﾞﾙ畑中205,畑中一丁目,9,4-205,hatakenakakyuusinnpdf.pdf,畑中-102,high,
1228,大字畑中790番地の1,畑中8組の7A ｸﾞﾘｰﾝﾋﾞﾙ畑中301,畑中一丁目,9,4-301,hatakenakakyuusinnpdf.pdf,畑中-102,high,
1229,大字畑中790番地の1,畑中8組の7A ｸﾞﾘｰﾝﾋﾞﾙ畑中302,畑中一丁目,9,4-302,hatakenakakyuusinnpdf.pdf,畑中-102,high,
1230,大字畑中790番地の1,畑中8組の7A ｸﾞﾘｰﾝﾋﾞﾙ畑中303,畑中一丁目,9,4-303,hatakenakakyuusinnpdf.pdf,畑中-102,high,
1231,大字畑中790番地の1,畑中8組の7A 畑中Rｱﾊﾟｰﾄﾒﾝﾄ305,畑中一丁目,9,4-305,hatakenakakyuusinnpdf.pdf,畑中-102,high,
1232,大字畑中790番地の1,畑中8組の7A ｸﾞﾘｰﾝﾋﾞﾙ畑中401,畑中一丁目,9,4-401,hatakenakakyuusinnpdf.pdf,畑中-102,high,
1233,大字畑中790番地の1,畑中8組の7A ｸﾞﾘｰﾝﾋﾞﾙ畑中402,畑中一丁目,9,4-402,hatakenakakyuusinnpdf.pdf,畑中-102,high,
1234,大字畑中790番地の1,畑中8組の7A ｸﾞﾘｰﾝﾋﾞﾙ畑中403,畑中一丁目,9,4-403,hatakenakakyuusinnpdf.pdf,畑中-102,high,
1235,大字畑中790番地の1,畑中8組の7A ｸﾞﾘｰﾝﾋﾞﾙ畑中405,畑中一丁目,9,4-405,hatakenakakyuusinnpdf.pdf,畑中-102,high,
1236,大字畑中790番地の1,畑中8組の7A ｸﾞﾘｰﾝﾋﾞﾙ畑中501,畑中一丁目,9,4-501,hatakenakakyuusinnpdf.pdf,畑中-103,high,
1237,大字畑中790番地の1,畑中8組の7A 多々良ﾊｲﾂⅡ502,畑中一丁目,9,4-502,hatakenakakyuusinnpdf.pdf,畑中-103,high,
1238,大字畑中790番地の1,畑中8組の7A ｸﾞﾘｰﾝﾋﾞﾙ畑中503,畑中一丁目,9,4-503,hatakenakakyuusinnpdf.pdf,畑中-103,high,
1239,大字畑中790番地の1,畑中8組の7A ｸﾞﾘｰﾝﾋﾞﾙ畑中505,畑中一丁目,9,4-505,hatakenakakyuusinnpdf.pdf,畑中-103,high,
1240,大字畑中790番地の1,畑中8組の7A 畑中Rｱﾊﾟｰﾄﾒﾝﾄ601,畑中一丁目,9,4-601,hatakenakakyuusinnpdf.pdf,畑中-103,high,
1241,大字畑中790番地の1,畑中8組の7A 畑中Rｱﾊﾟｰﾄﾒﾝﾄ602,畑中一丁目,9,4-602,hatakenakakyuusinnpdf.pdf,畑中-103,high,資料上2回出現
1242,大字畑中790番地の1,畑中8組の7A ｸﾞﾘｰﾝﾋﾞﾙ畑中603,畑中一丁目,9,4-603,hatakenakakyuusinnpdf.pdf,畑中-103,high,
1243,大字畑中790番地の1,畑中8組の7A ｸﾞﾘｰﾝﾋﾞﾙ畑中605,畑中一丁目,9,4-605,hatakenakakyuusinnpdf.pdf,畑中-103,high,
1244,大字畑中791番地の1,畑中8組の7 岡ｱﾊﾟｰﾄ1,畑中一丁目,9,11,hatakenakakyuusinnpdf.pdf,畑中-103,high,
1245,大字畑中791番地の1,畑中8組の7 岡ｱﾊﾟｰﾄ2,畑中一丁目,9,11,hatakenakakyuusinnpdf.pdf,畑中-103,high,
1246,大字畑中791番地の1,畑中8組の7 岡ｱﾊﾟｰﾄ3,畑中一丁目,9,11,hatakenakakyuusinnpdf.pdf,畑中-103,high,
1247,大字畑中791番地の1,畑中8組の7 岡ｱﾊﾟｰﾄ4,畑中一丁目,9,11,hatakenakakyuusinnpdf.pdf,畑中-103,high,
1248,大字畑中791番地の1,畑中8組の7 岡ｱﾊﾟｰﾄ5,畑中一丁目,9,11,hatakenakakyuusinnpdf.pdf,畑中-104,high,
1249,大字畑中791番地の1,畑中8組の7 岡ｱﾊﾟｰﾄ6,畑中一丁目,9,11,hatakenakakyuusinnpdf.pdf,畑中-104,high,
1250,大字畑中791番地の1,畑中8組の7 岡ｱﾊﾟｰﾄ7,畑中一丁目,9,11,hatakenakakyuusinnpdf.pdf,畑中-104,high,
1251,大字畑中791番地の1,畑中8組の7 岡ｱﾊﾟｰﾄ8,畑中一丁目,9,11,hatakenakakyuusinnpdf.pdf,畑中-104,high,資料上2回出現
1252,大字畑中791番地の1,畑中8組の7 岡ｱﾊﾟｰﾄ209,畑中一丁目,9,11,hatakenakakyuusinnpdf.pdf,畑中-104,high,
1253,大字畑中791番地の4,畑中8組の7,畑中一丁目,9,7,hatakenakakyuusinnpdf.pdf,畑中-104,high,資料上3回出現
1254,大字畑中792番地の1,畑中8組の6B ｾｼﾞｭｰﾙ素川2-101,畑中一丁目,8,19,hatakenakakyuusinnpdf.pdf,畑中-104,high,
1255,大字畑中792番地の1,畑中8組の6B ｾｼﾞｭｰﾙ素川2-102,畑中一丁目,8,19,hatakenakakyuusinnpdf.pdf,畑中-104,high,
1256,大字畑中792番地の1,畑中8組の6B ｾｼﾞｭｰﾙ素川2-201,畑中一丁目,8,19,hatakenakakyuusinnpdf.pdf,畑中-104,high,
1257,大字畑中792番地の1,畑中8組の6B ｾｼﾞｭｰﾙ素川2-202,畑中一丁目,8,19,hatakenakakyuusinnpdf.pdf,畑中-104,high,
1258,大字畑中792番地の1,畑中8組の6B ｾｼﾞｭｰﾙ素川2-205,畑中一丁目,8,19,hatakenakakyuusinnpdf.pdf,畑中-105,high,
1259,大字畑中792番地の3,畑中8組の6B ｾｼﾞｭｰﾙ素川101,畑中一丁目,8,16,hatakenakakyuusinnpdf.pdf,畑中-105,high,
1260,大字畑中792番地の3,畑中8組の6B ｾｼﾞｭｰﾙ素川102,畑中一丁目,8,16,hatakenakakyuusinnpdf.pdf,畑中-105,high,
1261,大字畑中792番地の3,畑中8組の6B ｾｼﾞｭｰﾙ素川103,畑中一丁目,8,16,hatakenakakyuusinnpdf.pdf,畑中-105,high,
1262,大字畑中792番地の3,畑中8組の6B ｾｼﾞｭｰﾙ素川105,畑中一丁目,8,16,hatakenakakyuusinnpdf.pdf,畑中-105,high,
1263,大字畑中792番地の3,畑中8組の6B ｾｼﾞｭｰﾙ素川Ⅰ201,畑中一丁目,8,16,hatakenakakyuusinnpdf.pdf,畑中-105,high,
1264,大字畑中792番地の3,畑中8組の6B ｾｼﾞｭｰﾙ素川Ⅰ202,畑中一丁目,8,16,hatakenakakyuusinnpdf.pdf,畑中-105,high,
1265,大字畑中792番地の3,畑中8組の6B ｾｼﾞｭｰﾙ素川Ⅰ203,畑中一丁目,8,16,hatakenakakyuusinnpdf.pdf,畑中-105,high,
1266,大字畑中792番地の3,畑中8組の6B ｾｼﾞｭｰﾙ素川Ⅰ205,畑中一丁目,8,16,hatakenakakyuusinnpdf.pdf,畑中-105,high,
1267,大字畑中792番地の3,畑中8組の6B ｾｼﾞｭｰﾙ素川2-103,畑中一丁目,8,19,hatakenakakyuusinnpdf.pdf,畑中-105,high,
1268,大字畑中792番地の3,畑中8組の6B ｾｼﾞｭｰﾙ素川2-105,畑中一丁目,8,19,hatakenakakyuusinnpdf.pdf,畑中-105,high,
1269,大字畑中792番地の3,畑中8組の6B ｾｼﾞｭｰﾙ素川2-106,畑中一丁目,8,19,hatakenakakyuusinnpdf.pdf,畑中-105,high,
1270,大字畑中792番地の3,畑中8組の6B ｾｼﾞｭｰﾙ素川2-203,畑中一丁目,8,19,hatakenakakyuusinnpdf.pdf,畑中-105,high,
1271,大字畑中792番地の3,畑中8組の6B ｾｼﾞｭｰﾙ素川2-206,畑中一丁目,8,19,hatakenakakyuusinnpdf.pdf,畑中-106,high,
1272,大字畑中793番地の1,畑中8組の7,畑中一丁目,8,22,hatakenakakyuusinnpdf.pdf,畑中-106,high,資料上2回出現
1273,大字畑中794番地の1,畑中8組の7,畑中一丁目,8,23,hatakenakakyuusinnpdf.pdf,畑中-106,high,
1274,大字畑中794番地の2,畑中8組の7,畑中一丁目,8,47,hatakenakakyuusinnpdf.pdf,畑中-106,high,資料上2回出現
1275,大字畑中794番地の3,畑中8組の7,畑中一丁目,8,27,hatakenakakyuusinnpdf.pdf,畑中-106,high,
1276,大字畑中794番地の7,畑中8組の7,畑中一丁目,8,28,hatakenakakyuusinnpdf.pdf,畑中-106,high,
1277,大字畑中794番地の9,畑中8組の7,畑中一丁目,8,29,hatakenakakyuusinnpdf.pdf,畑中-106,high,資料上2回出現
1278,大字畑中795番地の1,畑中8組の7,畑中一丁目,8,26,hatakenakakyuusinnpdf.pdf,畑中-106,high,
1279,大字畑中795番地の1,畑中8組の7,畑中一丁目,8,25,hatakenakakyuusinnpdf.pdf,畑中-106,high,
1280,大字畑中796番地の1,畑中8組の7,畑中一丁目,8,32,hatakenakakyuusinnpdf.pdf,畑中-106,high,
1281,大字畑中796番地の2,畑中8組の7,畑中一丁目,8,33,hatakenakakyuusinnpdf.pdf,畑中-107,high,
1282,大字畑中797番地の1,畑中8組の7,畑中一丁目,8,45,hatakenakakyuusinnpdf.pdf,畑中-107,high,
1283,大字畑中797番地の3,畑中8組の7,畑中一丁目,8,48,hatakenakakyuusinnpdf.pdf,畑中-107,high,
1284,大字畑中797番地の3,畑中8組の7,畑中一丁目,8,49,hatakenakakyuusinnpdf.pdf,畑中-107,high,
1285,大字畑中797番地の4,畑中8組の7,畑中一丁目,8,46,hatakenakakyuusinnpdf.pdf,畑中-107,high,
1286,大字畑中798番地,畑中8組の6,畑中一丁目,8,13,hatakenakakyuusinnpdf.pdf,畑中-107,high,
1287,大字畑中799番1号,,畑中一丁目,8,4,hatakenakakyuusinnpdf.pdf,畑中-107,high,
1288,大字畑中799番地の1,,畑中一丁目,8,4,hatakenakakyuusinnpdf.pdf,畑中-107,high,
1289,大字畑中799-1,,畑中一丁目,8,4,hatakenakakyuusinnpdf.pdf,畑中-107,high,
1290,大字畑中799番地の4,畑中8組の15 ﾍﾘﾃｰｼﾞ畑中101,畑中一丁目,8,9-101,hatakenakakyuusinnpdf.pdf,畑中-107,high,
1291,大字畑中799番地の4,畑中8組の15 ｻｻﾞﾝﾌﾞﾗｲﾄ畑中102,畑中一丁目,8,9-102,hatakenakakyuusinnpdf.pdf,畑中-107,high,
1292,大字畑中799番地の4,畑中8組の15 ｻｻﾞﾝﾌﾞﾗｲﾄ畑中103,畑中一丁目,8,9-103,hatakenakakyuusinnpdf.pdf,畑中-107,high,
1293,大字畑中799番地の4,畑中8組の15 ｻｻﾞﾝﾌﾞﾗｲﾄ畑中105,畑中一丁目,8,9-105,hatakenakakyuusinnpdf.pdf,畑中-107,high,
1294,大字畑中799番地の4,畑中8組の15 ｻｻﾞﾝﾌﾞﾗｲﾄ畑中201,畑中一丁目,8,9-201,hatakenakakyuusinnpdf.pdf,畑中-108,high,
1295,大字畑中799番地の4,畑中8組の15 ｻｻﾞﾝﾌﾞﾗｲﾄ畑中202,畑中一丁目,8,9-202,hatakenakakyuusinnpdf.pdf,畑中-108,high,
1296,大字畑中799番地の4,畑中8組の15 ｻｻﾞﾝﾌﾞﾗｲﾄ畑中203,畑中一丁目,8,9-203,hatakenakakyuusinnpdf.pdf,畑中-108,high,
1297,大字畑中799番地の4,畑中8組の15 ｻｻﾞﾝﾌﾞﾗｲﾄ畑中205,畑中一丁目,8,9-205,hatakenakakyuusinnpdf.pdf,畑中-108,high,
1298,大字畑中799番地の4,畑中8組の15 ｻｻﾞﾝﾌﾞﾗｲﾄ畑中301,畑中一丁目,8,9-301,hatakenakakyuusinnpdf.pdf,畑中-108,high,
1299,大字畑中799番地の4,畑中8組の15 ｻｻﾞﾝﾌﾞﾗｲﾄ畑中302,畑中一丁目,8,9-302,hatakenakakyuusinnpdf.pdf,畑中-108,high,
1300,大字畑中799番地の4,畑中8組の15 ｻｻﾞﾝﾌﾞﾗｲﾄ畑中303,畑中一丁目,8,9-303,hatakenakakyuusinnpdf.pdf,畑中-108,high,
1301,大字畑中799番地の4,畑中8組の15 ｻｻﾞﾝﾌﾞﾗｲﾄ畑中305,畑中一丁目,8,9-305,hatakenakakyuusinnpdf.pdf,畑中-108,high,
1302,大字畑中799番地の4,畑中8組の15 ｻｻﾞﾝﾌﾞﾗｲﾄ畑中401,畑中一丁目,8,9-401,hatakenakakyuusinnpdf.pdf,畑中-108,high,資料上2回出現
1303,大字畑中799番地の4,畑中8組の15 ｻｻﾞﾝﾌﾞﾗｲﾄ畑中402,畑中一丁目,8,9-402,hatakenakakyuusinnpdf.pdf,畑中-108,high,
1304,大字畑中799番地の4,畑中8組の15 ｻｻﾞﾝﾌﾞﾗｲﾄ畑中403,畑中一丁目,8,9-403,hatakenakakyuusinnpdf.pdf,畑中-108,high,
1305,大字畑中799番地の4,畑中8組の15 ｻｻﾞﾝﾌﾞﾗｲﾄ畑中405,畑中一丁目,8,9-405,hatakenakakyuusinnpdf.pdf,畑中-108,high,
1306,大字畑中799番地の4,畑中8組の15 ｻｻﾞﾝﾌﾞﾗｲﾄ畑中501,畑中一丁目,8,9-501,hatakenakakyuusinnpdf.pdf,畑中-109,high,
1307,大字畑中799番地の4,畑中8組の15 ｻｻﾞﾝﾌﾞﾗｲﾄ畑中502,畑中一丁目,8,9-502,hatakenakakyuusinnpdf.pdf,畑中-109,high,
1308,大字畑中799番地の4,畑中8組の15 ｻｻﾞﾝﾌﾞﾗｲﾄ畑中503,畑中一丁目,8,9-503,hatakenakakyuusinnpdf.pdf,畑中-109,high,
1309,大字畑中799番地の4,畑中8組の15 ｻｻﾞﾝﾌﾞﾗｲﾄ畑中505,畑中一丁目,8,9-505,hatakenakakyuusinnpdf.pdf,畑中-109,high,
1310,大字畑中799番地の4,畑中8組の15 ｻｻﾞﾝﾌﾞﾗｲﾄ畑中602,畑中一丁目,8,9-602,hatakenakakyuusinnpdf.pdf,畑中-109,high,
1311,大字畑中799番地の4,畑中8組の15 ｻｻﾞﾝﾌﾞﾗｲﾄ畑中603,畑中一丁目,8,9-603,hatakenakakyuusinnpdf.pdf,畑中-109,high,
1312,大字畑中799番地の4,畑中8組の15 ｻｻﾞﾝﾌﾞﾗｲﾄ畑中605,畑中一丁目,8,9-605,hatakenakakyuusinnpdf.pdf,畑中-109,high,
1313,大字畑中799番地の4,畑中8組の15 ｻｻﾞﾝﾌﾞﾗｲﾄ畑中702,畑中一丁目,8,9-702,hatakenakakyuusinnpdf.pdf,畑中-109,high,資料上2回出現
1314,大字畑中799番地の4,畑中8組の15 ﾍﾘﾃｰｼﾞ畑中703,畑中一丁目,8,9-703,hatakenakakyuusinnpdf.pdf,畑中-109,high,
1315,大字畑中799番地の4,畑中8組の15 ｻｻﾞﾝﾌﾞﾗｲﾄ畑中703,畑中一丁目,8,9-703,hatakenakakyuusinnpdf.pdf,畑中-109,high,
1316,大字畑中799番地の4,畑中8組の15 ｻｻﾞﾝﾌﾞﾗｲﾄ畑中705,畑中一丁目,8,9-705,hatakenakakyuusinnpdf.pdf,畑中-109,high,
1317,大字畑中799番地の4,畑中8組の15 ｻｻﾞﾝﾌﾞﾗｲﾄ畑中802,畑中一丁目,8,9-802,hatakenakakyuusinnpdf.pdf,畑中-109,high,
1318,大字畑中799番地の4,畑中8組の15 ｻｻﾞﾝﾌﾞﾗｲﾄ畑中803,畑中一丁目,8,9-803,hatakenakakyuusinnpdf.pdf,畑中-110,high,
1319,大字畑中799番地の4,畑中8組の15 ﾍﾘﾃｰｼﾞ畑中805,畑中一丁目,8,9-805,hatakenakakyuusinnpdf.pdf,畑中-110,high,
1320,大字畑中801番地,畑中8組の6,畑中一丁目,8,51,hatakenakakyuusinnpdf.pdf,畑中-110,high,
1321,大字畑中801番地,畑中8組の6,畑中一丁目,8,54,hatakenakakyuusinnpdf.pdf,畑中-110,high,
1322,大字畑中801番地,畑中8組の6,畑中一丁目,8,52,hatakenakakyuusinnpdf.pdf,畑中-110,high,
1323,大字畑中801番地,畑中8組の6,畑中一丁目,8,55,hatakenakakyuusinnpdf.pdf,畑中-110,high,
1324,大字畑中802番地の1,畑中8組の6,畑中一丁目,7,7,hatakenakakyuusinnpdf.pdf,畑中-110,high,
1325,大字畑中802番地の1,畑中8組の6,畑中一丁目,7,10,hatakenakakyuusinnpdf.pdf,畑中-110,high,
1326,大字畑中802番地の2,畑中8組の7,畑中一丁目,8,43,hatakenakakyuusinnpdf.pdf,畑中-110,high,
1327,大字畑中803番地,畑中8組の6,畑中一丁目,7,15,hatakenakakyuusinnpdf.pdf,畑中-110,high,
1328,大字畑中803番地の1,畑中8組の6,畑中一丁目,7,4,hatakenakakyuusinnpdf.pdf,畑中-110,high,資料上2回出現
1329,大字畑中803番地の2,畑中8組の7,畑中一丁目,8,40,hatakenakakyuusinnpdf.pdf,畑中-110,high,
1330,大字畑中804番地の2,畑中8組の7,畑中一丁目,8,39,hatakenakakyuusinnpdf.pdf,畑中-111,high,資料上2回出現
1331,大字畑中805-1,,畑中一丁目,7,2,hatakenakakyuusinnpdf.pdf,畑中-111,high,
1332,大字畑中805番地の2,畑中8組の7,畑中一丁目,8,38,hatakenakakyuusinnpdf.pdf,畑中-111,high,
1333,大字畑中806-1,,畑中一丁目,8,35,hatakenakakyuusinnpdf.pdf,畑中-111,high,
1334,大字畑中806番地の5,畑中8組の6 ﾒｿﾞﾝﾘﾍﾞﾙﾃ101,畑中一丁目,7,19,hatakenakakyuusinnpdf.pdf,畑中-111,high,
1335,大字畑中806番地の5,畑中8組の6 ﾒｿﾞﾝﾘﾍﾞﾙﾃ102,畑中一丁目,7,19,hatakenakakyuusinnpdf.pdf,畑中-111,high,
1336,大字畑中806番地の5,畑中8組の6 ﾒｿﾞﾝﾘﾍﾞﾙﾃ201,畑中一丁目,7,19,hatakenakakyuusinnpdf.pdf,畑中-111,high,
1337,大字畑中806番地の5,畑中8組の6 ﾒｿﾞﾝﾘﾍﾞﾙﾃ202,畑中一丁目,7,19,hatakenakakyuusinnpdf.pdf,畑中-111,high,
1338,大字畑中806番地の6,畑中8組の6,畑中一丁目,7,20,hatakenakakyuusinnpdf.pdf,畑中-111,high,資料上2回出現
1339,大字畑中806番地の6,畑中8組の6 ｻﾝﾊｲﾂｼｰｶﾞﾙ101,畑中一丁目,7,1,hatakenakakyuusinnpdf.pdf,畑中-111,high,
1340,大字畑中806番地の6,畑中8組の6 ｻﾝﾊｲﾂｼｰｶﾞﾙ102,畑中一丁目,7,1,hatakenakakyuusinnpdf.pdf,畑中-111,high,
1341,大字畑中806番地の6,畑中8組の6 ｻﾝﾊｲﾂｼｰｶﾞﾙ201,畑中一丁目,7,1,hatakenakakyuusinnpdf.pdf,畑中-111,high,
1342,大字畑中806番地の6,畑中8組の6 ｻﾝﾊｲﾂｼｰｶﾞﾙ202,畑中一丁目,7,1,hatakenakakyuusinnpdf.pdf,畑中-112,high,
1343,大字畑中806番地の6,畑中8組の6,畑中一丁目,7,12,hatakenakakyuusinnpdf.pdf,畑中-112,high,資料上2回出現
1344,大字畑中807番地の1,畑中8組の4の1,畑中二丁目,6,88,hatakenakakyuusinnpdf.pdf,畑中-112,high,資料上2回出現
1345,大字畑中807番地の4,畑中8組の4の1,畑中二丁目,6,3,hatakenakakyuusinnpdf.pdf,畑中-112,high,資料上2回出現
1346,大字畑中807番地の9,畑中8組の4の1,畑中二丁目,6,4,hatakenakakyuusinnpdf.pdf,畑中-112,high,
1347,大字畑中808番地,畑中8組の4の2 ｺｰﾎﾟ安東201,畑中二丁目,6,86,hatakenakakyuusinnpdf.pdf,畑中-112,high,
1348,大字畑中808番地,畑中8組の4の2 ｺｰﾎﾟ安東202,畑中二丁目,6,86,hatakenakakyuusinnpdf.pdf,畑中-112,high,
1349,大字畑中810番地の5,,畑中二丁目,6,6,hatakenakakyuusinnpdf.pdf,畑中-112,high,
1350,大字畑中810番地の5,畑中8組の4の1,畑中二丁目,6,6,hatakenakakyuusinnpdf.pdf,畑中-113,high,資料上2回出現
1351,大字畑中810番地の7,畑中8組の4の1,畑中二丁目,6,7,hatakenakakyuusinnpdf.pdf,畑中-113,high,資料上7回出現
1352,大字畑中811番地,畑中8組の4の1A ｸﾞﾗﾝﾄﾞﾊﾟﾚｽｻﾝﾘｰﾄﾞ南大分105,畑中二丁目,6,11-105,hatakenakakyuusinnpdf.pdf,畑中-113,high,
1353,大字畑中811番地,畑中8組の4の1A ｸﾞﾗﾝﾄﾞﾊﾟﾚｽｻﾝﾘｰﾄﾞ南大分201,畑中二丁目,6,11-201,hatakenakakyuusinnpdf.pdf,畑中-113,high,
1354,大字畑中811番地,畑中8組の4の1A ｸﾞﾗﾝﾄﾞﾊﾟﾚｽｻﾝﾘｰﾄﾞ南大分202,畑中二丁目,6,11-202,hatakenakakyuusinnpdf.pdf,畑中-113,high,資料上2回出現
1355,大字畑中811番地,畑中8組の4の1A ｸﾞﾗﾝﾄﾞﾊﾟﾚｽｻﾝﾘｰﾄﾞ南大分203,畑中二丁目,6,11-203,hatakenakakyuusinnpdf.pdf,畑中-114,high,資料上2回出現
1356,大字畑中811番地,畑中8組の4の1A ｸﾞﾗﾝﾄﾞﾊﾟﾚｽｻﾝﾘｰﾄﾞ南大分205,畑中二丁目,6,11-205,hatakenakakyuusinnpdf.pdf,畑中-114,high,
1357,大字畑中811番地,畑中8組の4の1A ｸﾞﾗﾝﾄﾞﾊﾟﾚｽｻﾝﾘｰﾄﾞ南大分301,畑中二丁目,6,11-301,hatakenakakyuusinnpdf.pdf,畑中-114,high,
1358,大字畑中811番地,畑中8組の4の1A ｸﾞﾗﾝﾄﾞﾊﾟﾚｽｻﾝﾘｰﾄﾞ南大分302,畑中二丁目,6,11-302,hatakenakakyuusinnpdf.pdf,畑中-114,high,
1359,大字畑中811番地,畑中8組の4の1A ｸﾞﾗﾝﾄﾞﾊﾟﾚｽｻﾝﾘｰﾄﾞ南大分303,畑中二丁目,6,11-303,hatakenakakyuusinnpdf.pdf,畑中-114,high,
1360,大字畑中811番地,畑中8組の4の1A ｸﾞﾗﾝﾄﾞﾊﾟﾚｽｻﾝﾘｰﾄﾞ南大分305,畑中二丁目,6,11-305,hatakenakakyuusinnpdf.pdf,畑中-114,high,
1361,大字畑中811番地,畑中8組の4の1A ｸﾞﾗﾝﾄﾞﾊﾟﾚｽｻﾝﾘｰﾄﾞ南大分401,畑中二丁目,6,11-401,hatakenakakyuusinnpdf.pdf,畑中-114,high,
1362,大字畑中811番地,畑中8組の4の1A ｸﾞﾗﾝﾄﾞﾊﾟﾚｽｻﾝﾘｰﾄﾞ南大分402,畑中二丁目,6,11-402,hatakenakakyuusinnpdf.pdf,畑中-114,high,
1363,大字畑中811番地,畑中8組の4の1A ｸﾞﾗﾝﾄﾞﾊﾟﾚｽｻﾝﾘｰﾄﾞ南大分403,畑中二丁目,6,11-403,hatakenakakyuusinnpdf.pdf,畑中-114,high,
1364,大字畑中811番地,畑中8組の4の1A ｸﾞﾗﾝﾄﾞﾊﾟﾚｽｻﾝﾘｰﾄﾞ南大分405,畑中二丁目,6,11-405,hatakenakakyuusinnpdf.pdf,畑中-114,high,
1365,大字畑中811番地,畑中8組の4の1A ｸﾞﾗﾝﾄﾞﾊﾟﾚｽｻﾝﾘｰﾄﾞ南大分501,畑中二丁目,6,11-501,hatakenakakyuusinnpdf.pdf,畑中-114,high,
1366,大字畑中811番地,畑中8組の4の1A ｸﾞﾗﾝﾄﾞﾊﾟﾚｽｻﾝﾘｰﾄﾞ南大分502,畑中二丁目,6,11-502,hatakenakakyuusinnpdf.pdf,畑中-114,high,
1367,大字畑中811番地,畑中8組の4の1A ｸﾞﾗﾝﾄﾞﾊﾟﾚｽｻﾝﾘｰﾄﾞ南大分503,畑中二丁目,6,11-503,hatakenakakyuusinnpdf.pdf,畑中-115,high,
1368,大字畑中811番地,畑中8組の4の1A ｸﾞﾗﾝﾄﾞﾊﾟﾚｽｻﾝﾘｰﾄﾞ南大分505,畑中二丁目,6,11-505,hatakenakakyuusinnpdf.pdf,畑中-115,high,
1369,大字畑中811番地,畑中8組の4の1A ｸﾞﾗﾝﾄﾞﾊﾟﾚｽｻﾝﾘｰﾄﾞ南大分601,畑中二丁目,6,11-601,hatakenakakyuusinnpdf.pdf,畑中-115,high,
1370,大字畑中811番地,畑中8組の4の1A ｸﾞﾗﾝﾄﾞﾊﾟﾚｽｻﾝﾘｰﾄﾞ南大分602,畑中二丁目,6,11-602,hatakenakakyuusinnpdf.pdf,畑中-115,high,
1371,大字畑中811番地,畑中8組の4の1A ｸﾞﾗﾝﾄﾞﾊﾟﾚｽｻﾝﾘｰﾄﾞ南大分603,畑中二丁目,6,11-603,hatakenakakyuusinnpdf.pdf,畑中-115,high,
1372,大字畑中811番地,畑中8組の4の1A ｸﾞﾗﾝﾄﾞﾊﾟﾚｽｻﾝﾘｰﾄﾞ南大分605,畑中二丁目,6,11-605,hatakenakakyuusinnpdf.pdf,畑中-115,high,
1373,大字畑中811番地,畑中8組の4の1A ｸﾞﾗﾝﾄﾞﾊﾟﾚｽｻﾝﾘｰﾄﾞ南大分701,畑中二丁目,6,11-701,hatakenakakyuusinnpdf.pdf,畑中-115,high,
1374,大字畑中811番地,畑中8組の4の1A ｸﾞﾗﾝﾄﾞﾊﾟﾚｽｻﾝﾘｰﾄﾞ南大分702,畑中二丁目,6,11-702,hatakenakakyuusinnpdf.pdf,畑中-115,high,
1375,大字畑中811番地,畑中8組の4の1A ｸﾞﾗﾝﾄﾞﾊﾟﾚｽｻﾝﾘｰﾄﾞ南大分703,畑中二丁目,6,11-703,hatakenakakyuusinnpdf.pdf,畑中-115,high,
1376,大字畑中811番地,畑中8組の4の1A ｸﾞﾗﾝﾄﾞﾊﾟﾚｽｻﾝﾘｰﾄﾞ南大分705,畑中二丁目,6,11-705,hatakenakakyuusinnpdf.pdf,畑中-115,high,
1377,大字畑中811番地,畑中8組の4の1A ｸﾞﾗﾝﾄﾞﾊﾟﾚｽｻﾝﾘｰﾄﾞ南大分801,畑中二丁目,6,11-801,hatakenakakyuusinnpdf.pdf,畑中-115,high,
1378,大字畑中811番地,畑中8組の4の1A ｸﾞﾗﾝﾄﾞﾊﾟﾚｽｻﾝﾘｰﾄﾞ南大分802,畑中二丁目,6,11-802,hatakenakakyuusinnpdf.pdf,畑中-115,high,資料上2回出現
1379,大字畑中811番地,畑中8組の4の1A ｸﾞﾗﾝﾄﾞﾊﾟﾚｽｻﾝﾘｰﾄﾞ南大分803,畑中二丁目,6,11-803,hatakenakakyuusinnpdf.pdf,畑中-116,high,
1380,大字畑中811番地,畑中8組の4の1A ｸﾞﾗﾝﾄﾞﾊﾟﾚｽｻﾝﾘｰﾄﾞ南大分805,畑中二丁目,6,11-805,hatakenakakyuusinnpdf.pdf,畑中-116,high,
1381,大字畑中811番地,畑中8組の4の1A ｸﾞﾗﾝﾄﾞﾊﾟﾚｽｻﾝﾘｰﾄﾞ南大分901,畑中二丁目,6,11-901,hatakenakakyuusinnpdf.pdf,畑中-116,high,
1382,大字畑中811番地,畑中8組の4の1A ｸﾞﾗﾝﾄﾞﾊﾟﾚｽｻﾝﾘｰﾄﾞ南大分902,畑中二丁目,6,11-902,hatakenakakyuusinnpdf.pdf,畑中-116,high,
1383,大字畑中811番地,畑中8組の4の1A ｸﾞﾗﾝﾄﾞﾊﾟﾚｽｻﾝﾘｰﾄﾞ南大分903,畑中二丁目,6,11-903,hatakenakakyuusinnpdf.pdf,畑中-116,high,
1384,大字畑中811番地,畑中8組の4の1A ｸﾞﾗﾝﾄﾞﾊﾟﾚｽｻﾝﾘｰﾄﾞ南大分905,畑中二丁目,6,11-905,hatakenakakyuusinnpdf.pdf,畑中-116,high,
1385,大字畑中811番地,畑中8組の4の1A ｸﾞﾗﾝﾄﾞﾊﾟﾚｽｻﾝﾘｰﾄﾞ南大分1001,畑中二丁目,6,11-1001,hatakenakakyuusinnpdf.pdf,畑中-116,high,
1386,大字畑中811番地,畑中8組の4の1A ｸﾞﾗﾝﾄﾞﾊﾟﾚｽｻﾝﾘｰﾄﾞ南大分1002,畑中二丁目,6,11-1002,hatakenakakyuusinnpdf.pdf,畑中-116,high,
1387,大字畑中811番地,畑中8組の4の1A ｸﾞﾗﾝﾄﾞﾊﾟﾚｽｻﾝﾘｰﾄﾞ南大分1003,畑中二丁目,6,11-1003,hatakenakakyuusinnpdf.pdf,畑中-116,high,
1388,大字畑中811番地,畑中8組の4の1A ｸﾞﾗﾝﾄﾞﾊﾟﾚｽｻﾝﾘｰﾄﾞ南大分1005,畑中二丁目,6,11-1005,hatakenakakyuusinnpdf.pdf,畑中-116,high,
1389,大字畑中811番地,畑中8組の4の1A ｸﾞﾗﾝﾄﾞﾊﾟﾚｽｻﾝﾘｰﾄﾞ南大分1101,畑中二丁目,6,11-1101,hatakenakakyuusinnpdf.pdf,畑中-116,high,
1390,大字畑中811番地,畑中8組の4の1A ｸﾞﾗﾝﾄﾞﾊﾟﾚｽｻﾝﾘｰﾄﾞ南大分1102,畑中二丁目,6,11-1102,hatakenakakyuusinnpdf.pdf,畑中-116,high,
1391,大字畑中811番地,畑中8組の4の1A ｸﾞﾗﾝﾄﾞﾊﾟﾚｽｻﾝﾘｰﾄﾞ南大分1103,畑中二丁目,6,11-1103,hatakenakakyuusinnpdf.pdf,畑中-116,high,
1392,大字畑中811番地,畑中8組の4の1A ｸﾞﾗﾝﾄﾞﾊﾟﾚｽｻﾝﾘｰﾄﾞ南大分1105,畑中二丁目,6,11-1105,hatakenakakyuusinnpdf.pdf,畑中-117,high,
1393,大字畑中811番地,畑中8組の4の1A ｸﾞﾗﾝﾄﾞﾊﾟﾚｽｻﾝﾘｰﾄﾞ南大分1201,畑中二丁目,6,11-1201,hatakenakakyuusinnpdf.pdf,畑中-117,high,
1394,大字畑中811番地,畑中8組の4の1A ｸﾞﾗﾝﾄﾞﾊﾟﾚｽｻﾝﾘｰﾄﾞ南大分1202,畑中二丁目,6,11-1202,hatakenakakyuusinnpdf.pdf,畑中-117,high,
1395,大字畑中811番地,畑中8組の4の1A ｸﾞﾗﾝﾄﾞﾊﾟﾚｽｻﾝﾘｰﾄﾞ南大分1203,畑中二丁目,6,11-1203,hatakenakakyuusinnpdf.pdf,畑中-117,high,
1396,大字畑中811番地,畑中8組の4の1A ｸﾞﾗﾝﾄﾞﾊﾟﾚｽｻﾝﾘｰﾄﾞ南大分1205,畑中二丁目,6,11-1205,hatakenakakyuusinnpdf.pdf,畑中-117,high,
1397,大字畑中811番地,畑中8組の4の1A ｸﾞﾗﾝﾄﾞﾊﾟﾚｽｻﾝﾘｰﾄﾞ南大分1301,畑中二丁目,6,11-1301,hatakenakakyuusinnpdf.pdf,畑中-117,high,
1398,大字畑中811番地,畑中8組の4の1A ｸﾞﾗﾝﾄﾞﾊﾟﾚｽｻﾝﾘｰﾄﾞ南大分1302,畑中二丁目,6,11-1302,hatakenakakyuusinnpdf.pdf,畑中-117,high,
1399,大字畑中811番地,畑中8組の4の1A ｸﾞﾗﾝﾄﾞﾊﾟﾚｽｻﾝﾘｰﾄﾞ南大分1303,畑中二丁目,6,11-1303,hatakenakakyuusinnpdf.pdf,畑中-117,high,
1400,大字畑中811番地,畑中8組の4の1A ｸﾞﾗﾝﾄﾞﾊﾟﾚｽｻﾝﾘｰﾄﾞ南大分1305,畑中二丁目,6,11-1305,hatakenakakyuusinnpdf.pdf,畑中-117,high,
1401,大字畑中811番地,畑中8組の4の1A ｸﾞﾗﾝﾄﾞﾊﾟﾚｽｻﾝﾘｰﾄﾞ南大分1401,畑中二丁目,6,11-1401,hatakenakakyuusinnpdf.pdf,畑中-117,high,
1402,大字畑中811番地,畑中8組の4の1A ｸﾞﾗﾝﾄﾞﾊﾟﾚｽｻﾝﾘｰﾄﾞ南大分1402,畑中二丁目,6,11-1402,hatakenakakyuusinnpdf.pdf,畑中-117,high,
1403,大字畑中811番地,畑中8組の4の1A ｸﾞﾗﾝﾄﾞﾊﾟﾚｽｻﾝﾘｰﾄﾞ南大分1403,畑中二丁目,6,11-1403,hatakenakakyuusinnpdf.pdf,畑中-117,high,
1404,大字畑中811番地,畑中8組の4の1A ｸﾞﾗﾝﾄﾞﾊﾟﾚｽｻﾝﾘｰﾄﾞ南大分1405,畑中二丁目,6,11-1405,hatakenakakyuusinnpdf.pdf,畑中-117,high,
1405,大字畑中811番地,畑中8組の4の1A ｸﾞﾗﾝﾄﾞﾊﾟﾚｽｻﾝﾘｰﾄﾞ南大分1501,畑中二丁目,6,11-1501,hatakenakakyuusinnpdf.pdf,畑中-118,high,
1406,大字畑中811番地,畑中8組の4の1A ｸﾞﾗﾝﾄﾞﾊﾟﾚｽｻﾝﾘｰﾄﾞ南大分1502,畑中二丁目,6,11-1502,hatakenakakyuusinnpdf.pdf,畑中-118,high,
1407,大字畑中811番地,畑中8組の4の1A ｸﾞﾗﾝﾄﾞﾊﾟﾚｽｻﾝﾘｰﾄﾞ南大分1503,畑中二丁目,6,11-1503,hatakenakakyuusinnpdf.pdf,畑中-118,high,
1408,大字畑中811番地,畑中8組の4の1A ｸﾞﾗﾝﾄﾞﾊﾟﾚｽｻﾝﾘｰﾄﾞ南大分1505,畑中二丁目,6,11-1505,hatakenakakyuusinnpdf.pdf,畑中-118,high,
1409,大字畑中815番地の1,畑中8組の4の1,畑中二丁目,7,3,hatakenakakyuusinnpdf.pdf,畑中-118,high,
1410,大字畑中815番地の4,畑中8組の4の1,畑中二丁目,7,1,hatakenakakyuusinnpdf.pdf,畑中-118,high,資料上2回出現
1411,大字畑中字中園815番地4,畑中8組,畑中二丁目,7,2,hatakenakakyuusinnpdf.pdf,畑中-118,high,
1412,大字畑中816-1,,畑中二丁目,7,47,hatakenakakyuusinnpdf.pdf,畑中-118,high,
1413,大字畑中816-1,,畑中二丁目,7,48,hatakenakakyuusinnpdf.pdf,畑中-118,high,
1414,大字畑中817番地の1,,畑中二丁目,7,46,hatakenakakyuusinnpdf.pdf,畑中-118,high,資料上4回出現
1415,大字畑中825番地の1,,畑中一丁目,10,8,hatakenakakyuusinnpdf.pdf,畑中-119,high,
1416,大字畑中827番地の1,,畑中一丁目,10,6,hatakenakakyuusinnpdf.pdf,畑中-119,high,
1417,大字畑中827番地の1,畑中8組の5 ﾒｿﾞﾝﾊﾟﾙﾃ201,畑中一丁目,10,6,hatakenakakyuusinnpdf.pdf,畑中-119,high,
1418,大字畑中827番地の1,畑中8組の5 ﾒｿﾞﾝﾊﾟﾙﾃ202,畑中一丁目,10,6,hatakenakakyuusinnpdf.pdf,畑中-119,high,
1419,大字畑中827番地の1,畑中8組の5 ﾒｿﾞﾝﾊﾟﾙﾃ203,畑中一丁目,10,6,hatakenakakyuusinnpdf.pdf,畑中-119,high,
1420,大字畑中827番地の1,畑中8組の5 ﾒｿﾞﾝﾊﾟﾙﾃ204,畑中一丁目,10,6,hatakenakakyuusinnpdf.pdf,畑中-119,high,
1421,大字畑中827番地の3,畑中8組の5,畑中一丁目,10,5,hatakenakakyuusinnpdf.pdf,畑中-119,high,
1422,大字畑中827番地の4,畑中8組の5,畑中一丁目,10,4,hatakenakakyuusinnpdf.pdf,畑中-119,high,
1423,大字畑中829番地の1,,畑中一丁目,10,90,hatakenakakyuusinnpdf.pdf,畑中-119,high,
1424,大字畑中831番地の1,畑中8組の5A,畑中一丁目,10,81,hatakenakakyuusinnpdf.pdf,畑中-119,high,
1425,大字畑中831番地の3,畑中8組の5A,畑中一丁目,10,82,hatakenakakyuusinnpdf.pdf,畑中-119,high,
1426,大字畑中831番地の4,畑中8組の5A,畑中一丁目,10,83,hatakenakakyuusinnpdf.pdf,畑中-120,high,
1427,大字畑中831番地の5,畑中8組の5A,畑中一丁目,10,84,hatakenakakyuusinnpdf.pdf,畑中-120,high,
1428,大字畑中831番地の6,畑中8組の5A,畑中一丁目,10,85,hatakenakakyuusinnpdf.pdf,畑中-120,high,
1429,大字畑中833番地の1,畑中8組の6C ｾｼﾞｭｰﾙ参番館101,畑中一丁目,10,78-101,hatakenakakyuusinnpdf.pdf,畑中-120,high,
1430,大字畑中833番地の1,畑中8組の6C ｾｼﾞｭｰﾙ参番館102,畑中一丁目,10,78-102,hatakenakakyuusinnpdf.pdf,畑中-120,high,
1431,大字畑中833番地の1,畑中8組の6C ｾｼﾞｭｰﾙ参番館103,畑中一丁目,10,78-103,hatakenakakyuusinnpdf.pdf,畑中-120,high,
1432,大字畑中833番地の1,畑中8組の6C ｾｼﾞｭｰﾙ参番館105,畑中一丁目,10,78-105,hatakenakakyuusinnpdf.pdf,畑中-120,high,
1433,大字畑中833番地の1,畑中8組の6C ｾｼﾞｭｰﾙ参番館106,畑中一丁目,10,78-106,hatakenakakyuusinnpdf.pdf,畑中-120,high,
1434,大字畑中833番地の1,畑中8組の6C ｾｼﾞｭｰﾙ参番館201,畑中一丁目,10,78-201,hatakenakakyuusinnpdf.pdf,畑中-120,high,
1435,大字畑中833番地の1,畑中8組の6C ｾｼﾞｭｰﾙ参番館202,畑中一丁目,10,78-202,hatakenakakyuusinnpdf.pdf,畑中-120,high,
1436,大字畑中833番地の1,畑中8組の6C ｾｼﾞｭｰﾙ参番館203,畑中一丁目,10,78-203,hatakenakakyuusinnpdf.pdf,畑中-120,high,
1437,大字畑中833番地の1,畑中8組の6C ｾｼﾞｭｰﾙ参番館205,畑中一丁目,10,78-205,hatakenakakyuusinnpdf.pdf,畑中-120,high,
1438,大字畑中833番地の1,畑中8組の6C ｾｼﾞｭｰﾙ参番館206,畑中一丁目,10,78-206,hatakenakakyuusinnpdf.pdf,畑中-120,high,
1439,大字畑中833番地の1,畑中8組の6C ｾｼﾞｭｰﾙ参番館301,畑中一丁目,10,78-301,hatakenakakyuusinnpdf.pdf,畑中-121,high,
1440,大字畑中833番地の1,畑中8組の6C ｾｼﾞｭｰﾙ参番館302,畑中一丁目,10,78-302,hatakenakakyuusinnpdf.pdf,畑中-121,high,
1441,大字畑中833番地の1,畑中8組の6C ｾｼﾞｭｰﾙ参番館303,畑中一丁目,10,78-303,hatakenakakyuusinnpdf.pdf,畑中-121,high,
1442,大字畑中833番地の1,畑中8組の6C ｾｼﾞｭｰﾙ参番館305,畑中一丁目,10,78-305,hatakenakakyuusinnpdf.pdf,畑中-121,high,
1443,大字畑中833番地の1,畑中8組の6C ｾｼﾞｭｰﾙ参番館306,畑中一丁目,10,78-306,hatakenakakyuusinnpdf.pdf,畑中-121,high,
1444,大字畑中835番地の1,,畑中一丁目,10,75,hatakenakakyuusinnpdf.pdf,畑中-121,high,
1445,大字畑中836番地の6,畑中8組の7B ｻｳｽｼﾃｨ畑中101,畑中一丁目,10,68-101,hatakenakakyuusinnpdf.pdf,畑中-121,high,
1446,大字畑中836番地の6,畑中8組の7B ｻｳｽｼﾃｨ畑中102,畑中一丁目,10,68-102,hatakenakakyuusinnpdf.pdf,畑中-121,high,
1447,大字畑中836番地の6,畑中8組の7B ｻｳｽｼﾃｨ畑中103,畑中一丁目,10,68-103,hatakenakakyuusinnpdf.pdf,畑中-121,high,
1448,大字畑中836番地の6,畑中8組の7B ｻｳｽｼﾃｨ畑中105,畑中一丁目,10,68-105,hatakenakakyuusinnpdf.pdf,畑中-121,high,
1449,大字畑中836番地の6,畑中8組の7B ｻｳｽｼﾃｨ畑中201,畑中一丁目,10,68-201,hatakenakakyuusinnpdf.pdf,畑中-121,high,
1450,大字畑中836番地の6,畑中8組の7B ｻｳｽｼﾃｨ畑中202,畑中一丁目,10,68-202,hatakenakakyuusinnpdf.pdf,畑中-121,high,
1451,大字畑中836番地の6,畑中8組の7B ｻｳｽｼﾃｨ畑中203,畑中一丁目,10,68-203,hatakenakakyuusinnpdf.pdf,畑中-121,high,
1452,大字畑中836番地の6,畑中8組の7B ｻｳｽｼﾃｨ畑中205,畑中一丁目,10,68-205,hatakenakakyuusinnpdf.pdf,畑中-122,high,
1453,大字畑中836番地の6,畑中8組の7B ｻｳｽｼﾃｨ畑中301,畑中一丁目,10,68-301,hatakenakakyuusinnpdf.pdf,畑中-122,high,
1454,大字畑中836番地の6,畑中8組の7B ｻｳｽｼﾃｨ畑中302,畑中一丁目,10,68-302,hatakenakakyuusinnpdf.pdf,畑中-122,high,
1455,大字畑中836番地の6,畑中8組の7B ｻｳｽｼﾃｨ畑中303,畑中一丁目,10,68-303,hatakenakakyuusinnpdf.pdf,畑中-122,high,
1456,大字畑中836番地の6,畑中8組の7B ｻｳｽｼﾃｨ畑中305,畑中一丁目,10,68-305,hatakenakakyuusinnpdf.pdf,畑中-122,high,
1457,大字畑中837番地の1,畑中8組の7C BLUE･SKY鴻川101,畑中一丁目,10,64-101,hatakenakakyuusinnpdf.pdf,畑中-122,high,
1458,大字畑中837番地の1,畑中8組の7C BLUE･SKY鴻川102,畑中一丁目,10,64-102,hatakenakakyuusinnpdf.pdf,畑中-122,high,
1459,大字畑中837番地の1,畑中8組の7C BLUE･SKY鴻川103,畑中一丁目,10,64-103,hatakenakakyuusinnpdf.pdf,畑中-122,high,
1460,大字畑中837番地の1,畑中8組の7C BLUE･SKY鴻川105,畑中一丁目,10,64-105,hatakenakakyuusinnpdf.pdf,畑中-122,high,
1461,大字畑中837番地の1,畑中8組の7C BLUE･SKY鴻川106,畑中一丁目,10,64-106,hatakenakakyuusinnpdf.pdf,畑中-122,high,
1462,大字畑中837番地の1,畑中8組の7C BLUE･SKY鴻川107,畑中一丁目,10,64-107,hatakenakakyuusinnpdf.pdf,畑中-122,high,
1463,大字畑中837番地の1,畑中8組の7C BLUE･SKY鴻川108,畑中一丁目,10,64-108,hatakenakakyuusinnpdf.pdf,畑中-122,high,
1464,大字畑中837番地の1,畑中8組の7C BLUE･SKY鴻川110,畑中一丁目,10,64-110,hatakenakakyuusinnpdf.pdf,畑中-122,high,
1465,大字畑中837番地の1,畑中8組の7C BLUE･SKY鴻川111,畑中一丁目,10,64-111,hatakenakakyuusinnpdf.pdf,畑中-123,high,
1466,大字畑中837番地の1,畑中8組の7C BLUE･SKY鴻川201,畑中一丁目,10,64-201,hatakenakakyuusinnpdf.pdf,畑中-123,high,
1467,大字畑中837番地の1,畑中8組の7C BLUE･SKY鴻川202,畑中一丁目,10,64-202,hatakenakakyuusinnpdf.pdf,畑中-123,high,
1468,大字畑中837番地の1,畑中8組の7C BLUE･SKY鴻川203,畑中一丁目,10,64-203,hatakenakakyuusinnpdf.pdf,畑中-123,high,
1469,大字畑中837番地の1,畑中8組の7C BLUE･SKY鴻川205,畑中一丁目,10,64-205,hatakenakakyuusinnpdf.pdf,畑中-123,high,
1470,大字畑中837番地の1,畑中8組の7C BLUE･SKY鴻川206,畑中一丁目,10,64-206,hatakenakakyuusinnpdf.pdf,畑中-123,high,
1471,大字畑中837番地の1,畑中8組の7C BLUE･SKY鴻川207,畑中一丁目,10,64-207,hatakenakakyuusinnpdf.pdf,畑中-123,high,
1472,大字畑中837番地の1,畑中8組の7C BLUE･SKY鴻川208,畑中一丁目,10,64-208,hatakenakakyuusinnpdf.pdf,畑中-123,high,
1473,大字畑中837番地の1,畑中8組の7C BLUE･SKY鴻川210,畑中一丁目,10,64-210,hatakenakakyuusinnpdf.pdf,畑中-123,high,
1474,大字畑中837番地の1,畑中8組の7C BLUE･SKY鴻川211,畑中一丁目,10,64-211,hatakenakakyuusinnpdf.pdf,畑中-123,high,
1475,大字畑中837番地の1,畑中8組の7C BLUE･SKY鴻川212,畑中一丁目,10,64-212,hatakenakakyuusinnpdf.pdf,畑中-123,high,
1476,大字畑中837番地の1,畑中8組の7C BLUE･SKY鴻川301,畑中一丁目,10,64-301,hatakenakakyuusinnpdf.pdf,畑中-123,high,
1477,大字畑中837番地の1,畑中8組の7C BLUE･SKY鴻川302,畑中一丁目,10,64-302,hatakenakakyuusinnpdf.pdf,畑中-123,high,
1478,大字畑中837番地の1,畑中8組の7C BLUE･SKY鴻川303,畑中一丁目,10,64-303,hatakenakakyuusinnpdf.pdf,畑中-124,high,
1479,大字畑中837番地の1,畑中8組の7C BLUE･SKY鴻川305,畑中一丁目,10,64-305,hatakenakakyuusinnpdf.pdf,畑中-124,high,
1480,大字畑中837番地の1,畑中8組の7C BLUE･SKY鴻川306,畑中一丁目,10,64-306,hatakenakakyuusinnpdf.pdf,畑中-124,high,
1481,大字畑中837番地の1,畑中8組の7C BLUE･SKY鴻川307,畑中一丁目,10,64-307,hatakenakakyuusinnpdf.pdf,畑中-124,high,
1482,大字畑中837番地の1,畑中8組の7C BLUE･SKY鴻川308,畑中一丁目,10,64-308,hatakenakakyuusinnpdf.pdf,畑中-124,high,
1483,大字畑中837番地の1,畑中8組の7C BLUE･SKY鴻川310,畑中一丁目,10,64-310,hatakenakakyuusinnpdf.pdf,畑中-124,high,
1484,大字畑中837番地の1,畑中8組の7C BLUE･SKY鴻川311,畑中一丁目,10,64-311,hatakenakakyuusinnpdf.pdf,畑中-124,high,
1485,大字畑中837番地の1,畑中8組の7C BLUE･SKY鴻川312,畑中一丁目,10,64-312,hatakenakakyuusinnpdf.pdf,畑中-124,high,
1486,大字畑中839番地,ﾌｫﾚｽﾄ7-403,畑中三丁目,4,32-403,hatakenakakyuusinnpdf.pdf,畑中-124,high,
1487,大字畑中839番地の1,畑中7組の12C ﾄﾚｽﾃｰﾗ畑中101,畑中一丁目,10,58,hatakenakakyuusinnpdf.pdf,畑中-124,high,
1488,大字畑中839番地の1,畑中7組の12C ﾄﾚｽﾃｰﾗ畑中102,畑中一丁目,10,58,hatakenakakyuusinnpdf.pdf,畑中-124,high,
1489,大字畑中839番地の1,畑中7組の12C ﾄﾚｽﾃｰﾗ畑中103,畑中一丁目,10,58,hatakenakakyuusinnpdf.pdf,畑中-124,high,
1490,大字畑中839番地の1,畑中7組の12C ﾄﾚｽﾃｰﾗ畑中105,畑中一丁目,10,58,hatakenakakyuusinnpdf.pdf,畑中-124,high,
1491,大字畑中839番地の1,畑中7組の12C ﾄﾚｽﾃｰﾗ畑中106,畑中一丁目,10,58,hatakenakakyuusinnpdf.pdf,畑中-125,high,
1492,大字畑中839番地の1,畑中7組の12C ﾄﾚｽﾃｰﾗ畑中107,畑中一丁目,10,58,hatakenakakyuusinnpdf.pdf,畑中-125,high,
1493,大字畑中839番地の1,畑中7組の12C ﾄﾚｽﾃｰﾗ畑中108,畑中一丁目,10,58,hatakenakakyuusinnpdf.pdf,畑中-125,high,
1494,大字畑中839番地の2,畑中7組の12E ｱﾝ･ｼｬﾄｳ101,畑中一丁目,10,59-101,hatakenakakyuusinnpdf.pdf,畑中-125,high,
1495,大字畑中839番地の2,畑中7組の12E ｱﾝ･ｼｬﾄｳ102,畑中一丁目,10,59-102,hatakenakakyuusinnpdf.pdf,畑中-125,high,
1496,大字畑中839番地の2,畑中7組の12E ｱﾝ･ｼｬﾄｳ103,畑中一丁目,10,59-103,hatakenakakyuusinnpdf.pdf,畑中-125,high,
1497,大字畑中839番地の2,畑中7組の12E ｱﾝ･ｼｬﾄｳ105,畑中一丁目,10,59-105,hatakenakakyuusinnpdf.pdf,畑中-125,high,
1498,大字畑中839番地の2,畑中7組の12E ｱﾝ･ｼｬﾄｳ106,畑中一丁目,10,59-106,hatakenakakyuusinnpdf.pdf,畑中-125,high,
1499,大字畑中839番地の2,畑中7組の12E ｱﾝ･ｼｬﾄｳ201,畑中一丁目,10,59-201,hatakenakakyuusinnpdf.pdf,畑中-125,high,
1500,大字畑中839番地の2,畑中7組の12E ｱﾝ･ｼｬﾄｳ202,畑中一丁目,10,59-202,hatakenakakyuusinnpdf.pdf,畑中-125,high,
1501,大字畑中839番地の2,畑中7組の12E ｱﾝ･ｼｬﾄｳ203,畑中一丁目,10,59-203,hatakenakakyuusinnpdf.pdf,畑中-125,high,
1502,大字畑中839番地の2,畑中7組の12E ｱﾝ･ｼｬﾄｳ205,畑中一丁目,10,59-205,hatakenakakyuusinnpdf.pdf,畑中-125,high,
1503,大字畑中839番地の2,畑中7組の12E ｱﾝ･ｼｬﾄｳ206,畑中一丁目,10,59-206,hatakenakakyuusinnpdf.pdf,畑中-125,high,
1504,大字畑中839番地の2,畑中7組の12E ｱﾝ･ｼｬﾄｳ301,畑中一丁目,10,59-301,hatakenakakyuusinnpdf.pdf,畑中-126,high,
1505,大字畑中839番地の2,畑中7組の12E ｱﾝ･ｼｬﾄｳ302,畑中一丁目,10,59-302,hatakenakakyuusinnpdf.pdf,畑中-126,high,
1506,大字畑中839番地の2,畑中7組の12E ｱﾝ･ｼｬﾄｳ303,畑中一丁目,10,59-303,hatakenakakyuusinnpdf.pdf,畑中-126,high,
1507,大字畑中839番地の2,畑中7組の12E ｱﾝ･ｼｬﾄｳ305,畑中一丁目,10,59-305,hatakenakakyuusinnpdf.pdf,畑中-126,high,資料上2回出現
1508,大字畑中839番地の2,畑中7組の12E ｱﾝ･ｼｬﾄｳ306,畑中一丁目,10,59-306,hatakenakakyuusinnpdf.pdf,畑中-126,high,
1509,大字畑中839番地の2,畑中7組の12E ｱﾝ･ｼｬﾄｳ401,畑中一丁目,10,59-401,hatakenakakyuusinnpdf.pdf,畑中-126,high,
1510,大字畑中839番地の2,畑中7組の12E ｱﾝ･ｼｬﾄｳ402,畑中一丁目,10,59-402,hatakenakakyuusinnpdf.pdf,畑中-126,high,
1511,大字畑中839番地の2,畑中7組の12E ｱﾝ･ｼｬﾄｳ403,畑中一丁目,10,59-403,hatakenakakyuusinnpdf.pdf,畑中-126,high,
1512,大字畑中839番地の2,畑中7組の12E ｱﾝ･ｼｬﾄｳ405,畑中一丁目,10,59-405,hatakenakakyuusinnpdf.pdf,畑中-126,high,
1513,大字畑中839番地の2,畑中7組の12E ｱﾝ･ｼｬﾄｳ406,畑中一丁目,10,59-406,hatakenakakyuusinnpdf.pdf,畑中-126,high,
1514,大字畑中839番地の2,畑中7組の12E ｱﾝ･ｼｬﾄｳ501,畑中一丁目,10,59-501,hatakenakakyuusinnpdf.pdf,畑中-126,high,
1515,大字畑中839番地の2,畑中7組の12E ｱﾝ･ｼｬﾄｳ502,畑中一丁目,10,59-502,hatakenakakyuusinnpdf.pdf,畑中-126,high,
1516,大字畑中839番地の2,畑中7組の12E ｱﾝ･ｼｬﾄｳ503,畑中一丁目,10,59-503,hatakenakakyuusinnpdf.pdf,畑中-127,high,
1517,大字畑中839番地の2,畑中7組の12E ｱﾝ･ｼｬﾄｳ505,畑中一丁目,10,59-505,hatakenakakyuusinnpdf.pdf,畑中-127,high,資料上2回出現
1518,大字畑中839番地の2,畑中7組の12E ｱﾝ･ｼｬﾄｳ506,畑中一丁目,10,59-506,hatakenakakyuusinnpdf.pdf,畑中-127,high,
1519,大字畑中839番地の3,畑中7組の12D ﾌｰﾌﾟ･ｽﾀｰ101,畑中一丁目,10,56,hatakenakakyuusinnpdf.pdf,畑中-127,high,
1520,大字畑中839番地の3,畑中7組の12D ﾌｰﾌﾟ･ｽﾀｰ102,畑中一丁目,10,56,hatakenakakyuusinnpdf.pdf,畑中-127,high,
1521,大字畑中839番地の3,畑中7組の12D ﾌｰﾌﾟ･ｽﾀｰ103,畑中一丁目,10,56,hatakenakakyuusinnpdf.pdf,畑中-127,high,
1522,大字畑中839番地の3,畑中7組の12D ﾌｰﾌﾟ･ｽﾀｰ105,畑中一丁目,10,56,hatakenakakyuusinnpdf.pdf,畑中-127,high,
1523,大字畑中839番地の3,畑中7組の12D ﾌｰﾌﾟ･ｽﾀｰ106,畑中一丁目,10,56,hatakenakakyuusinnpdf.pdf,畑中-127,high,
1524,大字畑中839番地の3,畑中7組の12D ﾌｰﾌﾟ･ｽﾀｰ201,畑中一丁目,10,56,hatakenakakyuusinnpdf.pdf,畑中-127,high,
1525,大字畑中839番地の3,畑中7組の12D ﾌｰﾌﾟ･ｽﾀｰ202,畑中一丁目,10,56,hatakenakakyuusinnpdf.pdf,畑中-127,high,
1526,大字畑中839番地の3,畑中7組の12D ﾌｰﾌﾟ･ｽﾀｰ203,畑中一丁目,10,56,hatakenakakyuusinnpdf.pdf,畑中-127,high,
1527,大字畑中839番地の3,畑中7組の12D ﾌｰﾌﾟ･ｽﾀｰ205,畑中一丁目,10,56,hatakenakakyuusinnpdf.pdf,畑中-127,high,
1528,大字畑中839番地の3,畑中7組の12D ﾌｰﾌﾟ･ｽﾀｰ206,畑中一丁目,10,56,hatakenakakyuusinnpdf.pdf,畑中-128,high,
1529,大字畑中841番地の1,畑中7組の12A ﾌｧｲﾝ･ｶﾞｰﾃﾞﾝA101,畑中一丁目,10,53,hatakenakakyuusinnpdf.pdf,畑中-128,high,
1530,大字畑中841番地の1,畑中7組の12A ﾌｧｲﾝ･ｶﾞｰﾃﾞﾝA102,畑中一丁目,10,53,hatakenakakyuusinnpdf.pdf,畑中-128,high,
1531,大字畑中841番地の1,畑中7組の12A ﾌｧｲﾝ･ｶﾞｰﾃﾞﾝA103,畑中一丁目,10,53,hatakenakakyuusinnpdf.pdf,畑中-128,high,
1532,大字畑中841番地の1,畑中7組の12A ﾌｧｲﾝ･ｶﾞｰﾃﾞﾝA201,畑中一丁目,10,53,hatakenakakyuusinnpdf.pdf,畑中-128,high,
1533,大字畑中841番地の1,畑中7組の12 ﾌｧｲﾝ･ｶﾞｰﾃﾞﾝA202,畑中一丁目,10,53,hatakenakakyuusinnpdf.pdf,畑中-128,high,資料上2回出現
1534,大字畑中841番地の1,畑中7組の12A ﾌｧｲﾝ･ｶﾞｰﾃﾞﾝA203,畑中一丁目,10,53,hatakenakakyuusinnpdf.pdf,畑中-128,high,
1535,大字畑中841番地の1,畑中7組の12 ﾌｧｲﾝ･ｶﾞｰﾃﾞﾝA301,畑中一丁目,10,53,hatakenakakyuusinnpdf.pdf,畑中-128,high,
1536,大字畑中841番地の1,畑中7組の12A ﾌｧｲﾝ･ｶﾞｰﾃﾞﾝA302,畑中一丁目,10,53,hatakenakakyuusinnpdf.pdf,畑中-128,high,
1537,大字畑中841番地の1,畑中7組の12A ﾌｧｲﾝ･ｶﾞｰﾃﾞﾝA303,畑中一丁目,10,53,hatakenakakyuusinnpdf.pdf,畑中-128,high,
1538,大字畑中843番地の2,畑中7組の1の2,畑中一丁目,10,37,hatakenakakyuusinnpdf.pdf,畑中-128,high,
1539,大字畑中843番地の6,畑中7組の1の2,畑中一丁目,10,36,hatakenakakyuusinnpdf.pdf,畑中-128,high,
1540,大字畑中844番地,畑中7組の1の2,畑中一丁目,10,33,hatakenakakyuusinnpdf.pdf,畑中-129,high,資料上4回出現
1541,大字畑中844番地,,畑中一丁目,10,33,hatakenakakyuusinnpdf.pdf,畑中-129,high,
1542,大字畑中845番地の1,畑中7組の1,畑中一丁目,10,50,hatakenakakyuusinnpdf.pdf,畑中-129,high,資料上3回出現
1543,大字畑中845番地の2,畑中7組の12B ﾌｧｲﾝ･ｶﾞｰﾃﾞﾝB101,畑中一丁目,10,51,hatakenakakyuusinnpdf.pdf,畑中-129,high,
1544,大字畑中845番地の2,畑中7組の12B ﾌｧｲﾝ･ｶﾞｰﾃﾞﾝB102,畑中一丁目,10,51,hatakenakakyuusinnpdf.pdf,畑中-129,high,
1545,大字畑中845番地の2,畑中7組の12B ﾌｧｲﾝ･ｶﾞｰﾃﾞﾝB103,畑中一丁目,10,51,hatakenakakyuusinnpdf.pdf,畑中-129,high,
1546,大字畑中845番地の2,畑中7組の12B ﾌｧｲﾝ･ｶﾞｰﾃﾞﾝB201,畑中一丁目,10,51,hatakenakakyuusinnpdf.pdf,畑中-129,high,
1547,大字畑中845番地の2,畑中7組の12B ﾌｧｲﾝ･ｶﾞｰﾃﾞﾝB202,畑中一丁目,10,51,hatakenakakyuusinnpdf.pdf,畑中-129,high,
1548,大字畑中845番地の2,畑中7組の12B ﾌｧｲﾝ･ｶﾞｰﾃﾞﾝB203,畑中一丁目,10,51,hatakenakakyuusinnpdf.pdf,畑中-130,high,
1549,大字畑中845番地の2,畑中7組の12B ﾌｧｲﾝ･ｶﾞｰﾃﾞﾝB301,畑中一丁目,10,51,hatakenakakyuusinnpdf.pdf,畑中-130,high,
1550,大字畑中845番地の2,畑中7組の12B ﾌｧｲﾝ･ｶﾞｰﾃﾞﾝB302,畑中一丁目,10,51,hatakenakakyuusinnpdf.pdf,畑中-130,high,
1551,大字畑中845番地の2,畑中7組の12B ﾌｧｲﾝ･ｶﾞｰﾃﾞﾝB303,畑中一丁目,10,51,hatakenakakyuusinnpdf.pdf,畑中-130,high,
1552,大字畑中847番地の1,畑中7組の1の2 永富荘1,畑中一丁目,10,28,hatakenakakyuusinnpdf.pdf,畑中-130,high,
1553,大字畑中847番地の1,畑中7組の1の2 永富荘2,畑中一丁目,10,28,hatakenakakyuusinnpdf.pdf,畑中-130,high,
1554,大字畑中847番地の1,畑中7組の1の2 永富荘3,畑中一丁目,10,28,hatakenakakyuusinnpdf.pdf,畑中-130,high,
1555,大字畑中847番地の1,畑中7組の1の2 永富荘5,畑中一丁目,10,28,hatakenakakyuusinnpdf.pdf,畑中-130,high,
1556,大字畑中847番地の1,畑中7組の1の2 永富荘6,畑中一丁目,10,28,hatakenakakyuusinnpdf.pdf,畑中-130,high,
1557,大字畑中847番地の1,畑中7組の1の2 永富荘7,畑中一丁目,10,28,hatakenakakyuusinnpdf.pdf,畑中-130,high,
1558,大字畑中847番地の1,畑中7組の1の2 永富荘8,畑中一丁目,10,28,hatakenakakyuusinnpdf.pdf,畑中-130,high,
1559,大字畑中847番地の1,畑中7組の1の2 永富荘10,畑中一丁目,10,28,hatakenakakyuusinnpdf.pdf,畑中-130,high,
1560,大字畑中847番地の1,畑中7組の1の2 永富荘11,畑中一丁目,10,28,hatakenakakyuusinnpdf.pdf,畑中-130,high,
1561,大字畑中847番地の1,畑中7組の1の2 永富荘12,畑中一丁目,10,28,hatakenakakyuusinnpdf.pdf,畑中-131,high,
1562,大字畑中847番地の10,畑中7組の1の2,畑中一丁目,10,29,hatakenakakyuusinnpdf.pdf,畑中-131,high,
1563,大字畑中847番地の12,畑中7組の1の2A ｱﾑｰﾙH･N102,畑中一丁目,10,27,hatakenakakyuusinnpdf.pdf,畑中-131,high,
1564,大字畑中847番地の12,畑中7組の1の2A ｱﾑｰﾙH･N103,畑中一丁目,10,27,hatakenakakyuusinnpdf.pdf,畑中-131,high,
1565,大字畑中847番地の12,畑中7組の1の2A ｱﾑｰﾙH･N201,畑中一丁目,10,27,hatakenakakyuusinnpdf.pdf,畑中-131,high,
1566,大字畑中847番地の12,畑中7組の1の2A ｱﾑｰﾙH･N202,畑中一丁目,10,27,hatakenakakyuusinnpdf.pdf,畑中-131,high,
1567,大字畑中847番地の12,畑中7組の1の2A ｱﾑｰﾙH･N203,畑中一丁目,10,27,hatakenakakyuusinnpdf.pdf,畑中-131,high,
1568,大字畑中847番地の12,畑中7組の1の2A ｱﾑｰﾙH･N204,畑中一丁目,10,27,hatakenakakyuusinnpdf.pdf,畑中-131,high,
1569,大字畑中848番地の1,,畑中三丁目,3,55,hatakenakakyuusinnpdf.pdf,畑中-131,high,
1570,大字畑中848番地の3,畑中7組の9A ｾﾝﾁｭﾘｰKI101,畑中一丁目,10,26,hatakenakakyuusinnpdf.pdf,畑中-131,high,
1571,大字畑中848番地の3,畑中7組の9A ｾﾝﾁｭﾘｰKI102,畑中一丁目,10,26,hatakenakakyuusinnpdf.pdf,畑中-131,high,
1572,大字畑中848番地の3,畑中7組の9A ｾﾝﾁｭﾘｰKI201,畑中一丁目,10,26,hatakenakakyuusinnpdf.pdf,畑中-131,high,
1573,大字畑中848番地の3,畑中7組の9A ｾﾝﾁｭﾘｰKI202,畑中一丁目,10,26,hatakenakakyuusinnpdf.pdf,畑中-132,high,
1574,大字畑中848番地の3,畑中7組の9A ｾﾝﾁｭﾘｰKI301,畑中一丁目,10,26,hatakenakakyuusinnpdf.pdf,畑中-132,high,
1575,大字畑中848番地の3,畑中7組の9A ｾﾝﾁｭﾘｰKI302,畑中一丁目,10,26,hatakenakakyuusinnpdf.pdf,畑中-132,high,
1576,大字畑中849番地の1,畑中7組の6A WINDOM畑中101,畑中一丁目,10,22-101,hatakenakakyuusinnpdf.pdf,畑中-132,high,
1577,大字畑中849番地の1,畑中7組の6A WINDOM畑中102,畑中一丁目,10,22-102,hatakenakakyuusinnpdf.pdf,畑中-132,high,
1578,大字畑中849番地の1,畑中7組の6A WINDOM畑中103,畑中一丁目,10,22-103,hatakenakakyuusinnpdf.pdf,畑中-132,high,
1579,大字畑中849番地の1,畑中7組の6A WINDOM畑中105,畑中一丁目,10,22-105,hatakenakakyuusinnpdf.pdf,畑中-132,high,
1580,大字畑中849番地の1,畑中7組の6A WINDOM畑中201,畑中一丁目,10,22-201,hatakenakakyuusinnpdf.pdf,畑中-132,high,
1581,大字畑中849番地の1,畑中7組の6A WINDOM畑中202,畑中一丁目,10,22-202,hatakenakakyuusinnpdf.pdf,畑中-132,high,
1582,大字畑中849番地の1,畑中7組の6A WINDOM畑中203,畑中一丁目,10,22-203,hatakenakakyuusinnpdf.pdf,畑中-132,high,
1583,大字畑中849番地の1,畑中7組の6A WINDOM畑中205,畑中一丁目,10,22-205,hatakenakakyuusinnpdf.pdf,畑中-132,high,
1584,大字畑中849番地の1,畑中7組の6A WINDOM畑中301,畑中一丁目,10,22-301,hatakenakakyuusinnpdf.pdf,畑中-132,high,
1585,大字畑中849番地の1,畑中7組の6A WINDOM畑中302,畑中一丁目,10,22-302,hatakenakakyuusinnpdf.pdf,畑中-132,high,
1586,大字畑中849番地の1,畑中7組の6A WINDOM畑中303,畑中一丁目,10,22-303,hatakenakakyuusinnpdf.pdf,畑中-133,high,
1587,大字畑中849番地の1,畑中7組の6A WINDOM畑中305,畑中一丁目,10,22-305,hatakenakakyuusinnpdf.pdf,畑中-133,high,
1588,大字畑中850番地の3,,畑中一丁目,10,20,hatakenakakyuusinnpdf.pdf,畑中-133,high,
1589,大字畑中851番地の1,畑中7組の6,畑中一丁目,10,14,hatakenakakyuusinnpdf.pdf,畑中-133,high,
1590,大字畑中851番地の1,畑中7組の6,畑中一丁目,10,15,hatakenakakyuusinnpdf.pdf,畑中-133,high,
1591,大字畑中851番地の1,畑中7組の6,畑中一丁目,10,18,hatakenakakyuusinnpdf.pdf,畑中-133,high,
1592,大字畑中851番地の3,畑中7組の6,畑中一丁目,10,17,hatakenakakyuusinnpdf.pdf,畑中-133,high,
1593,大字畑中852番地の1,畑中7-6組,畑中二丁目,7,14,hatakenakakyuusinnpdf.pdf,畑中-133,high,資料上2回出現
1594,大字畑中852番地の3,畑中7組の6B,畑中二丁目,7,21,hatakenakakyuusinnpdf.pdf,畑中-133,high,
1595,大字畑中852番地の3,畑中7組の6B ﾄﾞｩﾍﾟｰﾙ畑中201,畑中二丁目,7,21-201,hatakenakakyuusinnpdf.pdf,畑中-133,high,
1596,大字畑中852番地の3,畑中7組の6B ﾄﾞｩﾍﾟｰﾙ畑中202,畑中二丁目,7,21-202,hatakenakakyuusinnpdf.pdf,畑中-133,high,資料上2回出現
1597,大字畑中852番地の3,畑中7組の6B ﾄﾞｩﾍﾟｰﾙ畑中301,畑中二丁目,7,21-301,hatakenakakyuusinnpdf.pdf,畑中-134,high,
1598,大字畑中852番地の3,畑中7組の6B ﾄﾞｩﾍﾟｰﾙ畑中302,畑中二丁目,7,21-302,hatakenakakyuusinnpdf.pdf,畑中-134,high,資料上2回出現
1599,大字畑中852番地の3,畑中7組の6B ﾄﾞｩﾍﾟｰﾙ畑中401,畑中二丁目,7,21-401,hatakenakakyuusinnpdf.pdf,畑中-134,high,
1600,大字畑中852番地の3,畑中7組の6B ﾄﾞｩﾍﾟｰﾙ畑中402,畑中二丁目,7,21-402,hatakenakakyuusinnpdf.pdf,畑中-134,high,
1601,大字畑中852番地の3,畑中7組の6B ﾄﾞｩﾍﾟｰﾙ畑中501,畑中二丁目,7,21-501,hatakenakakyuusinnpdf.pdf,畑中-134,high,
1602,大字畑中852番地の3,畑中7組の6B ﾄﾞｩﾍﾟｰﾙ畑中502,畑中二丁目,7,21-502,hatakenakakyuusinnpdf.pdf,畑中-134,high,
1603,大字畑中852番地の3,畑中7組の6B ﾄﾞｩﾍﾟｰﾙ畑中601,畑中二丁目,7,21-601,hatakenakakyuusinnpdf.pdf,畑中-134,high,
1604,大字畑中852番地の3,畑中7組の6B ﾄﾞｩﾍﾟｰﾙ畑中602,畑中二丁目,7,21-602,hatakenakakyuusinnpdf.pdf,畑中-134,high,資料上2回出現
1605,大字畑中852番地の3,畑中7組の6B ﾄﾞｩﾍﾟｰﾙ畑中701,畑中二丁目,7,21-701,hatakenakakyuusinnpdf.pdf,畑中-134,high,
1606,大字畑中852番地の3,畑中7組の6B ﾄﾞｩﾍﾟｰﾙ畑中702,畑中二丁目,7,21-702,hatakenakakyuusinnpdf.pdf,畑中-134,high,
1607,大字畑中852番地の3,畑中7組の6B ﾄﾞｩﾍﾟｰﾙ畑中801,畑中二丁目,7,21-801,hatakenakakyuusinnpdf.pdf,畑中-134,high,
1608,大字畑中852番地の3,畑中7組の6B ﾄﾞｩﾍﾟｰﾙ畑中802,畑中二丁目,7,21-802,hatakenakakyuusinnpdf.pdf,畑中-135,high,
1609,大字畑中852番地の3,畑中7組の6B ﾄﾞｩﾍﾟｰﾙ畑中901,畑中二丁目,7,21-901,hatakenakakyuusinnpdf.pdf,畑中-135,high,
1610,大字畑中852番地の3,畑中7組の6B ﾄﾞｩﾍﾟｰﾙ畑中902,畑中二丁目,7,21-902,hatakenakakyuusinnpdf.pdf,畑中-135,high,
1611,大字畑中852番地の3,畑中7組の6B ﾄﾞｩﾍﾟｰﾙ畑中1001,畑中二丁目,7,21-1001,hatakenakakyuusinnpdf.pdf,畑中-135,high,
1612,大字畑中852番地の3,畑中7組の6B ﾄﾞｩﾍﾟｰﾙ畑中1002,畑中二丁目,7,21-1002,hatakenakakyuusinnpdf.pdf,畑中-135,high,
1613,大字畑中852番地の3,畑中7組の6B ﾄﾞｩﾍﾟｰﾙ畑中1101,畑中二丁目,7,21-1101,hatakenakakyuusinnpdf.pdf,畑中-135,high,
1614,大字畑中852番地の3,畑中7組の6B ﾄﾞｩﾍﾟｰﾙ畑中1102,畑中二丁目,7,21-1102,hatakenakakyuusinnpdf.pdf,畑中-135,high,
1615,大字畑中852番地の3,畑中7組の6B ドｩﾍﾟｰﾙ畑中1201,畑中二丁目,7,21-1201,hatakenakakyuusinnpdf.pdf,畑中-135,high,
1616,大字畑中852番地の3,畑中7組の6B ﾄﾞｩﾍﾟｰﾙ畑中1201,畑中二丁目,7,21-1201,hatakenakakyuusinnpdf.pdf,畑中-135,high,
1617,大字畑中852番地の3,畑中7組の6B ﾄﾞｩﾍﾟｰﾙ畑中1202,畑中二丁目,7,21-1202,hatakenakakyuusinnpdf.pdf,畑中-135,high,
1618,大字畑中852番地の3,畑中7組の6B ﾄﾞｩﾍﾟｰﾙ畑中1301,畑中二丁目,7,21-1301,hatakenakakyuusinnpdf.pdf,畑中-135,high,
1619,大字畑中852番地の3,畑中7組の6B ﾄﾞｩﾍﾟｰﾙ畑中1302,畑中二丁目,7,21-1302,hatakenakakyuusinnpdf.pdf,畑中-135,high,
1620,大字畑中852番地の4,畑中7組の6,畑中二丁目,7,17,hatakenakakyuusinnpdf.pdf,畑中-135,high,
1621,大字畑中852番地の5,,畑中二丁目,7,16,hatakenakakyuusinnpdf.pdf,畑中-136,high,
1622,大字畑中852番地の5,畑中7組の6 ,畑中二丁目,7,16,hatakenakakyuusinnpdf.pdf,畑中-136,high,
1623,大字畑中853番地の3,畑中7組の6,畑中二丁目,7,24,hatakenakakyuusinnpdf.pdf,畑中-136,high,
1624,大字畑中855番地の1,,畑中二丁目,8,56,hatakenakakyuusinnpdf.pdf,畑中-136,high,
1625,大字畑中855番地の5,畑中7組の6,畑中二丁目,8,1,hatakenakakyuusinnpdf.pdf,畑中-136,high,
1626,大字畑中855番地の6,畑中7組の6,畑中二丁目,8,59,hatakenakakyuusinnpdf.pdf,畑中-136,high,
1627,大字畑中855番地の8,,畑中二丁目,8,55,hatakenakakyuusinnpdf.pdf,畑中-136,high,
1628,大字畑中856-3,畑中7-6組,畑中二丁目,8,2,hatakenakakyuusinnpdf.pdf,畑中-136,high,
1629,大字畑中856番地3,,畑中二丁目,8,3,hatakenakakyuusinnpdf.pdf,畑中-136,high,資料上2回出現
1630,大字畑中858番地の1,畑中7組の6,畑中三丁目,3,52,hatakenakakyuusinnpdf.pdf,畑中-136,high,資料上2回出現
1631,大字畑中860番地の1,畑中7組の1の2 丸田ｱﾊﾟｰﾄ201,畑中三丁目,3,45,hatakenakakyuusinnpdf.pdf,畑中-137,high,
1632,大字畑中860番地の1,畑中7組の1の2 三段畑ｱﾊﾟｰﾄ,畑中三丁目,3,45,hatakenakakyuusinnpdf.pdf,畑中-137,high,
1633,大字畑中860番地の1,畑中7組の1の2 丸田ｱﾊﾟｰﾄ203,畑中三丁目,3,45,hatakenakakyuusinnpdf.pdf,畑中-137,high,
1634,大字畑中860番地の1,畑中7組の1の2 丸田ｱﾊﾟｰﾄ205,畑中三丁目,3,45,hatakenakakyuusinnpdf.pdf,畑中-137,high,
1635,大字畑中860番地の1,畑中7組の1の2 丸田ｱﾊﾟｰﾄ206,畑中三丁目,3,45,hatakenakakyuusinnpdf.pdf,畑中-137,high,
1636,大字畑中860-3,畑中7組1の2,畑中一丁目,10,41,hatakenakakyuusinnpdf.pdf,畑中-137,high,
1637,大字畑中860番地の3,畑中7組の1の2,畑中一丁目,10,41,hatakenakakyuusinnpdf.pdf,畑中-137,high,
1638,大字畑中861番地の3,畑中7組の1の2,畑中三丁目,3,40,hatakenakakyuusinnpdf.pdf,畑中-137,high,
1639,大字畑中862番地の3,畑中11組の4,畑中三丁目,3,37,hatakenakakyuusinnpdf.pdf,畑中-137,high,
1640,大字畑中862番地の5,畑中11組の4,畑中三丁目,3,35,hatakenakakyuusinnpdf.pdf,畑中-137,high,
1641,大字畑中862番地の6,畑中11組の4,畑中三丁目,3,34,hatakenakakyuusinnpdf.pdf,畑中-137,high,
1642,大字畑中862番地の7,畑中11組の4,畑中三丁目,3,33,hatakenakakyuusinnpdf.pdf,畑中-137,high,
1643,大字畑中862番地の8,畑中11組の4,畑中三丁目,3,32,hatakenakakyuusinnpdf.pdf,畑中-137,high,
1644,大字畑中862番地の9,畑中11組の4,畑中三丁目,3,31,hatakenakakyuusinnpdf.pdf,畑中-138,high,
1645,大字畑中862番地の10,畑中11組の4,畑中三丁目,3,30,hatakenakakyuusinnpdf.pdf,畑中-138,high,
1646,大字畑中862番地の11,畑中11組の4,畑中三丁目,3,29,hatakenakakyuusinnpdf.pdf,畑中-138,high,
1647,大字畑中862番地の12,畑中11組の4,畑中三丁目,3,28,hatakenakakyuusinnpdf.pdf,畑中-138,high,
1648,大字畑中862番地の13,畑中11組の4,畑中三丁目,3,27,hatakenakakyuusinnpdf.pdf,畑中-138,high,
1649,大字畑中862番地の14,畑中11組の4,畑中三丁目,3,26,hatakenakakyuusinnpdf.pdf,畑中-138,high,
1650,大字畑中863番地の5,畑中7組の6,畑中三丁目,3,60,hatakenakakyuusinnpdf.pdf,畑中-138,high,
1651,大字畑中864番地の1,,畑中三丁目,3,62,hatakenakakyuusinnpdf.pdf,畑中-138,high,
1652,大字畑中866番地の1,,畑中二丁目,9,7,hatakenakakyuusinnpdf.pdf,畑中-138,high,
1653,大字畑中868番地の6,畑中7組の4の2,畑中二丁目,9,45,hatakenakakyuusinnpdf.pdf,畑中-138,high,
1654,大字畑中868番地の8,,畑中二丁目,9,4,hatakenakakyuusinnpdf.pdf,畑中-138,high,
1655,大字畑中868番地の9,,畑中二丁目,9,1,hatakenakakyuusinnpdf.pdf,畑中-138,high,
1656,大字畑中868番地の12,畑中7組の4,畑中二丁目,9,43,hatakenakakyuusinnpdf.pdf,畑中-138,high,
1657,大字畑中868番地の13,畑中7組の4,畑中二丁目,9,44,hatakenakakyuusinnpdf.pdf,畑中-139,high,資料上2回出現
1658,大字畑中869番地の1,畑中7組の4,畑中二丁目,9,15,hatakenakakyuusinnpdf.pdf,畑中-139,high,
1659,大字畑中870番地の1,畑中7組の4の2,畑中二丁目,11,40,hatakenakakyuusinnpdf.pdf,畑中-139,high,
1660,大字畑中873番地の1,畑中7組の4の2,畑中二丁目,11,38,hatakenakakyuusinnpdf.pdf,畑中-139,high,
1661,大字畑中874番地,畑中7組の4の2,畑中二丁目,11,39,hatakenakakyuusinnpdf.pdf,畑中-139,high,
1662,大字畑中875番地の1,畑中7組の2の2,畑中二丁目,11,6,hatakenakakyuusinnpdf.pdf,畑中-139,high,
1663,大字畑中875番地の1,畑中7組の2の2,畑中二丁目,11,8,hatakenakakyuusinnpdf.pdf,畑中-139,high,資料上2回出現
1664,大字畑中875番地の1,畑中7組の2の2,畑中二丁目,11,9,hatakenakakyuusinnpdf.pdf,畑中-139,high,
1665,大字畑中876番地の2,畑中7組の2の2,畑中二丁目,11,10,hatakenakakyuusinnpdf.pdf,畑中-139,high,
1666,大字畑中876番地の2,畑中7組の2の2,畑中二丁目,11,11,hatakenakakyuusinnpdf.pdf,畑中-139,high,
1667,大字畑中876番地の2,畑中7組の2の2,畑中二丁目,11,12,hatakenakakyuusinnpdf.pdf,畑中-139,high,
1668,大字畑中876番地の2,畑中7組の2の2,畑中二丁目,11,13,hatakenakakyuusinnpdf.pdf,畑中-140,high,
1669,大字畑中877番地の1,畑中7組の2の2,畑中二丁目,11,17,hatakenakakyuusinnpdf.pdf,畑中-140,high,
1670,大字畑中877番地の3,畑中7組の2の2,畑中二丁目,11,19,hatakenakakyuusinnpdf.pdf,畑中-140,high,
1671,大字畑中880番地の1,畑中7組の2の2,畑中三丁目,4,16,hatakenakakyuusinnpdf.pdf,畑中-140,high,
1672,大字畑中880番地の2,畑中7組の2の2,畑中三丁目,4,15,hatakenakakyuusinnpdf.pdf,畑中-140,high,
1673,大字畑中880番地の3,畑中7組の2の2,畑中三丁目,4,14,hatakenakakyuusinnpdf.pdf,畑中-140,high,
1674,大字畑中880番地の5,畑中7組の2の2,畑中三丁目,4,12,hatakenakakyuusinnpdf.pdf,畑中-140,high,
1675,大字畑中881番地,畑中7組の2の2,畑中三丁目,4,7,hatakenakakyuusinnpdf.pdf,畑中-140,high,
1676,大字畑中886番地の1,畑中7組の2の2,畑中三丁目,4,18,hatakenakakyuusinnpdf.pdf,畑中-140,high,
1677,大字畑中887番地の1,畑中7組の2の2,畑中三丁目,4,26,hatakenakakyuusinnpdf.pdf,畑中-140,high,
1678,大字畑中887番地の2,畑中7組の2の2,畑中三丁目,4,22,hatakenakakyuusinnpdf.pdf,畑中-140,high,
1679,大字畑中887番地の4,畑中7組の2の2,畑中三丁目,4,24,hatakenakakyuusinnpdf.pdf,畑中-140,high,
1680,大字畑中889番地の3,畑中7組の2の2 ﾌﾛｰﾚﾝｽ畑中101,畑中三丁目,4,27,hatakenakakyuusinnpdf.pdf,畑中-140,high,
1681,大字畑中889番地の3,畑中7組の2の2 ﾌﾛｰﾚﾝｽ畑中102,畑中三丁目,4,27,hatakenakakyuusinnpdf.pdf,畑中-141,high,
1682,大字畑中889番地の3,畑中7組の2の2 ﾌﾛｰﾚﾝｽ畑中103,畑中三丁目,4,27,hatakenakakyuusinnpdf.pdf,畑中-141,high,
1683,大字畑中889番地の3,畑中7組の2の2 ﾌﾛｰﾚﾝｽ畑中201,畑中三丁目,4,27,hatakenakakyuusinnpdf.pdf,畑中-141,high,
1684,大字畑中889番地の3,畑中7組の2の2 ﾌﾛｰﾚﾝｽ畑中202,畑中三丁目,4,27,hatakenakakyuusinnpdf.pdf,畑中-141,high,
1685,大字畑中889番地の3,畑中7組の2の2 ﾌﾛｰﾚﾝｽ畑中203,畑中三丁目,4,27,hatakenakakyuusinnpdf.pdf,畑中-141,high,
1686,大字畑中889番地の4,畑中7組の2の2,畑中三丁目,4,28,hatakenakakyuusinnpdf.pdf,畑中-141,high,
1687,大字畑中893番地の1,畑中14組の2 第8森ﾋﾞﾙ101,畑中三丁目,4,35-101,hatakenakakyuusinnpdf.pdf,畑中-141,high,
1688,大字畑中893番地の1,畑中14組の2 ﾌｫﾚｽﾄ8-102,畑中三丁目,4,35-102,hatakenakakyuusinnpdf.pdf,畑中-141,high,
1689,大字畑中893番地の1,畑中14組の2 第8森ﾋﾞﾙ103,畑中三丁目,4,35-103,hatakenakakyuusinnpdf.pdf,畑中-141,high,
1690,大字畑中893番地の1,畑中14組の2 第8森ﾋﾞﾙ104,畑中三丁目,4,35-104,hatakenakakyuusinnpdf.pdf,畑中-141,high,
1691,大字畑中893番地の1,畑中14組の2 ﾌｫﾚｽﾄ8-105,畑中三丁目,4,35-105,hatakenakakyuusinnpdf.pdf,畑中-141,high,資料上2回出現
1692,大字畑中893番地の1,畑中14組の2 第8森ﾋﾞﾙ201,畑中三丁目,4,35-201,hatakenakakyuusinnpdf.pdf,畑中-141,high,
1693,大字畑中893番地の1,畑中14組の2 第8森ﾋﾞ202,畑中三丁目,4,35-202,hatakenakakyuusinnpdf.pdf,畑中-142,high,
1694,大字畑中893番地の1,畑中14組の2 第8森ﾋﾞﾙ203,畑中三丁目,4,35-203,hatakenakakyuusinnpdf.pdf,畑中-142,high,
1695,大字畑中893番地の1,畑中14組の2 第8森ﾋﾞﾙ204,畑中三丁目,4,35-204,hatakenakakyuusinnpdf.pdf,畑中-142,high,
1696,大字畑中893番地の1,畑中14組の2 第8森ﾋﾞﾙ205,畑中三丁目,4,35-205,hatakenakakyuusinnpdf.pdf,畑中-142,high,
1697,大字畑中893番地の1,畑中14組の2 ﾌｫﾚｽﾄ8-301,畑中三丁目,4,35-301,hatakenakakyuusinnpdf.pdf,畑中-142,high,
1698,大字畑中893番地の1,畑中14組の2 第8森ﾋﾞﾙ302,畑中三丁目,4,35-302,hatakenakakyuusinnpdf.pdf,畑中-142,high,
1699,大字畑中893番地の1,畑中14組の2 第8森ﾋﾞﾙ303,畑中三丁目,4,35-303,hatakenakakyuusinnpdf.pdf,畑中-142,high,
1700,大字畑中893番地の1,畑中14組の2 第8森ﾋﾞﾙ304,畑中三丁目,4,35-304,hatakenakakyuusinnpdf.pdf,畑中-142,high,
1701,大字畑中893番地の1,畑中14組の2 第8森ﾋﾞﾙ305,畑中三丁目,4,35-305,hatakenakakyuusinnpdf.pdf,畑中-142,high,
1702,大字畑中893番地の1,畑中14組の2 第8森ﾋﾞﾙ401,畑中三丁目,4,35-401,hatakenakakyuusinnpdf.pdf,畑中-142,high,
1703,大字畑中893番地の1,畑中14組の2 第8森ﾋﾞﾙ402,畑中三丁目,4,35-402,hatakenakakyuusinnpdf.pdf,畑中-142,high,
1704,大字畑中893番地の1,畑中14組の2 第8森ﾋﾞﾙ403,畑中三丁目,4,35-403,hatakenakakyuusinnpdf.pdf,畑中-142,high,
1705,大字畑中893番地の1,畑中14組の2 第8森ﾋﾞﾙ404,畑中三丁目,4,35-404,hatakenakakyuusinnpdf.pdf,畑中-142,high,
1706,大字畑中893番地の1,畑中14組の2 第8森ﾋﾞﾙ405,畑中三丁目,4,35-405,hatakenakakyuusinnpdf.pdf,畑中-143,high,
1707,大字畑中893番地の2,畑中14組の1 第7森ﾋﾞﾙ101,畑中三丁目,4,32-101,hatakenakakyuusinnpdf.pdf,畑中-143,high,
1708,大字畑中893番地の2,畑中14組の1 第7森ﾋﾞﾙ102,畑中三丁目,4,32-102,hatakenakakyuusinnpdf.pdf,畑中-143,high,
1709,大字畑中893番地の2,畑中14組の1 第7森ﾋﾞﾙ103,畑中三丁目,4,32-103,hatakenakakyuusinnpdf.pdf,畑中-143,high,
1710,大字畑中893番地の2,畑中14組の1 ﾌｫﾚｽﾄ7-104,畑中三丁目,4,32-104,hatakenakakyuusinnpdf.pdf,畑中-143,high,
1711,大字畑中893番地の2,畑中14組 第7森ﾋﾞﾙ201,畑中三丁目,4,32-201,hatakenakakyuusinnpdf.pdf,畑中-143,high,
1712,大字畑中893番地の2,畑中14組の1 第7森ﾋﾞﾙ202,畑中三丁目,4,32-202,hatakenakakyuusinnpdf.pdf,畑中-143,high,
1713,大字畑中893番地の2,畑中14組 第7森ﾋﾞﾙ203,畑中三丁目,4,32-203,hatakenakakyuusinnpdf.pdf,畑中-143,high,
1714,大字畑中893番地の2,畑中14組の1 第7森ﾋﾞﾙ204,畑中三丁目,4,32-204,hatakenakakyuusinnpdf.pdf,畑中-143,high,
1715,大字畑中893番地の2,畑中14組の1 ﾌｫﾚｽﾄ7-301,畑中三丁目,4,32-301,hatakenakakyuusinnpdf.pdf,畑中-143,high,
1716,大字畑中893番地の2,畑中14組の1 ﾌｫﾚｽﾄ7-302,畑中三丁目,4,32-302,hatakenakakyuusinnpdf.pdf,畑中-143,high,
1717,大字畑中893番地の2,畑中14組 第7森ﾋﾞﾙ303,畑中三丁目,4,32-303,hatakenakakyuusinnpdf.pdf,畑中-143,high,
1718,大字畑中893番地の2,畑中14組の1 ﾌｫﾚｽﾄ7-304,畑中三丁目,4,32-304,hatakenakakyuusinnpdf.pdf,畑中-143,high,
1719,大字畑中893番地の2,畑中14組の1 ﾌｫﾚｽﾄ7-401,畑中三丁目,4,32-401,hatakenakakyuusinnpdf.pdf,畑中-144,high,
1720,大字畑中893番地の2,畑中14組 第7森ﾋﾞﾙ402,畑中三丁目,4,32-402,hatakenakakyuusinnpdf.pdf,畑中-144,high,
1721,大字畑中893番地の2,畑中14組 ﾌｫﾚｽﾄ7-404,畑中三丁目,4,32-404,hatakenakakyuusinnpdf.pdf,畑中-144,high,
1722,大字畑中893番地の2,畑中14組の1 第7森ﾋﾞﾙ501,畑中三丁目,4,32-501,hatakenakakyuusinnpdf.pdf,畑中-144,high,
1723,大字畑中893番地の2,畑中14組の1 ﾌｫﾚｽﾄ7-502,畑中三丁目,4,32-502,hatakenakakyuusinnpdf.pdf,畑中-144,high,
1724,大字畑中893番地の2,畑中14組の1 第7森ﾋﾞﾙ503,畑中三丁目,4,32-503,hatakenakakyuusinnpdf.pdf,畑中-144,high,
1725,大字畑中893番地の2,畑中14組の1 第7森ﾋﾞﾙ504,畑中三丁目,4,32-504,hatakenakakyuusinnpdf.pdf,畑中-144,high,
1726,大字畑中893番地の2,畑中14組の1 第7森ﾋﾞﾙ601,畑中三丁目,4,32-601,hatakenakakyuusinnpdf.pdf,畑中-144,high,
1727,大字畑中893番地の2,畑中14組の1 ﾌｫﾚｽﾄ7-602,畑中三丁目,4,32-602,hatakenakakyuusinnpdf.pdf,畑中-144,high,
1728,大字畑中893番地の2,畑中14組の1 ﾌｫﾚｽﾄ7-603,畑中三丁目,4,32-603,hatakenakakyuusinnpdf.pdf,畑中-144,high,
1729,大字畑中893番地の2,畑中14組の1 ﾌｫﾚｽﾄ7-604,畑中三丁目,4,32-604,hatakenakakyuusinnpdf.pdf,畑中-144,high,
1730,大字畑中894番地の2,畑中7組の2の2 ﾄﾞﾐｰﾙSHIN101,畑中三丁目,4,5,hatakenakakyuusinnpdf.pdf,畑中-144,high,
1731,大字畑中894番地の2,畑中7組の2の2 ﾄﾞﾐｰﾙSHIN102,畑中三丁目,4,5,hatakenakakyuusinnpdf.pdf,畑中-144,high,
1732,大字畑中894番地の2,畑中7組の2の2 ﾄﾞﾐｰﾙSHIN103,畑中三丁目,4,5,hatakenakakyuusinnpdf.pdf,畑中-145,high,
1733,大字畑中894番地の2,畑中7組の2の2 ﾄﾞﾐｰﾙSHIN105,畑中三丁目,4,5,hatakenakakyuusinnpdf.pdf,畑中-145,high,
1734,大字畑中894番地の2,畑中7組の2の2 ﾄﾞﾐｰﾙSHIN201,畑中三丁目,4,5,hatakenakakyuusinnpdf.pdf,畑中-145,high,
1735,大字畑中894番地の2,畑中7組の2の2 ﾄﾞﾐｰﾙSHIN202,畑中三丁目,4,5,hatakenakakyuusinnpdf.pdf,畑中-145,high,
1736,大字畑中894番地の2,畑中7組の2の2 ﾄﾞﾐｰﾙSHIN203,畑中三丁目,4,5,hatakenakakyuusinnpdf.pdf,畑中-145,high,
1737,大字畑中894番地の2,畑中7組の2の2 ﾄﾞﾐｰﾙSHIN205,畑中三丁目,4,5,hatakenakakyuusinnpdf.pdf,畑中-145,high,
1738,大字畑中895番地の1,畑中7組の2の2,畑中三丁目,4,4,hatakenakakyuusinnpdf.pdf,畑中-145,high,
1739,大字畑中895番地の2,畑中14組の3 第10森ﾋﾞﾙ201,畑中三丁目,4,36-201,hatakenakakyuusinnpdf.pdf,畑中-145,high,
1740,大字畑中895番地の2,畑中14組の3 第10森ﾋﾞﾙ202,畑中三丁目,4,36-202,hatakenakakyuusinnpdf.pdf,畑中-145,high,
1741,大字畑中895番地の2,畑中14組の3 ﾌｫﾚｽﾄ10-203,畑中三丁目,4,36-203,hatakenakakyuusinnpdf.pdf,畑中-145,high,
1742,大字畑中895番地の2,畑中14組の3 第10森ﾋﾞﾙ204,畑中三丁目,4,36-204,hatakenakakyuusinnpdf.pdf,畑中-145,high,
1743,大字畑中895番地の2,畑中14組の3 第10森ﾋﾞﾙ205,畑中三丁目,4,36-205,hatakenakakyuusinnpdf.pdf,畑中-145,high,
1744,大字畑中895番地の2,畑中14組の3 第10森ﾋﾞﾙ206,畑中三丁目,4,36-206,hatakenakakyuusinnpdf.pdf,畑中-145,high,
1745,大字畑中895番地の2,畑中14組の3 ﾌｫﾚｽﾄ10-301,畑中三丁目,4,36-301,hatakenakakyuusinnpdf.pdf,畑中-146,high,
1746,大字畑中895番地の2,畑中14組の3 第10森ﾋﾞﾙ302,畑中三丁目,4,36-302,hatakenakakyuusinnpdf.pdf,畑中-146,high,
1747,大字畑中895番地の2,畑中14組の3 第10森ﾋﾞﾙ303,畑中三丁目,4,36-303,hatakenakakyuusinnpdf.pdf,畑中-146,high,
1748,大字畑中895番地の2,畑中14組の3 第10森ﾋﾞﾙ304,畑中三丁目,4,36-304,hatakenakakyuusinnpdf.pdf,畑中-146,high,
1749,大字畑中895番地の2,畑中14組の3 ﾌｫﾚｽﾄ10-305,畑中三丁目,4,36-305,hatakenakakyuusinnpdf.pdf,畑中-146,high,
1750,大字畑中895番地の2,畑中14組の3 第10森ﾋﾞﾙ306,畑中三丁目,4,36-306,hatakenakakyuusinnpdf.pdf,畑中-146,high,
1751,大字畑中895番地の2,畑中14組の3 第10森ﾋﾞﾙ401,畑中三丁目,4,36-401,hatakenakakyuusinnpdf.pdf,畑中-146,high,
1752,大字畑中895番地の2,畑中14組の3 第10森ﾋﾞﾙ402,畑中三丁目,4,36-402,hatakenakakyuusinnpdf.pdf,畑中-146,high,
1753,大字畑中895番地の2,畑中14組の3 第10森ﾋﾞﾙ403,畑中三丁目,4,36-403,hatakenakakyuusinnpdf.pdf,畑中-146,high,
1754,大字畑中895番地の2,畑中14組の3 第10森ﾋﾞﾙ404,畑中三丁目,4,36-404,hatakenakakyuusinnpdf.pdf,畑中-146,high,
1755,大字畑中895番地の2,畑中14組の3 第10森ﾋﾞﾙ405,畑中三丁目,4,36-405,hatakenakakyuusinnpdf.pdf,畑中-146,high,
1756,大字畑中895番地の2,畑中14組の3 第10森ﾋﾞﾙ406,畑中三丁目,4,36-406,hatakenakakyuusinnpdf.pdf,畑中-146,high,
1757,大字畑中895番地の2,畑中14組の3 第10森ﾋﾞﾙ501,畑中三丁目,4,36-501,hatakenakakyuusinnpdf.pdf,畑中-146,high,
1758,大字畑中895番地の2,畑中14組の3 第10森ﾋﾞﾙ502,畑中三丁目,4,36-502,hatakenakakyuusinnpdf.pdf,畑中-147,high,
1759,大字畑中895番地の2,畑中14組の3 第10森ﾋﾞﾙ503,畑中三丁目,4,36-503,hatakenakakyuusinnpdf.pdf,畑中-147,high,
1760,大字畑中895番地の2,畑中14組の3 ﾌｫﾚｽﾄ10-504,畑中三丁目,4,36-504,hatakenakakyuusinnpdf.pdf,畑中-147,high,
1761,大字畑中895番地の2,畑中14組の3 第10森ﾋﾞﾙ505,畑中三丁目,4,36-505,hatakenakakyuusinnpdf.pdf,畑中-147,high,
1762,大字畑中895番地の2,畑中14組の3 ﾌｫﾚｽﾄ10-506,畑中三丁目,4,36-506,hatakenakakyuusinnpdf.pdf,畑中-147,high,
1763,大字畑中895番地の4,畑中7組の2の2,畑中三丁目,4,2,hatakenakakyuusinnpdf.pdf,畑中-147,high,
1764,大字畑中895番地の4,,畑中三丁目,4,3,hatakenakakyuusinnpdf.pdf,畑中-147,high,
1765,大字畑中901番地,畑中13組 第4みのりﾏﾝｼｮﾝ101,畑中三丁目,4,42-101,hatakenakakyuusinnpdf.pdf,畑中-147,high,
1766,大字畑中901番地,畑中13組 第4みのりﾏﾝｼｮﾝ102,畑中三丁目,4,42-102,hatakenakakyuusinnpdf.pdf,畑中-147,high,
1767,大字畑中901番地,畑中13組 第4みのりﾏﾝｼｮﾝ103,畑中三丁目,4,42-103,hatakenakakyuusinnpdf.pdf,畑中-147,high,
1768,大字畑中901番地,畑中13組 第4みのりﾏﾝｼｮﾝ104,畑中三丁目,4,42-104,hatakenakakyuusinnpdf.pdf,畑中-147,high,
1769,大字畑中901番地,畑中13組 第4みのりﾏﾝｼｮﾝ105,畑中三丁目,4,42-105,hatakenakakyuusinnpdf.pdf,畑中-147,high,
1770,大字畑中901番地,畑中13組 第4みのりﾏﾝｼｮﾝ106,畑中三丁目,4,42-106,hatakenakakyuusinnpdf.pdf,畑中-147,high,
1771,大字畑中901番地,畑中13組 第4みのりﾏﾝｼｮﾝ107,畑中三丁目,4,42-107,hatakenakakyuusinnpdf.pdf,畑中-148,high,
1772,大字畑中901番地,畑中13組 第4みのりﾏﾝｼｮﾝ110,畑中三丁目,4,42-110,hatakenakakyuusinnpdf.pdf,畑中-148,high,
1773,大字畑中901番地,畑中13組 第4みのりﾏﾝｼｮﾝ201,畑中三丁目,4,42-201,hatakenakakyuusinnpdf.pdf,畑中-148,high,
1774,大字畑中901番地,畑中13組 第4みのりﾏﾝｼｮﾝ202,畑中三丁目,4,42-202,hatakenakakyuusinnpdf.pdf,畑中-148,high,
1775,大字畑中901番地,畑中13組 第4みのりﾏﾝｼｮﾝ203,畑中三丁目,4,42-203,hatakenakakyuusinnpdf.pdf,畑中-148,high,
1776,大字畑中901番地,畑中13組 第4みのりﾏﾝｼｮﾝ204,畑中三丁目,4,42-204,hatakenakakyuusinnpdf.pdf,畑中-148,high,
1777,大字畑中901番地,畑中13組 第4みのりﾏﾝｼｮﾝ205,畑中三丁目,4,42-205,hatakenakakyuusinnpdf.pdf,畑中-148,high,
1778,大字畑中901番地,畑中13組 第4みのりﾏﾝｼｮﾝ206,畑中三丁目,4,42-206,hatakenakakyuusinnpdf.pdf,畑中-148,high,
1779,大字畑中901番地,畑中13組 第4みのりﾏﾝｼｮﾝ207,畑中三丁目,4,42-207,hatakenakakyuusinnpdf.pdf,畑中-148,high,
1780,大字畑中901番地,畑中13組 第4みのりﾏﾝｼｮﾝ208,畑中三丁目,4,42-208,hatakenakakyuusinnpdf.pdf,畑中-148,high,
1781,大字畑中901番地,畑中13組 第4みのりﾏﾝｼｮﾝ209,畑中三丁目,4,42-209,hatakenakakyuusinnpdf.pdf,畑中-148,high,
1782,大字畑中901番地,畑中13組 第4みのりﾏﾝｼｮﾝ210,畑中三丁目,4,42-210,hatakenakakyuusinnpdf.pdf,畑中-148,high,
1783,大字畑中901番地,畑中13組 第4みのりﾏﾝｼｮﾝ301,畑中三丁目,4,42-301,hatakenakakyuusinnpdf.pdf,畑中-148,high,
1784,大字畑中901番地,畑中13組 第4みのりﾏﾝｼｮﾝ302,畑中三丁目,4,42-302,hatakenakakyuusinnpdf.pdf,畑中-149,high,
1785,大字畑中901番地,畑中13組 第4みのりﾏﾝｼｮﾝ303,畑中三丁目,4,42-303,hatakenakakyuusinnpdf.pdf,畑中-149,high,
1786,大字畑中901番地,畑中13組 第4みのりﾏﾝｼｮﾝ304,畑中三丁目,4,42-304,hatakenakakyuusinnpdf.pdf,畑中-149,high,資料上3回出現
1787,大字畑中901番地,畑中13組 第4みのりﾏﾝｼｮﾝ305,畑中三丁目,4,42-305,hatakenakakyuusinnpdf.pdf,畑中-149,high,
1788,大字畑中901番地,畑中13組 第4みのりﾏﾝｼｮﾝ306,畑中三丁目,4,42-306,hatakenakakyuusinnpdf.pdf,畑中-149,high,
1789,大字畑中901番地,畑中13組 第4みのりﾏﾝｼｮﾝ307,畑中三丁目,4,42-307,hatakenakakyuusinnpdf.pdf,畑中-149,high,
1790,大字畑中901番地,畑中13組 第4みのりﾏﾝｼｮﾝ308,畑中三丁目,4,42-308,hatakenakakyuusinnpdf.pdf,畑中-149,high,
1791,大字畑中901番地,畑中13組 第4みのりﾏﾝｼｮﾝ309,畑中三丁目,4,42-309,hatakenakakyuusinnpdf.pdf,畑中-149,high,
1792,大字畑中901番地,畑中13組 第4みのりﾏﾝｼｮﾝ310,畑中三丁目,4,42-310,hatakenakakyuusinnpdf.pdf,畑中-149,high,
1793,大字畑中901番地,畑中13組 第4みのりﾏﾝｼｮﾝ401,畑中三丁目,4,42-401,hatakenakakyuusinnpdf.pdf,畑中-149,high,
1794,大字畑中901番地,畑中13組 第4みのりﾏﾝｼｮﾝ402,畑中三丁目,4,42-402,hatakenakakyuusinnpdf.pdf,畑中-149,high,
1795,大字畑中901番地,畑中13組 第4みのりﾏﾝｼｮﾝ403,畑中三丁目,4,42-403,hatakenakakyuusinnpdf.pdf,畑中-150,high,
1796,大字畑中901番地,畑中13組 第4みのりﾏﾝｼｮﾝ404,畑中三丁目,4,42-404,hatakenakakyuusinnpdf.pdf,畑中-150,high,
1797,大字畑中901番地,畑中13組 第4みのりﾏﾝｼｮﾝ405,畑中三丁目,4,42-405,hatakenakakyuusinnpdf.pdf,畑中-150,high,
1798,大字畑中901番地,畑中13組 第4みのりﾏﾝｼｮﾝ406,畑中三丁目,4,42-406,hatakenakakyuusinnpdf.pdf,畑中-150,high,資料上2回出現
1799,大字畑中901番地,畑中13組 第4みのりﾏﾝｼｮﾝ407,畑中三丁目,4,42-407,hatakenakakyuusinnpdf.pdf,畑中-150,high,
1800,大字畑中901番地,畑中13組 第4みのりﾏﾝｼｮﾝ408,畑中三丁目,4,42-408,hatakenakakyuusinnpdf.pdf,畑中-150,high,
1801,大字畑中901番地,畑中13組 第4みのりﾏﾝｼｮﾝ409,畑中三丁目,4,42-409,hatakenakakyuusinnpdf.pdf,畑中-150,high,
1802,大字畑中901番地,畑中13組 第4みのりﾏﾝｼｮﾝ410,畑中三丁目,4,42-410,hatakenakakyuusinnpdf.pdf,畑中-150,high,資料上2回出現
1803,大字畑中901番地の10,畑中13組 第4みのりﾏﾝｼｮﾝ108,畑中三丁目,4,42-108,hatakenakakyuusinnpdf.pdf,畑中-150,high,
1804,大字畑中901番地の28,畑中13組 第4みのりﾏﾝｼｮﾝ109,畑中三丁目,4,42-109,hatakenakakyuusinnpdf.pdf,畑中-150,high,
1805,大字畑中903番地の1,畑中7組の2の4,畑中三丁目,3,92,hatakenakakyuusinnpdf.pdf,畑中-150,high,
1806,大字畑中903番地の7,畑中7組の2の4,畑中三丁目,3,90,hatakenakakyuusinnpdf.pdf,畑中-151,high,
1807,大字畑中903番地の8,畑中7組の2の4,畑中三丁目,3,89,hatakenakakyuusinnpdf.pdf,畑中-151,high,
1808,大字畑中903番地の10,畑中7組の2の4,畑中三丁目,3,86,hatakenakakyuusinnpdf.pdf,畑中-151,high,
1809,大字畑中903番地の13,畑中7組の2の4,畑中三丁目,3,85,hatakenakakyuusinnpdf.pdf,畑中-151,high,
1810,大字畑中904番地の1,畑中11組の1,畑中三丁目,3,4,hatakenakakyuusinnpdf.pdf,畑中-151,high,
1811,大字畑中904番地の2,畑中11組の1,畑中三丁目,3,5,hatakenakakyuusinnpdf.pdf,畑中-151,high,
1812,大字畑中904番地の3,畑中11組の1,畑中三丁目,3,6,hatakenakakyuusinnpdf.pdf,畑中-151,high,
1813,大字畑中904番地の4,畑中11組の1,畑中三丁目,3,7,hatakenakakyuusinnpdf.pdf,畑中-151,high,資料上2回出現
1814,大字畑中904番地の5,畑中11組の1,畑中三丁目,3,8,hatakenakakyuusinnpdf.pdf,畑中-151,high,
1815,大字畑中905番地の1,畑中11組の3 ﾊﾟｰｸｻｲﾄﾞ池辺102,畑中三丁目,3,25,hatakenakakyuusinnpdf.pdf,畑中-151,high,資料上3回出現
1816,大字畑中905番地の1,畑中11組の3 ﾊﾟｰｸｻｲﾄﾞIKEBE101,畑中三丁目,3,25,hatakenakakyuusinnpdf.pdf,畑中-151,high,
1817,大字畑中905番地の1,畑中11組の3 ﾊﾟｰｸｻｲﾄﾞ池辺103,畑中三丁目,3,25,hatakenakakyuusinnpdf.pdf,畑中-152,high,
1818,大字畑中905番地の1,畑中11組の3 ﾊﾟｰｸｻｲﾄﾞIKEBE105,畑中三丁目,3,25,hatakenakakyuusinnpdf.pdf,畑中-152,high,
1819,大字畑中905番地の1,畑中11組の3 ﾊﾟｰｸｻｲﾄﾞ池辺201,畑中三丁目,3,25,hatakenakakyuusinnpdf.pdf,畑中-152,high,
1820,大字畑中905番地の1,畑中11組の3 ﾊﾟｰｸｻｲﾄﾞIKEBE202,畑中三丁目,3,25,hatakenakakyuusinnpdf.pdf,畑中-152,high,資料上3回出現
1821,大字畑中905番地の1,畑中11組の3 ﾊﾟｰｸｻｲﾄﾞ池辺203,畑中三丁目,3,25,hatakenakakyuusinnpdf.pdf,畑中-152,high,
1822,大字畑中905番地の1,畑中11組の3 ﾊﾟｰｸｻｲﾄﾞ池辺205,畑中三丁目,3,25,hatakenakakyuusinnpdf.pdf,畑中-152,high,
1823,大字畑中906番地の4,畑中7組の2の4,畑中三丁目,3,78,hatakenakakyuusinnpdf.pdf,畑中-152,high,
1824,大字畑中906番地の5,畑中7組の2の4,畑中三丁目,3,79,hatakenakakyuusinnpdf.pdf,畑中-152,high,
1825,大字畑中906番地の6,畑中7組の2の4,畑中三丁目,3,80,hatakenakakyuusinnpdf.pdf,畑中-152,high,
1826,大字畑中906番地の8,畑中7組の2の4,畑中三丁目,3,81,hatakenakakyuusinnpdf.pdf,畑中-152,high,
1827,大字畑中906番地の10,畑中7組の2の4,畑中三丁目,3,83,hatakenakakyuusinnpdf.pdf,畑中-153,high,
1828,大字畑中908番地の2,畑中7組の4の1,畑中三丁目,3,55,hatakenakakyuusinnpdf.pdf,畑中-153,high,
1829,大字畑中908番地の2,畑中7組の4,畑中三丁目,3,64,hatakenakakyuusinnpdf.pdf,畑中-153,high,資料上2回出現
1830,大字畑中908番地の3,畑中7組の4の1,畑中三丁目,3,66,hatakenakakyuusinnpdf.pdf,畑中-153,high,
1831,大字畑中908番地の5,畑中7の4,畑中三丁目,3,76,hatakenakakyuusinnpdf.pdf,畑中-153,high,
1832,大字畑中908番地の5,,畑中三丁目,3,76,hatakenakakyuusinnpdf.pdf,畑中-153,high,
1833,大字畑中909番地の3,畑中7組の4の1,畑中三丁目,3,68,hatakenakakyuusinnpdf.pdf,畑中-153,high,
1834,大字畑中909番地の4,畑中7組の4の1,畑中三丁目,3,69,hatakenakakyuusinnpdf.pdf,畑中-153,high,
1835,大字畑中909番地の5,畑中7組の4,畑中三丁目,3,70,hatakenakakyuusinnpdf.pdf,畑中-153,high,
1836,大字畑中909番地の6,畑中7組の4,畑中三丁目,3,71,hatakenakakyuusinnpdf.pdf,畑中-153,high,
1837,大字畑中909番地の7,畑中7組の4,畑中三丁目,3,72,hatakenakakyuusinnpdf.pdf,畑中-153,high,資料上2回出現
1838,大字畑中909番地の8,畑中7組の4の1,畑中三丁目,3,73,hatakenakakyuusinnpdf.pdf,畑中-154,high,資料上3回出現
1839,大字畑中909番地の10,畑中7組の4の1,畑中三丁目,3,67,hatakenakakyuusinnpdf.pdf,畑中-154,high,
1840,大字畑中910番地の2,畑中11組の2,畑中三丁目,3,24,hatakenakakyuusinnpdf.pdf,畑中-154,high,
1841,大字畑中910番地の3,畑中11組の2,畑中三丁目,3,23,hatakenakakyuusinnpdf.pdf,畑中-154,high,
1842,大字畑中910番地の4,畑中11組の2,畑中三丁目,3,22,hatakenakakyuusinnpdf.pdf,畑中-154,high,
1843,大字畑中910番地の5,畑中11組の2,畑中三丁目,3,21,hatakenakakyuusinnpdf.pdf,畑中-154,high,
1844,大字畑中910番地の6,畑中11組の2,畑中三丁目,3,20,hatakenakakyuusinnpdf.pdf,畑中-154,high,
1845,大字畑中910番地の7,畑中11組の2,畑中三丁目,3,19,hatakenakakyuusinnpdf.pdf,畑中-154,high,
1846,大字畑中912番地の5,畑中11組の2,畑中三丁目,2,29,hatakenakakyuusinnpdf.pdf,畑中-154,high,
1847,大字畑中913番地,畑中11組の1,畑中三丁目,2,24,hatakenakakyuusinnpdf.pdf,畑中-154,high,
1848,大字畑中913番地,畑中11組の1,畑中三丁目,2,25,hatakenakakyuusinnpdf.pdf,畑中-154,high,
1849,大字畑中913番地の4,畑中11組の2,畑中三丁目,2,30,hatakenakakyuusinnpdf.pdf,畑中-155,high,
1850,大字畑中914番地の1,畑中7組の1の2E ﾃﾞｨｱｽﾛｾﾞ101,畑中三丁目,2,22,hatakenakakyuusinnpdf.pdf,畑中-155,high,資料上2回出現
1851,大字畑中914番地の1,畑中7組の1の2E ﾃﾞｨｱｽﾛｾﾞ102,畑中三丁目,2,22,hatakenakakyuusinnpdf.pdf,畑中-155,high,
1852,大字畑中914番地の1,畑中7組の1の2E ﾃﾞｨｱｽﾛｾﾞ103,畑中三丁目,2,22,hatakenakakyuusinnpdf.pdf,畑中-155,high,
1853,大字畑中914番地の1,畑中7組の1の2E ﾃﾞｨｱｽﾛｾﾞ201,畑中三丁目,2,22,hatakenakakyuusinnpdf.pdf,畑中-155,high,
1854,大字畑中914番地の1,畑中7組の1の2E ﾃﾞｨｱｽﾛｾﾞ202,畑中三丁目,2,22,hatakenakakyuusinnpdf.pdf,畑中-155,high,
1855,大字畑中914番地の1,畑中7組の1の2E ﾃﾞｨｱｽﾛｾﾞ203,畑中三丁目,2,22,hatakenakakyuusinnpdf.pdf,畑中-155,high,
1856,大字畑中914番地の4,畑中7組の1の2,畑中三丁目,2,21,hatakenakakyuusinnpdf.pdf,畑中-155,high,
1857,大字畑中914番地の5,畑中7組の1の2,畑中三丁目,2,20,hatakenakakyuusinnpdf.pdf,畑中-155,high,
1858,大字畑中915番地の5,畑中7組の1の2F,畑中三丁目,2,16,hatakenakakyuusinnpdf.pdf,畑中-155,high,
1859,大字畑中915番地の6,畑中7組の1の2F,畑中三丁目,2,15,hatakenakakyuusinnpdf.pdf,畑中-155,high,
1860,大字畑中915番地の7,畑中7組の1の2F,畑中三丁目,2,14,hatakenakakyuusinnpdf.pdf,畑中-155,high,資料上2回出現
1861,大字畑中915番地の8,畑中7組の1の2F,畑中三丁目,2,12,hatakenakakyuusinnpdf.pdf,畑中-156,high,
1862,大字畑中915番地の8,,畑中三丁目,2,12,hatakenakakyuusinnpdf.pdf,畑中-156,high,資料上2回出現
1863,大字畑中915番地の12,畑中7組の1の2F,畑中三丁目,2,13,hatakenakakyuusinnpdf.pdf,畑中-156,high,
1864,大字畑中916番地の1,畑中7組の1の2 ｺｰﾎﾟ森102,畑中三丁目,2,7,hatakenakakyuusinnpdf.pdf,畑中-156,high,資料上2回出現
1865,大字畑中916-1,ｺｰﾎﾟ森103,畑中三丁目,2,7,hatakenakakyuusinnpdf.pdf,畑中-156,high,
1866,大字畑中916番地の1,畑中7組の1の2 ｺｰﾎﾟ森201,畑中三丁目,2,7,hatakenakakyuusinnpdf.pdf,畑中-156,high,
1867,大字畑中916番地の1,畑中7組の1の2 ｺｰﾎﾟ森202,畑中三丁目,2,7,hatakenakakyuusinnpdf.pdf,畑中-156,high,
1868,大字畑中916番地の1,畑中7組の1の2 ｺｰﾎﾟ森203,畑中三丁目,2,7,hatakenakakyuusinnpdf.pdf,畑中-156,high,
1869,大字畑中916番地の1,畑中7組の1の2 ｺｰﾎﾟ森205,畑中三丁目,2,7,hatakenakakyuusinnpdf.pdf,畑中-156,high,
1870,大字畑中916番地の1,畑中7組の1の2 ｺｰﾎﾟ森206,畑中三丁目,2,7,hatakenakakyuusinnpdf.pdf,畑中-156,high,
1871,大字畑中916番地の1,畑中7組の1の2 森ｱﾊﾟｰﾄ101,畑中三丁目,2,9,hatakenakakyuusinnpdf.pdf,畑中-157,high,
1872,大字畑中916番地の1,畑中7組の1の2 森ｱﾊﾟｰﾄ102,畑中三丁目,2,9,hatakenakakyuusinnpdf.pdf,畑中-157,high,
1873,大字畑中916番地の1,畑中7組の1の2 森ｱﾊﾟｰﾄ103,畑中三丁目,2,9,hatakenakakyuusinnpdf.pdf,畑中-157,high,
1874,大字畑中916番地の1,畑中7組の1の2 森ｱﾊﾟｰﾄ105,畑中三丁目,2,9,hatakenakakyuusinnpdf.pdf,畑中-157,high,
1875,大字畑中916番地の1,畑中7組の1の2 森ｱﾊﾟｰﾄ201,畑中三丁目,2,9,hatakenakakyuusinnpdf.pdf,畑中-157,high,
1876,大字畑中916番地の1,畑中7組の1の2 森ｱﾊﾟｰﾄ202,畑中三丁目,2,9,hatakenakakyuusinnpdf.pdf,畑中-157,high,
1877,大字畑中916番地の1,畑中7組の1の2 森ｱﾊﾟｰﾄ203,畑中三丁目,2,9,hatakenakakyuusinnpdf.pdf,畑中-157,high,
1878,大字畑中916番地の1,畑中7組の1の2 森ｱﾊﾟｰﾄ205,畑中三丁目,2,9,hatakenakakyuusinnpdf.pdf,畑中-157,high,
1879,大字畑中916-5,畑中7組,畑中三丁目,2,10,hatakenakakyuusinnpdf.pdf,畑中-157,high,
1880,大字畑中916番地の5,畑中7組の1の2,畑中三丁目,2,10,hatakenakakyuusinnpdf.pdf,畑中-157,high,
1881,大字畑中917番地の3,畑中7組の8 菊屋寮301,畑中一丁目,11,5,hatakenakakyuusinnpdf.pdf,畑中-157,high,資料上3回出現
1882,大字畑中917番地の3,畑中7組の8 菊屋寮302,畑中一丁目,11,5,hatakenakakyuusinnpdf.pdf,畑中-158,high,資料上3回出現
1883,大字畑中917番地の7,畑中7組の1の2,畑中一丁目,11,3,hatakenakakyuusinnpdf.pdf,畑中-158,high,
1884,大字畑中918番地の1,畑中7組の1の2 ｺｰﾎﾟ矢野第2-201,畑中三丁目,2,19,hatakenakakyuusinnpdf.pdf,畑中-158,high,
1885,大字畑中918番地の1,畑中7組の1の2 ｺｰﾎﾟ矢野第2-202,畑中三丁目,2,19,hatakenakakyuusinnpdf.pdf,畑中-158,high,
1886,大字畑中918番地の1,畑中7組の1の2 ｺｰﾎﾟ矢野第2-203,畑中三丁目,2,19,hatakenakakyuusinnpdf.pdf,畑中-158,high,
1887,大字畑中918番地の1,畑中7組の1の2 ｺｰﾎﾟ矢野第2-301,畑中三丁目,2,19,hatakenakakyuusinnpdf.pdf,畑中-158,high,
1888,大字畑中918番地の1,畑中7組の1の2 ｺｰﾎﾟ矢野第2-302,畑中三丁目,2,19,hatakenakakyuusinnpdf.pdf,畑中-158,high,
1889,大字畑中918番地の1,畑中7組の1の2 ｺｰﾎﾟ矢野第2-303,畑中三丁目,2,19,hatakenakakyuusinnpdf.pdf,畑中-158,high,
1890,大字畑中918番地の3,畑中7組の1の2,畑中一丁目,11,7,hatakenakakyuusinnpdf.pdf,畑中-158,high,資料上2回出現
1891,大字畑中918番地の4,,畑中一丁目,11,9,hatakenakakyuusinnpdf.pdf,畑中-158,high,
1892,大字畑中無田918番地の4,,畑中一丁目,11,9,hatakenakakyuusinnpdf.pdf,畑中-159,high,
1893,大字畑中919番地の1,畑中7組の1の2,畑中一丁目,11,14,hatakenakakyuusinnpdf.pdf,畑中-159,high,資料上2回出現
1894,大字畑中919番地の4,畑中7組の1の2,畑中一丁目,11,15,hatakenakakyuusinnpdf.pdf,畑中-159,high,資料上2回出現
1895,大字畑中919番地の6,畑中7組の1の2,畑中一丁目,11,12,hatakenakakyuusinnpdf.pdf,畑中-159,high,
1896,大字畑中920番地の1,畑中7の1の2E組 ﾚｵﾈｸｽﾄめぐみﾌｨｰﾙﾄﾞ101,畑中一丁目,11,17,hatakenakakyuusinnpdf.pdf,畑中-159,high,
1897,大字畑中920番地の1,畑中7の1の2E組 ﾚｵﾈｸｽﾄめぐみﾌｨｰﾙﾄﾞ102,畑中一丁目,11,17,hatakenakakyuusinnpdf.pdf,畑中-159,high,
1898,大字畑中920番地の1,畑中7の1の2E組 ﾚｵﾈｸｽﾄめぐみﾌｨｰﾙﾄﾞ103,畑中一丁目,11,17,hatakenakakyuusinnpdf.pdf,畑中-159,high,
1899,大字畑中920番地の1,畑中7の1の2E組 ﾚｵﾈｸｽﾄめぐみﾌｨｰﾙﾄﾞ104,畑中一丁目,11,17,hatakenakakyuusinnpdf.pdf,畑中-159,high,
1900,大字畑中920番地の1,畑中7の1の2E組 ﾚｵﾈｸｽﾄめぐみﾌｨｰﾙﾄﾞ105,畑中一丁目,11,17,hatakenakakyuusinnpdf.pdf,畑中-159,high,
1901,大字畑中920番地の1,畑中7の1の2E組 ﾚｵﾈｸｽﾄめぐみﾌｨｰﾙﾄﾞ106,畑中一丁目,11,17,hatakenakakyuusinnpdf.pdf,畑中-159,high,
1902,大字畑中920番地の1,畑中7の1の2E組 ﾚｵﾈｸｽﾄめぐみﾌｨｰﾙﾄﾞ107,畑中一丁目,11,17,hatakenakakyuusinnpdf.pdf,畑中-159,high,
1903,大字畑中920番地の1,畑中7の1の2E組 ﾚｵﾈｸｽﾄめぐみﾌｨｰﾙﾄﾞ108,畑中一丁目,11,17,hatakenakakyuusinnpdf.pdf,畑中-160,high,
1904,大字畑中920番地の1,畑中7の1の2E組 ﾚｵﾈｸｽﾄめぐみﾌｨｰﾙﾄﾞ109,畑中一丁目,11,17,hatakenakakyuusinnpdf.pdf,畑中-160,high,
1905,大字畑中920番地の1,畑中7の1の2E組 ﾚｵﾈｸｽﾄめぐみﾌｨｰﾙﾄﾞ110,畑中一丁目,11,17,hatakenakakyuusinnpdf.pdf,畑中-160,high,
1906,大字畑中920番地の1,畑中7の1の2E組 ﾚｵﾈｸｽﾄめぐみﾌｨｰﾙﾄﾞ111,畑中一丁目,11,17,hatakenakakyuusinnpdf.pdf,畑中-160,high,
1907,大字畑中920番地の1,畑中7の1の2E組 ﾚｵﾈｸｽﾄめぐみﾌｨｰﾙﾄﾞ201,畑中一丁目,11,17,hatakenakakyuusinnpdf.pdf,畑中-160,high,
1908,大字畑中920番地の1,畑中7の1の2E組 ﾚｵﾈｸｽﾄめぐみﾌｨｰﾙﾄﾞ202,畑中一丁目,11,17,hatakenakakyuusinnpdf.pdf,畑中-160,high,
1909,大字畑中920番地の1,畑中7の1の2E組 ﾚｵﾈｸｽﾄめぐみﾌｨｰﾙﾄﾞ203,畑中一丁目,11,17,hatakenakakyuusinnpdf.pdf,畑中-160,high,
1910,大字畑中920番地の1,畑中7の1の2E組 ﾚｵﾈｸｽﾄめぐみﾌｨｰﾙﾄﾞ204,畑中一丁目,11,17,hatakenakakyuusinnpdf.pdf,畑中-160,high,
1911,大字畑中920番地の1,畑中7の1の2E組 ﾚｵﾈｸｽﾄめぐみﾌｨｰﾙﾄﾞ205,畑中一丁目,11,17,hatakenakakyuusinnpdf.pdf,畑中-160,high,
1912,大字畑中920番地の1,畑中7の1の2E組 ﾚｵﾈｸｽﾄめぐみﾌｨｰﾙﾄﾞ206,畑中一丁目,11,17,hatakenakakyuusinnpdf.pdf,畑中-160,high,
1913,大字畑中920番地の1,畑中7の1の2E組 ﾚｵﾈｸｽﾄめぐみﾌｨｰﾙﾄﾞ207,畑中一丁目,11,17,hatakenakakyuusinnpdf.pdf,畑中-160,high,
1914,大字畑中920番地の1,畑中7の1の2E組 ﾚｵﾈｸｽﾄめぐみﾌｨｰﾙﾄﾞ208,畑中一丁目,11,17,hatakenakakyuusinnpdf.pdf,畑中-160,high,
1915,大字畑中920番地の1,畑中7の1の2E組 ﾚｵﾈｸｽﾄめぐみﾌｨｰﾙﾄﾞ209,畑中一丁目,11,17,hatakenakakyuusinnpdf.pdf,畑中-160,high,
1916,大字畑中920番地の1,畑中7の1の2E組 ﾚｵﾈｸｽﾄめぐみﾌｨｰﾙﾄﾞ210,畑中一丁目,11,17,hatakenakakyuusinnpdf.pdf,畑中-161,high,
1917,大字畑中920番地の1,畑中7の1の2E組 ﾚｵﾈｸｽﾄめぐみﾌｨｰﾙﾄﾞ211,畑中一丁目,11,17,hatakenakakyuusinnpdf.pdf,畑中-161,high,
1918,大字畑中字無田921番,,畑中一丁目,11,4,hatakenakakyuusinnpdf.pdf,畑中-161,high,
1919,大字畑中927番地の1,畑中6組の3の5 森ｱﾊﾟｰﾄB101,畑中一丁目,12,7,hatakenakakyuusinnpdf.pdf,畑中-161,high,
1920,大字畑中927番地の1,畑中6組の3の5 森ｱﾊﾟｰﾄB102,畑中一丁目,12,7,hatakenakakyuusinnpdf.pdf,畑中-161,high,
1921,大字畑中927番地の1,畑中6組の3の5 森ｱﾊﾟｰﾄB103,畑中一丁目,12,7,hatakenakakyuusinnpdf.pdf,畑中-161,high,
1922,大字畑中927番地の1,畑中6組の3の5 森ｱﾊﾟｰﾄB201,畑中一丁目,12,7,hatakenakakyuusinnpdf.pdf,畑中-161,high,
1923,大字畑中927番地の1,畑中6組の3の5 森ｱﾊﾟｰﾄB202,畑中一丁目,12,7,hatakenakakyuusinnpdf.pdf,畑中-161,high,
1924,大字畑中927番地の1,畑中6組の3の5 森ｱﾊﾟｰﾄB203,畑中一丁目,12,7,hatakenakakyuusinnpdf.pdf,畑中-161,high,
1925,大字畑中927番地の1,畑中6組の3の5 森ｱﾊﾟｰﾄA101,畑中一丁目,12,8,hatakenakakyuusinnpdf.pdf,畑中-161,high,
1926,大字畑中927番地の1,畑中6組の3の5 森ｱﾊﾟｰﾄA102,畑中一丁目,12,8,hatakenakakyuusinnpdf.pdf,畑中-161,high,
1927,大字畑中927番地の1,畑中6組の3の5 森ｱﾊﾟｰﾄA103,畑中一丁目,12,8,hatakenakakyuusinnpdf.pdf,畑中-161,high,
1928,大字畑中927番地の1,畑中6組の3の5 森ｱﾊﾟｰﾄA105,畑中一丁目,12,8,hatakenakakyuusinnpdf.pdf,畑中-161,high,
1929,大字畑中927番地の1,畑中6組の3の5 森ｱﾊﾟｰﾄA106,畑中一丁目,12,8,hatakenakakyuusinnpdf.pdf,畑中-162,high,
1930,大字畑中927番地の1,畑中6組の3の5 森ｱﾊﾟｰﾄA201,畑中一丁目,12,8,hatakenakakyuusinnpdf.pdf,畑中-162,high,資料上2回出現
1931,大字畑中927番地の1,畑中6組の3の5 森ｱﾊﾟｰﾄA202,畑中一丁目,12,8,hatakenakakyuusinnpdf.pdf,畑中-162,high,
1932,大字畑中927番地の1,畑中6組の3の5 森ｱﾊﾟｰﾄA203,畑中一丁目,12,8,hatakenakakyuusinnpdf.pdf,畑中-162,high,
1933,大字畑中927番地の1,畑中6組の3の5 森ｱﾊﾟｰﾄA205,畑中一丁目,12,8,hatakenakakyuusinnpdf.pdf,畑中-162,high,
1934,大字畑中927番地の1,畑中6組の3の5 森ｱﾊﾟｰﾄA206,畑中一丁目,12,8,hatakenakakyuusinnpdf.pdf,畑中-162,high,
1935,大字畑中928番地の3,畑中6組の3の5,畑中一丁目,12,5,hatakenakakyuusinnpdf.pdf,畑中-162,high,資料上3回出現
1936,大字畑中928番地の3,,畑中一丁目,12,5,hatakenakakyuusinnpdf.pdf,畑中-162,high,
1937,大字畑中928番地の3,畑中6組の3の5 ﾌｫﾚｽﾄ1-101,畑中一丁目,12,5-101,hatakenakakyuusinnpdf.pdf,畑中-162,high,資料上2回出現
1938,大字畑中928番地の3,畑中6組の3の5 第1森ﾋﾞﾙ102,畑中一丁目,12,5-102,hatakenakakyuusinnpdf.pdf,畑中-163,high,
1939,大字畑中928番地の3,畑中6組の3の5 ﾌｫﾚｽﾄ1-103,畑中一丁目,12,5-103,hatakenakakyuusinnpdf.pdf,畑中-163,high,資料上2回出現
1940,大字畑中928番地の3,畑中6組の3の5 第1森ﾋﾞﾙ105,畑中一丁目,12,5-105,hatakenakakyuusinnpdf.pdf,畑中-163,high,
1941,大字畑中928番地の3,畑中6組の3の5 ﾌｫﾚｽﾄ1-201,畑中一丁目,12,5-201,hatakenakakyuusinnpdf.pdf,畑中-163,high,
1942,大字畑中928番地の3,畑中6組の3の5 第1森ﾋﾞﾙ202,畑中一丁目,12,5-202,hatakenakakyuusinnpdf.pdf,畑中-163,high,
1943,大字畑中928番地の3,畑中6組の3の5 ﾌｫﾚｽﾄ1-203,畑中一丁目,12,5-203,hatakenakakyuusinnpdf.pdf,畑中-163,high,
1944,大字畑中928番地の3,畑中6組の3の5 ﾌｫﾚｽﾄ1-205,畑中一丁目,12,5-205,hatakenakakyuusinnpdf.pdf,畑中-163,high,
1945,大字畑中928番地の3,畑中6組の3の5 ﾌｫﾚｽﾄ1-301,畑中一丁目,12,5-301,hatakenakakyuusinnpdf.pdf,畑中-163,high,
1946,大字畑中928番地の3,畑中6組の3の5 ﾌｫﾚｽﾄ1-302,畑中一丁目,12,5-302,hatakenakakyuusinnpdf.pdf,畑中-163,high,
1947,大字畑中928番地の3,畑中6組の3の5 ﾌｫﾚｽﾄ1-303,畑中一丁目,12,5-303,hatakenakakyuusinnpdf.pdf,畑中-163,high,
1948,大字畑中928番地の3,畑中6組の3の5 第1森ﾋﾞﾙ305,畑中一丁目,12,5-305,hatakenakakyuusinnpdf.pdf,畑中-163,high,
1949,大字畑中928番地の5,畑中6組の3の5,畑中一丁目,12,6,hatakenakakyuusinnpdf.pdf,畑中-163,high,
1950,大字畑中929番3,畑中6組の3の6,畑中一丁目,12,2,hatakenakakyuusinnpdf.pdf,畑中-164,high,
1951,大字畑中929番地の3,畑中6組の3の6 県病宿舎101,畑中一丁目,12,2-101,hatakenakakyuusinnpdf.pdf,畑中-164,high,
1952,大字畑中929番地の3,畑中6組の3の6 県病宿舎102,畑中一丁目,12,2-102,hatakenakakyuusinnpdf.pdf,畑中-164,high,
1953,大字畑中929番地の3,畑中6組の3の6 県病宿舎103,畑中一丁目,12,2-103,hatakenakakyuusinnpdf.pdf,畑中-164,high,
1954,大字畑中929番地の3,畑中6組の3の6 県病宿舎104,畑中一丁目,12,2-104,hatakenakakyuusinnpdf.pdf,畑中-164,high,
1955,大字畑中929番地の3,畑中6組の3の6 県病宿舎111,畑中一丁目,12,2-111,hatakenakakyuusinnpdf.pdf,畑中-164,high,
1956,大字畑中929番地の3,畑中6組の3の6 県病宿舎112,畑中一丁目,12,2-112,hatakenakakyuusinnpdf.pdf,畑中-164,high,
1957,大字畑中929番地の3,畑中6組の3の6 県病宿舎113,畑中一丁目,12,2-113,hatakenakakyuusinnpdf.pdf,畑中-164,high,
1958,大字畑中929番地の3,畑中6組の3の6 県病宿舎114,畑中一丁目,12,2-114,hatakenakakyuusinnpdf.pdf,畑中-164,high,
1959,大字畑中929番地の3,畑中6組の3の6 県病宿舎115,畑中一丁目,12,2-115,hatakenakakyuusinnpdf.pdf,畑中-164,high,
1960,大字畑中929番地の3,畑中6組の3の6 県病宿舎116,畑中一丁目,12,2-116,hatakenakakyuusinnpdf.pdf,畑中-164,high,
1961,大字畑中929番地の3,畑中6組の3の6 県病宿舎201,畑中一丁目,12,2-201,hatakenakakyuusinnpdf.pdf,畑中-164,high,
1962,大字畑中929番地の3,畑中6組の3の6 県病宿舎202,畑中一丁目,12,2-202,hatakenakakyuusinnpdf.pdf,畑中-164,high,
1963,大字畑中929番地の3,畑中6組の3の6 県病宿舎203,畑中一丁目,12,2-203,hatakenakakyuusinnpdf.pdf,畑中-165,high,
1964,大字畑中929番地の3,畑中6組の3の6 県病宿舎204,畑中一丁目,12,2-204,hatakenakakyuusinnpdf.pdf,畑中-165,high,
1965,大字畑中929番地の3,畑中6組の3の6 県病宿舎211,畑中一丁目,12,2-211,hatakenakakyuusinnpdf.pdf,畑中-165,high,
1966,大字畑中929番地の3,畑中6組の3の6 県病宿舎212,畑中一丁目,12,2-212,hatakenakakyuusinnpdf.pdf,畑中-165,high,
1967,大字畑中929番地の3,畑中6組の3の6 県病宿舎213,畑中一丁目,12,2-213,hatakenakakyuusinnpdf.pdf,畑中-165,high,
1968,大字畑中929番地の3,畑中6組の3の6 県病宿舎214,畑中一丁目,12,2-214,hatakenakakyuusinnpdf.pdf,畑中-165,high,
1969,大字畑中929番地の3,畑中6組の3の6 県病宿舎215,畑中一丁目,12,2-215,hatakenakakyuusinnpdf.pdf,畑中-165,high,
1970,大字畑中929番地の3,畑中6組の3の6 県病宿舎216,畑中一丁目,12,2-216,hatakenakakyuusinnpdf.pdf,畑中-165,high,
1971,大字畑中929番地の3,畑中6組の3の6 県病宿舎301,畑中一丁目,12,2-301,hatakenakakyuusinnpdf.pdf,畑中-165,high,
1972,大字畑中929番地の3,畑中6組の3の6 県病宿舎302,畑中一丁目,12,2-302,hatakenakakyuusinnpdf.pdf,畑中-165,high,
1973,大字畑中929番地の3,畑中6組の3の6 県病宿舎303,畑中一丁目,12,2-303,hatakenakakyuusinnpdf.pdf,畑中-165,high,
1974,大字畑中929番地の3,畑中6組の3の6 県病宿舎304,畑中一丁目,12,2-304,hatakenakakyuusinnpdf.pdf,畑中-165,high,
1975,大字畑中929番地の3,畑中6組の3の6 県病宿舎311,畑中一丁目,12,2-311,hatakenakakyuusinnpdf.pdf,畑中-165,high,
1976,大字畑中929番地の3,畑中6組の3の6 県病宿舎312,畑中一丁目,12,2-312,hatakenakakyuusinnpdf.pdf,畑中-166,high,
1977,大字畑中929番地の3,畑中6組の3の6 県病宿舎313,畑中一丁目,12,2-313,hatakenakakyuusinnpdf.pdf,畑中-166,high,
1978,大字畑中929番地の3,畑中6組の3の6 県病宿舎314,畑中一丁目,12,2-314,hatakenakakyuusinnpdf.pdf,畑中-166,high,
1979,大字畑中929番地の3,畑中6組の3の6 県病宿舎315,畑中一丁目,12,2-315,hatakenakakyuusinnpdf.pdf,畑中-166,high,
1980,大字畑中929番地の3,畑中6組の3の6 県病宿舎316,畑中一丁目,12,2-316,hatakenakakyuusinnpdf.pdf,畑中-166,high,
1981,大字畑中929番地の3,畑中6組の3の6 県病宿舎401,畑中一丁目,12,2-401,hatakenakakyuusinnpdf.pdf,畑中-166,high,
1982,大字畑中929番地の3,畑中6組の3の6 県病宿舎402,畑中一丁目,12,2-402,hatakenakakyuusinnpdf.pdf,畑中-166,high,
1983,大字畑中929番地の3,畑中6組の3の6 県病宿舎403,畑中一丁目,12,2-403,hatakenakakyuusinnpdf.pdf,畑中-166,high,
1984,大字畑中929番地の3,畑中6組の3の6 県病宿舎404,畑中一丁目,12,2-404,hatakenakakyuusinnpdf.pdf,畑中-166,high,
1985,大字畑中929番地の3,畑中6組の3の6 県病宿舎411,畑中一丁目,12,2-411,hatakenakakyuusinnpdf.pdf,畑中-166,high,
1986,大字畑中929番地の3,畑中6組の3の6 県病宿舎412,畑中一丁目,12,2-412,hatakenakakyuusinnpdf.pdf,畑中-166,high,
1987,大字畑中929番地の3,畑中6組の3の6 県病宿舎413,畑中一丁目,12,2-413,hatakenakakyuusinnpdf.pdf,畑中-166,high,
1988,大字畑中929番地の3,畑中6組の3の6 県病宿舎414,畑中一丁目,12,2-414,hatakenakakyuusinnpdf.pdf,畑中-166,high,
1989,大字畑中929番地の3,畑中6組の3の6 県病宿舎415,畑中一丁目,12,2-415,hatakenakakyuusinnpdf.pdf,畑中-167,high,
1990,大字畑中929番地の3,畑中6組の3の6 県病宿舎416,畑中一丁目,12,2-416,hatakenakakyuusinnpdf.pdf,畑中-167,high,
1991,大字畑中934番地の2,畑中6-6-3,畑中三丁目,1,5,hatakenakakyuusinnpdf.pdf,畑中-167,high,
1992,大字畑中934番地の2,,畑中三丁目,1,5,hatakenakakyuusinnpdf.pdf,畑中-167,high,
1993,大字畑中934番地の2,畑中6組の3の3 さぬきやﾋﾞﾙ301,畑中三丁目,1,5,hatakenakakyuusinnpdf.pdf,畑中-167,high,
1994,大字畑中934番地の2,畑中6組の3の3 さぬきやﾋﾞﾙ401,畑中三丁目,1,5,hatakenakakyuusinnpdf.pdf,畑中-167,high,
1995,大字畑中934番地の6,,畑中三丁目,2,58,hatakenakakyuusinnpdf.pdf,畑中-167,high,
1996,大字畑中934番地の6,畑中6組の3の2 ｺｰﾎﾟ矢野第1-201,畑中三丁目,2,58,hatakenakakyuusinnpdf.pdf,畑中-167,high,
1997,大字畑中934番地の6,畑中6組の3の2 ｺｰﾎﾟ矢野第1-202,畑中三丁目,2,58,hatakenakakyuusinnpdf.pdf,畑中-167,high,
1998,大字畑中934番地の6,畑中6組の3の2 ｺｰﾎﾟ矢野第1-203,畑中三丁目,2,58,hatakenakakyuusinnpdf.pdf,畑中-167,high,
1999,大字畑中934番地の6,畑中6組の3の2 ｺｰﾎﾟ矢野第1-301,畑中三丁目,2,58,hatakenakakyuusinnpdf.pdf,畑中-167,high,
2000,大字畑中934番地の6,畑中6組の3の2 ｺｰﾎﾟ矢野第1-302,畑中三丁目,2,58,hatakenakakyuusinnpdf.pdf,畑中-167,high,
2001,大字畑中934番地の6,畑中6組の3の2 ｺｰﾎﾟ矢野303,畑中三丁目,2,58,hatakenakakyuusinnpdf.pdf,畑中-167,high,
2002,大字畑中935-1,,畑中三丁目,2,2,hatakenakakyuusinnpdf.pdf,畑中-168,high,
2003,大字畑中936番地の2,畑中6組の3の2,畑中三丁目,2,48,hatakenakakyuusinnpdf.pdf,畑中-168,high,
2004,大字畑中936番地の3,畑中6組の3の2,畑中三丁目,2,47,hatakenakakyuusinnpdf.pdf,畑中-168,high,
2005,大字畑中936番地の5,畑中6組の3の2,畑中三丁目,2,46,hatakenakakyuusinnpdf.pdf,畑中-168,high,資料上2回出現
2006,大字畑中936番地の7,畑中6組の3の2,畑中三丁目,2,44,hatakenakakyuusinnpdf.pdf,畑中-168,high,
2007,大字畑中936番地の8,畑中6組の3の2,畑中三丁目,2,45,hatakenakakyuusinnpdf.pdf,畑中-168,high,
2008,大字畑中937番地の2,畑中6組の3の2,畑中三丁目,2,49,hatakenakakyuusinnpdf.pdf,畑中-168,high,
2009,大字畑中938番地の2,,畑中三丁目,2,38,hatakenakakyuusinnpdf.pdf,畑中-168,high,
2010,大字畑中938番地の2,畑中6組の4 ｸﾞﾗﾝﾄﾞﾊﾟﾚｽ南大分101,畑中三丁目,2,38-101,hatakenakakyuusinnpdf.pdf,畑中-168,high,
2011,大字畑中938番地の2,畑中6組の4 ｸﾞﾗﾝﾄﾞﾊﾟﾚｽ南大分102,畑中三丁目,2,38-102,hatakenakakyuusinnpdf.pdf,畑中-168,high,
2012,大字畑中938番地の2,畑中6組の4 ｸﾞﾗﾝﾄﾞﾊﾟﾚｽ南大分103,畑中三丁目,2,38-103,hatakenakakyuusinnpdf.pdf,畑中-168,high,
2013,大字畑中938番地の2,畑中6組の4 ｸﾞﾗﾝﾄﾞﾊﾟﾚｽ南大分105,畑中三丁目,2,38-105,hatakenakakyuusinnpdf.pdf,畑中-168,high,
2014,大字畑中938番地の2,畑中6組の4 ｸﾞﾗﾝﾄﾞﾊﾟﾚｽ南大分106,畑中三丁目,2,38-106,hatakenakakyuusinnpdf.pdf,畑中-169,high,
2015,大字畑中938番地の2,畑中6組の4 ｸﾞﾗﾝﾄﾞﾊﾟﾚｽ南大分201,畑中三丁目,2,38-201,hatakenakakyuusinnpdf.pdf,畑中-169,high,
2016,大字畑中938番地の2,畑中6組の4 ｸﾞﾗﾝﾄﾞﾊﾟﾚｽ南大分202,畑中三丁目,2,38-202,hatakenakakyuusinnpdf.pdf,畑中-169,high,
2017,大字畑中938番地の2,畑中6組の4 ｸﾞﾗﾝﾄﾞﾊﾟﾚｽ南大分203,畑中三丁目,2,38-203,hatakenakakyuusinnpdf.pdf,畑中-169,high,
2018,大字畑中938番地の2,畑中6組の4 ｸﾞﾗﾝﾄﾞﾊﾟﾚｽ南大分205,畑中三丁目,2,38-205,hatakenakakyuusinnpdf.pdf,畑中-169,high,
2019,大字畑中938番地の2,畑中6組の4 ｸﾞﾗﾝﾄﾞﾊﾟﾚｽ南大分206,畑中三丁目,2,38-206,hatakenakakyuusinnpdf.pdf,畑中-169,high,
2020,大字畑中938番地の2,畑中6組の4 ｸﾞﾗﾝﾄﾞﾊﾟﾚｽ南大分301,畑中三丁目,2,38-301,hatakenakakyuusinnpdf.pdf,畑中-169,high,
2021,大字畑中938番地の2,畑中6組の4 ｸﾞﾗﾝﾄﾞﾊﾟﾚｽ南大分302,畑中三丁目,2,38-302,hatakenakakyuusinnpdf.pdf,畑中-169,high,
2022,大字畑中938番地の2,畑中6組の4 ｸﾞﾗﾝﾄﾞﾊﾟﾚｽ南大分303,畑中三丁目,2,38-303,hatakenakakyuusinnpdf.pdf,畑中-169,high,
2023,大字畑中938番地の2,畑中6組の4 ｸﾞﾗﾝﾄﾞﾊﾟﾚｽ南大分305,畑中三丁目,2,38-305,hatakenakakyuusinnpdf.pdf,畑中-169,high,
2024,大字畑中938番地の2,畑中6組の4 ｸﾞﾗﾝﾄﾞﾊﾟﾚｽ南大分306,畑中三丁目,2,38-306,hatakenakakyuusinnpdf.pdf,畑中-169,high,
2025,大字畑中938番地の2,畑中6組の4 ｸﾞﾗﾝﾄﾞﾊﾟﾚｽ南大分401,畑中三丁目,2,38-401,hatakenakakyuusinnpdf.pdf,畑中-169,high,
2026,大字畑中938番地の2,畑中6組の4 ｸﾞﾗﾝﾄﾞﾊﾟﾚｽ南大分402,畑中三丁目,2,38-402,hatakenakakyuusinnpdf.pdf,畑中-169,high,
2027,大字畑中938番地の2,畑中6組の4 ｸﾞﾗﾝﾄﾞﾊﾟﾚｽ南大分403,畑中三丁目,2,38-403,hatakenakakyuusinnpdf.pdf,畑中-170,high,
2028,大字畑中938番地の2,畑中6組の4 ｸﾞﾗﾝﾄﾞﾊﾟﾚｽ南大分405,畑中三丁目,2,38-405,hatakenakakyuusinnpdf.pdf,畑中-170,high,
2029,大字畑中938番地の2,畑中6組の4 ｸﾞﾗﾝﾄﾞﾊﾟﾚｽ南大分406,畑中三丁目,2,38-406,hatakenakakyuusinnpdf.pdf,畑中-170,high,
2030,大字畑中938番地の2,畑中6組の4 ｸﾞﾗﾝﾄﾞﾊﾟﾚｽ南大分501,畑中三丁目,2,38-501,hatakenakakyuusinnpdf.pdf,畑中-170,high,資料上2回出現
2031,大字畑中938番地の2,畑中6組の4 ｸﾞﾗﾝﾄﾞﾊﾟﾚｽ南大分502,畑中三丁目,2,38-502,hatakenakakyuusinnpdf.pdf,畑中-170,high,
2032,大字畑中938番地の2,畑中6組の4 ｸﾞﾗﾝﾄﾞﾊﾟﾚｽ南大分503,畑中三丁目,2,38-503,hatakenakakyuusinnpdf.pdf,畑中-170,high,
2033,大字畑中938番地の2,畑中6組の4 ｸﾞﾗﾝﾄﾞﾊﾟﾚｽ南大分505,畑中三丁目,2,38-505,hatakenakakyuusinnpdf.pdf,畑中-170,high,
2034,大字畑中938番地の2,畑中6組の4 ｸﾞﾗﾝﾄﾞﾊﾟﾚｽ南大分506,畑中三丁目,2,38-506,hatakenakakyuusinnpdf.pdf,畑中-170,high,
2035,大字畑中938番地の2,畑中6組の4 ｸﾞﾗﾝﾄﾞﾊﾟﾚｽ南大分601,畑中三丁目,2,38-601,hatakenakakyuusinnpdf.pdf,畑中-170,high,
2036,大字畑中938番地の2,畑中6組の4 ｸﾞﾗﾝﾄﾞﾊﾟﾚｽ南大分602,畑中三丁目,2,38-602,hatakenakakyuusinnpdf.pdf,畑中-170,high,資料上2回出現
2037,大字畑中938番地の2,畑中6組の4 ｸﾞﾗﾝﾄﾞﾊﾟﾚｽ南大分603,畑中三丁目,2,38-603,hatakenakakyuusinnpdf.pdf,畑中-170,high,
2038,大字畑中938番地の2,畑中6組の4 ｸﾞﾗﾝﾄﾞﾊﾟﾚｽ南大分605,畑中三丁目,2,38-605,hatakenakakyuusinnpdf.pdf,畑中-171,high,
2039,大字畑中938番地の2,畑中6組の4 ｸﾞﾗﾝﾄﾞﾊﾟﾚｽ南大分606,畑中三丁目,2,38-606,hatakenakakyuusinnpdf.pdf,畑中-171,high,
2040,大字畑中938番地の2,畑中6組の4 ｸﾞﾗﾝﾄﾞﾊﾟﾚｽ南大分702,畑中三丁目,2,38-702,hatakenakakyuusinnpdf.pdf,畑中-171,high,
2041,大字畑中938番地の2,畑中6組の4 ｸﾞﾗﾝﾄﾞﾊﾟﾚｽ南大分703,畑中三丁目,2,38-703,hatakenakakyuusinnpdf.pdf,畑中-171,high,
2042,大字畑中938番地の2,畑中6組の4 ｸﾞﾗﾝﾄﾞﾊﾟﾚｽ南大分802,畑中三丁目,2,38-802,hatakenakakyuusinnpdf.pdf,畑中-171,high,資料上2回出現
2043,大字畑中938番地の12,畑中6組の3の2,畑中三丁目,2,42,hatakenakakyuusinnpdf.pdf,畑中-171,high,資料上2回出現
2044,大字畑中940番地,畑中11組の2,畑中三丁目,2,33,hatakenakakyuusinnpdf.pdf,畑中-171,high,
2045,大字畑中945番地,畑中7組の1の3,畑中三丁目,6,2,hatakenakakyuusinnpdf.pdf,畑中-171,high,資料上3回出現
2046,大字畑中945番地の3,畑中7組の1の3A,畑中三丁目,6,29,hatakenakakyuusinnpdf.pdf,畑中-171,high,資料上4回出現
2047,大字畑中945番地の3,畑中7組の1の3C,畑中三丁目,6,29,hatakenakakyuusinnpdf.pdf,畑中-172,high,
2048,大字畑中946番地,畑中5組の4,畑中三丁目,6,10,hatakenakakyuusinnpdf.pdf,畑中-172,high,資料上2回出現
2049,大字畑中947番地,畑中5組の4,畑中三丁目,6,4,hatakenakakyuusinnpdf.pdf,畑中-172,high,
2050,大字畑中947番地,畑中5組の4,畑中三丁目,6,6,hatakenakakyuusinnpdf.pdf,畑中-172,high,
2051,大字畑中947番地の1,畑中5組の4,畑中三丁目,6,8,hatakenakakyuusinnpdf.pdf,畑中-172,high,
2052,大字畑中948番地,畑中5組の4,畑中三丁目,6,28,hatakenakakyuusinnpdf.pdf,畑中-172,high,資料上2回出現
2053,大字畑中952番地の2,畑中5組の4,畑中三丁目,6,23,hatakenakakyuusinnpdf.pdf,畑中-172,high,資料上3回出現
2054,大字畑中953番地の2,畑中5組の4,畑中三丁目,6,12,hatakenakakyuusinnpdf.pdf,畑中-173,high,資料上2回出現
2055,大字畑中955番地の1,畑中5組の4,畑中三丁目,6,21,hatakenakakyuusinnpdf.pdf,畑中-173,high,
2056,大字畑中955番地の1,畑中5組の4,畑中三丁目,6,22,hatakenakakyuusinnpdf.pdf,畑中-173,high,
2057,大字畑中956番地の2,畑中5組の4,畑中三丁目,6,15,hatakenakakyuusinnpdf.pdf,畑中-173,high,
2058,大字畑中956番地の3,畑中5組の4,畑中三丁目,6,17,hatakenakakyuusinnpdf.pdf,畑中-173,high,資料上2回出現
2059,大字畑中957番地の1,畑中5組の4,畑中三丁目,7,11,hatakenakakyuusinnpdf.pdf,畑中-173,high,
2060,大字畑中957番地の1,畑中5組の4,畑中三丁目,7,12,hatakenakakyuusinnpdf.pdf,畑中-173,high,
2061,大字畑中957番地の1,畑中5組の4,畑中三丁目,7,13,hatakenakakyuusinnpdf.pdf,畑中-173,high,
2062,大字畑中957番地の1,畑中5組の4,畑中三丁目,7,14,hatakenakakyuusinnpdf.pdf,畑中-173,high,資料上2回出現
2063,大字畑中958番地,畑中5組の3 第2さぬきやﾋﾞﾙ101,畑中三丁目,7,5-101,hatakenakakyuusinnpdf.pdf,畑中-174,high,
2064,大字畑中958番地,畑中5組の3 第2さぬきやﾋﾞﾙ102,畑中三丁目,7,5-102,hatakenakakyuusinnpdf.pdf,畑中-174,high,
2065,大字畑中958番地,畑中5組の3 第2さぬきやﾋﾞﾙ103,畑中三丁目,7,5-103,hatakenakakyuusinnpdf.pdf,畑中-174,high,
2066,大字畑中958番地,畑中5組の3 第2さぬきやﾋﾞﾙ104,畑中三丁目,7,5-104,hatakenakakyuusinnpdf.pdf,畑中-174,high,
2067,大字畑中958番地,畑中5組の3 第2さぬきやﾋﾞﾙ201,畑中三丁目,7,5-201,hatakenakakyuusinnpdf.pdf,畑中-174,high,
2068,大字畑中958番地,畑中5組の3 第2さぬきやﾋﾞﾙ202,畑中三丁目,7,5-202,hatakenakakyuusinnpdf.pdf,畑中-174,high,
2069,大字畑中958番地,畑中5組の3 第2さぬきやﾋﾞﾙ203,畑中三丁目,7,5-203,hatakenakakyuusinnpdf.pdf,畑中-174,high,
2070,大字畑中958番地,畑中5組の3 第2さぬきやﾋﾞﾙ204,畑中三丁目,7,5-204,hatakenakakyuusinnpdf.pdf,畑中-174,high,
2071,大字畑中958番地,畑中5組の3 第2さぬきやﾋﾞﾙ301,畑中三丁目,7,5-301,hatakenakakyuusinnpdf.pdf,畑中-174,high,資料上3回出現
2072,大字畑中958番地,畑中5組の3 第2さぬきやﾋﾞﾙ302,畑中三丁目,7,5-302,hatakenakakyuusinnpdf.pdf,畑中-174,high,
2073,大字畑中958番地,畑中5組の3 第2さぬきやﾋﾞﾙ303,畑中三丁目,7,5-303,hatakenakakyuusinnpdf.pdf,畑中-174,high,
2074,大字畑中958番地,畑中5組の3 第2さぬきやﾋﾞﾙ304,畑中三丁目,7,5-304,hatakenakakyuusinnpdf.pdf,畑中-175,high,
2075,大字畑中958番地の2,畑中5組の4,畑中三丁目,7,7,hatakenakakyuusinnpdf.pdf,畑中-175,high,
2076,大字畑中962番地の1,畑中5組の4,畑中三丁目,7,18,hatakenakakyuusinnpdf.pdf,畑中-175,high,
2077,大字畑中962番地の1,畑中5組の4,畑中三丁目,7,19,hatakenakakyuusinnpdf.pdf,畑中-175,high,
2078,大字畑中963番地,畑中5組の4,畑中三丁目,7,17,hatakenakakyuusinnpdf.pdf,畑中-175,high,
2079,大字畑中963番地,畑中5組の4,畑中三丁目,7,21,hatakenakakyuusinnpdf.pdf,畑中-175,high,
2080,大字畑中963番地,畑中5組の4,畑中三丁目,7,22,hatakenakakyuusinnpdf.pdf,畑中-175,high,
2081,大字畑中964番地の3,畑中5組の5 新栄ﾋﾞﾙ101,畑中三丁目,7,1-101,hatakenakakyuusinnpdf.pdf,畑中-175,high,資料上2回出現
2082,大字畑中964番地の3,畑中5組の5 新栄ﾋﾞﾙ102,畑中三丁目,7,1-102,hatakenakakyuusinnpdf.pdf,畑中-175,high,
2083,大字畑中964番地の3,畑中5組の5 新栄ﾋﾞﾙ103,畑中三丁目,7,1-103,hatakenakakyuusinnpdf.pdf,畑中-175,high,
2084,大字畑中964番地の3,畑中5組の5 新栄ﾋﾞﾙ105,畑中三丁目,7,1-105,hatakenakakyuusinnpdf.pdf,畑中-175,high,
2085,大字畑中964番地の3,畑中5組の5 新栄ﾋﾞﾙ201,畑中三丁目,7,1-201,hatakenakakyuusinnpdf.pdf,畑中-175,high,
2086,大字畑中964番地の3,畑中5組の5 新栄ﾋﾞﾙ202,畑中三丁目,7,1-202,hatakenakakyuusinnpdf.pdf,畑中-176,high,
2087,大字畑中964番地の3,畑中5組の5 新栄ﾋﾞﾙ203,畑中三丁目,7,1-203,hatakenakakyuusinnpdf.pdf,畑中-176,high,
2088,大字畑中964番地の3,畑中5組の5 新栄ﾋﾞﾙ205,畑中三丁目,7,1-205,hatakenakakyuusinnpdf.pdf,畑中-176,high,
2089,大字畑中964番地の3,畑中5組の5 新栄ﾋﾞﾙ206,畑中三丁目,7,1-206,hatakenakakyuusinnpdf.pdf,畑中-176,high,
2090,大字畑中964番地の3,畑中5組の5 新栄ﾋﾞﾙ301,畑中三丁目,7,1-301,hatakenakakyuusinnpdf.pdf,畑中-176,high,
2091,大字畑中964番地の3,畑中5組の5 新栄ﾋﾞﾙ302,畑中三丁目,7,1-302,hatakenakakyuusinnpdf.pdf,畑中-176,high,
2092,大字畑中964番地の3,畑中5組の5 新栄ﾋﾞﾙ303,畑中三丁目,7,1-303,hatakenakakyuusinnpdf.pdf,畑中-176,high,
2093,大字畑中964番地の3,畑中5組の5 新栄ﾋﾞﾙ305,畑中三丁目,7,1-305,hatakenakakyuusinnpdf.pdf,畑中-176,high,
2094,大字畑中964番地の3,畑中5組の5 ｸﾞﾘｰﾝｺｰﾎﾟ305,畑中三丁目,7,1-305,hatakenakakyuusinnpdf.pdf,畑中-176,high,
2095,大字畑中964番地の3,畑中5組の5 新栄ﾋﾞﾙ306,畑中三丁目,7,1-306,hatakenakakyuusinnpdf.pdf,畑中-176,high,
2096,大字畑中964番地の3,畑中5組の5 新栄ﾋﾞﾙ401,畑中三丁目,7,1-401,hatakenakakyuusinnpdf.pdf,畑中-176,high,
2097,大字畑中964番地の3,畑中5組の5 新栄ﾋﾞﾙ402,畑中三丁目,7,1-402,hatakenakakyuusinnpdf.pdf,畑中-176,high,
2098,大字畑中964番地の3,畑中5組の5 新栄ﾋﾞﾙ403,畑中三丁目,7,1-403,hatakenakakyuusinnpdf.pdf,畑中-176,high,
2099,大字畑中964番地の3,畑中5組の5 新栄ﾋﾞﾙ405,畑中三丁目,7,1-405,hatakenakakyuusinnpdf.pdf,畑中-177,high,資料上2回出現
2100,大字畑中964番地の3,畑中5組の5 新栄ﾋﾞﾙ406,畑中三丁目,7,1-406,hatakenakakyuusinnpdf.pdf,畑中-177,high,
2101,大字畑中964番地の8,畑中5組の5C,畑中三丁目,7,33,hatakenakakyuusinnpdf.pdf,畑中-177,high,
2102,大字畑中964番地の9,畑中5組の5C,畑中三丁目,7,32,hatakenakakyuusinnpdf.pdf,畑中-177,high,
2103,大字畑中964番地の10,畑中5組の5C,畑中三丁目,7,30,hatakenakakyuusinnpdf.pdf,畑中-177,high,
2104,大字畑中964番地の11,畑中6組の3の1,畑中三丁目,7,31,hatakenakakyuusinnpdf.pdf,畑中-177,high,
2105,大字畑中966番地の4,畑中6組の3の2,畑中三丁目,2,53,hatakenakakyuusinnpdf.pdf,畑中-177,high,資料上4回出現
2106,大字畑中967番地の1,畑中5組の5,畑中三丁目,7,28,hatakenakakyuusinnpdf.pdf,畑中-177,high,
2107,大字畑中967番地の5,畑中5組の5 ﾌﾚｸﾞﾗﾝｽSI101,畑中三丁目,7,27,hatakenakakyuusinnpdf.pdf,畑中-177,high,
2108,大字畑中967番地の5,畑中5組の5 ﾌﾚｸﾞﾗﾝｽSI102,畑中三丁目,7,27,hatakenakakyuusinnpdf.pdf,畑中-178,high,
2109,大字畑中967番地の5,畑中5組の5 ﾌﾚｸﾞﾗﾝｽSI103号,畑中三丁目,7,27,hatakenakakyuusinnpdf.pdf,畑中-178,high,
2110,大字畑中967番地の5,畑中5組の5 ﾌﾚｸﾞﾗﾝｽSI103,畑中三丁目,7,27,hatakenakakyuusinnpdf.pdf,畑中-178,high,資料上3回出現
2111,大字畑中967番地の5,畑中5組の5 ﾌﾚｸﾞﾗﾝｽSI201,畑中三丁目,7,27,hatakenakakyuusinnpdf.pdf,畑中-178,high,
2112,大字畑中967番地の5,畑中5組の5 ﾌﾚｸﾞﾗﾝｽSI202,畑中三丁目,7,27,hatakenakakyuusinnpdf.pdf,畑中-178,high,
2113,大字畑中967番地の5,畑中5組の5 ﾌﾚｸﾞﾗﾝｽSI203,畑中三丁目,7,27,hatakenakakyuusinnpdf.pdf,畑中-178,high,
2114,大字畑中970番地の1,畑中6組の2,畑中三丁目,1,27,hatakenakakyuusinnpdf.pdf,畑中-178,high,
2115,大字畑中972番地の1,畑中6組の2 松田ｱﾊﾟｰﾄ101,畑中三丁目,1,33,hatakenakakyuusinnpdf.pdf,畑中-178,high,
2116,大字畑中972番地の1,畑中6組の2 松田ｱﾊﾟｰﾄ102,畑中三丁目,1,33,hatakenakakyuusinnpdf.pdf,畑中-178,high,
2117,大字畑中972番地の1,畑中6組の2 松田ｱﾊﾟｰﾄ103,畑中三丁目,1,33,hatakenakakyuusinnpdf.pdf,畑中-178,high,
2118,大字畑中972番地の1,畑中6組の2 松田ｱﾊﾟｰﾄ201,畑中三丁目,1,33,hatakenakakyuusinnpdf.pdf,畑中-178,high,資料上2回出現
2119,大字畑中972番地の1,畑中6組の2 松田ｱﾊﾟｰﾄ202,畑中三丁目,1,33,hatakenakakyuusinnpdf.pdf,畑中-179,high,
2120,大字畑中972番地の1,畑中6組の2 松田ｱﾊﾟｰﾄ203,畑中三丁目,1,33,hatakenakakyuusinnpdf.pdf,畑中-179,high,
2121,大字畑中973番地の1,畑中6組の2,畑中三丁目,1,34,hatakenakakyuusinnpdf.pdf,畑中-179,high,
2122,大字畑中974番地の1,畑中6組の2,畑中三丁目,1,37,hatakenakakyuusinnpdf.pdf,畑中-179,high,
2123,大字畑中974番地の1,畑中6組の2,畑中三丁目,1,38,hatakenakakyuusinnpdf.pdf,畑中-179,low,街区番号が資料上全角数字(１)で印字されていたため、直前行(同一住所・同一町名・号37)との照合により半角1に正規化
2124,大字畑中976番地,畑中6組の3の7 ｺｰﾎﾟNAGATOMI201,畑中三丁目,1,23-201,hatakenakakyuusinnpdf.pdf,畑中-179,high,
2125,大字畑中976番地,畑中6組の3の7 ｺｰﾎﾟNAGATOMI202,畑中三丁目,1,23-202,hatakenakakyuusinnpdf.pdf,畑中-179,high,
2126,大字畑中976番地,畑中6組の3の7 ｺｰﾎﾟNAGATOMI203,畑中三丁目,1,23-203,hatakenakakyuusinnpdf.pdf,畑中-179,high,
2127,大字畑中976番地,畑中6組の3の7 ｺｰﾎﾟNAGATOMI204,畑中三丁目,1,23-204,hatakenakakyuusinnpdf.pdf,畑中-179,high,
2128,大字畑中976番地,畑中6組の3の7 ｺｰﾎﾟNAGATOMI205,畑中三丁目,1,23-205,hatakenakakyuusinnpdf.pdf,畑中-179,high,
2129,大字畑中976番地,畑中6組の3の7 ｺｰﾎﾟNAGATOMI301,畑中三丁目,1,23-301,hatakenakakyuusinnpdf.pdf,畑中-179,high,
2130,大字畑中976番地,畑中6組の3の7 ｺｰﾎﾟNAGATOMI302,畑中三丁目,1,23-302,hatakenakakyuusinnpdf.pdf,畑中-179,high,
2131,大字畑中976番地,畑中6組の3の7 ｺｰﾎﾟNAGATOMI303,畑中三丁目,1,23-303,hatakenakakyuusinnpdf.pdf,畑中-180,high,
2132,大字畑中976番地,畑中6組の3の7 ｺｰﾎﾟNAGATOMI304,畑中三丁目,1,23-304,hatakenakakyuusinnpdf.pdf,畑中-180,high,
2133,大字畑中976番地,畑中6組の3の7 ｺｰﾎﾟNAGATOMI305,畑中三丁目,1,23-305,hatakenakakyuusinnpdf.pdf,畑中-180,high,資料上2回出現
2134,大字畑中976番地,畑中6組の3の7 ｺｰﾎﾟNAGATOMI401,畑中三丁目,1,23-401,hatakenakakyuusinnpdf.pdf,畑中-180,high,
2135,大字畑中976番地,畑中6組の3の7 ｺｰﾎﾟNAGATOMI402,畑中三丁目,1,23-402,hatakenakakyuusinnpdf.pdf,畑中-180,high,
2136,大字畑中976番地,畑中6組の3の7 ｺｰﾎﾟNAGATOMI403,畑中三丁目,1,23-403,hatakenakakyuusinnpdf.pdf,畑中-180,high,
2137,大字畑中976番地,畑中6組の3の7 ｺｰﾎﾟNAGATOMI404,畑中三丁目,1,23-404,hatakenakakyuusinnpdf.pdf,畑中-180,high,
2138,大字畑中976番地,畑中6組の3の7 ｺｰﾎﾟNAGATOMI405,畑中三丁目,1,23-405,hatakenakakyuusinnpdf.pdf,畑中-180,high,
2139,大字畑中977番地の1,畑中6組の3の1,畑中三丁目,1,22,hatakenakakyuusinnpdf.pdf,畑中-180,high,
2140,大字畑中977番地の2,畑中6組の3の1,畑中三丁目,1,17,hatakenakakyuusinnpdf.pdf,畑中-180,high,
2141,大字畑中977番地の3,畑中6組の3の1,畑中三丁目,1,19,hatakenakakyuusinnpdf.pdf,畑中-180,high,
2142,大字畑中977番地の6,畑中6組の3の1,畑中三丁目,1,18,hatakenakakyuusinnpdf.pdf,畑中-180,high,
2143,大字畑中978番地の3,畑中6組の3の1,畑中三丁目,1,20,hatakenakakyuusinnpdf.pdf,畑中-181,high,
2144,大字畑中978番地の5,畑中6組の3の1,畑中三丁目,1,10,hatakenakakyuusinnpdf.pdf,畑中-181,high,
2145,大字畑中979番地の1,畑中6組の3の4 ｺｰﾎﾟいけべ101,畑中三丁目,1,8-101,hatakenakakyuusinnpdf.pdf,畑中-181,high,
2146,大字畑中979番地の1,畑中6組の3の4 ｺｰﾎﾟいけべ102,畑中三丁目,1,8-102,hatakenakakyuusinnpdf.pdf,畑中-181,high,
2147,大字畑中979番地の1,畑中6組の3の4 ｺｰﾎﾟいけべ103,畑中三丁目,1,8-103,hatakenakakyuusinnpdf.pdf,畑中-181,high,
2148,大字畑中979番地の1,畑中6組の3の4 ｺｰﾎﾟいけべ105,畑中三丁目,1,8-105,hatakenakakyuusinnpdf.pdf,畑中-181,high,
2149,大字畑中979番地の1,畑中6組の3の4 ｺｰﾎﾟいけべ106,畑中三丁目,1,8-106,hatakenakakyuusinnpdf.pdf,畑中-181,high,
2150,大字畑中979番地の1,畑中6組の3の4 ｺｰﾎﾟいけべ201,畑中三丁目,1,8-201,hatakenakakyuusinnpdf.pdf,畑中-181,high,
2151,大字畑中979番地の1,畑中6組の3の4 ｺｰﾎﾟいけべ202,畑中三丁目,1,8-202,hatakenakakyuusinnpdf.pdf,畑中-181,high,
2152,大字畑中979番地の1,畑中6組の3の4 ｺｰﾎﾟいけべ203,畑中三丁目,1,8-203,hatakenakakyuusinnpdf.pdf,畑中-181,high,
2153,大字畑中979番地の1,畑中6組の3の4 ｺｰﾎﾟいけべ205,畑中三丁目,1,8-205,hatakenakakyuusinnpdf.pdf,畑中-181,high,
2154,大字畑中979番地の1,畑中6組の3の4 ｺｰﾎﾟいけべ206,畑中三丁目,1,8-206,hatakenakakyuusinnpdf.pdf,畑中-181,high,
2155,大字畑中979番地の1,畑中6組の3の4 ｺｰﾎﾟいけべ301,畑中三丁目,1,8-301,hatakenakakyuusinnpdf.pdf,畑中-181,high,
2156,大字畑中979番地の1,畑中6組の3の4 ｺｰﾎﾟいけべ302,畑中三丁目,1,8-302,hatakenakakyuusinnpdf.pdf,畑中-182,high,
2157,大字畑中979番地の1,畑中6組の3の4 ｺｰﾎﾟいけべ303,畑中三丁目,1,8-303,hatakenakakyuusinnpdf.pdf,畑中-182,high,
2158,大字畑中979番地の1,畑中6組の3の4 ｺｰﾎﾟいけべ305,畑中三丁目,1,8-305,hatakenakakyuusinnpdf.pdf,畑中-182,high,
2159,大字畑中979番地の1,畑中6組の3の4 ｺｰﾎﾟいけべ306,畑中三丁目,1,8-306,hatakenakakyuusinnpdf.pdf,畑中-182,high,
2160,大字畑中980番地の1,畑中6組の3の1 高橋ﾋﾞﾙ,畑中三丁目,1,12,hatakenakakyuusinnpdf.pdf,畑中-182,high,資料上2回出現
2161,大字畑中980番地の5,畑中6組の3の1,畑中三丁目,1,11,hatakenakakyuusinnpdf.pdf,畑中-182,high,
2162,大字畑中982番地の4,畑中6組の3の1,畑中三丁目,1,16,hatakenakakyuusinnpdf.pdf,畑中-182,high,
2163,大字畑中983番地の1,畑中6組の3の1,畑中三丁目,1,15,hatakenakakyuusinnpdf.pdf,畑中-182,high,
2164,大字畑中988番地の1,畑中6組の2,畑中三丁目,10,8,hatakenakakyuusinnpdf.pdf,畑中-182,high,
2165,大字畑中988番地の3,畑中6組の2,畑中三丁目,10,5,hatakenakakyuusinnpdf.pdf,畑中-182,high,
2166,大字畑中991番地の1,畑中6組の2,畑中三丁目,10,11,hatakenakakyuusinnpdf.pdf,畑中-182,high,
2167,大字畑中991番地の2,畑中6組の2,畑中三丁目,10,10,hatakenakakyuusinnpdf.pdf,畑中-182,high,
2168,大字畑中991番地の5,畑中6組の2,畑中三丁目,10,12,hatakenakakyuusinnpdf.pdf,畑中-183,high,
2169,大字畑中993番地,畑中6組の2,畑中三丁目,10,13,hatakenakakyuusinnpdf.pdf,畑中-183,high,
2170,大字畑中997番地,畑中6組の2,畑中三丁目,9,29,hatakenakakyuusinnpdf.pdf,畑中-183,high,
2171,大字畑中999番地,畑中5組の2 ﾌﾟﾚｼﾞｰﾙｻﾝﾊｲﾂ101,畑中三丁目,9,33,hatakenakakyuusinnpdf.pdf,畑中-183,high,
2172,大字畑中999番地,畑中5組の2 ﾌﾟﾚｼﾞｰﾙｻﾝﾊｲﾂ102,畑中三丁目,9,33,hatakenakakyuusinnpdf.pdf,畑中-183,high,
2173,大字畑中999番地,畑中5組の2 ﾌﾟﾚｼﾞｰﾙｻﾝﾊｲﾂ103,畑中三丁目,9,33,hatakenakakyuusinnpdf.pdf,畑中-183,high,
2174,大字畑中999番地,畑中5組の2 ﾌﾟﾚｼﾞｰﾙｻﾝﾊｲﾂ201,畑中三丁目,9,33,hatakenakakyuusinnpdf.pdf,畑中-183,high,
2175,大字畑中999番地,畑中5組の2 ﾌﾟﾚｼﾞｰﾙｻﾝﾊｲﾂ202,畑中三丁目,9,33,hatakenakakyuusinnpdf.pdf,畑中-183,high,
2176,大字畑中999番地,畑中5組の2 ﾌﾟﾚｼﾞｰﾙｻﾝﾊｲﾂ203,畑中三丁目,9,33,hatakenakakyuusinnpdf.pdf,畑中-183,high,
2177,大字畑中1000番地,畑中5組の2,畑中三丁目,9,35,hatakenakakyuusinnpdf.pdf,畑中-183,high,資料上2回出現
2178,大字畑中1001番地の1,畑中6組の2,畑中三丁目,9,11,hatakenakakyuusinnpdf.pdf,畑中-183,high,
2179,大字畑中1001番地の2,畑中6組の2,畑中三丁目,9,39,hatakenakakyuusinnpdf.pdf,畑中-183,high,
2180,大字畑中1001番地の4,畑中6組の2,畑中三丁目,9,38,hatakenakakyuusinnpdf.pdf,畑中-184,high,資料上2回出現
2181,大字畑中1003番地,畑中6組の2,畑中三丁目,9,41,hatakenakakyuusinnpdf.pdf,畑中-184,high,
2182,大字畑中1003番地,畑中6組の2,畑中三丁目,9,43,hatakenakakyuusinnpdf.pdf,畑中-184,high,
2183,大字畑中1005-2,,畑中四丁目,2,78,hatakenakakyuusinnpdf.pdf,畑中-184,high,
2184,大字畑中1006番地,畑中6組の2,畑中三丁目,9,6,hatakenakakyuusinnpdf.pdf,畑中-184,high,
2185,大字畑中1008番地,畑中5組の2,畑中三丁目,9,5,hatakenakakyuusinnpdf.pdf,畑中-184,high,
2186,大字畑中1011番地の1,畑中5組の2,畑中三丁目,9,8,hatakenakakyuusinnpdf.pdf,畑中-184,high,
2187,大字畑中1014番地の1,畑中5組の2,畑中三丁目,9,9,hatakenakakyuusinnpdf.pdf,畑中-184,high,
2188,大字畑中1015番地の1,畑中5組の2 秦ｱﾊﾟｰﾄ201,畑中三丁目,9,13,hatakenakakyuusinnpdf.pdf,畑中-184,high,
2189,大字畑中1017番地,畑中5組の2,畑中三丁目,9,15,hatakenakakyuusinnpdf.pdf,畑中-184,high,資料上2回出現
2190,大字畑中1021番地の1,畑中6組の1,畑中三丁目,9,24,hatakenakakyuusinnpdf.pdf,畑中-184,high,
2191,大字畑中1021番地の2,畑中6組の1,畑中三丁目,9,28,hatakenakakyuusinnpdf.pdf,畑中-185,high,
2192,大字畑中1021番地の6,畑中6組の1,畑中三丁目,9,26,hatakenakakyuusinnpdf.pdf,畑中-185,high,
2193,大字畑中1021番地の7,畑中6組の1,畑中三丁目,9,27,hatakenakakyuusinnpdf.pdf,畑中-185,high,
2194,大字畑中1021番地の8,畑中6組の1,畑中三丁目,9,25,hatakenakakyuusinnpdf.pdf,畑中-185,high,
2195,大字畑中1023番地の3,畑中5組の2,畑中三丁目,9,20,hatakenakakyuusinnpdf.pdf,畑中-185,high,
2196,大字畑中1023番地の4,畑中6組の1,畑中三丁目,9,23,hatakenakakyuusinnpdf.pdf,畑中-185,high,
2197,大字畑中1024番地,畑中5組の2,畑中三丁目,8,25,hatakenakakyuusinnpdf.pdf,畑中-185,high,
2198,大字畑中1024番地,畑中5組の2,畑中三丁目,8,22,hatakenakakyuusinnpdf.pdf,畑中-185,high,
2199,大字畑中1025番地,畑中5組の2,畑中三丁目,8,18,hatakenakakyuusinnpdf.pdf,畑中-185,high,
2200,大字畑中1026番地,畑中5組の2,畑中三丁目,8,27,hatakenakakyuusinnpdf.pdf,畑中-185,high,
2201,大字畑中1027番地,畑中5組の2 ｴﾝｼﾞｪﾙﾊｳｽT&Y101,畑中三丁目,8,16,hatakenakakyuusinnpdf.pdf,畑中-185,high,
2202,大字畑中1027番地,畑中5組の2 ｴﾝｼﾞｪﾙﾊｳｽT&Y201,畑中三丁目,8,16,hatakenakakyuusinnpdf.pdf,畑中-185,high,
2203,大字畑中1027番地の2,畑中5組の2,畑中三丁目,8,17,hatakenakakyuusinnpdf.pdf,畑中-185,high,
2204,大字畑中1028番地,畑中5組の2,畑中三丁目,8,13,hatakenakakyuusinnpdf.pdf,畑中-186,high,資料上2回出現
2205,大字畑中1028番地,畑中5組の2,畑中三丁目,8,14,hatakenakakyuusinnpdf.pdf,畑中-186,high,
2206,大字畑中1031番地の2,畑中5組の1,畑中三丁目,8,11,hatakenakakyuusinnpdf.pdf,畑中-186,high,資料上2回出現
2207,大字畑中1031番地の4,畑中5組の2,畑中三丁目,8,33,hatakenakakyuusinnpdf.pdf,畑中-186,high,
2208,大字畑中1031番地の10,畑中5組の1,畑中三丁目,8,12,hatakenakakyuusinnpdf.pdf,畑中-186,high,資料上2回出現
2209,大字畑中1032番地,畑中5組の1,畑中三丁目,8,4,hatakenakakyuusinnpdf.pdf,畑中-186,high,
2210,大字畑中1032番地の9,畑中5組の1,畑中三丁目,8,1,hatakenakakyuusinnpdf.pdf,畑中-186,high,
2211,大字畑中1033番地の1,畑中5組の1,畑中三丁目,5,47,hatakenakakyuusinnpdf.pdf,畑中-186,high,
2212,大字畑中1034番地の1,畑中5組の1,畑中三丁目,5,53,hatakenakakyuusinnpdf.pdf,畑中-186,high,資料上2回出現
2213,大字畑中1036番地,畑中5組の1,畑中三丁目,5,45,hatakenakakyuusinnpdf.pdf,畑中-187,high,
2214,大字畑中1036番地,畑中5組の1,畑中三丁目,5,44,hatakenakakyuusinnpdf.pdf,畑中-187,high,
2215,大字畑中1037番地,畑中5組の1,畑中三丁目,5,40,hatakenakakyuusinnpdf.pdf,畑中-187,high,
2216,大字畑中1037番地,畑中8組の6,畑中一丁目,7,14,hatakenakakyuusinnpdf.pdf,畑中-187,high,
2217,大字畑中1037番地,畑中8組の6,畑中一丁目,7,13,hatakenakakyuusinnpdf.pdf,畑中-187,high,
2218,大字畑中1038番地,畑中5組の1,畑中三丁目,5,34,hatakenakakyuusinnpdf.pdf,畑中-187,high,
2219,大字畑中1038番地,畑中5組の1,畑中三丁目,5,38,hatakenakakyuusinnpdf.pdf,畑中-187,high,
2220,大字畑中1039番地の4,畑中5組の1,畑中三丁目,5,31,hatakenakakyuusinnpdf.pdf,畑中-187,high,
2221,大字畑中1039番地の5,畑中5組の1,畑中三丁目,5,30,hatakenakakyuusinnpdf.pdf,畑中-187,high,
2222,大字畑中1039番地の6,畑中5組の1,畑中三丁目,5,29,hatakenakakyuusinnpdf.pdf,畑中-187,high,
2223,大字畑中1039番地の7,畑中5組の1,畑中三丁目,5,28,hatakenakakyuusinnpdf.pdf,畑中-187,high,
2224,大字畑中1039番地の8,畑中5組の1,畑中三丁目,5,27,hatakenakakyuusinnpdf.pdf,畑中-187,high,
2225,大字畑中1040番地,畑中7組の1の1,畑中四丁目,2,58,hatakenakakyuusinnpdf.pdf,畑中-187,high,
2226,大字畑中1040番地の2,畑中7組の1の3,畑中三丁目,5,24,hatakenakakyuusinnpdf.pdf,畑中-188,high,資料上2回出現
2227,大字畑中1041番地,畑中7組の1の3,畑中三丁目,5,23,hatakenakakyuusinnpdf.pdf,畑中-188,high,資料上2回出現
2228,大字畑中1042番地,畑中5組の1,畑中三丁目,5,39,hatakenakakyuusinnpdf.pdf,畑中-188,high,
2229,大字畑中1043番地の1,畑中7組の1の3,畑中三丁目,5,22,hatakenakakyuusinnpdf.pdf,畑中-188,high,資料上2回出現
2230,大字畑中1044番地の1,畑中7組の1の3,畑中三丁目,5,5,hatakenakakyuusinnpdf.pdf,畑中-188,high,資料上2回出現
2231,大字畑中1044番地の1,畑中7組の1の3,畑中三丁目,5,6,hatakenakakyuusinnpdf.pdf,畑中-188,high,
2232,大字畑中1047番地,畑中7組の1の3,畑中三丁目,5,18,hatakenakakyuusinnpdf.pdf,畑中-188,high,
2233,大字畑中1047番地,畑中7組の1の3,畑中三丁目,5,17,hatakenakakyuusinnpdf.pdf,畑中-188,high,
2234,大字畑中1050番地の2,畑中7組の1の3,畑中三丁目,5,7,hatakenakakyuusinnpdf.pdf,畑中-188,high,
2235,大字畑中1051番地,畑中7組の1の3,畑中三丁目,5,1,hatakenakakyuusinnpdf.pdf,畑中-189,high,
2236,大字畑中1051番地,畑中7組の1の3,畑中三丁目,5,2,hatakenakakyuusinnpdf.pdf,畑中-189,high,
2237,大字畑中1051番地,畑中7組の1の3,畑中三丁目,5,3,hatakenakakyuusinnpdf.pdf,畑中-189,high,資料上3回出現
2238,大字畑中1051番地,畑中7組の1の3,畑中三丁目,5,8,hatakenakakyuusinnpdf.pdf,畑中-189,high,
2239,大字畑中1051番地,畑中7組の1の3,畑中三丁目,5,9,hatakenakakyuusinnpdf.pdf,畑中-189,high,
2240,大字畑中1051番地,畑中7組の1の3,畑中三丁目,5,11,hatakenakakyuusinnpdf.pdf,畑中-189,high,
2241,大字畑中1052番地,畑中12組 ﾓｽﾃｨｻｰｸⅠ101,畑中三丁目,5,13,hatakenakakyuusinnpdf.pdf,畑中-189,high,
2242,大字畑中1052番地,畑中12組 ﾓｽﾃｨｻｰｸⅠ102,畑中三丁目,5,13,hatakenakakyuusinnpdf.pdf,畑中-189,high,
2243,大字畑中1052番地,畑中12組 ﾓｽﾃｨｻｰｸⅠ201,畑中三丁目,5,13,hatakenakakyuusinnpdf.pdf,畑中-189,high,
2244,大字畑中1052番地,畑中12組 ﾓｽﾃｨｻｰｸⅠ202,畑中三丁目,5,13,hatakenakakyuusinnpdf.pdf,畑中-189,high,
2245,大字畑中1052番地,畑中12組 ﾓｽﾃｨｻｰｸⅡ101,畑中三丁目,5,12,hatakenakakyuusinnpdf.pdf,畑中-189,high,
2246,大字畑中1052番地,畑中12組 ﾓｽﾃｨｻｰｸⅡ102,畑中三丁目,5,12,hatakenakakyuusinnpdf.pdf,畑中-190,high,
2247,大字畑中1052番地,畑中12組 ﾓｽﾃｨｻｰｸⅡ201,畑中三丁目,5,12,hatakenakakyuusinnpdf.pdf,畑中-190,high,資料上2回出現
2248,大字畑中1052番地,畑中12組 ﾓｽﾃｨｻｰｸⅡ202,畑中三丁目,5,12,hatakenakakyuusinnpdf.pdf,畑中-190,high,
2249,大字畑中1053番地,畑中7組の1の1,畑中四丁目,2,75,hatakenakakyuusinnpdf.pdf,畑中-190,high,
2250,大字畑中1054番地,畑中7組の1の1,畑中四丁目,2,72,hatakenakakyuusinnpdf.pdf,畑中-190,high,
2251,大字畑中1055番地の1,畑中7組の1の1A REST.M101,畑中四丁目,2,73,hatakenakakyuusinnpdf.pdf,畑中-190,high,
2252,大字畑中1055番地の1,畑中7組の1の1A REST.M102,畑中四丁目,2,73,hatakenakakyuusinnpdf.pdf,畑中-190,high,
2253,大字畑中1055番地の1,畑中7組の1の1A REST.M103,畑中四丁目,2,73,hatakenakakyuusinnpdf.pdf,畑中-190,high,
2254,大字畑中1055番地の1,畑中7組の1の1A REST.M105,畑中四丁目,2,73,hatakenakakyuusinnpdf.pdf,畑中-190,high,
2255,大字畑中1055番地の1,畑中7組の1の1A REST.M106,畑中四丁目,2,73,hatakenakakyuusinnpdf.pdf,畑中-190,high,
2256,大字畑中1055番地の1,畑中7組の1の1A REST.M107,畑中四丁目,2,73,hatakenakakyuusinnpdf.pdf,畑中-190,high,
2257,大字畑中1055番地の1,畑中7組の1の1A REST.M108,畑中四丁目,2,73,hatakenakakyuusinnpdf.pdf,畑中-190,high,
2258,大字畑中1055番地の1,畑中7組の1の1A REST.M201,畑中四丁目,2,73,hatakenakakyuusinnpdf.pdf,畑中-191,high,
2259,大字畑中1055番地の1,畑中7組の1の1A REST.M202,畑中四丁目,2,73,hatakenakakyuusinnpdf.pdf,畑中-191,high,資料上2回出現
2260,大字畑中1055番地の1,畑中7組の1の1A REST.M203,畑中四丁目,2,73,hatakenakakyuusinnpdf.pdf,畑中-191,high,
2261,大字畑中1055番地の1,畑中7組の1の1A REST.M205,畑中四丁目,2,73,hatakenakakyuusinnpdf.pdf,畑中-191,high,
2262,大字畑中1055番地の1,畑中7組の1の1A REST.M206,畑中四丁目,2,73,hatakenakakyuusinnpdf.pdf,畑中-191,high,
2263,大字畑中1055番地の1,畑中7組の1の1A REST.M207,畑中四丁目,2,73,hatakenakakyuusinnpdf.pdf,畑中-191,high,
2264,大字畑中1055番地の1,畑中7組の1の1A REST.M208,畑中四丁目,2,73,hatakenakakyuusinnpdf.pdf,畑中-191,high,
2265,大字畑中1056番地,畑中7組の1の1,畑中四丁目,2,79,hatakenakakyuusinnpdf.pdf,畑中-191,high,資料上2回出現
2266,大字畑中1057番地の1,畑中7組の1の1,畑中四丁目,2,83,hatakenakakyuusinnpdf.pdf,畑中-191,high,
2267,大字畑中1057番地の4,畑中7組の1の1,畑中四丁目,2,82,hatakenakakyuusinnpdf.pdf,畑中-191,high,
2268,大字畑中1057番地の5,畑中7組の1の1,畑中四丁目,2,80,hatakenakakyuusinnpdf.pdf,畑中-191,high,
2269,大字畑中1059番地,畑中4組の3,畑中四丁目,2,87,hatakenakakyuusinnpdf.pdf,畑中-192,high,
2270,大字畑中1059番地,畑中4組の3,畑中四丁目,2,86,hatakenakakyuusinnpdf.pdf,畑中-192,high,
2271,大字畑中1062番地の2,畑中4組の3,畑中四丁目,2,55,hatakenakakyuusinnpdf.pdf,畑中-192,high,
2272,大字畑中1062番地の4,畑中4組の3,畑中四丁目,2,54,hatakenakakyuusinnpdf.pdf,畑中-192,high,資料上2回出現
2273,大字畑中1063番地,畑中4組の3,畑中四丁目,2,57,hatakenakakyuusinnpdf.pdf,畑中-192,high,資料上2回出現
2274,大字畑中1065番地,畑中4組の3,畑中四丁目,2,71,hatakenakakyuusinnpdf.pdf,畑中-192,high,
2275,大字畑中1066番地の2,畑中7組の1の1,畑中四丁目,2,70,hatakenakakyuusinnpdf.pdf,畑中-192,high,
2276,大字畑中1066番地の4,畑中7組の1の1,畑中四丁目,2,69,hatakenakakyuusinnpdf.pdf,畑中-192,high,
2277,大字畑中1067番地の1,畑中7組の1の1,畑中四丁目,2,66,hatakenakakyuusinnpdf.pdf,畑中-192,high,
2278,大字畑中1067番地の1,畑中7組の1の1,畑中四丁目,2,67,hatakenakakyuusinnpdf.pdf,畑中-192,high,
2279,大字畑中1067番地の1,畑中7組の1の1,畑中四丁目,2,68,hatakenakakyuusinnpdf.pdf,畑中-192,high,
2280,大字畑中1070番地の1,,畑中四丁目,6,15,hatakenakakyuusinnpdf.pdf,畑中-193,high,
2281,大字畑中1071番地,畑中4組の2,畑中四丁目,6,16,hatakenakakyuusinnpdf.pdf,畑中-193,high,
2282,大字畑中1072番地,畑中4組の2,畑中四丁目,6,10,hatakenakakyuusinnpdf.pdf,畑中-193,high,
2283,大字畑中1072番地,畑中4組の2,畑中四丁目,6,6,hatakenakakyuusinnpdf.pdf,畑中-193,high,
2284,大字畑中1073番地,畑中4組の1,畑中四丁目,6,3,hatakenakakyuusinnpdf.pdf,畑中-193,high,資料上2回出現
2285,大字畑中1074番地,畑中4組の1,畑中四丁目,6,17,hatakenakakyuusinnpdf.pdf,畑中-193,high,資料上3回出現
2286,大字畑中1075番地,畑中4組の2,畑中四丁目,6,19,hatakenakakyuusinnpdf.pdf,畑中-193,high,
2287,大字畑中1076番地,畑中4組の1,畑中四丁目,6,48,hatakenakakyuusinnpdf.pdf,畑中-193,high,
2288,大字畑中1077番地の2,畑中4組の1,畑中四丁目,6,47,hatakenakakyuusinnpdf.pdf,畑中-193,high,
2289,大字畑中1078番地の2,畑中4組の1A ﾌｫｰﾚｺｼﾈﾙ101,畑中四丁目,6,50,hatakenakakyuusinnpdf.pdf,畑中-193,high,
2290,大字畑中1078番地の2,畑中4組の1A ﾌｫｰﾚｺｼﾈﾙ102,畑中四丁目,6,50,hatakenakakyuusinnpdf.pdf,畑中-194,high,
2291,大字畑中1078番地の2,畑中4組の1A ﾌｫｰﾚｺｼﾈﾙ201,畑中四丁目,6,50,hatakenakakyuusinnpdf.pdf,畑中-194,high,
2292,大字畑中1078番地の2,畑中4組の1A ﾌｫｰﾚｺｼﾈﾙ202,畑中四丁目,6,50,hatakenakakyuusinnpdf.pdf,畑中-194,high,
2293,大字畑中1078番地の2,畑中4組の1A ﾌｫｰﾚｺｼﾈﾙ301,畑中四丁目,6,50,hatakenakakyuusinnpdf.pdf,畑中-194,high,
2294,大字畑中1078番地の2,畑中4組の1A ﾌｫｰﾚｺｼﾈﾙ302,畑中四丁目,6,50,hatakenakakyuusinnpdf.pdf,畑中-194,high,
2295,大字畑中1079番地,畑中4組,畑中四丁目,7,22,hatakenakakyuusinnpdf.pdf,畑中-194,high,
2296,大字畑中1079番地の3,,畑中四丁目,7,22,hatakenakakyuusinnpdf.pdf,畑中-194,high,
2297,大字畑中1080番地の1,畑中4組の1,畑中四丁目,7,28,hatakenakakyuusinnpdf.pdf,畑中-194,high,
2298,大字畑中1080番地の5,畑中4組の1,畑中四丁目,7,26,hatakenakakyuusinnpdf.pdf,畑中-194,high,資料上2回出現
2299,大字畑中1081番地の1,畑中4組の1,畑中四丁目,7,30,hatakenakakyuusinnpdf.pdf,畑中-194,high,
2300,大字畑中1081番地の2,畑中6組の1,畑中四丁目,7,19,hatakenakakyuusinnpdf.pdf,畑中-194,high,
2301,大字畑中1081番地の3,畑中4組の1,畑中四丁目,7,51,hatakenakakyuusinnpdf.pdf,畑中-194,high,
2302,大字畑中1083番地,畑中6組の1,畑中四丁目,7,18,hatakenakakyuusinnpdf.pdf,畑中-195,high,
2303,大字畑中1083番地,畑中6組の1,畑中四丁目,7,17,hatakenakakyuusinnpdf.pdf,畑中-195,high,
2304,大字畑中1084番地の2,畑中6組の1,畑中四丁目,7,14,hatakenakakyuusinnpdf.pdf,畑中-195,high,
2305,大字畑中1084番地の2,畑中6組の1,畑中四丁目,7,15,hatakenakakyuusinnpdf.pdf,畑中-195,high,
2306,大字畑中1084番地の4,畑中6組の1,畑中四丁目,7,13,hatakenakakyuusinnpdf.pdf,畑中-195,high,
2307,大字畑中1086番地の2,畑中6組の2,畑中四丁目,7,4,hatakenakakyuusinnpdf.pdf,畑中-195,high,
2308,大字畑中1087番地,畑中6組の1,畑中四丁目,7,1,hatakenakakyuusinnpdf.pdf,畑中-195,high,
2309,大字畑中1088番地の1,畑中6組の1,畑中四丁目,7,65,hatakenakakyuusinnpdf.pdf,畑中-195,high,資料上2回出現
2310,大字畑中1089番地,畑中6組の2,畑中四丁目,7,6,hatakenakakyuusinnpdf.pdf,畑中-195,high,
2311,大字畑中1089番地の2,畑中6組の2,畑中四丁目,7,7,hatakenakakyuusinnpdf.pdf,畑中-195,high,
2312,大字畑中1090番地,畑中6組の1,畑中四丁目,7,10,hatakenakakyuusinnpdf.pdf,畑中-195,high,
2313,大字畑中1091番地の4,畑中6組の2の1,畑中四丁目,7,58,hatakenakakyuusinnpdf.pdf,畑中-195,high,
2314,大字畑中1091番地の5,畑中6組の2の1,畑中四丁目,7,59,hatakenakakyuusinnpdf.pdf,畑中-196,high,
2315,大字畑中1091番地の6,畑中6組の2の1,畑中四丁目,7,60,hatakenakakyuusinnpdf.pdf,畑中-196,high,
2316,大字畑中1091番地の7,畑中6組の2の1,畑中四丁目,7,61,hatakenakakyuusinnpdf.pdf,畑中-196,high,
2317,大字畑中1091番地の8,畑中6組の2の1,畑中四丁目,7,62,hatakenakakyuusinnpdf.pdf,畑中-196,high,
2318,大字畑中1091番地の9,畑中6組の2の1,畑中四丁目,7,71,hatakenakakyuusinnpdf.pdf,畑中-196,high,
2319,大字畑中1091番地の10,畑中6組の2の1,畑中四丁目,7,70,hatakenakakyuusinnpdf.pdf,畑中-196,high,
2320,大字畑中1091番地の11,畑中6組の2の1,畑中四丁目,7,69,hatakenakakyuusinnpdf.pdf,畑中-196,high,
2321,大字畑中1091番地の12,畑中6組の2の1,畑中四丁目,7,68,hatakenakakyuusinnpdf.pdf,畑中-196,high,
2322,大字畑中1091番地の13,畑中6組の2の1,畑中四丁目,7,66,hatakenakakyuusinnpdf.pdf,畑中-196,high,資料上2回出現
2323,大字畑中1093番地の6,畑中4組の1,畑中四丁目,7,53,hatakenakakyuusinnpdf.pdf,畑中-196,high,
2324,大字畑中1100番地の1,畑中4組の1,畑中四丁目,7,34,hatakenakakyuusinnpdf.pdf,畑中-196,high,
2325,大字畑中1100番地の1,畑中4組の1,畑中四丁目,7,32,hatakenakakyuusinnpdf.pdf,畑中-196,high,
2326,大字畑中1100番地の1,畑中4組の1,畑中四丁目,7,33,hatakenakakyuusinnpdf.pdf,畑中-197,high,
2327,大字畑中1101番地,畑中4組の1,畑中四丁目,6,41,hatakenakakyuusinnpdf.pdf,畑中-197,high,
2328,大字畑中1101番地,畑中4組の1 秦ｱﾊﾟｰﾄ,畑中四丁目,6,42,hatakenakakyuusinnpdf.pdf,畑中-197,high,
2329,大字畑中1101番地,畑中4組の1,畑中四丁目,6,42,hatakenakakyuusinnpdf.pdf,畑中-197,high,資料上2回出現
2330,大字畑中1102番地,畑中4組の1,畑中四丁目,6,20,hatakenakakyuusinnpdf.pdf,畑中-197,high,
2331,大字畑中1103番地,畑中4組の2,畑中四丁目,6,21,hatakenakakyuusinnpdf.pdf,畑中-197,high,
2332,大字畑中1104番地,畑中4組の1,畑中四丁目,6,22,hatakenakakyuusinnpdf.pdf,畑中-197,high,
2333,大字畑中1104番地,畑中4組の3,畑中四丁目,2,63,hatakenakakyuusinnpdf.pdf,畑中-197,high,
2334,大字畑中1105番地,畑中4組の2,畑中四丁目,6,23,hatakenakakyuusinnpdf.pdf,畑中-197,high,
2335,大字畑中1111番地,畑中4組の1,畑中四丁目,5,7,hatakenakakyuusinnpdf.pdf,畑中-197,high,
2336,大字畑中1112番地の1,,畑中四丁目,6,32,hatakenakakyuusinnpdf.pdf,畑中-197,high,資料上2回出現
2337,大字畑中1112番地の1,畑中3組,畑中四丁目,6,32,hatakenakakyuusinnpdf.pdf,畑中-198,high,
2338,大字畑中1112番地の2の3,畑中3組の2,畑中四丁目,6,32,hatakenakakyuusinnpdf.pdf,畑中-198,high,
2339,大字畑中1112番地の7,畑中3組の2,畑中四丁目,6,31,hatakenakakyuusinnpdf.pdf,畑中-198,high,
2340,大字畑中1113番地の5,畑中3組の2,畑中四丁目,5,10,hatakenakakyuusinnpdf.pdf,畑中-198,high,
2341,大字畑中1113番地の6,畑中3組の2,畑中四丁目,5,15,hatakenakakyuusinnpdf.pdf,畑中-198,high,資料上2回出現
2342,大字畑中1113番地の7,畑中3組,畑中四丁目,5,12,hatakenakakyuusinnpdf.pdf,畑中-198,high,
2343,大字畑中1114番地,畑中3組の2,畑中四丁目,6,28,hatakenakakyuusinnpdf.pdf,畑中-198,high,
2344,大字畑中1114番地の1,畑中3組の4 ｻﾝﾋﾞﾚｯｼﾞｺｽﾓｽA101,畑中四丁目,2,49,hatakenakakyuusinnpdf.pdf,畑中-198,high,
2345,大字畑中1114番地の1,畑中3組の4 ｻﾝﾋﾞﾚｯｼﾞｺｽﾓｽA102,畑中四丁目,2,49,hatakenakakyuusinnpdf.pdf,畑中-198,high,
2346,大字畑中1114番地の1,畑中3組の4 ｻﾝﾋﾞﾚｯｼﾞｺｽﾓｽA201,畑中四丁目,2,49,hatakenakakyuusinnpdf.pdf,畑中-198,high,
2347,大字畑中1114番地の1,畑中3組の4 ｻﾝﾋﾞﾚｯｼﾞｺｽﾓｽA202,畑中四丁目,2,49,hatakenakakyuusinnpdf.pdf,畑中-198,high,
2348,大字畑中1114番地の1,畑中3組の4 ｻﾝﾋﾞﾚｯｼﾞｺｽﾓｽB101,畑中四丁目,2,50,hatakenakakyuusinnpdf.pdf,畑中-198,high,
2349,大字畑中1114番地の1,畑中3組の4 ｻﾝﾋﾞﾚｯｼﾞｺｽﾓｽB102,畑中四丁目,2,50,hatakenakakyuusinnpdf.pdf,畑中-199,high,
2350,大字畑中1114番地の1,畑中3組の4 ｻﾝﾋﾞﾚｯｼﾞｺｽﾓｽB201,畑中四丁目,2,50,hatakenakakyuusinnpdf.pdf,畑中-199,high,
2351,大字畑中1114番地の1,畑中3組の4 ｻﾝﾋﾞﾚｯｼﾞｺｽﾓｽB202,畑中四丁目,2,50,hatakenakakyuusinnpdf.pdf,畑中-199,high,
2352,大字畑中1114番地の1,畑中3組の4 ｻﾝﾋﾞﾚｯｼﾞｺｽﾓｽC101,畑中四丁目,2,51,hatakenakakyuusinnpdf.pdf,畑中-199,high,
2353,大字畑中1114番地の1,畑中3組の4 ｻﾝﾋﾞﾚｯｼﾞｺｽﾓｽC102,畑中四丁目,2,51,hatakenakakyuusinnpdf.pdf,畑中-199,high,
2354,大字畑中1114番地の1,畑中3組の4 ｻﾝﾋﾞﾚｯｼﾞｺｽﾓｽC201,畑中四丁目,2,51,hatakenakakyuusinnpdf.pdf,畑中-199,high,
2355,大字畑中1114番地の1,畑中3組の4 ｻﾝﾋﾞﾚｯｼﾞｺｽﾓｽC202,畑中四丁目,2,51,hatakenakakyuusinnpdf.pdf,畑中-199,high,
2356,大字畑中1114番地の3,畑中3組,畑中四丁目,2,37,hatakenakakyuusinnpdf.pdf,畑中-199,high,
2357,大字畑中1114番地の4,畑中3組の5 ﾋﾞｰﾗｲﾝｺｽﾓｽ101,畑中四丁目,2,42,hatakenakakyuusinnpdf.pdf,畑中-199,high,資料上2回出現
2358,大字畑中1114番地の4,畑中3組の5 ﾋﾞｰﾗｲﾝｺｽﾓｽ102,畑中四丁目,2,42,hatakenakakyuusinnpdf.pdf,畑中-199,high,
2359,大字畑中1114番地の4,畑中3組の5 ﾋﾞｰﾗｲﾝｺｽﾓｽ201,畑中四丁目,2,42,hatakenakakyuusinnpdf.pdf,畑中-199,high,
2360,大字畑中1114番地の4,畑中3組の5 ﾋﾞｰﾗｲﾝｺｽﾓｽ202,畑中四丁目,2,42,hatakenakakyuusinnpdf.pdf,畑中-199,high,
2361,大字畑中1114番地の4,畑中3組の3,畑中四丁目,2,40,hatakenakakyuusinnpdf.pdf,畑中-200,high,
2362,大字畑中1114番地の5,畑中3組,畑中四丁目,2,39,hatakenakakyuusinnpdf.pdf,畑中-200,high,
2363,大字畑中1114番地の7,畑中3組,畑中四丁目,2,38,hatakenakakyuusinnpdf.pdf,畑中-200,high,
2364,大字畑中1114番地の10,畑中3組の5 ｺｰﾎﾟｼｭﾄｳ101,畑中四丁目,2,43,hatakenakakyuusinnpdf.pdf,畑中-200,high,
2365,大字畑中1114番地の10,畑中3組の5 ｺｰﾎﾟｼｭﾄｳ102,畑中四丁目,2,43,hatakenakakyuusinnpdf.pdf,畑中-200,high,
2366,大字畑中1114番地の10,畑中3組の5 ｺｰﾎﾟｼｭﾄｳ201,畑中四丁目,2,43,hatakenakakyuusinnpdf.pdf,畑中-200,high,資料上2回出現
2367,大字畑中1114番地の10,畑中3組の5 ｺｰﾎﾟｼｭﾄｳ202,畑中四丁目,2,43,hatakenakakyuusinnpdf.pdf,畑中-200,high,
2368,大字畑中1114番地の14,畑中3組,畑中四丁目,2,46,hatakenakakyuusinnpdf.pdf,畑中-200,high,
2369,大字畑中1114番地の15,畑中3組,畑中四丁目,2,45,hatakenakakyuusinnpdf.pdf,畑中-200,high,
2370,大字畑中1114番地の16,畑中3組の3,畑中四丁目,2,44,hatakenakakyuusinnpdf.pdf,畑中-200,high,
2371,大字畑中1118番地の1,畑中3組,畑中四丁目,2,35,hatakenakakyuusinnpdf.pdf,畑中-200,high,
2372,大字畑中1118番地の1,畑中3組の2,畑中四丁目,2,35,hatakenakakyuusinnpdf.pdf,畑中-200,high,
2373,大字畑中1118番地の2,畑中2組の3,畑中四丁目,2,30,hatakenakakyuusinnpdf.pdf,畑中-201,high,
2374,大字畑中1119番地の2,畑中3組,畑中四丁目,2,31,hatakenakakyuusinnpdf.pdf,畑中-201,high,
2375,大字畑中1120番地の1,,畑中四丁目,2,24,hatakenakakyuusinnpdf.pdf,畑中-201,high,
2376,大字畑中1121番地の1,畑中2組の3,畑中四丁目,3,65,hatakenakakyuusinnpdf.pdf,畑中-201,high,
2377,大字畑中1121番地の1,畑中2組の3,畑中四丁目,3,66,hatakenakakyuusinnpdf.pdf,畑中-201,high,
2378,大字畑中1121番地の1,畑中2組の3,畑中四丁目,3,69,hatakenakakyuusinnpdf.pdf,畑中-201,high,
2379,大字畑中1122番地,畑中2組の3,畑中四丁目,3,1,hatakenakakyuusinnpdf.pdf,畑中-201,high,資料上4回出現
2380,大字畑中1124番地の4,畑中2組の3,畑中四丁目,3,59,hatakenakakyuusinnpdf.pdf,畑中-201,high,
2381,大字畑中1124番地の5,畑中2組の3,畑中四丁目,3,60,hatakenakakyuusinnpdf.pdf,畑中-201,high,
2382,大字畑中1124番地の6,畑中2組の3,畑中四丁目,3,61,hatakenakakyuusinnpdf.pdf,畑中-201,high,
2383,大字畑中1124番地の7,畑中2組の3,畑中四丁目,3,62,hatakenakakyuusinnpdf.pdf,畑中-202,high,
2384,大字畑中1124番地の8,畑中2組の3,畑中四丁目,3,63,hatakenakakyuusinnpdf.pdf,畑中-202,high,
2385,大字畑中1124番地の9,畑中2組の3,畑中四丁目,3,64,hatakenakakyuusinnpdf.pdf,畑中-202,high,
2386,大字畑中1127番地の6,畑中2組の2,畑中四丁目,3,54,hatakenakakyuusinnpdf.pdf,畑中-202,high,
2387,大字畑中1128番地の1,畑中2組の2,畑中四丁目,3,56,hatakenakakyuusinnpdf.pdf,畑中-202,high,
2388,大字畑中1128番地の1,畑中2組の2,畑中四丁目,3,57,hatakenakakyuusinnpdf.pdf,畑中-202,high,
2389,大字畑中1129番地の1,畑中2組の2,畑中四丁目,3,12,hatakenakakyuusinnpdf.pdf,畑中-202,high,
2390,大字畑中1129番地の3,畑中2組の2,畑中四丁目,3,55,hatakenakakyuusinnpdf.pdf,畑中-202,high,
2391,大字畑中1129番地の4,畑中2組の2,畑中四丁目,3,11,hatakenakakyuusinnpdf.pdf,畑中-202,high,
2392,大字畑中1130番地,畑中2組の2,畑中四丁目,3,53,hatakenakakyuusinnpdf.pdf,畑中-202,high,
2393,大字畑中1131番地の8,畑中2組の2,畑中四丁目,3,43,hatakenakakyuusinnpdf.pdf,畑中-202,high,
2394,大字畑中1131番地の10,畑中2組の2,畑中四丁目,3,44,hatakenakakyuusinnpdf.pdf,畑中-202,high,
2395,大字畑中1131番地の11,畑中2組の2,畑中四丁目,3,45,hatakenakakyuusinnpdf.pdf,畑中-202,high,
2396,大字畑中1131番地の12,畑中2組の2のA,畑中四丁目,3,48,hatakenakakyuusinnpdf.pdf,畑中-203,high,
2397,大字畑中1131番地の13,畑中2組の2,畑中四丁目,3,47,hatakenakakyuusinnpdf.pdf,畑中-203,high,
2398,大字畑中1131番地の14,畑中2組の2,畑中四丁目,3,46,hatakenakakyuusinnpdf.pdf,畑中-203,high,
2399,大字畑中1132番地の1,畑中1組の2,畑中四丁目,3,33,hatakenakakyuusinnpdf.pdf,畑中-203,high,
2400,大字畑中1132番地の1,畑中1組の2,畑中四丁目,3,31,hatakenakakyuusinnpdf.pdf,畑中-203,high,
2401,大字畑中1132番地の1,畑中1組の2,畑中四丁目,3,32,hatakenakakyuusinnpdf.pdf,畑中-203,high,
2402,大字畑中1132番地の2,畑中2組の2,畑中四丁目,3,24,hatakenakakyuusinnpdf.pdf,畑中-203,high,
2403,大字畑中1132番地の5,畑中2組の2,畑中四丁目,3,18,hatakenakakyuusinnpdf.pdf,畑中-203,high,
2404,大字畑中1132番地の8,畑中1組の2,畑中四丁目,3,30,hatakenakakyuusinnpdf.pdf,畑中-203,high,資料上2回出現
2405,大字畑中1132番地の9,畑中1組の2,畑中四丁目,3,27,hatakenakakyuusinnpdf.pdf,畑中-203,high,
2406,大字畑中1132番地の10,畑中1組の2,畑中四丁目,3,29,hatakenakakyuusinnpdf.pdf,畑中-203,high,
2407,大字畑中1132番地の11,畑中1組の2,畑中四丁目,3,35,hatakenakakyuusinnpdf.pdf,畑中-203,high,
2408,大字畑中1133番地,畑中2組の2,畑中四丁目,3,25,hatakenakakyuusinnpdf.pdf,畑中-204,high,
2409,大字畑中1134番地の1,,畑中四丁目,3,37,hatakenakakyuusinnpdf.pdf,畑中-204,high,
2410,大字畑中1134番地の1,畑中1組の2,畑中四丁目,3,36,hatakenakakyuusinnpdf.pdf,畑中-204,high,
2411,大字畑中1134番地の5,畑中1組の2,畑中四丁目,3,42,hatakenakakyuusinnpdf.pdf,畑中-204,high,
2412,大字畑中1135番地,畑中1組の1,畑中四丁目,5,39,hatakenakakyuusinnpdf.pdf,畑中-204,high,
2413,大字畑中1135番地,畑中1組の1 ﾚﾄｱMR101,畑中四丁目,5,36,hatakenakakyuusinnpdf.pdf,畑中-204,high,
2414,大字畑中1135番地,畑中1組の1 ﾚﾄｱMR102,畑中四丁目,5,36,hatakenakakyuusinnpdf.pdf,畑中-204,high,
2415,大字畑中1135番地,畑中1組の1 ﾚﾄｱMR201,畑中四丁目,5,36,hatakenakakyuusinnpdf.pdf,畑中-204,high,
2416,大字畑中1135番地,畑中1組の1 ﾚﾄｱMR202,畑中四丁目,5,36,hatakenakakyuusinnpdf.pdf,畑中-204,high,
2417,大字畑中1136番地,畑中1組の1,畑中四丁目,5,35,hatakenakakyuusinnpdf.pdf,畑中-204,high,
2418,大字畑中1136番地の4,畑中1組の1,畑中四丁目,5,33,hatakenakakyuusinnpdf.pdf,畑中-204,high,
2419,大字畑中1137番地,畑中3組,畑中四丁目,5,31,hatakenakakyuusinnpdf.pdf,畑中-204,high,
2420,大字畑中1137番地の3,畑中3組の1,畑中四丁目,5,32,hatakenakakyuusinnpdf.pdf,畑中-204,high,資料上3回出現
2421,大字畑中1138番地,畑中3組,畑中四丁目,5,29,hatakenakakyuusinnpdf.pdf,畑中-205,high,
2422,大字畑中1140番地,畑中3組の1,畑中四丁目,5,28,hatakenakakyuusinnpdf.pdf,畑中-205,high,
2423,大字畑中1141番地,畑中3組の1,畑中四丁目,5,24,hatakenakakyuusinnpdf.pdf,畑中-205,high,
2424,大字畑中1142番地,畑中3組の1,畑中四丁目,5,22,hatakenakakyuusinnpdf.pdf,畑中-205,high,
2425,大字畑中1143番地の1,畑中3組,畑中四丁目,5,20,hatakenakakyuusinnpdf.pdf,畑中-205,high,
2426,大字畑中1143番地の2,畑中3組の2,畑中四丁目,5,21,hatakenakakyuusinnpdf.pdf,畑中-205,high,
2427,大字畑中1145番地の2,畑中3組の2,畑中四丁目,5,19,hatakenakakyuusinnpdf.pdf,畑中-205,high,資料上3回出現
2428,大字畑中1146番地,畑中3組,畑中四丁目,5,51,hatakenakakyuusinnpdf.pdf,畑中-205,high,資料上2回出現
2429,大字畑中1147番地の1,畑中3組,畑中四丁目,5,17,hatakenakakyuusinnpdf.pdf,畑中-206,high,資料上2回出現
2430,大字畑中1152番地,畑中4組の1,畑中四丁目,7,35,hatakenakakyuusinnpdf.pdf,畑中-206,high,
2431,大字畑中1153番地,畑中1組の1 矢野アパート,畑中四丁目,5,60,hatakenakakyuusinnpdf.pdf,畑中-206,high,
2432,大字畑中1153番地の1,畑中1組の1 矢野ｱﾊﾟｰﾄ201,畑中四丁目,5,60,hatakenakakyuusinnpdf.pdf,畑中-206,high,資料上2回出現
2433,大字畑中1153番地の1,畑中1組の1 矢野ｱﾊﾟｰﾄ202,畑中四丁目,5,60,hatakenakakyuusinnpdf.pdf,畑中-206,high,
2434,大字畑中1156番地の3,畑中1組の1,畑中四丁目,5,56,hatakenakakyuusinnpdf.pdf,畑中-206,high,資料上2回出現
2435,大字畑中1157番地,畑中1組の1,畑中四丁目,5,53,hatakenakakyuusinnpdf.pdf,畑中-206,high,
2436,大字畑中1159番地の4,畑中3組の1-1A ﾌﾟﾛｷｼﾏB101,畑中四丁目,5,49,hatakenakakyuusinnpdf.pdf,畑中-206,high,
2437,大字畑中1159番地の4,畑中3組の1-1A ﾌﾟﾛｷｼﾏB102,畑中四丁目,5,49,hatakenakakyuusinnpdf.pdf,畑中-206,high,
2438,大字畑中1159番地の4,畑中3組の1-1A ﾌﾟﾛｷｼﾏB103,畑中四丁目,5,49,hatakenakakyuusinnpdf.pdf,畑中-206,high,
2439,大字畑中1159番地の4,畑中3組の1-1A ﾌﾟﾛｷｼﾏB201,畑中四丁目,5,49,hatakenakakyuusinnpdf.pdf,畑中-207,high,
2440,大字畑中1159番地の4,畑中3組の1-1A ﾌﾟﾛｷｼﾏB202,畑中四丁目,5,49,hatakenakakyuusinnpdf.pdf,畑中-207,high,
2441,大字畑中1159番地の4,畑中3組の1-1A ﾌﾟﾛｷｼﾏB203,畑中四丁目,5,49,hatakenakakyuusinnpdf.pdf,畑中-207,high,
2442,大字畑中1160番地,畑中3組,畑中四丁目,5,45,hatakenakakyuusinnpdf.pdf,畑中-207,high,
2443,大字畑中1160番地,畑中3組の1,畑中四丁目,5,46,hatakenakakyuusinnpdf.pdf,畑中-207,high,
2444,大字畑中1161番地の1,畑中1組の1,畑中四丁目,5,42,hatakenakakyuusinnpdf.pdf,畑中-207,high,
2445,大字畑中1162番地,畑中1組の1,畑中四丁目,4,12,hatakenakakyuusinnpdf.pdf,畑中-207,high,
2446,大字畑中1162番地,畑中1組の1,畑中四丁目,4,13,hatakenakakyuusinnpdf.pdf,畑中-207,high,
2447,大字畑中1163番地の2,畑中1組の1,畑中四丁目,4,9,hatakenakakyuusinnpdf.pdf,畑中-207,high,資料上2回出現
2448,大字畑中1163番地の4,畑中1組の1,畑中四丁目,4,7,hatakenakakyuusinnpdf.pdf,畑中-207,high,
2449,大字畑中1163番地の5,畑中1組の1,畑中四丁目,4,6,hatakenakakyuusinnpdf.pdf,畑中-207,high,
2450,大字畑中1164番地,畑中1組の1,畑中四丁目,4,5,hatakenakakyuusinnpdf.pdf,畑中-207,high,資料上2回出現
2451,大字畑中1166番地の1,畑中1組の3 白鳩荘101,畑中四丁目,4,1,hatakenakakyuusinnpdf.pdf,畑中-208,high,
2452,大字畑中1166の1番地,畑中1組の3 白鳩荘102,畑中四丁目,4,1,hatakenakakyuusinnpdf.pdf,畑中-208,high,
2453,大字畑中1166の1番地,畑中1組の3 白鳩荘103,畑中四丁目,4,1,hatakenakakyuusinnpdf.pdf,畑中-208,high,
2454,大字畑中1166番地の1,畑中1組の3 白鳩荘201,畑中四丁目,4,1,hatakenakakyuusinnpdf.pdf,畑中-208,high,
2455,大字畑中1166番地の1,畑中1組の3 白鳩荘202,畑中四丁目,4,1,hatakenakakyuusinnpdf.pdf,畑中-208,high,
2456,大字畑中1166番地の1,畑中1組の3 白鳩荘203,畑中四丁目,4,1,hatakenakakyuusinnpdf.pdf,畑中-208,high,
2457,大字畑中1168番地の1,"畑中1組の3C J,FestaⅠ101",畑中四丁目,8,18,hatakenakakyuusinnpdf.pdf,畑中-208,high,
2458,大字畑中1168番地の1,"畑中1組の3C J,FestaⅠ102",畑中四丁目,8,18,hatakenakakyuusinnpdf.pdf,畑中-208,high,
2459,大字畑中1168番地の1,"畑中1組の3C J,FestaⅠ201",畑中四丁目,8,18,hatakenakakyuusinnpdf.pdf,畑中-208,high,
2460,大字畑中1168番地の1,"畑中1組の3C J,FestaⅠ202",畑中四丁目,8,18,hatakenakakyuusinnpdf.pdf,畑中-208,high,
2461,大字畑中1168番地の1,"畑中1組の3C J,FestaⅡ101",畑中四丁目,8,19,hatakenakakyuusinnpdf.pdf,畑中-208,high,
2462,大字畑中1168番地の1,"畑中1組の3C J,FestaⅡ102",畑中四丁目,8,19,hatakenakakyuusinnpdf.pdf,畑中-208,high,
2463,大字畑中1168番地の1,"畑中1組の3C J,FestaⅡ103",畑中四丁目,8,19,hatakenakakyuusinnpdf.pdf,畑中-209,high,
2464,大字畑中1168番地の1,"畑中1組の3C J,FestaⅡ201",畑中四丁目,8,19,hatakenakakyuusinnpdf.pdf,畑中-209,high,
2465,大字畑中1168番地の1,"畑中1組の3C J,FestaⅡ202",畑中四丁目,8,19,hatakenakakyuusinnpdf.pdf,畑中-209,high,
2466,大字畑中1168番地の1,"畑中1組の3C J,FestaⅡ203",畑中四丁目,8,19,hatakenakakyuusinnpdf.pdf,畑中-209,high,
2467,大字畑中1170番地,畑中1組の4,畑中四丁目,9,2,hatakenakakyuusinnpdf.pdf,畑中-209,high,
2468,大字畑中1173番地の4,畑中4組の1の1,畑中四丁目,10,5,hatakenakakyuusinnpdf.pdf,畑中-209,high,
2469,大字畑中1173番地の5,畑中4組の1の1,畑中四丁目,10,3,hatakenakakyuusinnpdf.pdf,畑中-209,high,資料上3回出現
2470,大字畑中1173番地の7,畑中4組の1の1,畑中四丁目,10,1,hatakenakakyuusinnpdf.pdf,畑中-209,high,
2471,大字畑中1173番地の8,畑中4組の1の1 岩坂ﾊｳｽ,畑中四丁目,10,1,hatakenakakyuusinnpdf.pdf,畑中-209,high,
2472,大字畑中1173番地の8,畑中4組の1の1 ﾎﾟｹｯﾄﾊｳｽ101,畑中四丁目,10,2,hatakenakakyuusinnpdf.pdf,畑中-209,high,
2473,大字畑中1173番地の8,畑中4組の1の1 ﾎﾟｹｯﾄﾊｳｽ102,畑中四丁目,10,2,hatakenakakyuusinnpdf.pdf,畑中-209,high,
2474,大字畑中1173番地の8,畑中4組の1の1 ﾎﾟｹｯﾄﾊｳｽ103,畑中四丁目,10,2,hatakenakakyuusinnpdf.pdf,畑中-210,high,
2475,大字畑中1173番地の8,畑中4組の1の1 ﾎﾟｹｯﾄﾊｳｽ201,畑中四丁目,10,2,hatakenakakyuusinnpdf.pdf,畑中-210,high,
2476,大字畑中1173番地の8,畑中4組の1の1 ﾎﾟｹｯﾄﾊｳｽ202,畑中四丁目,10,2,hatakenakakyuusinnpdf.pdf,畑中-210,high,
2477,大字畑中1173番地の8,畑中4組の1の1 ﾎﾟｹｯﾄﾊｳｽ203,畑中四丁目,10,2,hatakenakakyuusinnpdf.pdf,畑中-210,high,
2478,大字奥田325番地の3,畑中1組の3,畑中四丁目,4,35,hatakenakakyuusinnpdf.pdf,奥田-1,high,
2479,大字奥田326番地,畑中1組の3,畑中四丁目,4,36,hatakenakakyuusinnpdf.pdf,奥田-1,high,
2480,大字奥田326番地の4,畑中1組の3,畑中四丁目,4,37,hatakenakakyuusinnpdf.pdf,奥田-1,high,資料上2回出現
2481,大字奥田327番地の1,畑中1組の3B fain･motionⅠ101,畑中四丁目,4,29,hatakenakakyuusinnpdf.pdf,奥田-1,high,
2482,大字奥田327番地の1,畑中1組の3B fain･motionⅠ102,畑中四丁目,4,29,hatakenakakyuusinnpdf.pdf,奥田-1,high,
2483,大字奥田327番地の1,畑中1組の3B fain･motionⅠ103,畑中四丁目,4,29,hatakenakakyuusinnpdf.pdf,奥田-1,high,
2484,大字奥田327番地の1,畑中1組の3B fain･motionⅠ104,畑中四丁目,4,29,hatakenakakyuusinnpdf.pdf,奥田-1,high,
2485,大字奥田327番地の1,畑中1組の3B fain･motionⅠ201,畑中四丁目,4,29,hatakenakakyuusinnpdf.pdf,奥田-1,high,
2486,大字奥田327番地の1,畑中1組の3B fain･motionⅠ202,畑中四丁目,4,29,hatakenakakyuusinnpdf.pdf,奥田-1,high,
2487,大字奥田327番地の1,畑中1組の3B fain･motionⅠ203,畑中四丁目,4,29,hatakenakakyuusinnpdf.pdf,奥田-1,high,
2488,大字奥田327番地の1,畑中1組の3B fain･motionⅠ204,畑中四丁目,4,29,hatakenakakyuusinnpdf.pdf,奥田-1,high,
2489,大字奥田327番地の1,畑中1組の3B fain･motionⅡ101,畑中四丁目,4,27,hatakenakakyuusinnpdf.pdf,奥田-1,high,
2490,大字奥田327番地の1,畑中1組の3B fain･motionⅡ102,畑中四丁目,4,27,hatakenakakyuusinnpdf.pdf,奥田-2,high,資料上2回出現
2491,大字奥田327番地の1,畑中1組の3B fain･motionⅡ201,畑中四丁目,4,27,hatakenakakyuusinnpdf.pdf,奥田-2,high,
2492,大字奥田327番地の1,畑中1組の3B fain･motionⅡ202,畑中四丁目,4,27,hatakenakakyuusinnpdf.pdf,奥田-2,high,
2493,大字奥田328番地の1,畑中1組の2,畑中四丁目,4,17,hatakenakakyuusinnpdf.pdf,奥田-2,high,資料上3回出現
2494,大字奥田328番地の2,畑中1組の2 ﾚﾌｨﾅｰﾃﾞ･M101,畑中四丁目,4,19,hatakenakakyuusinnpdf.pdf,奥田-2,high,
2495,大字奥田328番地の2,畑中1組の2 ﾚﾌｨﾅｰﾃﾞM102,畑中四丁目,4,19,hatakenakakyuusinnpdf.pdf,奥田-2,high,
2496,大字奥田328番地の2,畑中1組の2 ﾚﾌｨﾅｰﾃﾞ･M102,畑中四丁目,4,19,hatakenakakyuusinnpdf.pdf,奥田-2,high,
2497,大字奥田328番地の2,畑中1組の2 ﾚﾌｨﾅｰﾃﾞ･M201,畑中四丁目,4,19,hatakenakakyuusinnpdf.pdf,奥田-2,high,
2498,大字奥田328番地の2,畑中1組の2 ﾚﾌｨﾅｰﾃﾞ･M202,畑中四丁目,4,19,hatakenakakyuusinnpdf.pdf,奥田-2,high,
2499,大字奥田328番地の2,畑中1組の2 ﾚﾌｨﾅｰﾃﾞ･M301,畑中四丁目,4,19,hatakenakakyuusinnpdf.pdf,奥田-2,high,
2500,大字奥田328番地の2,畑中1組の2 ﾚﾌｨﾅｰﾃﾞ･M302,畑中四丁目,4,19,hatakenakakyuusinnpdf.pdf,奥田-3,high,
2501,大字奥田328番地の3,畑中1組の2,畑中四丁目,4,21,hatakenakakyuusinnpdf.pdf,奥田-3,high,
2502,大字奥田329番地の1,畑中1組の1,畑中四丁目,4,16,hatakenakakyuusinnpdf.pdf,奥田-3,high,
2503,大字奥田332番地の3,畑中1組の3,畑中四丁目,4,62,hatakenakakyuusinnpdf.pdf,奥田-3,high,資料上3回出現
2504,大字奥田335番地の1,畑中1組の4 ﾒｿﾞﾝ･ﾄﾞ･ﾌﾚｰﾙ101,畑中四丁目,8,26,hatakenakakyuusinnpdf.pdf,奥田-3,high,
2505,大字奥田335番地の1,畑中1組の4 ﾒｿﾞﾝ･ﾄﾞ･ﾌﾚｰﾙ102,畑中四丁目,8,26,hatakenakakyuusinnpdf.pdf,奥田-3,high,
2506,大字奥田335番地の1,畑中1組の4 ﾒｿﾞﾝ･ﾄﾞ･ﾌﾚｰﾙ103,畑中四丁目,8,26,hatakenakakyuusinnpdf.pdf,奥田-3,high,
2507,大字奥田335番地の1,畑中1組の4 ﾒｿﾞﾝ･ﾄﾞ･ﾌﾚｰﾙ201,畑中四丁目,8,26,hatakenakakyuusinnpdf.pdf,奥田-3,high,
2508,大字奥田335番地の1,畑中1組の4 ﾒｿﾞﾝ･ﾄﾞ･ﾌﾚｰﾙ202,畑中四丁目,8,26,hatakenakakyuusinnpdf.pdf,奥田-3,high,
2509,大字奥田335番地の1,畑中1組の4 ﾒｿﾞﾝ･ﾄﾞ･ﾌﾚｰﾙ203,畑中四丁目,8,26,hatakenakakyuusinnpdf.pdf,奥田-3,high,
2510,大字奥田335番地の2,畑中1組の3,畑中四丁目,4,59,hatakenakakyuusinnpdf.pdf,奥田-3,high,
2511,大字奥田336番地の2,畑中1組の3E ｽﾃｲｺﾞｰﾙﾄﾞ101,畑中四丁目,4,61,hatakenakakyuusinnpdf.pdf,奥田-4,high,
2512,大字奥田336番地の2,畑中1組の3E ｽﾃｲｺﾞｰﾙﾄﾞ102,畑中四丁目,4,61,hatakenakakyuusinnpdf.pdf,奥田-4,high,
2513,大字奥田336番地の2,畑中1組の3E ｽﾃｲｺﾞｰﾙﾄﾞ103,畑中四丁目,4,61,hatakenakakyuusinnpdf.pdf,奥田-4,high,
2514,大字奥田336番地の2,畑中1組の3E ｽﾃｲｺﾞｰﾙﾄﾞ201,畑中四丁目,4,61,hatakenakakyuusinnpdf.pdf,奥田-4,high,
2515,大字奥田336番地の2,畑中1組の3E ｽﾃｲｺﾞｰﾙﾄﾞ202,畑中四丁目,4,61,hatakenakakyuusinnpdf.pdf,奥田-4,high,
2516,大字奥田336番地の2,畑中1組の3E ｽﾃｲｺﾞｰﾙﾄﾞ203,畑中四丁目,4,61,hatakenakakyuusinnpdf.pdf,奥田-4,high,
2517,大字奥田337番地の1,畑中1組の3,畑中四丁目,8,29,hatakenakakyuusinnpdf.pdf,奥田-4,high,資料上2回出現
2518,大字奥田337番地の2,畑中1組の3,畑中四丁目,4,58,hatakenakakyuusinnpdf.pdf,奥田-4,high,
2519,大字奥田337番地の4,畑中1組の3,畑中四丁目,4,57,hatakenakakyuusinnpdf.pdf,奥田-4,high,資料上2回出現
2520,大字奥田337番地の5,畑中1組の3 FELICE畑中,畑中四丁目,8,27,hatakenakakyuusinnpdf.pdf,奥田-4,high,
2521,大字奥田337番地の6,畑中1組の3,畑中四丁目,8,28,hatakenakakyuusinnpdf.pdf,奥田-4,high,資料上2回出現
2522,大字奥田338番地の1,畑中1組の3,畑中四丁目,4,39,hatakenakakyuusinnpdf.pdf,奥田-5,high,資料上2回出現
2523,大字奥田338の2番地,畑中1組の3,畑中四丁目,4,41,hatakenakakyuusinnpdf.pdf,奥田-5,high,
2524,大字奥田339番地の1,畑中1組の3,畑中四丁目,4,56,hatakenakakyuusinnpdf.pdf,奥田-5,high,
2525,大字奥田339番地の4,畑中1組の3,畑中四丁目,4,55,hatakenakakyuusinnpdf.pdf,奥田-5,high,資料上2回出現
2526,大字奥田340番地の1,畑中1-3,畑中四丁目,8,30,hatakenakakyuusinnpdf.pdf,奥田-5,low,通称欄が「畑中N-M」形式(通常は「畑中N組のM」)で印字されており、直後に同一住所・同一番号で正規形式の行が続くため、資料上の表記ゆれまたは印字乱れの可能性がある。情報損失を避けるため削除せず採用
2527,大字奥田340番地の1,畑中1組の3 ﾒｿﾞﾝSHIN201,畑中四丁目,8,30,hatakenakakyuusinnpdf.pdf,奥田-5,high,
2528,大字奥田340番地の1,畑中1組の3 ﾒｿﾞﾝｼﾝ202,畑中四丁目,8,30,hatakenakakyuusinnpdf.pdf,奥田-5,high,資料上3回出現
2529,大字奥田340番地の1,畑中1組の3 ﾒｿﾞﾝSHIN203,畑中四丁目,8,30,hatakenakakyuusinnpdf.pdf,奥田-5,high,
2530,大字奥田341番地の2,畑中1組の3A ｶｰｻｺｼﾈﾙB101,畑中四丁目,4,50,hatakenakakyuusinnpdf.pdf,奥田-6,high,
2531,大字奥田341番地の2,畑中1組の3A ｶｰｻｺｼﾈﾙB201,畑中四丁目,4,50,hatakenakakyuusinnpdf.pdf,奥田-6,high,
2532,大字奥田341番地の2,畑中1組の3A ｶｰｻｺｼﾈﾙA101,畑中四丁目,4,51,hatakenakakyuusinnpdf.pdf,奥田-6,high,
2533,大字奥田341番地の2,畑中1組の3A ｶｰｻｺｼﾈﾙA102,畑中四丁目,4,51,hatakenakakyuusinnpdf.pdf,奥田-6,high,
2534,大字奥田341番地の2,畑中1組の3A ｶｰｻｺｼﾈﾙA201,畑中四丁目,4,51,hatakenakakyuusinnpdf.pdf,奥田-6,high,
2535,大字奥田341番地の2,畑中1組の3A ｶｰｻｺｼﾈﾙA202,畑中四丁目,4,51,hatakenakakyuusinnpdf.pdf,奥田-6,high,
2536,大字奥田341番地の4,明磧町9組の2東 ﾒｿﾞﾝSⅡ101,畑中四丁目,8,32,hatakenakakyuusinnpdf.pdf,奥田-6,high,資料上2回出現
2537,大字奥田341番地の4,明磧町9組の2東 ﾒｿﾞﾝSⅡ102,畑中四丁目,8,32,hatakenakakyuusinnpdf.pdf,奥田-6,high,
2538,大字奥田341番地の4,明磧町9組の2東 ﾒｿﾞﾝSⅡ201,畑中四丁目,8,32,hatakenakakyuusinnpdf.pdf,奥田-6,high,
2539,大字奥田341番地の4,明磧町9組の2東 ﾒｿﾞﾝSⅡ202,畑中四丁目,8,32,hatakenakakyuusinnpdf.pdf,奥田-6,high,
2540,大字奥田342番地の1,畑中1組の3,畑中四丁目,4,43,hatakenakakyuusinnpdf.pdf,奥田-6,high,
2541,大字奥田342番地の2,畑中1組の3,畑中四丁目,4,49,hatakenakakyuusinnpdf.pdf,奥田-6,high,
2542,大字奥田342番地の4,畑中1組の3 ｸﾞﾙｰﾌﾟﾎｰﾑやすらぎ,畑中四丁目,4,48,hatakenakakyuusinnpdf.pdf,奥田-7,high,資料上4回出現
2543,大字奥田342番地の5,畑中1組の3,畑中四丁目,4,42,hatakenakakyuusinnpdf.pdf,奥田-7,high,
2544,大字奥田342番地の9,畑中1組の3,畑中四丁目,4,44,hatakenakakyuusinnpdf.pdf,奥田-7,high,
2545,大字奥田371番地の3,畑中1組の4,畑中四丁目,8,5,hatakenakakyuusinnpdf.pdf,奥田-7,high,資料上2回出現
2546,大字奥田371番地の5,畑中1組の4,畑中四丁目,9,11,hatakenakakyuusinnpdf.pdf,奥田-7,high,
2547,大字奥田373番地の23,畑中4組の1の2 ｺｰﾎﾟほけず2 102,畑中四丁目,12,1,hatakenakakyuusinnpdf.pdf,奥田-7,high,
2548,大字奥田373番地の23,畑中4組の1の2 ｺｰﾎﾟほけず2 201,畑中四丁目,12,1,hatakenakakyuusinnpdf.pdf,奥田-7,high,
2549,大字奥田373番地の23,畑中4組の1の2 ｺｰﾎﾟほけず2 202,畑中四丁目,12,1,hatakenakakyuusinnpdf.pdf,奥田-7,high,
2550,大字奥田373番地の23,畑中4組の1の2 ｺｰﾎﾟほけず2 203,畑中四丁目,12,1,hatakenakakyuusinnpdf.pdf,奥田-7,high,
2551,大字奥田373番地の23,畑中4組の1の2 ｺｰﾎﾟほけず2 301,畑中四丁目,12,1,hatakenakakyuusinnpdf.pdf,奥田-8,high,
2552,大字奥田373番地の23,畑中4組の1の2 ｺｰﾎﾟほけず2 303,畑中四丁目,12,1,hatakenakakyuusinnpdf.pdf,奥田-8,high,
2553,大字奥田375番地の1,畑中1組の4,畑中四丁目,8,16,hatakenakakyuusinnpdf.pdf,奥田-8,high,資料上2回出現
2554,大字奥田375番地の2,畑中1組の4,畑中四丁目,8,14,hatakenakakyuusinnpdf.pdf,奥田-8,high,
2555,大字奥田375番地の5,畑中1組の4,畑中四丁目,8,12,hatakenakakyuusinnpdf.pdf,奥田-8,high,
2556,大字奥田375番地の6,畑中1組の4,畑中四丁目,8,10,hatakenakakyuusinnpdf.pdf,奥田-8,high,資料上4回出現
2557,大字奥田375番地の8,畑中1-4組,畑中四丁目,8,8,hatakenakakyuusinnpdf.pdf,奥田-8,high,
2558,大字奥田375番地の10,畑中1組の4,畑中四丁目,8,7,hatakenakakyuusinnpdf.pdf,奥田-8,high,資料上2回出現
2559,大字奥田375番地の11,畑中1組の4,畑中四丁目,8,6,hatakenakakyuusinnpdf.pdf,奥田-9,high,
2560,大字奥田375番地の16,畑中1組の4,畑中四丁目,9,6,hatakenakakyuusinnpdf.pdf,奥田-9,high,
2561,大字奥田375番地の16,畑中1組の4,畑中四丁目,9,7,hatakenakakyuusinnpdf.pdf,奥田-9,high,
2562,大字奥田377番地の1,畑中1組の4,畑中四丁目,9,10,hatakenakakyuusinnpdf.pdf,奥田-9,high,
2563,大字奥田377番地の3,畑中1組の4,畑中四丁目,9,8,hatakenakakyuusinnpdf.pdf,奥田-9,high,
2564,大字奥田378番地の5,畑中4組の1の1,畑中四丁目,10,17,hatakenakakyuusinnpdf.pdf,奥田-9,high,
2565,大字奥田378番地の6,畑中4組の1の1,畑中四丁目,10,13,hatakenakakyuusinnpdf.pdf,奥田-9,high,
2566,大字奥田378番地の7,畑中4組の1の1,畑中四丁目,10,12,hatakenakakyuusinnpdf.pdf,奥田-9,high,
2567,大字奥田378番地の8,畑中4組の1の1,畑中四丁目,10,16,hatakenakakyuusinnpdf.pdf,奥田-9,high,
2568,大字奥田378番地の11,畑中4組1の1,畑中四丁目,11,3,hatakenakakyuusinnpdf.pdf,奥田-9,high,
2569,大字奥田378番地の12,畑中4組の1の1,畑中四丁目,11,14,hatakenakakyuusinnpdf.pdf,奥田-9,high,資料上2回出現
2570,大字奥田378番地の14,畑中4組の1の1,畑中四丁目,11,10,hatakenakakyuusinnpdf.pdf,奥田-9,high,
2571,大字奥田378番地の15,畑中4組の1の1,畑中四丁目,11,12,hatakenakakyuusinnpdf.pdf,奥田-10,high,
2572,大字奥田378番地の18,畑中4組の1の3,畑中四丁目,12,3,hatakenakakyuusinnpdf.pdf,奥田-10,high,
2573,大字奥田378番地の18,畑中4組の1の3 ｶﾙﾌｰﾙ畑中A101,畑中四丁目,12,3,hatakenakakyuusinnpdf.pdf,奥田-10,high,
2574,大字奥田378番地の18,畑中4組の1の3 ｶﾙﾌｰﾙ畑中A102,畑中四丁目,12,3,hatakenakakyuusinnpdf.pdf,奥田-10,high,
2575,大字奥田378番地の18,畑中4組の1の3 ｶﾙﾌｰﾙ畑中A201,畑中四丁目,12,3,hatakenakakyuusinnpdf.pdf,奥田-10,high,
2576,大字奥田378番地の18,畑中4組の1の3 ｶﾙﾌｰﾙ畑中A202,畑中四丁目,12,3,hatakenakakyuusinnpdf.pdf,奥田-10,high,
2577,大字奥田378番地の18,畑中4組の1の3,畑中四丁目,12,4,hatakenakakyuusinnpdf.pdf,奥田-10,high,
2578,大字奥田378番地の18,畑中4組の1の3 ｶﾙﾌｰﾙ畑中B101,畑中四丁目,12,4,hatakenakakyuusinnpdf.pdf,奥田-10,high,
2579,大字奥田378番地の18,畑中4組の1の3 ｶﾙﾌｰﾙ畑中B102,畑中四丁目,12,4,hatakenakakyuusinnpdf.pdf,奥田-10,high,
2580,大字奥田378番地の18,畑中4組の1の3 ｶﾙﾌｰﾙ畑中B201,畑中四丁目,12,4,hatakenakakyuusinnpdf.pdf,奥田-10,high,
2581,大字奥田378番地の18,畑中4組の1の3 ｶﾙﾌｰﾙ畑中B202,畑中四丁目,12,4,hatakenakakyuusinnpdf.pdf,奥田-10,high,
2582,大字奥田378番地の19,畑中4組の1の1,畑中四丁目,11,10,hatakenakakyuusinnpdf.pdf,奥田-10,high,
2583,大字奥田378番地の20,畑中4組の1の1,畑中四丁目,11,1,hatakenakakyuusinnpdf.pdf,奥田-10,high,
2584,大字奥田378番地の21,畑中4組の1の1,畑中四丁目,11,4,hatakenakakyuusinnpdf.pdf,奥田-11,high,資料上2回出現
2585,大字奥田378番地の23,畑中4組の1の2 ｺｰﾎﾟほけず2 101,畑中四丁目,12,1,hatakenakakyuusinnpdf.pdf,奥田-11,high,
2586,大字奥田378番地の23,畑中4組の1の2 ｺｰﾎﾟほけず2 103,畑中四丁目,12,1,hatakenakakyuusinnpdf.pdf,奥田-11,high,
2587,大字奥田378番地の23,畑中4組の1の2 ｺｰﾎﾟほけず2 202,畑中四丁目,12,1,hatakenakakyuusinnpdf.pdf,奥田-11,high,
2588,大字奥田378番地の23,畑中4組の1の2 ｺｰﾎﾟほけず2 302,畑中四丁目,12,1,hatakenakakyuusinnpdf.pdf,奥田-11,high,
2589,大字奥田378番地の35,畑中4組の1の1,畑中四丁目,11,15,hatakenakakyuusinnpdf.pdf,奥田-11,high,
