seq,old_address,alias,new_town,block,house,source_doc,source_page,confidence,note
1,大字羽屋1番地の1,羽屋4組の1B,羽屋三丁目,4,28,hayataisyoubo.pdf,,high,資料上2回出現
2,羽屋1番地の4,羽屋13組の1,羽屋三丁目,4,21,hayataisyoubo.pdf,,high,
3,大字羽屋1番地の4,羽屋13組 ｱｰﾊﾞﾝﾊﾟﾚｽ古国府101,羽屋三丁目,4,21-101,hayataisyoubo.pdf,,high,資料上2回出現
4,大字羽屋1番地の4,羽屋13組 ｱｰﾊﾞﾝﾊﾟﾚｽ古国府102,羽屋三丁目,4,21-102,hayataisyoubo.pdf,,high,
5,大字羽屋1番地の4,羽屋13組 ｱｰﾊﾞﾝﾊﾟﾚｽ古国府103,羽屋三丁目,4,21-103,hayataisyoubo.pdf,,high,
6,大字羽屋1番地の4,羽屋13組 ｱｰﾊﾞﾝﾊﾟﾚｽ古国府107,羽屋三丁目,4,21-107,hayataisyoubo.pdf,,high,
7,大字羽屋1番地の4,羽屋13組 ｱｰﾊﾞﾝﾊﾟﾚｽ古国府108,羽屋三丁目,4,21-108,hayataisyoubo.pdf,,high,
8,大字羽屋1番地の4,羽屋13組 ｱｰﾊﾞﾝﾊﾟﾚｽ古国府110,羽屋三丁目,4,21-110,hayataisyoubo.pdf,,high,
9,大字羽屋1番地の4,羽屋13組 ｱｰﾊﾞﾝﾊﾟﾚｽ古国府111,羽屋三丁目,4,21-111,hayataisyoubo.pdf,,high,
10,大字羽屋1番地の4,羽屋13組 ｱｰﾊﾞﾝﾊﾟﾚｽ古国府201,羽屋三丁目,4,21-201,hayataisyoubo.pdf,,high,
11,大字羽屋1番地の4,羽屋13組 ｱｰﾊﾞﾝﾊﾟﾚｽ古国府202,羽屋三丁目,4,21-202,hayataisyoubo.pdf,,high,
12,大字羽屋1番地の4,羽屋13組 ｱｰﾊﾞﾝﾊﾟﾚｽ古国府203,羽屋三丁目,4,21-203,hayataisyoubo.pdf,,high,
13,大字羽屋1番地の4,羽屋13組 ｱｰﾊﾞﾝﾊﾟﾚｽ古国府205,羽屋三丁目,4,21-205,hayataisyoubo.pdf,,high,
14,大字羽屋1番地の4,羽屋13組 ｱｰﾊﾞﾝﾊﾟﾚｽ古国府206,羽屋三丁目,4,21-206,hayataisyoubo.pdf,,high,
15,大字羽屋1番地の4,羽屋13組 ｱｰﾊﾞﾝﾊﾟﾚｽ古国府207,羽屋三丁目,4,21-207,hayataisyoubo.pdf,,high,
16,大字羽屋1番地の4,羽屋13組 ｱｰﾊﾞﾝﾊﾟﾚｽ古国府208,羽屋三丁目,4,21-208,hayataisyoubo.pdf,,high,
17,大字羽屋1番地の4,羽屋13組 ｱｰﾊﾞﾝﾊﾟﾚｽ古国府210,羽屋三丁目,4,21-210,hayataisyoubo.pdf,,high,
18,大字羽屋1番地の4,羽屋13組 ｱｰﾊﾞﾝﾊﾟﾚｽ古国府211,羽屋三丁目,4,21-211,hayataisyoubo.pdf,,high,
19,大字羽屋1番地の4,羽屋13組 ｱｰﾊﾞﾝﾊﾟﾚｽ古国府301,羽屋三丁目,4,21-301,hayataisyoubo.pdf,,high,
20,大字羽屋1番地の4,羽屋13組 ｱｰﾊﾞﾝﾊﾟﾚｽ古国府302,羽屋三丁目,4,21-302,hayataisyoubo.pdf,,high,
21,大字羽屋1番地の4,羽屋13組 ｱｰﾊﾞﾝﾊﾟﾚｽ古国府303,羽屋三丁目,4,21-303,hayataisyoubo.pdf,,high,
22,大字羽屋1番地の4,羽屋13組 ｱｰﾊﾞﾝﾊﾟﾚｽ古国府305,羽屋三丁目,4,21-305,hayataisyoubo.pdf,,high,
23,大字羽屋1番地の4,羽屋13組 ｱｰﾊﾞﾝﾊﾟﾚｽ古国府306,羽屋三丁目,4,21-306,hayataisyoubo.pdf,,high,
24,大字羽屋1番地の4,羽屋13組 ｱｰﾊﾞﾝﾊﾟﾚｽ古国府307,羽屋三丁目,4,21-307,hayataisyoubo.pdf,,high,
25,大字羽屋1番地の4,羽屋13組 ｱｰﾊﾞﾝﾊﾟﾚｽ古国府308,羽屋三丁目,4,21-308,hayataisyoubo.pdf,,high,
26,大字羽屋1番地の4,羽屋13組 ｱｰﾊﾞﾝﾊﾟﾚｽ古国府310,羽屋三丁目,4,21-310,hayataisyoubo.pdf,,high,資料上2回出現
27,大字羽屋1番地の4,羽屋13組 ｱｰﾊﾞﾝﾊﾟﾚｽ古国府311,羽屋三丁目,4,21-311,hayataisyoubo.pdf,,high,
28,大字羽屋1番地の4,羽屋13組 ｱｰﾊﾞﾝﾊﾟﾚｽ古国府401,羽屋三丁目,4,21-401,hayataisyoubo.pdf,,high,
29,大字羽屋1番地の4,羽屋13組 ｱｰﾊﾞﾝﾊﾟﾚｽ古国府402,羽屋三丁目,4,21-402,hayataisyoubo.pdf,,high,
30,大字羽屋1番地の4,羽屋13組 ｱｰﾊﾞﾝﾊﾟﾚｽ古国府403,羽屋三丁目,4,21-403,hayataisyoubo.pdf,,high,
31,大字羽屋1番地の4,羽屋13組 ｱｰﾊﾞﾝﾊﾟﾚｽ古国府405,羽屋三丁目,4,21-405,hayataisyoubo.pdf,,high,
32,大字羽屋1番地の4,羽屋13組 ｱｰﾊﾞﾝﾊﾟﾚｽ古国府406,羽屋三丁目,4,21-406,hayataisyoubo.pdf,,high,
33,大字羽屋1番地の4,羽屋13組 ｱｰﾊﾞﾝﾊﾟﾚｽ古国府407,羽屋三丁目,4,21-407,hayataisyoubo.pdf,,high,
34,大字羽屋1番地の4,羽屋13組 ｱｰﾊﾞﾝﾊﾟﾚｽ古国府408,羽屋三丁目,4,21-408,hayataisyoubo.pdf,,high,
35,大字羽屋1番地の4,羽屋13組 ｱｰﾊﾞﾝﾊﾟﾚｽ古国府410,羽屋三丁目,4,21-410,hayataisyoubo.pdf,,high,
36,大字羽屋1番地の4,羽屋13組 ｱｰﾊﾞﾝﾊﾟﾚｽ古国府411,羽屋三丁目,4,21-411,hayataisyoubo.pdf,,high,
37,大字羽屋1番地の4,羽屋13組 ｱｰﾊﾞﾝﾊﾟﾚｽ古国府501,羽屋三丁目,4,21-501,hayataisyoubo.pdf,,high,
38,大字羽屋1番地の4,羽屋13組 ｱｰﾊﾞﾝﾊﾟﾚｽ古国府502,羽屋三丁目,4,21-502,hayataisyoubo.pdf,,high,
39,大字羽屋1番地の4,羽屋13組 ｱｰﾊﾞﾝﾊﾟﾚｽ古国府503,羽屋三丁目,4,21-503,hayataisyoubo.pdf,,high,
40,大字羽屋1番地の4,羽屋13組 ｱｰﾊﾞﾝﾊﾟﾚｽ古国府505,羽屋三丁目,4,21-505,hayataisyoubo.pdf,,high,
41,大字羽屋1番地の4,羽屋13組 ｱｰﾊﾞﾝﾊﾟﾚｽ古国府506,羽屋三丁目,4,21-506,hayataisyoubo.pdf,,high,
42,大字羽屋1番地の4,羽屋13組 ｱｰﾊﾞﾝﾊﾟﾚｽ古国府507,羽屋三丁目,4,21-507,hayataisyoubo.pdf,,high,
43,大字羽屋1番地の4,羽屋13組 ｱｰﾊﾞﾝﾊﾟﾚｽ古国府508,羽屋三丁目,4,21-508,hayataisyoubo.pdf,,high,
44,大字羽屋1番地の4,羽屋13組 ｱｰﾊﾞﾝﾊﾟﾚｽ古国府510,羽屋三丁目,4,21-510,hayataisyoubo.pdf,,high,
45,大字羽屋1番地の4,羽屋13組 ｱｰﾊﾞﾝﾊﾟﾚｽ古国府511,羽屋三丁目,4,21-511,hayataisyoubo.pdf,,high,
46,大字羽屋1番地の4,羽屋13組 ｱｰﾊﾞﾝﾊﾟﾚｽ古国府601,羽屋三丁目,4,21-601,hayataisyoubo.pdf,,high,
47,大字羽屋1番地の4,羽屋13組 ｱｰﾊﾞﾝﾊﾟﾚｽ古国府602,羽屋三丁目,4,21-602,hayataisyoubo.pdf,,high,
48,大字羽屋1番地の4,羽屋13組 ｱｰﾊﾞﾝﾊﾟﾚｽ古国府603,羽屋三丁目,4,21-603,hayataisyoubo.pdf,,high,
49,大字羽屋1番地の4,羽屋13組 ｱｰﾊﾞﾝﾊﾟﾚｽ古国府605,羽屋三丁目,4,21-605,hayataisyoubo.pdf,,high,
50,大字羽屋1番地の4,羽屋13組 ｱｰﾊﾞﾝﾊﾟﾚｽ古国府606,羽屋三丁目,4,21-606,hayataisyoubo.pdf,,high,
51,大字羽屋1番地の4,羽屋13組 ｱｰﾊﾞﾝﾊﾟﾚｽ古国府607,羽屋三丁目,4,21-607,hayataisyoubo.pdf,,high,
52,大字羽屋1番地の4,羽屋13組 ｱｰﾊﾞﾝﾊﾟﾚｽ古国府608,羽屋三丁目,4,21-608,hayataisyoubo.pdf,,high,
53,大字羽屋1番地の4,羽屋13組 ｱｰﾊﾞﾝﾊﾟﾚｽ古国府610,羽屋三丁目,4,21-610,hayataisyoubo.pdf,,high,
54,大字羽屋1番地の4,羽屋13組 ｱｰﾊﾞﾝﾊﾟﾚｽ古国府611,羽屋三丁目,4,21-611,hayataisyoubo.pdf,,high,
55,大字羽屋1番地の4,羽屋13組 ｱｰﾊﾞﾝﾊﾟﾚｽ古国府701,羽屋三丁目,4,21-701,hayataisyoubo.pdf,,high,
56,大字羽屋1番地の4,羽屋13組 ｱｰﾊﾞﾝﾊﾟﾚｽ古国府702,羽屋三丁目,4,21-702,hayataisyoubo.pdf,,high,
57,大字羽屋1番地の4,羽屋13組 ｱｰﾊﾞﾝﾊﾟﾚｽ古国府703,羽屋三丁目,4,21-703,hayataisyoubo.pdf,,high,
58,大字羽屋1番地の4,羽屋13組 ｱｰﾊﾞﾝﾊﾟﾚｽ古国府705,羽屋三丁目,4,21-705,hayataisyoubo.pdf,,high,
59,大字羽屋1番地の4,羽屋13組 ｱｰﾊﾞﾝﾊﾟﾚｽ古国府706,羽屋三丁目,4,21-706,hayataisyoubo.pdf,,high,
60,大字羽屋1番地の4,羽屋13組 ｱｰﾊﾞﾝﾊﾟﾚｽ古国府707,羽屋三丁目,4,21-707,hayataisyoubo.pdf,,high,資料上2回出現
61,大字羽屋1番地の4,羽屋13組 ｱｰﾊﾞﾝﾊﾟﾚｽ古国府708,羽屋三丁目,4,21-708,hayataisyoubo.pdf,,high,
62,大字羽屋1番地の4,羽屋13組 ｱｰﾊﾞﾝﾊﾟﾚｽ古国府710,羽屋三丁目,4,21-710,hayataisyoubo.pdf,,high,
63,大字羽屋1番地の4,羽屋13組 ｱｰﾊﾞﾝﾊﾟﾚｽ古国府711,羽屋三丁目,4,21-711,hayataisyoubo.pdf,,high,
64,大字羽屋1番地の4,羽屋13組 ｱｰﾊﾞﾝﾊﾟﾚｽ古国府801,羽屋三丁目,4,21-801,hayataisyoubo.pdf,,high,
65,大字羽屋1番地の4,羽屋13組 ｱｰﾊﾞﾝﾊﾟﾚｽ古国府802,羽屋三丁目,4,21-802,hayataisyoubo.pdf,,high,
66,大字羽屋1番地の4,羽屋13組 ｱｰﾊﾞﾝﾊﾟﾚｽ古国府803,羽屋三丁目,4,21-803,hayataisyoubo.pdf,,high,
67,大字羽屋1番地の4,羽屋13組 ｱｰﾊﾞﾝﾊﾟﾚｽ古国府805,羽屋三丁目,4,21-805,hayataisyoubo.pdf,,high,
68,大字羽屋1番地の4,羽屋13組 ｱｰﾊﾞﾝﾊﾟﾚｽ古国府806,羽屋三丁目,4,21-806,hayataisyoubo.pdf,,high,
69,大字羽屋1番地の4,羽屋13組 ｱｰﾊﾞﾝﾊﾟﾚｽ古国府807,羽屋三丁目,4,21-807,hayataisyoubo.pdf,,high,
70,大字羽屋1番地の4,羽屋13組 ｱｰﾊﾞﾝﾊﾟﾚｽ古国府808,羽屋三丁目,4,21-808,hayataisyoubo.pdf,,high,
71,大字羽屋1番地の4,羽屋13組 ｱｰﾊﾞﾝﾊﾟﾚｽ古国府810,羽屋三丁目,4,21-810,hayataisyoubo.pdf,,high,
72,大字羽屋1番地の4,羽屋13組 ｱｰﾊﾞﾝﾊﾟﾚｽ古国府811,羽屋三丁目,4,21-811,hayataisyoubo.pdf,,high,
73,大字羽屋1番地の4,羽屋13組 ｱｰﾊﾞﾝﾊﾟﾚｽ古国府901,羽屋三丁目,4,21-901,hayataisyoubo.pdf,,high,
74,大字羽屋1番地の4,羽屋13組 ｱｰﾊﾞﾝﾊﾟﾚｽ古国府902,羽屋三丁目,4,21-902,hayataisyoubo.pdf,,high,
75,大字羽屋1番地の4,羽屋13組 ｱｰﾊﾞﾝﾊﾟﾚｽ古国府903,羽屋三丁目,4,21-903,hayataisyoubo.pdf,,high,
76,大字羽屋1番地の4,羽屋13組 ｱｰﾊﾞﾝﾊﾟﾚｽ古国府905,羽屋三丁目,4,21-905,hayataisyoubo.pdf,,high,
77,大字羽屋1番地の4,羽屋13組 ｱｰﾊﾞﾝﾊﾟﾚｽ古国府906,羽屋三丁目,4,21-906,hayataisyoubo.pdf,,high,
78,大字羽屋1番地の4,羽屋13組 ｱｰﾊﾞﾝﾊﾟﾚｽ古国府907,羽屋三丁目,4,21-907,hayataisyoubo.pdf,,high,
79,大字羽屋1番地の4,羽屋13組 ｱｰﾊﾞﾝﾊﾟﾚｽ古国府908,羽屋三丁目,4,21-908,hayataisyoubo.pdf,,high,
80,大字羽屋1番地の4,羽屋13組 ｱｰﾊﾞﾝﾊﾟﾚｽ古国府910,羽屋三丁目,4,21-910,hayataisyoubo.pdf,,high,
81,大字羽屋1番地の4,羽屋13組 ｱｰﾊﾞﾝﾊﾟﾚｽ古国府911,羽屋三丁目,4,21-911,hayataisyoubo.pdf,,high,
82,大字羽屋1番地の4,13組-1 ｱｰﾊﾞﾝﾊﾟﾚｽ古国府911,羽屋三丁目,4,21-911,hayataisyoubo.pdf,,high,資料上3回出現
83,大字羽屋4番地の1,羽屋4組の1B,羽屋三丁目,4,8,hayataisyoubo.pdf,,high,資料上2回出現
84,大字羽屋字七ノ坪4番1,,羽屋三丁目,4,8,hayataisyoubo.pdf,,high,資料上通称の記載なし
85,羽屋4-4,,羽屋三丁目,1,26,hayataisyoubo.pdf,,high,資料上通称の記載なし
86,大字羽屋33番地,,羽屋三丁目,2,12,hayataisyoubo.pdf,,high,資料上通称の記載なし
87,大字羽屋35番地の3,羽屋4組の1A,羽屋三丁目,2,16,hayataisyoubo.pdf,,high,
88,大字羽屋35番地の5,羽屋4組の1A,羽屋三丁目,2,25,hayataisyoubo.pdf,,high,
89,大字羽屋35番地の6,羽屋4組の1A,羽屋三丁目,2,18,hayataisyoubo.pdf,,high,
90,大字羽屋35番地の6,羽屋4組の1A,羽屋三丁目,2,20,hayataisyoubo.pdf,,high,
91,大字羽屋35番地の8,羽屋4組の1A,羽屋三丁目,2,24,hayataisyoubo.pdf,,high,
92,大字羽屋35番地の9,羽屋4組の1A,羽屋三丁目,2,23,hayataisyoubo.pdf,,high,
93,大字羽屋37番地の4,羽屋4組の1A ｻﾝﾌｧﾐｰﾙ豊府101,羽屋三丁目,3,13,hayataisyoubo.pdf,,high,
94,大字羽屋37番地の4,羽屋4組の1A ﾌﾚｸﾞﾗﾝｽｻﾝﾌｧﾐｰﾙ豊府102,羽屋三丁目,3,13,hayataisyoubo.pdf,,high,
95,大字羽屋37番地の4,羽屋4組の1A ﾌﾚｸﾞﾗﾝｽｻﾝﾌｧﾐｰﾙ豊府201,羽屋三丁目,3,13,hayataisyoubo.pdf,,high,
96,大字羽屋37番地の4,羽屋4組の1A ｻﾝﾌｧﾐｰﾙ豊府202,羽屋三丁目,3,13,hayataisyoubo.pdf,,high,
97,大字羽屋37番地の5,羽屋4組の1A,羽屋三丁目,3,14,hayataisyoubo.pdf,,high,
98,大字羽屋37番地の6,羽屋4組の1A,羽屋三丁目,3,17,hayataisyoubo.pdf,,high,
99,大字羽屋37番地の7,羽屋4組の1A ｼｬｰﾒｿﾞﾝ豊府101,羽屋三丁目,3,21,hayataisyoubo.pdf,,high,
100,大字羽屋37番地の7,羽屋4組の1A ｼｬｰﾒｿﾞﾝ豊府102,羽屋三丁目,3,21,hayataisyoubo.pdf,,high,
101,大字羽屋37番地の7,羽屋4組の1A ｼｬｰﾒｿﾞﾝ豊府201,羽屋三丁目,3,21,hayataisyoubo.pdf,,high,
102,大字羽屋37番地の7,羽屋4組の1A ｼｬｰﾒｿﾞﾝ豊府202,羽屋三丁目,3,21,hayataisyoubo.pdf,,high,
103,大字羽屋38番地の1,,羽屋三丁目,1,27,hayataisyoubo.pdf,,high,資料上通称の記載なし
104,大字羽屋38番地の5,羽屋4組の1A,羽屋三丁目,1,24,hayataisyoubo.pdf,,high,
105,大字羽屋38番地の5,,羽屋三丁目,1,24,hayataisyoubo.pdf,,high,資料上通称の記載なし
106,大字羽屋38番地の8,羽屋4組の1A akikiTOWN羽屋C,羽屋三丁目,1,19,hayataisyoubo.pdf,,high,
107,大字羽屋38番地の8,羽屋4組の1A akikiTOWN羽屋B,羽屋三丁目,1,21,hayataisyoubo.pdf,,high,
108,大字羽屋38番地の8,羽屋4組の1A akikiTOWN羽屋A,羽屋三丁目,1,22,hayataisyoubo.pdf,,high,
109,大字羽屋39番地の1,羽屋4組の4 ｶﾄﾙ･ﾐﾅﾐA101,羽屋三丁目,1,30,hayataisyoubo.pdf,,high,
110,大字羽屋39番地の1,羽屋4組の4 ｶﾄﾙ･ﾐﾅﾐA102,羽屋三丁目,1,30,hayataisyoubo.pdf,,high,
111,大字羽屋39番地の1,羽屋4組の4 ｶﾄﾙ･ﾐﾅﾐA201,羽屋三丁目,1,30,hayataisyoubo.pdf,,high,
112,大字羽屋39番地の1,羽屋4組の4 ｶﾄﾙ･ﾐﾅﾐA202,羽屋三丁目,1,30,hayataisyoubo.pdf,,high,
113,大字羽屋39番地の1,羽屋4組の4 ｶﾄﾙ･ﾐﾅﾐB101,羽屋三丁目,1,31,hayataisyoubo.pdf,,high,
114,大字羽屋39番地の1,羽屋4組の4 ｶﾄﾙ･ﾐﾅﾐB102,羽屋三丁目,1,31,hayataisyoubo.pdf,,high,
115,大字羽屋39番地の1,羽屋4組の4 ｶﾄﾙ･ﾐﾅﾐB201,羽屋三丁目,1,31,hayataisyoubo.pdf,,high,
116,大字羽屋39番地の1,羽屋4組の4 ｶﾄﾙ･ﾐﾅﾐB202,羽屋三丁目,1,31,hayataisyoubo.pdf,,high,
117,大字羽屋39番地の1,羽屋4組の4 ｶﾄﾙ･ﾐﾅﾐC101,羽屋三丁目,1,32,hayataisyoubo.pdf,,high,
118,大字羽屋39番地の1,羽屋4組の4 ｶﾄﾙ･ﾐﾅﾐC102,羽屋三丁目,1,32,hayataisyoubo.pdf,,high,
119,大字羽屋39番地の1,羽屋4組の4 ｶﾄﾙ･ﾐﾅﾐC201,羽屋三丁目,1,32,hayataisyoubo.pdf,,high,
120,大字羽屋39番地の1,羽屋4組の4 ｶﾄﾙ･ﾐﾅﾐC202,羽屋三丁目,1,32,hayataisyoubo.pdf,,high,
121,大字羽屋39番地の2,羽屋4組の1A,羽屋三丁目,1,17,hayataisyoubo.pdf,,high,
122,大字羽屋40番地,羽屋4組の2 ｳﾞｨﾗ豊府101,羽屋三丁目,1,34,hayataisyoubo.pdf,,high,
123,大字羽屋40番地,羽屋4組の2 ｳﾞｨﾗ豊府102,羽屋三丁目,1,34,hayataisyoubo.pdf,,high,
124,大字羽屋40番地,羽屋4組の2 ｳﾞｨﾗ豊府103,羽屋三丁目,1,34,hayataisyoubo.pdf,,high,
125,大字羽屋40番地,羽屋4組の2 ｳﾞｨﾗ豊府105,羽屋三丁目,1,34,hayataisyoubo.pdf,,high,
126,大字羽屋40番地,羽屋4組の2 ｳﾞｨﾗ豊府106,羽屋三丁目,1,34,hayataisyoubo.pdf,,high,
127,大字羽屋40番地,羽屋4組の2 ｳﾞｨﾗ豊府107,羽屋三丁目,1,34,hayataisyoubo.pdf,,high,
128,大字羽屋40番地,羽屋4組の2 ｳﾞｨﾗ豊府108,羽屋三丁目,1,34,hayataisyoubo.pdf,,high,
129,大字羽屋40番地,羽屋4組の2 豊府荘110,羽屋三丁目,1,34,hayataisyoubo.pdf,,high,
130,大字羽屋40番地,羽屋4組の2 ｳﾞｨﾗ豊府111,羽屋三丁目,1,34,hayataisyoubo.pdf,,high,
131,大字羽屋40番地,羽屋4組の2 ｳﾞｨﾗ豊府112,羽屋三丁目,1,34,hayataisyoubo.pdf,,high,
132,大字羽屋40番地,羽屋4組の2 ｳﾞｨﾗ豊府201,羽屋三丁目,1,34,hayataisyoubo.pdf,,high,
133,大字羽屋40番地,羽屋4組の2 ｳﾞｨﾗ豊府202,羽屋三丁目,1,34,hayataisyoubo.pdf,,high,
134,大字羽屋40番地,羽屋4組の2 豊府荘203,羽屋三丁目,1,34,hayataisyoubo.pdf,,high,
135,大字羽屋40番地,羽屋4組の2 ｳﾞｨﾗ豊府205,羽屋三丁目,1,34,hayataisyoubo.pdf,,high,
136,大字羽屋40番地,羽屋4組の2 ｳﾞｨﾗ豊府206,羽屋三丁目,1,34,hayataisyoubo.pdf,,high,
137,大字羽屋40番地,羽屋4組の2 ｳﾞｨﾗ豊府207,羽屋三丁目,1,34,hayataisyoubo.pdf,,high,資料上2回出現
138,大字羽屋40番地,羽屋4組の2 ｳﾞｨﾗ豊府208,羽屋三丁目,1,34,hayataisyoubo.pdf,,high,資料上2回出現
139,大字羽屋40番地,羽屋4組の2 ｳﾞｨﾗ豊府210,羽屋三丁目,1,34,hayataisyoubo.pdf,,high,
140,大字羽屋40番地,羽屋4組の2 ｳﾞｨﾗ豊府211,羽屋三丁目,1,34,hayataisyoubo.pdf,,high,資料上2回出現
141,大字羽屋40番地,羽屋4組の2 ｳﾞｨﾗ豊府212,羽屋三丁目,1,34,hayataisyoubo.pdf,,high,
142,大字羽屋41番地の2,羽屋4組の1A,羽屋三丁目,1,42,hayataisyoubo.pdf,,high,
143,大字羽屋41番地の3,羽屋4組の1A,羽屋三丁目,1,36,hayataisyoubo.pdf,,high,
144,大字羽屋41番地の3,,羽屋三丁目,1,36,hayataisyoubo.pdf,,high,資料上通称の記載なし
145,大字羽屋41番地の4,羽屋4組の1A,羽屋三丁目,1,38,hayataisyoubo.pdf,,high,
146,大字羽屋41番地の4,,羽屋三丁目,1,38,hayataisyoubo.pdf,,high,資料上通称の記載なし
147,大字羽屋41番地の5,羽屋4組の1A,羽屋三丁目,1,39,hayataisyoubo.pdf,,high,資料上2回出現
148,大字羽屋41番地の6,羽屋4組の1A,羽屋三丁目,1,41,hayataisyoubo.pdf,,high,
149,大字羽屋41番地の7,羽屋4組の1A,羽屋三丁目,1,43,hayataisyoubo.pdf,,high,
150,大字羽屋41番地の8,羽屋4組の1A,羽屋三丁目,1,44,hayataisyoubo.pdf,,high,
151,大字羽屋41番地の9,羽屋4組の1A,羽屋三丁目,1,45,hayataisyoubo.pdf,,high,
152,羽屋43-1,,羽屋三丁目,1,6,hayataisyoubo.pdf,,high,資料上通称の記載なし
153,大字羽屋118番地1,,羽屋一丁目,5,20,hayataisyoubo.pdf,,high,資料上2回出現、資料上通称の記載なし
154,大字羽屋字梶伐田118-1,,羽屋一丁目,5,22,hayataisyoubo.pdf,,high,資料上通称の記載なし
155,大字羽屋118-6,,羽屋一丁目,5,18,hayataisyoubo.pdf,,high,資料上3回出現、資料上通称の記載なし
156,大字羽屋119番地の1,羽屋4組の1A 松本ｸﾘｰﾆﾝｸﾞ店2F,羽屋一丁目,5,13,hayataisyoubo.pdf,,high,
157,大字羽屋119番地の1,羽屋4組の1A,羽屋一丁目,5,14,hayataisyoubo.pdf,,high,
158,大字羽屋123番地の1,羽屋3組の1,羽屋一丁目,5,1,hayataisyoubo.pdf,,high,資料上2回出現
159,大字羽屋123番地の8,羽屋3組の1,羽屋一丁目,5,2,hayataisyoubo.pdf,,high,
160,大字羽屋129番地の2,羽屋4組の1A,羽屋二丁目,5,40,hayataisyoubo.pdf,,high,資料上2回出現
161,大字羽屋131番地の1,羽屋4組の1A,羽屋二丁目,5,32,hayataisyoubo.pdf,,high,
162,大字羽屋131番地の3,羽屋4組の1A,羽屋二丁目,5,38,hayataisyoubo.pdf,,high,
163,大字羽屋131番地の3,羽屋四の1,羽屋二丁目,5,38,hayataisyoubo.pdf,,high,
164,大字羽屋131番地の4,羽屋4組の1A,羽屋二丁目,5,36,hayataisyoubo.pdf,,high,
165,大字羽屋131番地の5,羽屋4組の1A,羽屋二丁目,5,34,hayataisyoubo.pdf,,high,
166,大字羽屋132番地,羽屋4組の1A,羽屋二丁目,5,41,hayataisyoubo.pdf,,high,
167,大字羽屋133番地の1,羽屋3組の3,羽屋二丁目,5,45,hayataisyoubo.pdf,,high,
168,大字羽屋133番地の2,羽屋3組の3 ﾊﾟﾙﾄﾞﾐｰﾙⅡ101,羽屋二丁目,5,46,hayataisyoubo.pdf,,high,
169,大字羽屋133番地の2,羽屋3組の3 ﾊﾟﾙﾄﾞﾐｰﾙⅡ102,羽屋二丁目,5,46,hayataisyoubo.pdf,,high,
170,大字羽屋133番地の2,羽屋3組の3 ﾊﾟﾙﾄﾞﾐｰﾙⅡ201,羽屋二丁目,5,46,hayataisyoubo.pdf,,high,
171,大字羽屋133番地の2,羽屋3組の3 ﾊﾟﾙﾄﾞﾐｰﾙⅡ202,羽屋二丁目,5,46,hayataisyoubo.pdf,,high,
172,大字羽屋133番地の2,羽屋3組の3 ﾊﾟﾙﾄﾞﾐｰﾙⅠ101,羽屋二丁目,5,48,hayataisyoubo.pdf,,high,
173,大字羽屋133番地の2,羽屋3組の3 ﾊﾟﾙﾄﾞﾐｰﾙⅠ102,羽屋二丁目,5,48,hayataisyoubo.pdf,,high,
174,大字羽屋133番地の2,羽屋3組の3 ﾊﾟﾙﾄﾞﾐｰﾙⅠ103,羽屋二丁目,5,48,hayataisyoubo.pdf,,high,
175,大字羽屋133番地の2,羽屋3組の3 ﾊﾟﾙﾄﾞﾐｰﾙⅠ104,羽屋二丁目,5,48,hayataisyoubo.pdf,,high,
176,大字羽屋133番地の2,羽屋3組の3 ﾊﾟﾙﾄﾞﾐｰﾙⅠ201,羽屋二丁目,5,48,hayataisyoubo.pdf,,high,
177,大字羽屋133番地の2,羽屋3組の3 ﾊﾟﾙﾄﾞﾐｰﾙⅠ202,羽屋二丁目,5,48,hayataisyoubo.pdf,,high,
178,大字羽屋133番地の2,羽屋3組の3 ﾊﾟﾙﾄﾞﾐｰﾙⅠ203,羽屋二丁目,5,48,hayataisyoubo.pdf,,high,
179,大字羽屋133番地の2,羽屋3組の3 ﾊﾟﾙﾄﾞﾐｰﾙⅠ204,羽屋二丁目,5,48,hayataisyoubo.pdf,,high,
180,羽屋134番1号,,羽屋二丁目,5,5,hayataisyoubo.pdf,,high,資料上通称の記載なし
181,大字羽屋135番地の3,羽屋3組の2,羽屋一丁目,4,9,hayataisyoubo.pdf,,high,資料上4回出現
182,大字羽屋135番地の3,,羽屋一丁目,4,9,hayataisyoubo.pdf,,high,資料上通称の記載なし
183,大字羽屋135番地の8,羽屋3組の2 ﾊｼﾞｱﾊﾟｰﾄ101,羽屋一丁目,4,13,hayataisyoubo.pdf,,high,
184,大字羽屋135番地の8,羽屋3組の2 ﾊｼﾞｱﾊﾟｰﾄ102,羽屋一丁目,4,13,hayataisyoubo.pdf,,high,
185,大字羽屋135番地の8,羽屋3組の2 ﾊｼﾞｱﾊﾟｰﾄ103,羽屋一丁目,4,13,hayataisyoubo.pdf,,high,
186,大字羽屋135番地の8,羽屋3組の2 ﾊｼﾞｱﾊﾟｰﾄ104,羽屋一丁目,4,13,hayataisyoubo.pdf,,high,
187,大字羽屋135番地の8,ﾊｼﾞｱﾊﾟｰﾄ104,羽屋一丁目,4,13,hayataisyoubo.pdf,,high,
188,大字羽屋135番地の8,羽屋3組の2 ﾊｼﾞｱﾊﾟｰﾄ105,羽屋一丁目,4,13,hayataisyoubo.pdf,,high,
189,大字羽屋135番地の8,羽屋3組の2 ﾊｼﾞｱﾊﾟｰﾄ201,羽屋一丁目,4,13,hayataisyoubo.pdf,,high,
190,大字羽屋135番地の8,羽屋3組の2 ﾊｼﾞｱﾊﾟｰﾄ202,羽屋一丁目,4,13,hayataisyoubo.pdf,,high,
191,大字羽屋135番地の8,羽屋3組の2 ﾊｼﾞｱﾊﾟｰﾄ203,羽屋一丁目,4,13,hayataisyoubo.pdf,,high,
192,大字羽屋135番地の8,羽屋3組の2 ﾊｼﾞｱﾊﾟｰﾄ204,羽屋一丁目,4,13,hayataisyoubo.pdf,,high,
193,大字羽屋135番地の9,羽屋3組の2,羽屋一丁目,4,3,hayataisyoubo.pdf,,high,
194,大字羽屋135番地の21,羽屋3組の2,羽屋一丁目,4,15,hayataisyoubo.pdf,,high,
195,大字羽屋135番地の25,羽屋3組の2,羽屋一丁目,4,16,hayataisyoubo.pdf,,high,
196,大字羽屋135番地の28,羽屋3組の2,羽屋一丁目,4,17,hayataisyoubo.pdf,,high,
197,大字羽屋135番地の29,羽屋3組の2,羽屋一丁目,4,18,hayataisyoubo.pdf,,high,資料上2回出現
198,大字羽屋136番地の2,羽屋3組の2,羽屋一丁目,4,28,hayataisyoubo.pdf,,high,
199,大字羽屋136番地の3,羽屋3組の2,羽屋一丁目,4,24,hayataisyoubo.pdf,,high,資料上2回出現
200,大字羽屋136番地の5,羽屋3組の2,羽屋一丁目,4,21,hayataisyoubo.pdf,,high,資料上2回出現
201,大字羽屋136番地の6,羽屋3組の2,羽屋一丁目,4,19,hayataisyoubo.pdf,,high,
202,大字羽屋136番地の7,羽屋3組の2,羽屋一丁目,4,20,hayataisyoubo.pdf,,high,
203,大字羽屋137番地の2,羽屋3組の1,羽屋一丁目,4,46,hayataisyoubo.pdf,,high,
204,大字羽屋137番地の3,羽屋3組の1,羽屋一丁目,4,42,hayataisyoubo.pdf,,high,
205,大字羽屋137番地の4,羽屋3組の1,羽屋一丁目,4,41,hayataisyoubo.pdf,,high,
206,大字羽屋137番地の5,羽屋3組の1,羽屋一丁目,4,37,hayataisyoubo.pdf,,high,資料上2回出現
207,大字羽屋137番地の6,羽屋3組の1,羽屋一丁目,4,35,hayataisyoubo.pdf,,high,
208,大字羽屋138番地の1,羽屋3組の1,羽屋一丁目,3,22,hayataisyoubo.pdf,,high,
209,大字羽屋138番地の2,羽屋3組の1,羽屋一丁目,3,32,hayataisyoubo.pdf,,high,
210,大字羽屋138番地の3,羽屋3組の1,羽屋一丁目,3,33,hayataisyoubo.pdf,,high,
211,大字羽屋138番地の5,羽屋3組の1,羽屋一丁目,3,18,hayataisyoubo.pdf,,high,
212,大字羽屋138番地の8,羽屋3組の1,羽屋一丁目,3,15,hayataisyoubo.pdf,,high,
213,大字羽屋138番地の10,羽屋3組の1,羽屋一丁目,3,11,hayataisyoubo.pdf,,high,
214,大字羽屋138番地の11,羽屋3組の1,羽屋一丁目,3,10,hayataisyoubo.pdf,,high,
215,大字羽屋138番地の12,羽屋3組の1,羽屋一丁目,3,9,hayataisyoubo.pdf,,high,
216,大字羽屋138番地の14,羽屋3組の1,羽屋一丁目,3,7,hayataisyoubo.pdf,,high,資料上2回出現
217,大字羽屋138番地の15,羽屋3組の1,羽屋一丁目,3,5,hayataisyoubo.pdf,,high,
218,大字羽屋138番地の16,羽屋3組の1,羽屋一丁目,3,1,hayataisyoubo.pdf,,high,
219,大字羽屋138番地16号,羽屋3組の1,羽屋一丁目,3,1,hayataisyoubo.pdf,,high,
220,大字羽屋138番地の17,羽屋3組の1,羽屋一丁目,3,23,hayataisyoubo.pdf,,high,
221,大字羽屋138番地の18,羽屋3組の1,羽屋一丁目,3,20,hayataisyoubo.pdf,,high,資料上2回出現
222,羽屋挟間190-3,,羽屋新町一丁目,1,7,hayataisyoubo.pdf,,high,資料上通称の記載なし
223,大字羽屋191番地の1,羽屋新町7組,羽屋新町一丁目,2,20,hayataisyoubo.pdf,,high,資料上2回出現
224,大字羽屋191番地の5,羽屋新町8組 ｻｻﾞﾝﾊﾟﾚｽ101,羽屋新町一丁目,2,24-101,hayataisyoubo.pdf,,high,
225,大字羽屋191番地の5,羽屋新町8組 ｻｻﾞﾝﾊﾟﾚｽ102,羽屋新町一丁目,2,24-102,hayataisyoubo.pdf,,high,
226,大字羽屋191番地の5,羽屋新町8組 ｻｻﾞﾝﾊﾟﾚｽ103,羽屋新町一丁目,2,24-103,hayataisyoubo.pdf,,high,
227,大字羽屋191番地の5,羽屋新町8組 ｻｻﾞﾝﾊﾟﾚｽ105,羽屋新町一丁目,2,24-105,hayataisyoubo.pdf,,high,
228,大字羽屋191番地の5,羽屋新町8組 ｻｻﾞﾝﾊﾟﾚｽ106,羽屋新町一丁目,2,24-106,hayataisyoubo.pdf,,high,
229,大字羽屋191番地の5,羽屋新町8組 ｻｻﾞﾝﾊﾟﾚｽ201,羽屋新町一丁目,2,24-201,hayataisyoubo.pdf,,high,
230,大字羽屋191番地の5,羽屋新町8組 ｻｻﾞﾝﾊﾟﾚｽ202,羽屋新町一丁目,2,24-202,hayataisyoubo.pdf,,high,
231,大字羽屋191番地の5,羽屋新町8組 ｻｻﾞﾝﾊﾟﾚｽ203,羽屋新町一丁目,2,24-203,hayataisyoubo.pdf,,high,
232,大字羽屋191番地の5,羽屋新町8組 ｻｻﾞﾝﾊﾟﾚｽ205,羽屋新町一丁目,2,24-205,hayataisyoubo.pdf,,high,
233,大字羽屋191番地の5,羽屋新町8組 ｻｻﾞﾝﾊﾟﾚｽ206,羽屋新町一丁目,2,24-206,hayataisyoubo.pdf,,high,
234,大字羽屋191番地の5,羽屋新町8組 ｻｻﾞﾝﾊﾟﾚｽ301,羽屋新町一丁目,2,24-301,hayataisyoubo.pdf,,high,
235,大字羽屋191番地の5,羽屋新町8組 ｻｻﾞﾝﾊﾟﾚｽ302,羽屋新町一丁目,2,24-302,hayataisyoubo.pdf,,high,
236,大字羽屋191番地の5,羽屋新町8組 ｻｻﾞﾝﾊﾟﾚｽ303,羽屋新町一丁目,2,24-303,hayataisyoubo.pdf,,high,
237,大字羽屋191番地の5,羽屋新町8組 ｻｻﾞﾝﾊﾟﾚｽ305,羽屋新町一丁目,2,24-305,hayataisyoubo.pdf,,high,資料上2回出現
238,大字羽屋191番地の5,羽屋新町8組 ｻｻﾞﾝﾊﾟﾚｽ306,羽屋新町一丁目,2,24-306,hayataisyoubo.pdf,,high,
239,大字羽屋191番地の5,羽屋新町8組 ｻｻﾞﾝﾊﾟﾚｽ401,羽屋新町一丁目,2,24-401,hayataisyoubo.pdf,,high,
240,大字羽屋191番地の5,羽屋新町8組 ｻｻﾞﾝﾊﾟﾚｽ402,羽屋新町一丁目,2,24-402,hayataisyoubo.pdf,,high,
241,大字羽屋191番地の5,羽屋新町8組 ｻｻﾞﾝﾊﾟﾚｽ403,羽屋新町一丁目,2,24-403,hayataisyoubo.pdf,,high,
242,大字羽屋191番地の5,羽屋新町8組 ｻｻﾞﾝﾊﾟﾚｽ405,羽屋新町一丁目,2,24-405,hayataisyoubo.pdf,,high,
243,大字羽屋191番地の5,羽屋新町8組 ｻｻﾞﾝﾊﾟﾚｽ501,羽屋新町一丁目,2,24-501,hayataisyoubo.pdf,,high,
244,大字羽屋191番地の5,羽屋新町8組 ｻｻﾞﾝﾊﾟﾚｽ502,羽屋新町一丁目,2,24-502,hayataisyoubo.pdf,,high,
245,大字羽屋191番地の5,羽屋新町8組 ｻｻﾞﾝﾊﾟﾚｽ503,羽屋新町一丁目,2,24-503,hayataisyoubo.pdf,,high,
246,大字羽屋191番地の12,羽屋新町7組,羽屋新町一丁目,2,30,hayataisyoubo.pdf,,high,
247,大字羽屋191番地の15,羽屋新町7組,羽屋新町一丁目,2,38,hayataisyoubo.pdf,,high,資料上2回出現
248,大字羽屋191番地の16,羽屋新町7組,羽屋新町一丁目,2,34,hayataisyoubo.pdf,,high,
249,大字羽屋191番地の17,羽屋新町7組,羽屋新町一丁目,2,32,hayataisyoubo.pdf,,high,資料上2回出現
250,大字羽屋191番地の24,羽屋新町7組,羽屋新町一丁目,2,13,hayataisyoubo.pdf,,high,
251,大字羽屋191番地の27,羽屋新町7組,羽屋新町一丁目,2,15,hayataisyoubo.pdf,,high,
252,大字羽屋191番地の28,羽屋新町7組,羽屋新町一丁目,2,17,hayataisyoubo.pdf,,high,
253,大字羽屋191番地の30,羽屋新町7組,羽屋新町一丁目,2,21,hayataisyoubo.pdf,,high,
254,大字羽屋191番地の31,羽屋新町7組,羽屋新町一丁目,2,22,hayataisyoubo.pdf,,high,
255,大字羽屋191番地の32,羽屋新町7組,羽屋新町一丁目,2,23,hayataisyoubo.pdf,,high,
256,羽屋194-3,,羽屋新町一丁目,2,4,hayataisyoubo.pdf,,high,資料上通称の記載なし
257,大字羽屋194番地の4,,羽屋新町一丁目,2,5,hayataisyoubo.pdf,,high,資料上通称の記載なし
258,大字羽屋194番地の5,羽屋新町7組,羽屋新町一丁目,2,9,hayataisyoubo.pdf,,high,
259,羽屋195-1,,羽屋新町一丁目,1,13,hayataisyoubo.pdf,,high,資料上通称の記載なし
260,羽屋196番地5号,,羽屋新町一丁目,1,16,hayataisyoubo.pdf,,high,資料上通称の記載なし
261,羽屋211番地の2,ﾕﾆﾊﾟｽﾋﾞﾙ1階,羽屋新町二丁目,1,37,hayataisyoubo.pdf,,high,
262,羽屋211番地の2,,羽屋新町二丁目,1,37,hayataisyoubo.pdf,,high,資料上通称の記載なし
263,大字羽屋211-2,ﾕﾆﾊﾟｽﾋﾞﾙ2F,羽屋新町二丁目,1,37,hayataisyoubo.pdf,,high,
264,大字羽屋211番地の2,,羽屋新町二丁目,1,37,hayataisyoubo.pdf,,high,資料上2回出現、資料上通称の記載なし
265,大字羽屋211番地の3,羽屋新町1組,羽屋新町二丁目,1,34,hayataisyoubo.pdf,,high,
266,大字羽屋211番地3,羽屋新町1組,羽屋新町二丁目,1,34,hayataisyoubo.pdf,,high,
267,大字羽屋太田212-1,,羽屋新町二丁目,1,38,hayataisyoubo.pdf,,high,資料上通称の記載なし
268,大字羽屋字太田215番1,羽屋新町1組,羽屋新町二丁目,1,40,hayataisyoubo.pdf,,high,
269,大字羽屋216番地の1,羽屋新町1組 ｱｻﾋｱﾙﾌｧ大分ﾋﾞﾙ1F,羽屋新町二丁目,1,1,hayataisyoubo.pdf,,high,資料上2回出現
270,羽屋216-1,ｱｻﾋｱﾙﾌｧ大分ﾋﾞﾙ1F,羽屋新町二丁目,1,1,hayataisyoubo.pdf,,high,資料上3回出現
271,羽屋216-1,,羽屋新町二丁目,1,1,hayataisyoubo.pdf,,high,資料上通称の記載なし
272,羽屋216-1,ｱｻﾋｱﾙﾌｧ大分ﾋﾞﾙ2F,羽屋新町二丁目,1,1,hayataisyoubo.pdf,,high,
273,大字羽屋216番地の1,羽屋新町1組 ｱｻﾋｱﾙﾌｧ大分ﾋﾞﾙ301,羽屋新町二丁目,1,1-301,hayataisyoubo.pdf,,high,
274,大字羽屋216番地の1,羽屋新町1組 ｱｻﾋｱﾙﾌｧ大分ﾋﾞﾙ302,羽屋新町二丁目,1,1-302,hayataisyoubo.pdf,,high,
275,羽屋216-1,ｱｻﾋｱﾙﾌｧ大分ﾋﾞﾙ302,羽屋新町二丁目,1,1-302,hayataisyoubo.pdf,,high,
276,羽屋217-5,,羽屋新町二丁目,1,8,hayataisyoubo.pdf,,high,資料上通称の記載なし
277,大字羽屋217-5,,羽屋新町二丁目,1,10,hayataisyoubo.pdf,,high,資料上通称の記載なし
278,大字羽屋218番地,羽屋新町4組,羽屋新町二丁目,2,18,hayataisyoubo.pdf,,high,資料上2回出現
279,大字羽屋218番地の1,羽屋新町3組,羽屋新町二丁目,2,5,hayataisyoubo.pdf,,high,
280,大字羽屋218番地の1,,羽屋新町二丁目,2,5,hayataisyoubo.pdf,,high,資料上通称の記載なし
281,大字羽屋218番地の3,羽屋新町3組,羽屋新町二丁目,2,7,hayataisyoubo.pdf,,high,
282,大字羽屋218番地の4,羽屋新町3組,羽屋新町二丁目,2,9,hayataisyoubo.pdf,,high,
283,大字羽屋218番地の5,羽屋新町3組,羽屋新町二丁目,2,10,hayataisyoubo.pdf,,high,
284,大字羽屋218番地の6,羽屋新町3組,羽屋新町二丁目,2,13,hayataisyoubo.pdf,,high,
285,大字羽屋218番地の7,羽屋新町4組,羽屋新町二丁目,2,1,hayataisyoubo.pdf,,high,
286,大字羽屋218番地の8,羽屋新町4組,羽屋新町二丁目,2,22,hayataisyoubo.pdf,,high,
287,大字羽屋218番地の9,羽屋新町4組,羽屋新町二丁目,2,19,hayataisyoubo.pdf,,high,
288,大字羽屋218番地の11,羽屋新町4組,羽屋新町二丁目,2,16,hayataisyoubo.pdf,,high,
289,大字羽屋218番地の12,羽屋新町5組,羽屋新町二丁目,1,16,hayataisyoubo.pdf,,high,
290,大字羽屋218番地の13,羽屋新町5組,羽屋新町二丁目,1,18,hayataisyoubo.pdf,,high,
291,大字羽屋218番地の14,羽屋新町5組,羽屋新町二丁目,1,19,hayataisyoubo.pdf,,high,
292,大字羽屋218番地の15,羽屋新町5組,羽屋新町二丁目,1,22,hayataisyoubo.pdf,,high,
293,大字羽屋218番地の16,羽屋新町5組,羽屋新町二丁目,1,23,hayataisyoubo.pdf,,high,
294,大字羽屋218番地の17,羽屋新町5組,羽屋新町二丁目,1,24,hayataisyoubo.pdf,,high,資料上2回出現
295,大字羽屋218番地の18,羽屋新町4組,羽屋新町二丁目,1,25,hayataisyoubo.pdf,,high,資料上2回出現
296,大字羽屋222番地の2,羽屋新町2組,羽屋新町二丁目,3,15,hayataisyoubo.pdf,,high,
297,大字羽屋222番地の3,羽屋新町2組,羽屋新町二丁目,3,18,hayataisyoubo.pdf,,high,資料上2回出現
298,大字羽屋222番地の4,羽屋新町2組,羽屋新町二丁目,3,19,hayataisyoubo.pdf,,high,
299,大字羽屋222番地の5,羽屋新町2組,羽屋新町二丁目,3,21,hayataisyoubo.pdf,,high,
300,大字羽屋222番地の6,羽屋新町2組,羽屋新町二丁目,3,22,hayataisyoubo.pdf,,high,
301,大字羽屋222番地の7,羽屋新町2組,羽屋新町二丁目,3,1,hayataisyoubo.pdf,,high,資料上2回出現
302,大字羽屋222番地の8,羽屋新町1組,羽屋新町二丁目,3,4,hayataisyoubo.pdf,,high,
303,大字羽屋222番地の8,,羽屋新町二丁目,3,4,hayataisyoubo.pdf,,high,資料上2回出現、資料上通称の記載なし
304,大字羽屋222番地の10,羽屋新町1組,羽屋新町二丁目,3,8,hayataisyoubo.pdf,,high,資料上3回出現
305,大字羽屋222番地の11,羽屋新町1組,羽屋新町二丁目,3,9,hayataisyoubo.pdf,,high,
306,大字羽屋222番地の12,羽屋新町1組,羽屋新町二丁目,3,11,hayataisyoubo.pdf,,high,
307,大字羽屋223番地,羽屋新町1組,羽屋新町二丁目,1,32,hayataisyoubo.pdf,,high,資料上3回出現
308,大字羽屋223番地,羽屋新町1組 山崎ﾋﾞﾙ201,羽屋新町二丁目,1,32-201,hayataisyoubo.pdf,,high,
309,大字羽屋223番地,羽屋新町1組 山崎ﾋﾞﾙ202,羽屋新町二丁目,1,32-202,hayataisyoubo.pdf,,high,
310,大字羽屋223番地,羽屋新町1組 山崎ﾋﾞﾙ301,羽屋新町二丁目,1,32-301,hayataisyoubo.pdf,,high,
311,大字羽屋223番地,羽屋新町1組 山崎ﾋﾞﾙ302,羽屋新町二丁目,1,32-302,hayataisyoubo.pdf,,high,
312,大字羽屋230番地1,,羽屋新町三丁目,1,11,hayataisyoubo.pdf,,high,資料上通称の記載なし
313,大字羽屋232-1,,羽屋新町三丁目,1,6,hayataisyoubo.pdf,,high,資料上2回出現、資料上通称の記載なし
314,大字羽屋232番地の1,羽屋新町9組 ｻｻﾞﾝｼﾃｨ大和101,羽屋新町三丁目,1,6-101,hayataisyoubo.pdf,,high,
315,大字羽屋232番地の1,羽屋新町9組 ｻｻﾞﾝｼﾃｨ大和102,羽屋新町三丁目,1,6-102,hayataisyoubo.pdf,,high,
316,大字羽屋232番地の1,羽屋新町9組 ｻｻﾞﾝｼﾃｨ大和103,羽屋新町三丁目,1,6-103,hayataisyoubo.pdf,,high,
317,大字羽屋232番地の1,羽屋新町9組 ｻｻﾞﾝｼﾃｨ大和105,羽屋新町三丁目,1,6-105,hayataisyoubo.pdf,,high,
318,大字羽屋232番地の1,羽屋新町9組 ｻｻﾞﾝｼﾃｨ大和106,羽屋新町三丁目,1,6-106,hayataisyoubo.pdf,,high,
319,大字羽屋232番地の1,羽屋新町9組 ｻｻﾞﾝｼﾃｨ大和201,羽屋新町三丁目,1,6-201,hayataisyoubo.pdf,,high,
320,大字羽屋232番地の1,羽屋新町9組 ｻｻﾞﾝｼﾃｨ大和202,羽屋新町三丁目,1,6-202,hayataisyoubo.pdf,,high,
321,大字羽屋232番地の1,羽屋新町9組 ｻｻﾞﾝｼﾃｨ大和203,羽屋新町三丁目,1,6-203,hayataisyoubo.pdf,,high,
322,大字羽屋232番地の1,羽屋新町9組 ｻｻﾞﾝｼﾃｨ大和205,羽屋新町三丁目,1,6-205,hayataisyoubo.pdf,,high,資料上3回出現
323,大字羽屋232番地の1,羽屋新町9組 ｻｻﾞﾝｼﾃｨ大和206,羽屋新町三丁目,1,6-206,hayataisyoubo.pdf,,high,
324,大字羽屋232番地の1,羽屋新町9組 ｻｻﾞﾝｼﾃｨ大和301,羽屋新町三丁目,1,6-301,hayataisyoubo.pdf,,high,
325,大字羽屋232番地の1,羽屋新町9組 ｻｻﾞﾝｼﾃｨ大和302,羽屋新町三丁目,1,6-302,hayataisyoubo.pdf,,high,
326,大字羽屋232番地の1,羽屋新町9組 ｻｻﾞﾝｼﾃｨ大和303,羽屋新町三丁目,1,6-303,hayataisyoubo.pdf,,high,
327,大字羽屋232番地の1,羽屋新町9組 ｻｻﾞﾝｼﾃｨ大和305,羽屋新町三丁目,1,6-305,hayataisyoubo.pdf,,high,
328,大字羽屋232番地の1,羽屋新町9組 ｻｻﾞﾝｼﾃｨ大和306,羽屋新町三丁目,1,6-306,hayataisyoubo.pdf,,high,
329,大字羽屋232番地の1,羽屋新町9組 ｻｻﾞﾝｼﾃｨ大和401,羽屋新町三丁目,1,6-401,hayataisyoubo.pdf,,high,
330,大字羽屋232番地の1,羽屋新町9組 ｻｻﾞﾝｼﾃｨ大和402,羽屋新町三丁目,1,6-402,hayataisyoubo.pdf,,high,
331,大字羽屋232番地の1,羽屋新町9組 ｻｻﾞﾝｼﾃｨ大和403,羽屋新町三丁目,1,6-403,hayataisyoubo.pdf,,high,
332,大字羽屋232番地の1,羽屋新町9組 ｻｻﾞﾝｼﾃｨ大和405,羽屋新町三丁目,1,6-405,hayataisyoubo.pdf,,high,
333,大字羽屋232番地の1,羽屋新町9組 ｻｻﾞﾝｼﾃｨ大和406,羽屋新町三丁目,1,6-406,hayataisyoubo.pdf,,high,
334,大字羽屋232番地の1,羽屋新町9組 ｻｻﾞﾝｼﾃｨ大和501,羽屋新町三丁目,1,6-501,hayataisyoubo.pdf,,high,
335,大字羽屋232番地の1,羽屋新町9組 ｻｻﾞﾝｼﾃｨ大和502,羽屋新町三丁目,1,6-502,hayataisyoubo.pdf,,high,資料上2回出現
336,大字羽屋232番地の1,羽屋新町9組 ｻｻﾞﾝｼﾃｨ大和503,羽屋新町三丁目,1,6-503,hayataisyoubo.pdf,,high,
337,大字羽屋232番地の1,羽屋新町9組 ｻｻﾞﾝｼﾃｨ大和505,羽屋新町三丁目,1,6-505,hayataisyoubo.pdf,,high,
338,大字羽屋232番地の1,羽屋新町9組 ｻｻﾞﾝｼﾃｨ大和506,羽屋新町三丁目,1,6-506,hayataisyoubo.pdf,,high,
339,大字羽屋232番地の1,羽屋新町9組 ｻｻﾞﾝｼﾃｨ大和601,羽屋新町三丁目,1,6-601,hayataisyoubo.pdf,,high,
340,大字羽屋232番地の1,羽屋新町9組 ｻｻﾞﾝｼﾃｨ大和602,羽屋新町三丁目,1,6-602,hayataisyoubo.pdf,,high,
341,大字羽屋232番地の1,羽屋新町9組 ｻｻﾞﾝｼﾃｨ大和603,羽屋新町三丁目,1,6-603,hayataisyoubo.pdf,,high,
342,大字羽屋232番地の1,羽屋新町9組 ｻｻﾞﾝｼﾃｨ大和605,羽屋新町三丁目,1,6-605,hayataisyoubo.pdf,,high,
343,大字羽屋232番地の1,羽屋新町9組 ｻｻﾞﾝｼﾃｨ大和606,羽屋新町三丁目,1,6-606,hayataisyoubo.pdf,,high,
344,大字羽屋字小柿234番地の1,,羽屋新町三丁目,1,24,hayataisyoubo.pdf,,high,資料上2回出現、資料上通称の記載なし
345,大字羽屋234番地の1,羽屋新町12組 ﾙ･ｸﾞﾗﾝ-K.P301,羽屋新町三丁目,1,24-301,hayataisyoubo.pdf,,high,
346,大字羽屋234番地の1,羽屋新町12組 ﾙ･ｸﾞﾗﾝ-K.P302,羽屋新町三丁目,1,24-302,hayataisyoubo.pdf,,high,
347,大字羽屋234番地の1,羽屋新町12組 ﾙ･ｸﾞﾗﾝ-K.P303,羽屋新町三丁目,1,24-303,hayataisyoubo.pdf,,high,
348,大字羽屋234番地の1,羽屋新町12組 ﾙ･ｸﾞﾗﾝ-K.P305,羽屋新町三丁目,1,24-305,hayataisyoubo.pdf,,high,
349,大字羽屋234番地の1,羽屋新町12組 ﾙ･ｸﾞﾗﾝ-K.P306,羽屋新町三丁目,1,24-306,hayataisyoubo.pdf,,high,
350,大字羽屋234番地の1,羽屋新町12組 ﾙ･ｸﾞﾗﾝ-K.P308,羽屋新町三丁目,1,24-308,hayataisyoubo.pdf,,high,
351,大字羽屋234番地の1,羽屋新町12組 ﾙ･ｸﾞﾗﾝ-K.P401,羽屋新町三丁目,1,24-401,hayataisyoubo.pdf,,high,
352,大字羽屋234番地の1,羽屋新町12組 ﾙ･ｸﾞﾗﾝ-K.P402,羽屋新町三丁目,1,24-402,hayataisyoubo.pdf,,high,
353,大字羽屋234番地の1,羽屋新町12組 ﾙ･ｸﾞﾗﾝ-K.P403,羽屋新町三丁目,1,24-403,hayataisyoubo.pdf,,high,
354,大字羽屋234番地の1,羽屋新町12組 ﾙ･ｸﾞﾗﾝ-K.P405,羽屋新町三丁目,1,24-405,hayataisyoubo.pdf,,high,
355,大字羽屋234番地の1,羽屋新町12組 ﾙ･ｸﾞﾗﾝ-K.P406,羽屋新町三丁目,1,24-406,hayataisyoubo.pdf,,high,
356,大字羽屋234番地の1,羽屋新町12組 ﾙ･ｸﾞﾗﾝ-K.P501,羽屋新町三丁目,1,24-501,hayataisyoubo.pdf,,high,
357,大字羽屋234番地の1,羽屋新町12組 ﾙ･ｸﾞﾗﾝ-K.P502,羽屋新町三丁目,1,24-502,hayataisyoubo.pdf,,high,
358,大字羽屋234番地の1,羽屋新町12組 ﾙ･ｸﾞﾗﾝ-K.P503,羽屋新町三丁目,1,24-503,hayataisyoubo.pdf,,high,
359,大字羽屋234番地の1,羽屋新町12組 ﾙ･ｸﾞﾗﾝ-K.P505,羽屋新町三丁目,1,24-505,hayataisyoubo.pdf,,high,
360,大字羽屋234番地の1,羽屋新町12組 ﾙ･ｸﾞﾗﾝ-K.P506,羽屋新町三丁目,1,24-506,hayataisyoubo.pdf,,high,
361,大字羽屋234番地の1,羽屋新町12組 ﾙ･ｸﾞﾗﾝ-K.P602,羽屋新町三丁目,1,24-602,hayataisyoubo.pdf,,high,
362,大字羽屋234番地の1,羽屋新町12組 ﾙ･ｸﾞﾗﾝ-K.P603,羽屋新町三丁目,1,24-603,hayataisyoubo.pdf,,high,
363,大字羽屋234番地の1,羽屋新町12組 ﾙ･ｸﾞﾗﾝ-K.P605,羽屋新町三丁目,1,24-605,hayataisyoubo.pdf,,high,
364,大字羽屋234番地の1,羽屋新町12組 ﾙ･ｸﾞﾗﾝ-K.P606,羽屋新町三丁目,1,24-606,hayataisyoubo.pdf,,high,
365,大字羽屋234番地の4,羽屋新町10組 ｸﾞﾚｲｽ南大分101,羽屋新町三丁目,1,2-101,hayataisyoubo.pdf,,high,
366,大字羽屋234番地の4,羽屋新町10組 ｸﾞﾚｲｽ南大分102,羽屋新町三丁目,1,2-102,hayataisyoubo.pdf,,high,
367,大字羽屋234番地の4,羽屋新町10組 ｸﾞﾚｲｽ南大分103,羽屋新町三丁目,1,2-103,hayataisyoubo.pdf,,high,
368,大字羽屋234番地の4,羽屋新町10組 ｸﾞﾚｲｽ南大分104,羽屋新町三丁目,1,2-104,hayataisyoubo.pdf,,high,
369,大字羽屋234番地の4,羽屋新町10組 ｸﾞﾚｲｽ南大分105,羽屋新町三丁目,1,2-105,hayataisyoubo.pdf,,high,
370,大字羽屋234番地の4,羽屋新町10組 ｸﾞﾚｲｽ南大分106,羽屋新町三丁目,1,2-106,hayataisyoubo.pdf,,high,
371,大字羽屋234番地の4,羽屋新町10組 ｸﾞﾚｲｽ南大分107,羽屋新町三丁目,1,2-107,hayataisyoubo.pdf,,high,
372,大字羽屋234番地の4,羽屋新町10組 ｸﾞﾚｲｽ南大分108,羽屋新町三丁目,1,2-108,hayataisyoubo.pdf,,high,
373,大字羽屋234番地の4,羽屋新町10組 ｸﾞﾚｲｽ南大分201,羽屋新町三丁目,1,2-201,hayataisyoubo.pdf,,high,
374,大字羽屋234番地の4,羽屋新町10組 ｸﾞﾚｲｽ南大分202,羽屋新町三丁目,1,2-202,hayataisyoubo.pdf,,high,
375,大字羽屋234番地の4,羽屋新町10組 ｸﾞﾚｲｽ南大分203,羽屋新町三丁目,1,2-203,hayataisyoubo.pdf,,high,
376,大字羽屋234番地の4,羽屋新町10組 ｸﾞﾚｲｽ南大分204,羽屋新町三丁目,1,2-204,hayataisyoubo.pdf,,high,
377,大字羽屋234番地の4,羽屋新町10組 ｸﾞﾚｲｽ南大分205,羽屋新町三丁目,1,2-205,hayataisyoubo.pdf,,high,
378,大字羽屋234番地の4,羽屋新町10組 ｸﾞﾚｲｽ南大分206,羽屋新町三丁目,1,2-206,hayataisyoubo.pdf,,high,
379,大字羽屋234番地の4,羽屋新町10組 ｸﾞﾚｲｽ南大分207,羽屋新町三丁目,1,2-207,hayataisyoubo.pdf,,high,
380,大字羽屋234番地の4,羽屋新町10組 ｸﾞﾚｲｽ南大分208,羽屋新町三丁目,1,2-208,hayataisyoubo.pdf,,high,
381,大字羽屋234番地の4,羽屋新町10組 ｸﾞﾚｲｽ南大分209,羽屋新町三丁目,1,2-209,hayataisyoubo.pdf,,high,
382,大字羽屋234番地の4,羽屋新町10組 ｸﾞﾚｲｽ南大分301,羽屋新町三丁目,1,2-301,hayataisyoubo.pdf,,high,
383,大字羽屋234番地の4,羽屋新町10組 ｸﾞﾚｲｽ南大分302,羽屋新町三丁目,1,2-302,hayataisyoubo.pdf,,high,
384,大字羽屋234番地の4,羽屋新町10組 ｸﾞﾚｲｽ南大分303,羽屋新町三丁目,1,2-303,hayataisyoubo.pdf,,high,
385,大字羽屋234番地の4,羽屋新町10組 ｸﾞﾚｲｽ南大分304,羽屋新町三丁目,1,2-304,hayataisyoubo.pdf,,high,
386,大字羽屋234番地の4,羽屋新町10組 ｸﾞﾚｲｽ南大分305,羽屋新町三丁目,1,2-305,hayataisyoubo.pdf,,high,
387,大字羽屋234番地の4,羽屋新町10組 ｸﾞﾚｲｽ南大分306,羽屋新町三丁目,1,2-306,hayataisyoubo.pdf,,high,
388,大字羽屋234番地の4,羽屋新町10組 ｸﾞﾚｲｽ南大分307,羽屋新町三丁目,1,2-307,hayataisyoubo.pdf,,high,
389,大字羽屋234番地の4,羽屋新町10組 ｸﾞﾚｲｽ南大分308,羽屋新町三丁目,1,2-308,hayataisyoubo.pdf,,high,
390,大字羽屋234番地の4,羽屋新町10組 ｸﾞﾚｲｽ南大分309,羽屋新町三丁目,1,2-309,hayataisyoubo.pdf,,high,
391,大字羽屋234番地の4,羽屋新町10組 ｸﾞﾚｲｽ南大分401,羽屋新町三丁目,1,2-401,hayataisyoubo.pdf,,high,
392,大字羽屋234番地の4,羽屋新町10組 ｸﾞﾚｲｽ南大分402,羽屋新町三丁目,1,2-402,hayataisyoubo.pdf,,high,
393,大字羽屋234番地の4,羽屋新町10組 ｸﾞﾚｲｽ南大分403,羽屋新町三丁目,1,2-403,hayataisyoubo.pdf,,high,資料上2回出現
394,大字羽屋234番地の4,羽屋新町10組 ｸﾞﾚｲｽ南大分404,羽屋新町三丁目,1,2-404,hayataisyoubo.pdf,,high,
395,大字羽屋234番地の4,羽屋新町10組 ｸﾞﾚｲｽ南大分405,羽屋新町三丁目,1,2-405,hayataisyoubo.pdf,,high,
396,大字羽屋234番地の4,羽屋新町10組 ｸﾞﾚｲｽ南大分406,羽屋新町三丁目,1,2-406,hayataisyoubo.pdf,,high,
397,大字羽屋234番地の4,羽屋新町10組 ｸﾞﾚｲｽ南大分407,羽屋新町三丁目,1,2-407,hayataisyoubo.pdf,,high,
398,大字羽屋234番地の4,羽屋新町10組 ｸﾞﾚｲｽ南大分408,羽屋新町三丁目,1,2-408,hayataisyoubo.pdf,,high,資料上2回出現
399,大字羽屋234番地の4,羽屋新町10組 ｸﾞﾚｲｽ南大分409,羽屋新町三丁目,1,2-409,hayataisyoubo.pdf,,high,
400,大字羽屋234番地の4,羽屋新町10組 ｸﾞﾚｲｽ南大分501,羽屋新町三丁目,1,2-501,hayataisyoubo.pdf,,high,
401,大字羽屋234番地の4,羽屋新町10組 ｸﾞﾚｲｽ南大分502,羽屋新町三丁目,1,2-502,hayataisyoubo.pdf,,high,
402,大字羽屋234番地の4,羽屋新町10組 ｸﾞﾚｲｽ南大分503,羽屋新町三丁目,1,2-503,hayataisyoubo.pdf,,high,
403,大字羽屋234番地の4,羽屋新町10組 ｸﾞﾚｲｽ南大分504,羽屋新町三丁目,1,2-504,hayataisyoubo.pdf,,high,
404,大字羽屋234番地の4,羽屋新町10組 ｸﾞﾚｲｽ南大分505,羽屋新町三丁目,1,2-505,hayataisyoubo.pdf,,high,
405,大字羽屋234番地の4,羽屋新町10組 ｸﾞﾚｲｽ南大分506,羽屋新町三丁目,1,2-506,hayataisyoubo.pdf,,high,
406,大字羽屋234番地の4,羽屋新町10組 ｸﾞﾚｲｽ南大分507,羽屋新町三丁目,1,2-507,hayataisyoubo.pdf,,high,
407,大字羽屋234番地の4,羽屋新町10組 ｸﾞﾚｲｽ南大分508,羽屋新町三丁目,1,2-508,hayataisyoubo.pdf,,high,
408,大字羽屋234番地の4,羽屋新町10組 ｸﾞﾚｲｽ南大分509,羽屋新町三丁目,1,2-509,hayataisyoubo.pdf,,high,
409,大字羽屋234番地の4,羽屋新町10組 ｸﾞﾚｲｽ南大分601,羽屋新町三丁目,1,2-601,hayataisyoubo.pdf,,high,
410,大字羽屋234番地の4,羽屋新町10組 ｸﾞﾚｲｽ南大分602,羽屋新町三丁目,1,2-602,hayataisyoubo.pdf,,high,
411,大字羽屋234番地の4,羽屋新町10組 ｸﾞﾚｲｽ南大分603,羽屋新町三丁目,1,2-603,hayataisyoubo.pdf,,high,
412,大字羽屋234番地の4,羽屋新町10組 ｸﾞﾚｲｽ南大分604,羽屋新町三丁目,1,2-604,hayataisyoubo.pdf,,high,
413,大字羽屋234番地の4,羽屋新町10組 ｸﾞﾚｲｽ南大分605,羽屋新町三丁目,1,2-605,hayataisyoubo.pdf,,high,
414,大字羽屋234番地の4,羽屋新町10組 ｸﾞﾚｲｽ南大分606,羽屋新町三丁目,1,2-606,hayataisyoubo.pdf,,high,
415,大字羽屋234番地の4,羽屋新町10組 ｸﾞﾚｲｽ南大分607,羽屋新町三丁目,1,2-607,hayataisyoubo.pdf,,high,
416,大字羽屋234番地の4,羽屋新町10組 ｸﾞﾚｲｽ南大分608,羽屋新町三丁目,1,2-608,hayataisyoubo.pdf,,high,
417,大字羽屋234番地の4,羽屋新町10組 ｸﾞﾚｲｽ南大分701,羽屋新町三丁目,1,2-701,hayataisyoubo.pdf,,high,
418,大字羽屋234番地の4,羽屋新町10組 ｸﾞﾚｲｽ南大分702,羽屋新町三丁目,1,2-702,hayataisyoubo.pdf,,high,
419,大字羽屋234番地の4,羽屋新町10組 ｸﾞﾚｲｽ南大分703,羽屋新町三丁目,1,2-703,hayataisyoubo.pdf,,high,
420,大字羽屋234番地の4,羽屋新町10組 ｸﾞﾚｲｽ南大分704,羽屋新町三丁目,1,2-704,hayataisyoubo.pdf,,high,
421,大字羽屋234番地の4,羽屋新町10組 ｸﾞﾚｲｽ南大分705,羽屋新町三丁目,1,2-705,hayataisyoubo.pdf,,high,
422,大字羽屋234番地の4,羽屋新町10組 ｸﾞﾚｲｽ南大分706,羽屋新町三丁目,1,2-706,hayataisyoubo.pdf,,high,
423,大字羽屋234番地の4,羽屋新町10組 ｸﾞﾚｲｽ南大分707,羽屋新町三丁目,1,2-707,hayataisyoubo.pdf,,high,
424,大字羽屋234番地の4,羽屋新町10組 ｸﾞﾚｲｽ南大分708,羽屋新町三丁目,1,2-708,hayataisyoubo.pdf,,high,
425,大字羽屋234番地の4,羽屋新町10組 ｸﾞﾚｲｽ南大分801,羽屋新町三丁目,1,2-801,hayataisyoubo.pdf,,high,
426,大字羽屋234番地の4,羽屋新町10組 ｸﾞﾚｲｽ南大分802,羽屋新町三丁目,1,2-802,hayataisyoubo.pdf,,high,
427,大字羽屋234番地の4,羽屋新町10組 ｸﾞﾚｲｽ南大分803,羽屋新町三丁目,1,2-803,hayataisyoubo.pdf,,high,
428,大字羽屋234番地の4,羽屋新町10組 ｸﾞﾚｲｽ南大分804,羽屋新町三丁目,1,2-804,hayataisyoubo.pdf,,high,
429,大字羽屋234番地の4,羽屋新町10組 ｸﾞﾚｲｽ南大分805,羽屋新町三丁目,1,2-805,hayataisyoubo.pdf,,high,
430,大字羽屋234番地の4,羽屋新町10組 ｸﾞﾚｲｽ南大分806,羽屋新町三丁目,1,2-806,hayataisyoubo.pdf,,high,
431,大字羽屋235番地の1,羽屋新町12組 ﾙ･ｸﾞﾗﾝ-K.P307,羽屋新町三丁目,1,24-307,hayataisyoubo.pdf,,high,
432,大字羽屋235番地の1,羽屋新町12番 ﾙ･ｸﾞﾗﾝ-K.P601,羽屋新町三丁目,1,24-601,hayataisyoubo.pdf,,high,
433,大字羽屋237番地の4,羽屋1組,羽屋新町三丁目,2,2,hayataisyoubo.pdf,,high,
434,大字羽屋237番地の5,羽屋1組,羽屋新町三丁目,2,5,hayataisyoubo.pdf,,high,資料上2回出現
435,大字羽屋237番地の5,羽屋1組 羽屋豊東貸家,羽屋新町三丁目,2,7,hayataisyoubo.pdf,,high,
436,大字羽屋237番地の8,羽屋1組,羽屋新町三丁目,2,43,hayataisyoubo.pdf,,high,
437,大字羽屋237番地の9,羽屋1組,羽屋新町三丁目,2,9,hayataisyoubo.pdf,,high,
438,大字羽屋237番地の11,羽屋1組,羽屋新町三丁目,2,10,hayataisyoubo.pdf,,high,
439,大字羽屋237番地の12,羽屋1組,羽屋新町三丁目,2,11,hayataisyoubo.pdf,,high,
440,大字羽屋238番地の1,羽屋新町11組,羽屋新町三丁目,2,39,hayataisyoubo.pdf,,high,
441,大字羽屋238番地の1,羽屋新町11組 ﾗﾎﾟｰﾙ羽屋新町101,羽屋新町三丁目,2,39-101,hayataisyoubo.pdf,,high,
442,大字羽屋238番地の1,羽屋新町11組 ﾗﾎﾟｰﾙ羽屋新町102,羽屋新町三丁目,2,39-102,hayataisyoubo.pdf,,high,
443,大字羽屋238番地の1,羽屋新町11組 ﾗﾎﾟｰﾙ羽屋新町103,羽屋新町三丁目,2,39-103,hayataisyoubo.pdf,,high,
444,大字羽屋238番地の1,羽屋新町11組 ﾗﾎﾟｰﾙ羽屋新町105,羽屋新町三丁目,2,39-105,hayataisyoubo.pdf,,high,
445,大字羽屋238番地の1,羽屋新町11組 ﾗﾎﾟｰﾙ羽屋新町201,羽屋新町三丁目,2,39-201,hayataisyoubo.pdf,,high,
446,大字羽屋238番地の1,羽屋新町11組 ﾗﾎﾟｰﾙ羽屋新町202,羽屋新町三丁目,2,39-202,hayataisyoubo.pdf,,high,資料上2回出現
447,大字羽屋238番地の1,羽屋新町11組 ﾗﾎﾟｰﾙ羽屋新町203,羽屋新町三丁目,2,39-203,hayataisyoubo.pdf,,high,
448,大字羽屋238番地の1,羽屋新町11組 ﾗﾎﾟｰﾙ羽屋新町205,羽屋新町三丁目,2,39-205,hayataisyoubo.pdf,,high,
449,大字羽屋238番地の1,羽屋新町11組 ﾗﾎﾟｰﾙ羽屋新町301,羽屋新町三丁目,2,39-301,hayataisyoubo.pdf,,high,
450,大字羽屋238番地の1,羽屋新町11組 ﾗﾎﾟｰﾙ羽屋新町302,羽屋新町三丁目,2,39-302,hayataisyoubo.pdf,,high,
451,大字羽屋238番地の1,羽屋新町11組 ﾗﾎﾟｰﾙ羽屋新町303,羽屋新町三丁目,2,39-303,hayataisyoubo.pdf,,high,
452,大字羽屋238番地の1,羽屋新町11組 ﾗﾎﾟｰﾙ羽屋新町305,羽屋新町三丁目,2,39-305,hayataisyoubo.pdf,,high,
453,大字羽屋238番地の1,羽屋新町11組 ﾗﾎﾟｰﾙ羽屋新町401,羽屋新町三丁目,2,39-401,hayataisyoubo.pdf,,high,
454,大字羽屋238番地の1,羽屋新町11組 ﾗﾎﾟｰﾙ羽屋新町402,羽屋新町三丁目,2,39-402,hayataisyoubo.pdf,,high,
455,大字羽屋238番地の1,羽屋新町11組 ﾗﾎﾟｰﾙ羽屋新町403,羽屋新町三丁目,2,39-403,hayataisyoubo.pdf,,high,資料上2回出現
456,大字羽屋238番地の1,羽屋新町11組 ﾗﾎﾟｰﾙ羽屋新町405,羽屋新町三丁目,2,39-405,hayataisyoubo.pdf,,high,
457,大字羽屋238番地の1,羽屋新町11組 ﾗﾎﾟｰﾙ羽屋新町501,羽屋新町三丁目,2,39-501,hayataisyoubo.pdf,,high,
458,大字羽屋238番地の1,羽屋新町11組 ﾗﾎﾟｰﾙ羽屋新町502,羽屋新町三丁目,2,39-502,hayataisyoubo.pdf,,high,
459,大字羽屋238番地の1,羽屋新町11組 ﾗﾎﾟｰﾙ羽屋新町503,羽屋新町三丁目,2,39-503,hayataisyoubo.pdf,,high,
460,大字羽屋238番地の1,羽屋新町11組 ﾗﾎﾟｰﾙ羽屋新町505,羽屋新町三丁目,2,39-505,hayataisyoubo.pdf,,high,
461,大字羽屋238番地の1,羽屋新町11組 ﾗﾎﾟｰﾙ羽屋新町601,羽屋新町三丁目,2,39-601,hayataisyoubo.pdf,,high,
462,大字羽屋238番地の1,羽屋新町11組 ﾗﾎﾟｰﾙ羽屋新町602,羽屋新町三丁目,2,39-602,hayataisyoubo.pdf,,high,
463,大字羽屋238番地の1,羽屋新町11組 ﾗﾎﾟｰﾙ羽屋新町603,羽屋新町三丁目,2,39-603,hayataisyoubo.pdf,,high,
464,大字羽屋238番地の1,羽屋新町11組 ﾗﾎﾟｰﾙ羽屋新町605,羽屋新町三丁目,2,39-605,hayataisyoubo.pdf,,high,資料上2回出現
465,大字羽屋238番地の1,羽屋新町11組 ﾗﾎﾟｰﾙ羽屋新町701,羽屋新町三丁目,2,39-701,hayataisyoubo.pdf,,high,
466,大字羽屋238番地の1,羽屋新町11組 ﾗﾎﾟｰﾙ羽屋新町702,羽屋新町三丁目,2,39-702,hayataisyoubo.pdf,,high,
467,大字羽屋238番地の1,羽屋新町11組 ﾗﾎﾟｰﾙ羽屋新町703,羽屋新町三丁目,2,39-703,hayataisyoubo.pdf,,high,
468,大字羽屋238番地の1,羽屋新町11組 ﾗﾎﾟｰﾙ羽屋新町801,羽屋新町三丁目,2,39-801,hayataisyoubo.pdf,,high,
469,大字羽屋238番地の1,羽屋新町11組 ﾗﾎﾟｰﾙ羽屋新町802,羽屋新町三丁目,2,39-802,hayataisyoubo.pdf,,high,
470,大字羽屋238番地の1,羽屋新町11組 ﾗﾎﾟｰﾙ羽屋新町803,羽屋新町三丁目,2,39-803,hayataisyoubo.pdf,,high,
471,大字羽屋239-3,大島ﾋﾞﾙ,羽屋新町三丁目,2,20,hayataisyoubo.pdf,,high,
472,大字羽屋239番地の3,羽屋1組 大島ﾋﾞﾙ201,羽屋新町三丁目,2,20-201,hayataisyoubo.pdf,,high,
473,大字羽屋239番地の3,羽屋1組 大島ﾋﾞﾙ202,羽屋新町三丁目,2,20-202,hayataisyoubo.pdf,,high,
474,大字羽屋239番地の3,羽屋1組 大島ﾋﾞﾙ301,羽屋新町三丁目,2,20-301,hayataisyoubo.pdf,,high,
475,大字羽屋239番地の3,羽屋1組 大島ﾋﾞﾙ302,羽屋新町三丁目,2,20-302,hayataisyoubo.pdf,,high,
476,大字羽屋239番地の3,羽屋1組 大島ﾋﾞﾙ303,羽屋新町三丁目,2,20-303,hayataisyoubo.pdf,,high,
477,大字羽屋239番地の3,羽屋1組,羽屋新町三丁目,2,22,hayataisyoubo.pdf,,high,
478,大字羽屋240番地の5,羽屋1組,羽屋新町三丁目,2,24,hayataisyoubo.pdf,,high,
479,大字羽屋240番地の6,羽屋新町6組,羽屋新町三丁目,2,23,hayataisyoubo.pdf,,high,資料上2回出現
480,大字羽屋241番地の3,羽屋新町6組,羽屋新町三丁目,2,27,hayataisyoubo.pdf,,high,
481,大字羽屋241番地の5,羽屋新町6組,羽屋新町三丁目,2,32,hayataisyoubo.pdf,,high,資料上2回出現
482,大字羽屋241番地の6,羽屋新町6組,羽屋新町三丁目,2,34,hayataisyoubo.pdf,,high,資料上2回出現
483,大字羽屋241番地の8,羽屋新町6組,羽屋新町三丁目,2,31,hayataisyoubo.pdf,,high,
484,大字羽屋241番地の9,羽屋新町6組,羽屋新町三丁目,2,33,hayataisyoubo.pdf,,high,
485,大字羽屋241番地の11,羽屋新町6組,羽屋新町三丁目,2,36,hayataisyoubo.pdf,,high,資料上2回出現
486,大字羽屋243番地の7,羽屋2組 ﾚｵﾊﾟﾚｽHAYA111,羽屋二丁目,1,17,hayataisyoubo.pdf,,high,
487,大字羽屋243番地の7,羽屋2組 ﾚｵﾊﾟﾚｽHAYA112,羽屋二丁目,1,17,hayataisyoubo.pdf,,high,
488,大字羽屋243番地の7,羽屋2組 ﾚｵﾊﾟﾚｽHAYA113,羽屋二丁目,1,17,hayataisyoubo.pdf,,high,
489,大字羽屋243番地の7,羽屋2組 ﾚｵﾊﾟﾚｽHAYA114,羽屋二丁目,1,17,hayataisyoubo.pdf,,high,
490,大字羽屋243番地の7,羽屋2組 ﾚｵﾊﾟﾚｽHAYA115,羽屋二丁目,1,17,hayataisyoubo.pdf,,high,
491,大字羽屋243番地の7,羽屋2組 ﾚｵﾊﾟﾚｽHAYA116,羽屋二丁目,1,17,hayataisyoubo.pdf,,high,
492,大字羽屋243番地の7,羽屋2組 ﾚｵﾊﾟﾚｽHAYA117,羽屋二丁目,1,17,hayataisyoubo.pdf,,high,
493,大字羽屋243番地の7,羽屋2組 ﾚｵﾊﾟﾚｽHAYA118,羽屋二丁目,1,17,hayataisyoubo.pdf,,high,
494,大字羽屋243番地の7,羽屋2組 ﾚｵﾊﾟﾚｽHAYA119,羽屋二丁目,1,17,hayataisyoubo.pdf,,high,
495,大字羽屋243番地の7,羽屋2組 ﾚｵﾊﾟﾚｽHAYA120,羽屋二丁目,1,17,hayataisyoubo.pdf,,high,
496,大字羽屋243番地の7,羽屋2組 ﾚｵﾊﾟﾚｽHAYA121,羽屋二丁目,1,17,hayataisyoubo.pdf,,high,
497,大字羽屋243番地の7,羽屋2組 ﾚｵﾊﾟﾚｽHAYA122,羽屋二丁目,1,17,hayataisyoubo.pdf,,high,
498,大字羽屋243番地の7,羽屋2組 ﾚｵﾊﾟﾚｽHAYA211,羽屋二丁目,1,17,hayataisyoubo.pdf,,high,
499,大字羽屋243番地の7,羽屋2組 ﾚｵﾊﾟﾚｽHAYA212,羽屋二丁目,1,17,hayataisyoubo.pdf,,high,
500,大字羽屋243番地の7,羽屋2組 ﾚｵﾊﾟﾚｽHAYA213,羽屋二丁目,1,17,hayataisyoubo.pdf,,high,
501,大字羽屋243番地の7,羽屋2組 ﾚｵﾊﾟﾚｽHAYA214,羽屋二丁目,1,17,hayataisyoubo.pdf,,high,
502,大字羽屋243番地の7,羽屋2組 ﾚｵﾊﾟﾚｽHAYA215,羽屋二丁目,1,17,hayataisyoubo.pdf,,high,
503,大字羽屋243番地の7,羽屋2組 ﾚｵﾊﾟﾚｽHAYA216,羽屋二丁目,1,17,hayataisyoubo.pdf,,high,
504,大字羽屋243番地の7,羽屋2組 ﾚｵﾊﾟﾚｽHAYA217,羽屋二丁目,1,17,hayataisyoubo.pdf,,high,
505,大字羽屋243番地の7,羽屋2組 ﾚｵﾊﾟﾚｽHAYA218,羽屋二丁目,1,17,hayataisyoubo.pdf,,high,
506,大字羽屋243番地の7,羽屋2組 ﾚｵﾊﾟﾚｽHAYA219,羽屋二丁目,1,17,hayataisyoubo.pdf,,high,
507,大字羽屋243番地の7,羽屋2組 ﾚｵﾊﾟﾚｽHAYA220,羽屋二丁目,1,17,hayataisyoubo.pdf,,high,
508,大字羽屋243番地の7,羽屋2組 ﾚｵﾊﾟﾚｽHAYA221,羽屋二丁目,1,17,hayataisyoubo.pdf,,high,
509,大字羽屋243番地の7,羽屋2組 ﾚｵﾊﾟﾚｽHAYA222,羽屋二丁目,1,17,hayataisyoubo.pdf,,high,
510,大字羽屋243番地の7,羽屋2組 ﾚｵﾊﾟﾚｽHAYA101,羽屋二丁目,1,24,hayataisyoubo.pdf,,high,
511,大字羽屋243番地の7,羽屋2組 ﾚｵﾊﾟﾚｽHAYA102,羽屋二丁目,1,24,hayataisyoubo.pdf,,high,
512,大字羽屋243番地の7,羽屋2組 ﾚｵﾊﾟﾚｽHAYA103,羽屋二丁目,1,24,hayataisyoubo.pdf,,high,
513,大字羽屋243番地の7,羽屋2組 ﾚｵﾊﾟﾚｽHAYA104,羽屋二丁目,1,24,hayataisyoubo.pdf,,high,
514,大字羽屋243番地の7,羽屋2組 ﾚｵﾊﾟﾚｽHAYA105,羽屋二丁目,1,24,hayataisyoubo.pdf,,high,
515,大字羽屋243番地の7,羽屋2組 ﾚｵﾊﾟﾚｽHAYA106,羽屋二丁目,1,24,hayataisyoubo.pdf,,high,
516,大字羽屋243番地の7,羽屋2組 ﾚｵﾊﾟﾚｽHAYA107,羽屋二丁目,1,24,hayataisyoubo.pdf,,high,
517,大字羽屋243番地の7,羽屋2組 ﾚｵﾊﾟﾚｽHAYA108,羽屋二丁目,1,24,hayataisyoubo.pdf,,high,
518,大字羽屋243番地の7,羽屋2組 ﾚｵﾊﾟﾚｽHAYA109,羽屋二丁目,1,24,hayataisyoubo.pdf,,high,
519,大字羽屋243番地の7,羽屋2組 ﾚｵﾊﾟﾚｽHAYA110,羽屋二丁目,1,24,hayataisyoubo.pdf,,high,
520,大字羽屋243番地の7,羽屋2組 ﾚｵﾊﾟﾚｽHAYA201,羽屋二丁目,1,24,hayataisyoubo.pdf,,high,
521,大字羽屋243番地の7,羽屋2組 ﾚｵﾊﾟﾚｽHAYA202,羽屋二丁目,1,24,hayataisyoubo.pdf,,high,
522,大字羽屋243番地の7,羽屋2組 ﾚｵﾊﾟﾚｽHAYA203,羽屋二丁目,1,24,hayataisyoubo.pdf,,high,
523,大字羽屋243番地の7,羽屋2組 ﾚｵﾊﾟﾚｽHAYA204,羽屋二丁目,1,24,hayataisyoubo.pdf,,high,
524,大字羽屋243番地の7,羽屋2組 ﾚｵﾊﾟﾚｽHAYA205,羽屋二丁目,1,24,hayataisyoubo.pdf,,high,
525,大字羽屋243番地の7,羽屋2組 ﾚｵﾊﾟﾚｽHAYA206,羽屋二丁目,1,24,hayataisyoubo.pdf,,high,
526,大字羽屋243番地の7,羽屋2組 ﾚｵﾊﾟﾚｽHAYA207,羽屋二丁目,1,24,hayataisyoubo.pdf,,high,
527,大字羽屋243番地の7,羽屋2組 ﾚｵﾊﾟﾚｽHAYA208,羽屋二丁目,1,24,hayataisyoubo.pdf,,high,
528,大字羽屋243番地の7,羽屋2組 ﾚｵﾊﾟﾚｽHAYA209,羽屋二丁目,1,24,hayataisyoubo.pdf,,high,
529,大字羽屋243番地の7,羽屋2組 ﾚｵﾊﾟﾚｽHAYA210,羽屋二丁目,1,24,hayataisyoubo.pdf,,high,
530,大字羽屋251番地の2,羽屋9組,羽屋二丁目,1,31,hayataisyoubo.pdf,,high,
531,大字羽屋261番地の1,羽屋新町6組,羽屋二丁目,1,3,hayataisyoubo.pdf,,high,資料上2回出現
532,大字羽屋字稲葉262-1,,羽屋二丁目,1,52,hayataisyoubo.pdf,,high,資料上通称の記載なし
533,大字羽屋字稲葉263-1,,羽屋二丁目,1,53,hayataisyoubo.pdf,,high,資料上通称の記載なし
534,大字羽屋字池田281-1,,羽屋二丁目,1,40,hayataisyoubo.pdf,,high,資料上通称の記載なし
535,大字羽屋285番地の2,羽屋9組の2 ｻｰﾋﾞｽ付き高齢者向け住宅涼音,羽屋四丁目,3,3,hayataisyoubo.pdf,,high,資料上25回出現
536,大字羽屋287番地の2,羽屋9組 有料老人ﾎｰﾑはやの里,羽屋四丁目,3,26,hayataisyoubo.pdf,,high,資料上4回出現
537,大字羽屋287番地2,,羽屋四丁目,3,26,hayataisyoubo.pdf,,high,資料上4回出現、資料上通称の記載なし
538,羽屋288-1,,羽屋四丁目,3,16,hayataisyoubo.pdf,,high,資料上通称の記載なし
539,大字羽屋288番地の7,羽屋9組の4 菊池ﾏﾝｼｮﾝC202,羽屋四丁目,3,22-202,hayataisyoubo.pdf,,high,
540,大字羽屋288番地の7,羽屋9組の1 菊池ﾏﾝｼｮﾝC205,羽屋四丁目,3,22-205,hayataisyoubo.pdf,,high,
541,大字羽屋288番地の7,羽屋9組の4 菊池ﾏﾝｼｮﾝC305,羽屋四丁目,3,22-305,hayataisyoubo.pdf,,high,
542,大字羽屋288番地の7,羽屋9組の3 菊池ﾏﾝｼｮﾝB101,羽屋四丁目,3,23-101,hayataisyoubo.pdf,,high,
543,大字羽屋288番地の7,羽屋9組の3 菊池ﾏﾝｼｮﾝB301,羽屋四丁目,3,23-301,hayataisyoubo.pdf,,high,
544,大字羽屋288番地の7,羽屋9組の3 菊池ﾏﾝｼｮﾝB305,羽屋四丁目,3,23-305,hayataisyoubo.pdf,,high,
545,大字羽屋288番地の7,羽屋9組の1 菊池ﾏﾝｼｮﾝA101,羽屋四丁目,3,25-101,hayataisyoubo.pdf,,high,
546,大字羽屋288番地の7,羽屋9組の1 菊池ﾏﾝｼｮﾝA102,羽屋四丁目,3,25-102,hayataisyoubo.pdf,,high,
547,大字羽屋288番地の7,羽屋9組の1 菊池ﾏﾝｼｮﾝA103,羽屋四丁目,3,25-103,hayataisyoubo.pdf,,high,
548,大字羽屋288番地の7,羽屋9組の1 菊池ﾏﾝｼｮﾝA105,羽屋四丁目,3,25-105,hayataisyoubo.pdf,,high,
549,大字羽屋288番地の7,羽屋9組の1 菊池ﾏﾝｼｮﾝA106,羽屋四丁目,3,25-106,hayataisyoubo.pdf,,high,
550,大字羽屋288番地の7,羽屋9組の1 菊池ﾏﾝｼｮﾝA107,羽屋四丁目,3,25-107,hayataisyoubo.pdf,,high,資料上4回出現
551,大字羽屋288番地の7,羽屋9組の1 菊池ﾏﾝｼｮﾝA201,羽屋四丁目,3,25-201,hayataisyoubo.pdf,,high,
552,大字羽屋288番地の7,羽屋9組の1 菊池ﾏﾝｼｮﾝA202,羽屋四丁目,3,25-202,hayataisyoubo.pdf,,high,
553,大字羽屋288番地の7,羽屋9組の1 菊池ﾏﾝｼｮﾝA203,羽屋四丁目,3,25-203,hayataisyoubo.pdf,,high,
554,大字羽屋288番地の7,羽屋9組の4 菊池ﾏﾝｼｮﾝA205,羽屋四丁目,3,25-205,hayataisyoubo.pdf,,high,
555,大字羽屋288番地の7,羽屋9組の1 菊池ﾏﾝｼｮﾝA206,羽屋四丁目,3,25-206,hayataisyoubo.pdf,,high,
556,大字羽屋288番地の7,羽屋9組の1 菊池ﾏﾝｼｮﾝA207,羽屋四丁目,3,25-207,hayataisyoubo.pdf,,high,
557,大字羽屋288番地の7,羽屋9組の1 菊池ﾏﾝｼｮﾝA301,羽屋四丁目,3,25-301,hayataisyoubo.pdf,,high,
558,大字羽屋288番地の7,羽屋9組の1 菊池ﾏﾝｼｮﾝA302,羽屋四丁目,3,25-302,hayataisyoubo.pdf,,high,
559,大字羽屋288番地の7,羽屋9組の1 菊池ﾏﾝｼｮﾝA303,羽屋四丁目,3,25-303,hayataisyoubo.pdf,,high,
560,大字羽屋288番地の7,羽屋9組の1 菊池ﾏﾝｼｮﾝA305,羽屋四丁目,3,25-305,hayataisyoubo.pdf,,high,資料上2回出現
561,大字羽屋288番地の7,羽屋9組の1 菊池ﾏﾝｼｮﾝA306,羽屋四丁目,3,25-306,hayataisyoubo.pdf,,high,
562,大字羽屋288番地の7,羽屋9組の1 菊池ﾏﾝｼｮﾝA307,羽屋四丁目,3,25-307,hayataisyoubo.pdf,,high,
563,大字羽屋288番地の7,羽屋9組の1 菊池ﾏﾝｼｮﾝA401,羽屋四丁目,3,25-401,hayataisyoubo.pdf,,high,
564,大字羽屋288番地の7,菊池ﾏﾝｼｮﾝA402,羽屋四丁目,3,25-402,hayataisyoubo.pdf,,high,
565,大字羽屋288番地の7,羽屋9組の1 菊池ﾏﾝｼｮﾝA403,羽屋四丁目,3,25-403,hayataisyoubo.pdf,,high,
566,大字羽屋288番地の7,羽屋9組の1 菊池ﾏﾝｼｮﾝA405,羽屋四丁目,3,25-405,hayataisyoubo.pdf,,high,
567,大字羽屋288番地の7,羽屋9組の1 菊池ﾏﾝｼｮﾝA406,羽屋四丁目,3,25-406,hayataisyoubo.pdf,,high,
568,大字羽屋288番地の7,羽屋9組の1 菊池ﾏﾝｼｮﾝA407,羽屋四丁目,3,25-407,hayataisyoubo.pdf,,high,
569,大字羽屋288番地の10,羽屋9組の3 菊池ﾏﾝｼｮﾝB102,羽屋四丁目,3,23-102,hayataisyoubo.pdf,,high,
570,大字羽屋288番地の10,羽屋9組の3 菊池ﾏﾝｼｮﾝB103,羽屋四丁目,3,23-103,hayataisyoubo.pdf,,high,
571,大字羽屋288番地の10,羽屋9組の3 菊池ﾏﾝｼｮﾝB105,羽屋四丁目,3,23-105,hayataisyoubo.pdf,,high,
572,大字羽屋288番地の10,羽屋9組の3 菊池ﾏﾝｼｮﾝB106,羽屋四丁目,3,23-106,hayataisyoubo.pdf,,high,
573,大字羽屋288番地の10,羽屋9組の3 菊池ﾏﾝｼｮﾝB107,羽屋四丁目,3,23-107,hayataisyoubo.pdf,,high,
574,大字羽屋288番地の10,羽屋9組の3 菊池ﾏﾝｼｮﾝB201,羽屋四丁目,3,23-201,hayataisyoubo.pdf,,high,
575,大字羽屋288番地の10,羽屋9組の3 菊池ﾏﾝｼｮﾝB202,羽屋四丁目,3,23-202,hayataisyoubo.pdf,,high,
576,大字羽屋288番地の10,羽屋9組の3 菊池ﾏﾝｼｮﾝB203,羽屋四丁目,3,23-203,hayataisyoubo.pdf,,high,
577,大字羽屋288番地の10,羽屋9組の3 菊池ﾏﾝｼｮﾝB205,羽屋四丁目,3,23-205,hayataisyoubo.pdf,,high,
578,大字羽屋288番地の10,羽屋9組の3 菊池ﾏﾝｼｮﾝB206,羽屋四丁目,3,23-206,hayataisyoubo.pdf,,high,
579,大字羽屋288番地の10,羽屋9組の3 菊池ﾏﾝｼｮﾝB207,羽屋四丁目,3,23-207,hayataisyoubo.pdf,,high,
580,大字羽屋288番地の10,羽屋9組の3 菊池ﾏﾝｼｮﾝB302,羽屋四丁目,3,23-302,hayataisyoubo.pdf,,high,
581,大字羽屋288番地の10,羽屋9組の3 菊池ﾏﾝｼｮﾝB303,羽屋四丁目,3,23-303,hayataisyoubo.pdf,,high,
582,大字羽屋288番地の10,羽屋9組の3 菊池ﾏﾝｼｮﾝB306,羽屋四丁目,3,23-306,hayataisyoubo.pdf,,high,
583,大字羽屋288番地の10,羽屋9組の3 菊池ﾏﾝｼｮﾝB307,羽屋四丁目,3,23-307,hayataisyoubo.pdf,,high,
584,大字羽屋288番地の10,羽屋9組の3 菊池ﾏﾝｼｮﾝB401,羽屋四丁目,3,23-401,hayataisyoubo.pdf,,high,
585,大字羽屋288番地の10,羽屋9組の3 菊池ﾏﾝｼｮﾝB402,羽屋四丁目,3,23-402,hayataisyoubo.pdf,,high,
586,大字羽屋288番地の10,羽屋9組の3 菊池ﾏﾝｼｮﾝB403,羽屋四丁目,3,23-403,hayataisyoubo.pdf,,high,
587,大字羽屋288番地の10,羽屋9組の3 菊池ﾏﾝｼｮﾝB405,羽屋四丁目,3,23-405,hayataisyoubo.pdf,,high,
588,大字羽屋288番地の10,羽屋9組の3 菊池ﾏﾝｼｮﾝB406,羽屋四丁目,3,23-406,hayataisyoubo.pdf,,high,
589,大字羽屋288番地の10,羽屋9組の3 菊池ﾏﾝｼｮﾝB407,羽屋四丁目,3,23-407,hayataisyoubo.pdf,,high,
590,大字羽屋字不定288番11-101号,,羽屋四丁目,3,22-101,hayataisyoubo.pdf,,high,資料上通称の記載なし
591,大字羽屋288番地の11,羽屋9組の4 菊池ﾏﾝｼｮﾝC105,羽屋四丁目,3,22-105,hayataisyoubo.pdf,,high,
592,大字羽屋288番地の11,羽屋9組の4 菊池ﾏﾝｼｮﾝC106,羽屋四丁目,3,22-106,hayataisyoubo.pdf,,high,
593,大字羽屋288番地の11,羽屋9組の4 菊池ﾏﾝｼｮﾝC201,羽屋四丁目,3,22-201,hayataisyoubo.pdf,,high,
594,大字羽屋288番地の11,羽屋9組の4 菊池ﾏﾝｼｮﾝC203,羽屋四丁目,3,22-203,hayataisyoubo.pdf,,high,
595,大字羽屋288番地の11,羽屋9組の4 菊池ﾏﾝｼｮﾝC206,羽屋四丁目,3,22-206,hayataisyoubo.pdf,,high,
596,大字羽屋288番地の11,羽屋9組の4 菊池ﾏﾝｼｮﾝC301,羽屋四丁目,3,22-301,hayataisyoubo.pdf,,high,
597,大字羽屋288番地の11,羽屋9組の4 菊池ﾏﾝｼｮﾝC302,羽屋四丁目,3,22-302,hayataisyoubo.pdf,,high,
598,大字羽屋288番地の11,羽屋9組の4 菊池ﾏﾝｼｮﾝC303,羽屋四丁目,3,22-303,hayataisyoubo.pdf,,high,
599,大字羽屋288番地の11,羽屋9組の4 菊池ﾏﾝｼｮﾝC306,羽屋四丁目,3,22-306,hayataisyoubo.pdf,,high,資料上3回出現
600,大字羽屋288番地の11,羽屋9組の4 菊池ﾏﾝｼｮﾝC401,羽屋四丁目,3,22-401,hayataisyoubo.pdf,,high,
601,大字羽屋288番地の11,羽屋9組の4 菊池ﾏﾝｼｮﾝC402,羽屋四丁目,3,22-402,hayataisyoubo.pdf,,high,
602,大字羽屋288番地の11,羽屋9組の4 菊池ﾏﾝｼｮﾝC403,羽屋四丁目,3,22-403,hayataisyoubo.pdf,,high,
603,大字羽屋288番地の11,羽屋9組の4 菊池ﾏﾝｼｮﾝC405,羽屋四丁目,3,22-405,hayataisyoubo.pdf,,high,
604,大字羽屋288番地の11,羽屋9組の4 菊池ﾏﾝｼｮﾝC406,羽屋四丁目,3,22-406,hayataisyoubo.pdf,,high,
605,大字羽屋291番地の2,,羽屋四丁目,3,38,hayataisyoubo.pdf,,high,資料上通称の記載なし
606,大字羽屋291番3,,羽屋四丁目,3,29,hayataisyoubo.pdf,,high,資料上通称の記載なし
607,大字羽屋291番地の4,羽屋9組,羽屋四丁目,3,35,hayataisyoubo.pdf,,high,
608,大字羽屋292番地,羽屋9組,羽屋四丁目,4,7,hayataisyoubo.pdf,,high,
609,大字羽屋292番地の1,羽屋9組,羽屋四丁目,4,5,hayataisyoubo.pdf,,high,
610,羽屋292番地2,羽屋9組の7,羽屋四丁目,3,42,hayataisyoubo.pdf,,high,
611,大字羽屋292番地の2,羽屋9組の7 三和ｺｰﾎﾟ101,羽屋四丁目,3,42-101,hayataisyoubo.pdf,,high,
612,大字羽屋292番地の2,羽屋9組の7 三和ｺｰﾎﾟ102,羽屋四丁目,3,42-102,hayataisyoubo.pdf,,high,
613,大字羽屋292番地の2,羽屋9組の7 三和ｺｰﾎﾟ103,羽屋四丁目,3,42-103,hayataisyoubo.pdf,,high,資料上2回出現
614,大字羽屋292番地の2,羽屋9組の7 三和ｺｰﾎﾟ105,羽屋四丁目,3,42-105,hayataisyoubo.pdf,,high,
615,大字羽屋292番地の2,羽屋9組の7 三和ｺｰﾎﾟ106,羽屋四丁目,3,42-106,hayataisyoubo.pdf,,high,
616,大字羽屋292番地の2,羽屋9組の7 三和ｺｰﾎﾟ107,羽屋四丁目,3,42-107,hayataisyoubo.pdf,,high,
617,大字羽屋292番地の2,羽屋9組の7 三和ｺｰﾎﾟ108,羽屋四丁目,3,42-108,hayataisyoubo.pdf,,high,
618,大字羽屋292番地の2,羽屋9組の7 三和ｺｰﾎﾟ201,羽屋四丁目,3,42-201,hayataisyoubo.pdf,,high,
619,大字羽屋292番地の2,羽屋9組の7 三和ｺｰﾎﾟ202,羽屋四丁目,3,42-202,hayataisyoubo.pdf,,high,
620,大字羽屋292番地の2,羽屋9組の7 三和ｺｰﾎﾟ203,羽屋四丁目,3,42-203,hayataisyoubo.pdf,,high,
621,大字羽屋292番地の2,羽屋9組の7 三和ｺｰﾎﾟ205,羽屋四丁目,3,42-205,hayataisyoubo.pdf,,high,
622,大字羽屋292番地の2,羽屋9組の7 三和ｺｰﾎﾟ206,羽屋四丁目,3,42-206,hayataisyoubo.pdf,,high,
623,大字羽屋292番地の2,羽屋9組の7 三和ｺｰﾎﾟ207,羽屋四丁目,3,42-207,hayataisyoubo.pdf,,high,
624,大字羽屋292番地の2,羽屋9組の7 三和ｺｰﾎﾟ208,羽屋四丁目,3,42-208,hayataisyoubo.pdf,,high,資料上2回出現
625,大字羽屋292番地の2,羽屋9組の7 三和ｺｰﾎﾟ301,羽屋四丁目,3,42-301,hayataisyoubo.pdf,,high,資料上2回出現
626,大字羽屋292番地の2,羽屋9組の7 三和ｺｰﾎﾟ302,羽屋四丁目,3,42-302,hayataisyoubo.pdf,,high,
627,大字羽屋292番地の2,羽屋9組の7 三和ｺｰﾎﾟ303,羽屋四丁目,3,42-303,hayataisyoubo.pdf,,high,
628,大字羽屋292番地の2,羽屋9組の7 三和ｺｰﾎﾟ305,羽屋四丁目,3,42-305,hayataisyoubo.pdf,,high,
629,大字羽屋292番地の2,羽屋9組の7 三和ｺｰﾎﾟ306,羽屋四丁目,3,42-306,hayataisyoubo.pdf,,high,
630,大字羽屋292番地の2,羽屋9組の7 三和ｺｰﾎﾟ307,羽屋四丁目,3,42-307,hayataisyoubo.pdf,,high,資料上3回出現
631,大字羽屋292番地の2,羽屋9組の7 三和ｺｰﾎﾟ308,羽屋四丁目,3,42-308,hayataisyoubo.pdf,,high,
632,大字羽屋292番地の2,羽屋9組の7 三和ｺｰﾎﾟ401,羽屋四丁目,3,42-401,hayataisyoubo.pdf,,high,
633,大字羽屋292番地の2,羽屋9組の7 三和ｺｰﾎﾟ402,羽屋四丁目,3,42-402,hayataisyoubo.pdf,,high,
634,大字羽屋292番地の2,羽屋9組の7 三和ｺｰﾎﾟ403,羽屋四丁目,3,42-403,hayataisyoubo.pdf,,high,
635,大字羽屋292番地の2,羽屋9組の7 三和ｺｰﾎﾟ405,羽屋四丁目,3,42-405,hayataisyoubo.pdf,,high,
636,大字羽屋292番地の2,羽屋9組の7 三和ｺｰﾎﾟ406,羽屋四丁目,3,42-406,hayataisyoubo.pdf,,high,
637,大字羽屋292番地の2,羽屋9組の7 三和ｺｰﾎﾟ407,羽屋四丁目,3,42-407,hayataisyoubo.pdf,,high,資料上2回出現
638,大字羽屋292番地の2,羽屋9組の7 三和ｺｰﾎﾟ408,羽屋四丁目,3,42-408,hayataisyoubo.pdf,,high,
639,大字羽屋292番地の2,羽屋9組の7 三和ｺｰﾎﾟ501,羽屋四丁目,3,42-501,hayataisyoubo.pdf,,high,資料上2回出現
640,大字羽屋292番地の2,羽屋9組の7 三和ｺｰﾎﾟ502,羽屋四丁目,3,42-502,hayataisyoubo.pdf,,high,
641,大字羽屋292番地の2,羽屋9組の7 三和ｺｰﾎﾟ503,羽屋四丁目,3,42-503,hayataisyoubo.pdf,,high,
642,大字羽屋292番地の2,羽屋9組の7 三和ｺｰﾎﾟ505,羽屋四丁目,3,42-505,hayataisyoubo.pdf,,high,
643,大字羽屋292番地の2,羽屋9組の7 三和ｺｰﾎﾟ506,羽屋四丁目,3,42-506,hayataisyoubo.pdf,,high,
644,大字羽屋292番地の2,羽屋9組の7 三和ｺｰﾎﾟ507,羽屋四丁目,3,42-507,hayataisyoubo.pdf,,high,
645,大字羽屋292番地の2,羽屋9組の7 三和ｺｰﾎﾟ508,羽屋四丁目,3,42-508,hayataisyoubo.pdf,,high,
646,大字羽屋292番地の2,羽屋9組の7 三和ｺｰﾎﾟ601,羽屋四丁目,3,42-601,hayataisyoubo.pdf,,high,
647,大字羽屋292番地の2,羽屋9組の7 三和ｺｰﾎﾟ602,羽屋四丁目,3,42-602,hayataisyoubo.pdf,,high,
648,大字羽屋292番地の2,羽屋9組の7 三和ｺｰﾎﾟ603,羽屋四丁目,3,42-603,hayataisyoubo.pdf,,high,
649,大字羽屋292番地の2,羽屋9組の7 三和ｺｰﾎﾟ605,羽屋四丁目,3,42-605,hayataisyoubo.pdf,,high,
650,大字羽屋292番地の2,羽屋9組の7 三和ｺｰﾎﾟ606,羽屋四丁目,3,42-606,hayataisyoubo.pdf,,high,
651,大字羽屋292番地の2,羽屋9組の7 三和ｺｰﾎﾟ607,羽屋四丁目,3,42-607,hayataisyoubo.pdf,,high,
652,大字羽屋292番地の2,羽屋9組の7 三和ｺｰﾎﾟ608,羽屋四丁目,3,42-608,hayataisyoubo.pdf,,high,
653,大字羽屋292番地の4,羽屋9組,羽屋四丁目,3,55,hayataisyoubo.pdf,,high,
654,大字羽屋292番地の5,羽屋9組,羽屋四丁目,3,53,hayataisyoubo.pdf,,high,
655,大字羽屋292番地の6,羽屋9組,羽屋四丁目,4,12,hayataisyoubo.pdf,,high,
656,大字羽屋292番地の7,羽屋9組,羽屋四丁目,4,14,hayataisyoubo.pdf,,high,
657,大字羽屋292番地の8,羽屋9組,羽屋四丁目,4,15,hayataisyoubo.pdf,,high,
658,大字羽屋292番地の10,羽屋9組 ﾘｱﾗｲｽﾞ羽屋101,羽屋四丁目,3,50-101,hayataisyoubo.pdf,,high,
659,大字羽屋292番地の10,羽屋9組 ﾘｱﾗｲｽﾞ羽屋102,羽屋四丁目,3,50-102,hayataisyoubo.pdf,,high,
660,大字羽屋292番地の10,羽屋9組 ﾘｱﾗｲｽﾞ羽屋103,羽屋四丁目,3,50-103,hayataisyoubo.pdf,,high,
661,大字羽屋292番地の10,羽屋9組 ﾘｱﾗｲｽﾞ羽屋105,羽屋四丁目,3,50-105,hayataisyoubo.pdf,,high,
662,大字羽屋292番地の10,羽屋9組 ﾘｱﾗｲｽﾞ羽屋201,羽屋四丁目,3,50-201,hayataisyoubo.pdf,,high,
663,大字羽屋292番地の10,羽屋9組 ﾘｱﾗｲｽﾞ羽屋202,羽屋四丁目,3,50-202,hayataisyoubo.pdf,,high,
664,大字羽屋292番地の10,羽屋9組 ﾘｱﾗｲｽﾞ羽屋203,羽屋四丁目,3,50-203,hayataisyoubo.pdf,,high,
665,大字羽屋292番地の10,羽屋9組 ﾘｱﾗｲｽﾞ羽屋205,羽屋四丁目,3,50-205,hayataisyoubo.pdf,,high,
666,大字羽屋292番地の10,羽屋9組 ﾘｱﾗｲｽﾞ羽屋301,羽屋四丁目,3,50-301,hayataisyoubo.pdf,,high,
667,大字羽屋292番地の10,羽屋9組 ﾘｱﾗｲｽﾞ羽屋302,羽屋四丁目,3,50-302,hayataisyoubo.pdf,,high,資料上2回出現
668,大字羽屋292番地の10,羽屋9組 ﾘｱﾗｲｽﾞ羽屋303,羽屋四丁目,3,50-303,hayataisyoubo.pdf,,high,資料上2回出現
669,大字羽屋292番地の10,羽屋9組 ﾘｱﾗｲｽﾞ羽屋305,羽屋四丁目,3,50-305,hayataisyoubo.pdf,,high,
670,大字羽屋292番地の11,羽屋9組の6 ﾌｫﾚｽﾄ羽屋101,羽屋四丁目,3,46-101,hayataisyoubo.pdf,,high,資料上2回出現
671,大字羽屋292番地の11,羽屋9組の6 ﾌｫﾚｽﾄ羽屋102,羽屋四丁目,3,46-102,hayataisyoubo.pdf,,high,
672,大字羽屋292番地の11,羽屋9組の6 ﾌｫﾚｽﾄ5-103,羽屋四丁目,3,46-103,hayataisyoubo.pdf,,high,
673,大字羽屋292番地の11,羽屋9組の6 ﾌｫﾚｽﾄ羽屋103,羽屋四丁目,3,46-103,hayataisyoubo.pdf,,high,
674,大字羽屋292番地の11,羽屋9組の6 ﾌｫﾚｽﾄ羽屋104,羽屋四丁目,3,46-104,hayataisyoubo.pdf,,high,
675,大字羽屋292番地の11,羽屋9組の6 ﾌｫﾚｽﾄ5-105,羽屋四丁目,3,46-105,hayataisyoubo.pdf,,high,
676,大字羽屋292番地の11,羽屋9組の6 第5森ﾋﾞﾙ201,羽屋四丁目,3,46-201,hayataisyoubo.pdf,,high,
677,大字羽屋292番地の11,羽屋9組の6 ﾌｫﾚｽﾄ5-202,羽屋四丁目,3,46-202,hayataisyoubo.pdf,,high,
678,大字羽屋292番地の11,羽屋9組の6 第5森ﾋﾞﾙ203,羽屋四丁目,3,46-203,hayataisyoubo.pdf,,high,
679,大字羽屋292番地の11,羽屋9組の6 ﾌｫﾚｽﾄ羽屋204,羽屋四丁目,3,46-204,hayataisyoubo.pdf,,high,
680,大字羽屋292番地の11,羽屋9組の6 ﾌｫﾚｽﾄ5-204,羽屋四丁目,3,46-204,hayataisyoubo.pdf,,high,
681,大字羽屋292番地の11,羽屋9組の6 ﾌｫﾚｽﾄ羽屋205,羽屋四丁目,3,46-205,hayataisyoubo.pdf,,high,
682,大字羽屋292番地の11,羽屋9組の6 第5森ﾋﾞﾙ301,羽屋四丁目,3,46-301,hayataisyoubo.pdf,,high,
683,大字羽屋292番地の11,羽屋9組の6 第5森ﾋﾞﾙ302,羽屋四丁目,3,46-302,hayataisyoubo.pdf,,high,
684,大字羽屋292番地の11,羽屋9組の6 ﾌｫﾚｽﾄ羽屋303,羽屋四丁目,3,46-303,hayataisyoubo.pdf,,high,
685,大字羽屋292番地の11,羽屋9組の6 ﾌｫﾚｽﾄ羽屋304,羽屋四丁目,3,46-304,hayataisyoubo.pdf,,high,
686,大字羽屋292番地の11,羽屋9組の6 第5森ﾋﾞﾙ305,羽屋四丁目,3,46-305,hayataisyoubo.pdf,,high,
687,大字羽屋292番地の11,羽屋9組の6 ﾌｫﾚｽﾄ羽屋401,羽屋四丁目,3,46-401,hayataisyoubo.pdf,,high,
688,大字羽屋292番地の11,羽屋9組の6 ﾌｫﾚｽﾄ羽屋402,羽屋四丁目,3,46-402,hayataisyoubo.pdf,,high,
689,大字羽屋292番地の11,羽屋9組の6 ﾌｫﾚｽﾄ羽屋403,羽屋四丁目,3,46-403,hayataisyoubo.pdf,,high,
690,大字羽屋292番地の11,羽屋9組の6 第5森ﾋﾞﾙ404,羽屋四丁目,3,46-404,hayataisyoubo.pdf,,high,
691,大字羽屋292番地の11,羽屋9組の6 ﾌｫﾚｽﾄ羽屋405,羽屋四丁目,3,46-405,hayataisyoubo.pdf,,high,
692,大字羽屋292番地の13,羽屋9組,羽屋四丁目,4,9,hayataisyoubo.pdf,,high,
693,大字羽屋292番地の16,羽屋9組,羽屋四丁目,4,17,hayataisyoubo.pdf,,high,
694,大字羽屋292番地の18,羽屋9組,羽屋四丁目,3,54,hayataisyoubo.pdf,,high,
695,大字羽屋299番地の2,羽屋9組 ｾｼﾞｭｰﾙ羽屋201,羽屋四丁目,3,57-201,hayataisyoubo.pdf,,high,
696,大字羽屋299番地の2,羽屋9組 ｾｼﾞｭｰﾙ羽屋202,羽屋四丁目,3,57-202,hayataisyoubo.pdf,,high,
697,大字羽屋299番地の2,羽屋9組 ｾｼﾞｭｰﾙ羽屋203,羽屋四丁目,3,57-203,hayataisyoubo.pdf,,high,
698,大字羽屋299番地の2,羽屋9組 ｾｼﾞｭｰﾙ羽屋301,羽屋四丁目,3,57-301,hayataisyoubo.pdf,,high,
699,大字羽屋299番地の2,羽屋9組 ｾｼﾞｭｰﾙ羽屋302,羽屋四丁目,3,57-302,hayataisyoubo.pdf,,high,
700,大字羽屋299番地の2,羽屋9組 ｾｼﾞｭｰﾙ羽屋303,羽屋四丁目,3,57-303,hayataisyoubo.pdf,,high,
701,大字羽屋299番地の4,羽屋9組,羽屋四丁目,3,63,hayataisyoubo.pdf,,high,
702,大字羽屋299番地の6,羽屋9組,羽屋四丁目,3,59,hayataisyoubo.pdf,,high,資料上2回出現
703,大字羽屋305番地の2,羽屋9組 ｷｬﾄﾙ・ﾌｨｰﾕ羽屋Q01,羽屋四丁目,5,10,hayataisyoubo.pdf,,high,
704,大字羽屋305番地の2,羽屋9組 ｷｬﾄﾙ・ﾌｨｰﾕ羽屋Q02,羽屋四丁目,5,10,hayataisyoubo.pdf,,high,
705,大字羽屋305番地の2,羽屋9組 ｷｬﾄﾙ・ﾌｨｰﾕ羽屋Q03,羽屋四丁目,5,10,hayataisyoubo.pdf,,high,
706,大字羽屋305番地の2,羽屋9組 ｷｬﾄﾙ・ﾌｨｰﾕ羽屋Q04,羽屋四丁目,5,10,hayataisyoubo.pdf,,high,
707,大字羽屋305番地の3,羽屋9組,羽屋四丁目,5,15,hayataisyoubo.pdf,,high,
708,大字羽屋305番地の5,羽屋9組,羽屋四丁目,5,12,hayataisyoubo.pdf,,high,
709,大字羽屋306番地の1,羽屋9組,羽屋四丁目,5,9,hayataisyoubo.pdf,,high,
710,大字羽屋306番地の2,羽屋9組,羽屋四丁目,5,8,hayataisyoubo.pdf,,high,
711,大字羽屋307番地の3,羽屋9組,羽屋四丁目,5,18,hayataisyoubo.pdf,,high,
712,大字羽屋307番地の4,羽屋9組,羽屋四丁目,5,17,hayataisyoubo.pdf,,high,
713,大字羽屋310番地,羽屋9組,羽屋四丁目,5,2,hayataisyoubo.pdf,,high,
714,大字羽屋311番地,羽屋9組,羽屋四丁目,5,6,hayataisyoubo.pdf,,high,
715,大字羽屋312番地の3,羽屋8組,羽屋四丁目,6,1,hayataisyoubo.pdf,,high,
716,大字羽屋312番地の6,羽屋8組,羽屋四丁目,6,2,hayataisyoubo.pdf,,high,
717,大字羽屋312番地の7,羽屋8組,羽屋四丁目,6,3,hayataisyoubo.pdf,,high,
718,大字羽屋312番地の8,羽屋8組,羽屋四丁目,6,5,hayataisyoubo.pdf,,high,資料上2回出現
719,大字羽屋312番地の9,羽屋8組,羽屋四丁目,6,7,hayataisyoubo.pdf,,high,
720,大字羽屋312番地の11,羽屋8組,羽屋四丁目,6,12,hayataisyoubo.pdf,,high,
721,大字羽屋312番地の12,羽屋8組,羽屋四丁目,6,13,hayataisyoubo.pdf,,high,
722,大字羽屋312番地の13,羽屋8組,羽屋四丁目,6,16,hayataisyoubo.pdf,,high,
723,大字羽屋312番地の15,羽屋8組,羽屋四丁目,6,17,hayataisyoubo.pdf,,high,
724,大字羽屋312番地の16,羽屋8組の1,羽屋四丁目,6,24,hayataisyoubo.pdf,,high,
725,大字羽屋312番地の17,羽屋8組の1,羽屋四丁目,6,18,hayataisyoubo.pdf,,high,
726,大字羽屋312番地の18,羽屋8組の1,羽屋四丁目,6,23,hayataisyoubo.pdf,,high,
727,大字羽屋312番地の19,羽屋8組の1,羽屋四丁目,6,19,hayataisyoubo.pdf,,high,
728,大字羽屋312番地の20,羽屋8組の1,羽屋四丁目,6,22,hayataisyoubo.pdf,,high,
729,大字羽屋312番地の21,羽屋8組の1,羽屋四丁目,6,20,hayataisyoubo.pdf,,high,
730,大字羽屋312番地の22,羽屋8組の1,羽屋四丁目,6,21,hayataisyoubo.pdf,,high,
731,大字羽屋312番地の23,羽屋8組,羽屋四丁目,6,26,hayataisyoubo.pdf,,high,
732,大字羽屋312番地の26,羽屋8組,羽屋四丁目,6,8,hayataisyoubo.pdf,,high,
733,大字羽屋312番地の27,羽屋8組,羽屋四丁目,6,9,hayataisyoubo.pdf,,high,
734,大字羽屋313番地,羽屋8組,羽屋四丁目,6,77,hayataisyoubo.pdf,,high,
735,大字羽屋321番地,羽屋8組,羽屋四丁目,6,25,hayataisyoubo.pdf,,high,
736,大字羽屋323番地の1,羽屋8組の2 ﾊﾟﾃｨｵｰﾙﾊﾔ6,羽屋四丁目,6,30,hayataisyoubo.pdf,,high,
737,大字羽屋323番地の1,羽屋8組の2 ﾊﾟﾃｨｵｰﾙ羽屋7,羽屋四丁目,6,30,hayataisyoubo.pdf,,high,
738,大字羽屋323番地の1,羽屋8組の2 ﾊﾟﾃｨｵｰﾙ羽屋8,羽屋四丁目,6,32,hayataisyoubo.pdf,,high,
739,大字羽屋323番地の1,羽屋8組の2 ﾊﾟﾃｨｵｰﾙ羽屋10,羽屋四丁目,6,32,hayataisyoubo.pdf,,high,
740,大字羽屋323番地の1,羽屋8組の2 ﾊﾟﾃｨｵｰﾙ羽屋3,羽屋四丁目,6,34,hayataisyoubo.pdf,,high,
741,大字羽屋323番地の1,羽屋8組の2 ﾊﾟﾃｨｵｰﾙ羽屋5,羽屋四丁目,6,34,hayataisyoubo.pdf,,high,
742,大字羽屋323番地の1,羽屋8組の2 ﾊﾟﾃｨｵｰﾙ羽屋1,羽屋四丁目,6,35,hayataisyoubo.pdf,,high,
743,大字羽屋323番地の1,羽屋8組の2 ﾊﾟﾃｨｵｰﾙ羽屋2,羽屋四丁目,6,35,hayataisyoubo.pdf,,high,
744,大字羽屋323番地の3,羽屋8組の3 TKﾊﾟﾚｽ101,羽屋四丁目,6,28-101,hayataisyoubo.pdf,,high,
745,大字羽屋323番地の3,羽屋8組の3 TKﾊﾟﾚｽ102,羽屋四丁目,6,28-102,hayataisyoubo.pdf,,high,
746,大字羽屋323番地の3,羽屋8組の3 TKﾊﾟﾚｽ103,羽屋四丁目,6,28-103,hayataisyoubo.pdf,,high,
747,大字羽屋323番地の3,羽屋8組の3 TKﾊﾟﾚｽ201,羽屋四丁目,6,28-201,hayataisyoubo.pdf,,high,
748,大字羽屋323番地の3,羽屋8組の3 TKﾊﾟﾚｽ202,羽屋四丁目,6,28-202,hayataisyoubo.pdf,,high,
749,大字羽屋323番地の3,羽屋8組の3 TKﾊﾟﾚｽ203,羽屋四丁目,6,28-203,hayataisyoubo.pdf,,high,
750,大字羽屋323番地の3,羽屋8組の3 TKﾊﾟﾚｽ301,羽屋四丁目,6,28-301,hayataisyoubo.pdf,,high,
751,大字羽屋323番地の3,羽屋8組の3 TKﾊﾟﾚｽ302,羽屋四丁目,6,28-302,hayataisyoubo.pdf,,high,
752,大字羽屋323番地の3,羽屋8組の3 TKﾊﾟﾚｽ303,羽屋四丁目,6,28-303,hayataisyoubo.pdf,,high,
753,大字羽屋323番地の3,羽屋8組の3 TKﾊﾟﾚｽ304,羽屋四丁目,6,28-304,hayataisyoubo.pdf,,high,
754,大字羽屋326番地の1,羽屋8組,羽屋四丁目,6,38,hayataisyoubo.pdf,,high,
755,大字羽屋326番地の3,羽屋8組,羽屋四丁目,6,41,hayataisyoubo.pdf,,high,
756,大字羽屋326番地の5,羽屋8組,羽屋四丁目,6,42,hayataisyoubo.pdf,,high,
757,大字羽屋326番地の6,羽屋8組,羽屋四丁目,6,43,hayataisyoubo.pdf,,high,
758,大字羽屋326番地の7,羽屋8組,羽屋四丁目,6,45,hayataisyoubo.pdf,,high,
759,大字羽屋326番地の9,羽屋8組,羽屋四丁目,6,44,hayataisyoubo.pdf,,high,
760,大字羽屋328番地の1,羽屋8組,羽屋四丁目,6,47,hayataisyoubo.pdf,,high,
761,大字羽屋329番地の1,羽屋8組,羽屋四丁目,6,49,hayataisyoubo.pdf,,high,資料上2回出現
762,大字羽屋字不定329番地1,,羽屋四丁目,6,49,hayataisyoubo.pdf,,high,資料上通称の記載なし
763,大字羽屋329番地の4,羽屋8組 ｶﾞｰﾈｯﾄ・ﾄﾊﾟｰｽﾞ101,羽屋四丁目,6,48,hayataisyoubo.pdf,,high,
764,大字羽屋329番地の4,羽屋8組 ｶﾞｰﾈｯﾄ・ﾄﾊﾟｰｽﾞ102,羽屋四丁目,6,48,hayataisyoubo.pdf,,high,
765,大字羽屋330番地,羽屋8組,羽屋四丁目,6,52,hayataisyoubo.pdf,,high,資料上2回出現
766,大字羽屋331番地,羽屋8組,羽屋四丁目,6,53,hayataisyoubo.pdf,,high,
767,大字羽屋343番地,羽屋7組,羽屋四丁目,11,16,hayataisyoubo.pdf,,high,
768,大字羽屋343番地の1,羽屋7組,羽屋四丁目,11,1,hayataisyoubo.pdf,,high,
769,大字羽屋343番地の2,羽屋7組,羽屋四丁目,11,3,hayataisyoubo.pdf,,high,資料上2回出現
770,大字羽屋343番地の3,羽屋7組,羽屋四丁目,11,4,hayataisyoubo.pdf,,high,
771,大字羽屋343番地の4,羽屋7組,羽屋四丁目,11,5,hayataisyoubo.pdf,,high,
772,大字羽屋343番地の4,,羽屋四丁目,11,5,hayataisyoubo.pdf,,high,資料上通称の記載なし
773,大字羽屋343番地の5,羽屋7組,羽屋四丁目,11,26,hayataisyoubo.pdf,,high,
774,大字羽屋343番地の6,羽屋7組,羽屋四丁目,11,24,hayataisyoubo.pdf,,high,
775,大字羽屋343番地の7,羽屋7組,羽屋四丁目,11,22,hayataisyoubo.pdf,,high,
776,大字羽屋343番地の8,羽屋7組,羽屋四丁目,11,21,hayataisyoubo.pdf,,high,
777,羽屋343-8,,羽屋四丁目,11,21,hayataisyoubo.pdf,,high,資料上通称の記載なし
778,大字羽屋343番地の9,羽屋7組,羽屋四丁目,10,1,hayataisyoubo.pdf,,high,
779,大字羽屋343番地の10,羽屋7組,羽屋四丁目,10,3,hayataisyoubo.pdf,,high,
780,大字羽屋343番地の11,羽屋7組,羽屋四丁目,10,4,hayataisyoubo.pdf,,high,
781,大字羽屋343番地の12,羽屋7組,羽屋四丁目,10,6,hayataisyoubo.pdf,,high,
782,大字羽屋343番地の13,羽屋7組,羽屋四丁目,10,8,hayataisyoubo.pdf,,high,
783,大字羽屋343番地の14,羽屋7組,羽屋四丁目,10,9,hayataisyoubo.pdf,,high,
784,大字羽屋343番地の15,羽屋7組,羽屋四丁目,10,11,hayataisyoubo.pdf,,high,
785,大字羽屋343番地の16,羽屋7組,羽屋四丁目,10,12,hayataisyoubo.pdf,,high,資料上2回出現
786,大字羽屋343番地の17,羽屋7組,羽屋四丁目,11,14,hayataisyoubo.pdf,,high,
787,大字羽屋343番地の18,羽屋7組 羽屋ｼﾃｨﾊｲﾂ1-101,羽屋四丁目,11,11,hayataisyoubo.pdf,,high,資料上2回出現
788,大字羽屋343番地の18,羽屋7組 羽屋ｼﾃｨﾊｲﾂ1-102,羽屋四丁目,11,11,hayataisyoubo.pdf,,high,
789,大字羽屋343番地の18,羽屋7組 羽屋ｼﾃｨﾊｲﾂ1-103,羽屋四丁目,11,11,hayataisyoubo.pdf,,high,
790,大字羽屋343番地の18,羽屋7組 羽屋ｼﾃｨﾊｲﾂ1-105,羽屋四丁目,11,11,hayataisyoubo.pdf,,high,
791,大字羽屋343番地の18,羽屋7組 羽屋ｼﾃｨﾊｲﾂ1-201,羽屋四丁目,11,11,hayataisyoubo.pdf,,high,
792,大字羽屋343番地の18,羽屋7組 羽屋ｼﾃｨﾊｲﾂ1-202,羽屋四丁目,11,11,hayataisyoubo.pdf,,high,
793,大字羽屋343番地の18,羽屋7組 羽屋ｼﾃｨﾊｲﾂ1-203,羽屋四丁目,11,11,hayataisyoubo.pdf,,high,
794,大字羽屋343番地の18,羽屋7組 羽屋ｼﾃｨﾊｲﾂ1-205,羽屋四丁目,11,11,hayataisyoubo.pdf,,high,
795,大字羽屋343番地の21,羽屋7組,羽屋四丁目,11,8,hayataisyoubo.pdf,,high,
796,大字羽屋343番地の22,羽屋7組,羽屋四丁目,11,7,hayataisyoubo.pdf,,high,
797,大字羽屋343番地の23,羽屋7組,羽屋四丁目,11,20,hayataisyoubo.pdf,,high,
798,大字羽屋343番地の24,羽屋7組,羽屋四丁目,11,18,hayataisyoubo.pdf,,high,
799,大字羽屋343番地の25,羽屋7組,羽屋四丁目,11,17,hayataisyoubo.pdf,,high,
800,大字羽屋343番地の54,羽屋7組,羽屋四丁目,10,2,hayataisyoubo.pdf,,high,
801,大字羽屋343番地の62,羽屋7組,羽屋四丁目,10,5,hayataisyoubo.pdf,,high,
802,大字羽屋343番地の63,羽屋7組,羽屋四丁目,10,7,hayataisyoubo.pdf,,high,
803,大字羽屋344番地の1,羽屋11組,羽屋四丁目,10,16,hayataisyoubo.pdf,,high,
804,大字羽屋344番地の4,羽屋11組,羽屋四丁目,10,25,hayataisyoubo.pdf,,high,
805,大字羽屋344番地の8,羽屋11組,羽屋四丁目,10,23,hayataisyoubo.pdf,,high,
806,大字羽屋345番地,羽屋11組,羽屋四丁目,10,26,hayataisyoubo.pdf,,high,
807,大字羽屋346番地,羽屋11組,羽屋四丁目,10,28,hayataisyoubo.pdf,,high,資料上2回出現
808,大字羽屋347番地,羽屋11組,羽屋四丁目,10,30,hayataisyoubo.pdf,,high,
809,大字羽屋348番地の1,羽屋11組,羽屋四丁目,10,32,hayataisyoubo.pdf,,high,
810,大字羽屋348番地の2,羽屋11組,羽屋四丁目,10,35,hayataisyoubo.pdf,,high,資料上2回出現
811,大字羽屋349番地の2,羽屋10組,羽屋四丁目,6,57,hayataisyoubo.pdf,,high,
812,大字羽屋350番地の1,羽屋10組,羽屋四丁目,6,60,hayataisyoubo.pdf,,high,
813,大字羽屋351番地,羽屋10組 羽屋ｼﾃｨﾊｲﾂ2-101,羽屋四丁目,6,61-101,hayataisyoubo.pdf,,high,
814,大字羽屋351番地,羽屋10組 羽屋ｼﾃｨﾊｲﾂ2-102,羽屋四丁目,6,61-102,hayataisyoubo.pdf,,high,
815,大字羽屋351番地,羽屋10組 羽屋ｼﾃｨﾊｲﾂ2-103,羽屋四丁目,6,61-103,hayataisyoubo.pdf,,high,
816,大字羽屋351番地,羽屋10組 羽屋ｼﾃｨﾊｲﾂ2-201,羽屋四丁目,6,61-201,hayataisyoubo.pdf,,high,
817,大字羽屋351番地,羽屋10組 羽屋ｼﾃｨﾊｲﾂ2-202,羽屋四丁目,6,61-202,hayataisyoubo.pdf,,high,
818,大字羽屋351番地,羽屋10組 羽屋ｼﾃｨﾊｲﾂ2-203,羽屋四丁目,6,61-203,hayataisyoubo.pdf,,high,
819,大字羽屋351番地,羽屋10組 羽屋ｼﾃｨﾊｲﾂ2-301,羽屋四丁目,6,61-301,hayataisyoubo.pdf,,high,
820,大字羽屋351番地,羽屋10組 羽屋ｼﾃｨﾊｲﾂ2-302,羽屋四丁目,6,61-302,hayataisyoubo.pdf,,high,
821,大字羽屋351番地,羽屋10組 羽屋ｼﾃｨﾊｲﾂ2-303,羽屋四丁目,6,61-303,hayataisyoubo.pdf,,high,資料上2回出現
822,大字羽屋352番地の1,羽屋10組,羽屋四丁目,6,63,hayataisyoubo.pdf,,high,
823,大字羽屋352番地の2,羽屋10組,羽屋四丁目,6,64,hayataisyoubo.pdf,,high,
824,大字羽屋353番地の1,羽屋10組,羽屋四丁目,6,67,hayataisyoubo.pdf,,high,
825,大字羽屋353番地の2,羽屋10組,羽屋四丁目,6,65,hayataisyoubo.pdf,,high,
826,大字羽屋353番地の3,羽屋10組,羽屋四丁目,6,66,hayataisyoubo.pdf,,high,
827,大字羽屋355番地の1,羽屋10組,羽屋四丁目,6,69,hayataisyoubo.pdf,,high,
828,大字羽屋355番地の2,羽屋10組,羽屋四丁目,6,68,hayataisyoubo.pdf,,high,
829,大字羽屋357番地,羽屋10組,羽屋四丁目,6,71,hayataisyoubo.pdf,,high,
830,大字羽屋357番地,羽屋10組,羽屋四丁目,6,72,hayataisyoubo.pdf,,high,
831,大字羽屋357番地,羽屋10組,羽屋四丁目,6,75,hayataisyoubo.pdf,,high,
832,大字羽屋358番地,羽屋9組の2 ﾌﾚｸﾞﾗﾝｽSAWADA101,羽屋四丁目,7,1,hayataisyoubo.pdf,,high,
833,大字羽屋358番地,羽屋9組の2 ﾌﾚｸﾞﾗﾝｽSAWADA102,羽屋四丁目,7,1,hayataisyoubo.pdf,,high,
834,大字羽屋358番地,羽屋9組 ﾌﾚｸﾞﾗﾝｽSAWADA103,羽屋四丁目,7,1,hayataisyoubo.pdf,,high,
835,大字羽屋358番地,ﾌﾚｸﾞﾗﾝｽSAWADA103,羽屋四丁目,7,1,hayataisyoubo.pdf,,high,
836,大字羽屋358番地,羽屋9組 ﾌﾚｸﾞﾗﾝｽSAWADA201,羽屋四丁目,7,1,hayataisyoubo.pdf,,high,
837,大字羽屋358番地,羽屋9組の2 ﾌﾚｸﾞﾗﾝｽSAWADA202,羽屋四丁目,7,1,hayataisyoubo.pdf,,high,
838,大字羽屋358番地,羽屋9組の2 ﾌﾚｸﾞﾗﾝｽSAWADA203,羽屋四丁目,7,1,hayataisyoubo.pdf,,high,
839,大字羽屋359番地の3,羽屋10組,羽屋四丁目,7,9,hayataisyoubo.pdf,,high,
840,大字羽屋359番地の4,羽屋10組,羽屋四丁目,7,8,hayataisyoubo.pdf,,high,
841,大字羽屋359番地の5,羽屋10組,羽屋四丁目,7,7,hayataisyoubo.pdf,,high,資料上2回出現
842,大字羽屋359番地の6,羽屋10組,羽屋四丁目,7,6,hayataisyoubo.pdf,,high,資料上2回出現
843,大字羽屋360番地の1,羽屋10組の1 仲摩ｱﾊﾟｰﾄ101,羽屋四丁目,7,41,hayataisyoubo.pdf,,high,
844,大字羽屋360番地の1,羽屋10組の1 仲摩ｱﾊﾟｰﾄ102,羽屋四丁目,7,41,hayataisyoubo.pdf,,high,
845,大字羽屋360番地の1,羽屋10組の1 仲摩ｱﾊﾟｰﾄ103,羽屋四丁目,7,41,hayataisyoubo.pdf,,high,
846,大字羽屋360番地の1,羽屋10組の1 仲摩ｱﾊﾟｰﾄ104,羽屋四丁目,7,41,hayataisyoubo.pdf,,high,
847,大字羽屋360番地の1,羽屋10組の1 仲摩ｱﾊﾟｰﾄ201,羽屋四丁目,7,41,hayataisyoubo.pdf,,high,
848,大字羽屋360番地の1,羽屋10組の1 仲摩ｱﾊﾟｰﾄ202,羽屋四丁目,7,41,hayataisyoubo.pdf,,high,
849,大字羽屋360番地の1,羽屋10組の1 仲摩ｱﾊﾟｰﾄ203,羽屋四丁目,7,41,hayataisyoubo.pdf,,high,
850,大字羽屋360番地の1,羽屋10組の1 仲摩ｱﾊﾟｰﾄ204,羽屋四丁目,7,41,hayataisyoubo.pdf,,high,
851,大字羽屋361番地の1,羽屋9組の2,羽屋四丁目,7,58,hayataisyoubo.pdf,,high,
852,大字羽屋361番地の1,,羽屋四丁目,7,58,hayataisyoubo.pdf,,high,資料上通称の記載なし
853,大字羽屋361番地の3,羽屋9組の2,羽屋四丁目,7,59,hayataisyoubo.pdf,,high,
854,大字羽屋361番地の5,羽屋9組の2,羽屋四丁目,7,61,hayataisyoubo.pdf,,high,
855,大字羽屋364番地の2,羽屋9組,羽屋四丁目,7,63,hayataisyoubo.pdf,,high,
856,大字羽屋366番地の2,羽屋9組,羽屋四丁目,3,65,hayataisyoubo.pdf,,high,資料上2回出現
857,大字羽屋369番地の1,羽屋9組の2,羽屋四丁目,3,68,hayataisyoubo.pdf,,high,
858,大字羽屋369番地の3,羽屋9組の2,羽屋四丁目,3,67,hayataisyoubo.pdf,,high,
859,大字羽屋369番地の4,羽屋9組の2,羽屋四丁目,3,69,hayataisyoubo.pdf,,high,
860,羽屋369番地の4,,羽屋四丁目,3,69,hayataisyoubo.pdf,,high,資料上通称の記載なし
861,大字羽屋371番地,羽屋9組,羽屋四丁目,3,34,hayataisyoubo.pdf,,high,
862,大字羽屋371番地,,羽屋四丁目,3,34,hayataisyoubo.pdf,,high,資料上通称の記載なし
863,大字羽屋374番地,羽屋9組の2,羽屋四丁目,7,56,hayataisyoubo.pdf,,high,資料上2回出現
864,大字羽屋375番地,羽屋9組の2,羽屋四丁目,3,70,hayataisyoubo.pdf,,high,
865,大字羽屋378番地,羽屋9組の2,羽屋四丁目,3,72,hayataisyoubo.pdf,,high,
866,大字羽屋379番地,羽屋9組の2,羽屋四丁目,3,73,hayataisyoubo.pdf,,high,
867,大字羽屋383番地,羽屋9組の2,羽屋四丁目,3,75,hayataisyoubo.pdf,,high,
868,大字羽屋383番地,,羽屋四丁目,3,75,hayataisyoubo.pdf,,high,資料上通称の記載なし
869,大字羽屋385番地の1,羽屋9組の2,羽屋四丁目,3,78,hayataisyoubo.pdf,,high,資料上4回出現
870,大字羽屋385番地の3,羽屋9組の2,羽屋四丁目,3,77,hayataisyoubo.pdf,,high,
871,大字羽屋386番地の1,羽屋9組の2,羽屋四丁目,2,2,hayataisyoubo.pdf,,high,
872,大字羽屋字中須賀387番地-1,羽屋9組5,羽屋四丁目,2,8,hayataisyoubo.pdf,,high,資料上2回出現
873,大字羽屋389番地,羽屋9組の2,羽屋四丁目,3,79,hayataisyoubo.pdf,,high,
874,大字羽屋389番地,,羽屋四丁目,8,10,hayataisyoubo.pdf,,high,資料上通称の記載なし
875,大字羽屋389番地の1,羽屋9組の2 WINDOM鈴木101,羽屋四丁目,8,30-101,hayataisyoubo.pdf,,high,
876,大字羽屋389番地の1,羽屋9組の2 WINDOM鈴木102,羽屋四丁目,8,30-102,hayataisyoubo.pdf,,high,
877,大字羽屋389番地の1,羽屋9組の2 WINDOM鈴木201,羽屋四丁目,8,30-201,hayataisyoubo.pdf,,high,
878,大字羽屋389番地の1,羽屋9組の2 WINDOM鈴木202,羽屋四丁目,8,30-202,hayataisyoubo.pdf,,high,
879,大字羽屋389番地の1,羽屋9組の2 WINDOM鈴木301,羽屋四丁目,8,30-301,hayataisyoubo.pdf,,high,
880,大字羽屋389番地の1,羽屋9組の2 WINDOM鈴木302,羽屋四丁目,8,30-302,hayataisyoubo.pdf,,high,
881,大字羽屋390番地,羽屋9組の2 ｺｰﾎﾟ三和102,羽屋四丁目,8,28,hayataisyoubo.pdf,,high,
882,大字羽屋390番地,羽屋9組の2 ｺｰﾎﾟ三和103,羽屋四丁目,8,28,hayataisyoubo.pdf,,high,
883,大字羽屋390番地,羽屋9組の2 ｺｰﾎﾟ三和201,羽屋四丁目,8,28,hayataisyoubo.pdf,,high,
884,大字羽屋390番地の1,羽屋9組の2 ｺｰﾎﾟ三和101,羽屋四丁目,8,28,hayataisyoubo.pdf,,high,
885,大字羽屋390番地の1,羽屋9組の2 ｺｰﾎﾟ三和202,羽屋四丁目,8,28,hayataisyoubo.pdf,,high,
886,大字羽屋390番地の1,羽屋9組の2 ｺｰﾎﾟ三和203,羽屋四丁目,8,28,hayataisyoubo.pdf,,high,
887,大字羽屋392番地,羽屋9組の2,羽屋四丁目,8,27,hayataisyoubo.pdf,,high,
888,大字羽屋394番地の2,羽屋9組の2,羽屋四丁目,7,53,hayataisyoubo.pdf,,high,
889,大字羽屋397番地の1,羽屋9組の2,羽屋四丁目,7,48,hayataisyoubo.pdf,,high,
890,大字羽屋397番地の1,羽屋9組の2,羽屋四丁目,7,49,hayataisyoubo.pdf,,high,
891,大字羽屋397番地の2,羽屋9組の2 三原ｱﾊﾟｰﾄ100,羽屋四丁目,8,21,hayataisyoubo.pdf,,high,
892,大字羽屋397番地の2,羽屋9組の2 三原ｱﾊﾟｰﾄ101,羽屋四丁目,8,21,hayataisyoubo.pdf,,high,
893,大字羽屋397番地の2,羽屋9組の2 三原ｱﾊﾟｰﾄ102,羽屋四丁目,8,21,hayataisyoubo.pdf,,high,
894,大字羽屋397番地の2,羽屋9組の2 三原ｱﾊﾟｰﾄ103,羽屋四丁目,8,21,hayataisyoubo.pdf,,high,
895,大字羽屋397番地の2,羽屋9組の2 三原ｱﾊﾟｰﾄ204,羽屋四丁目,8,21,hayataisyoubo.pdf,,high,
896,大字羽屋397番地の2,羽屋9組の2 三原ｱﾊﾟｰﾄ205,羽屋四丁目,8,21,hayataisyoubo.pdf,,high,
897,大字羽屋397番地の2,羽屋9組の2 三原ｱﾊﾟｰﾄ206,羽屋四丁目,8,21,hayataisyoubo.pdf,,high,
898,大字羽屋397番地の2,羽屋9組の2 三原ｱﾊﾟｰﾄ207,羽屋四丁目,8,21,hayataisyoubo.pdf,,high,
899,大字羽屋397番地の4,羽屋9組の2,羽屋四丁目,7,46,hayataisyoubo.pdf,,high,
900,大字羽屋397番地の5,羽屋9組の2,羽屋四丁目,8,19,hayataisyoubo.pdf,,high,
901,大字羽屋398番地の5,羽屋10組の1,羽屋四丁目,7,36,hayataisyoubo.pdf,,high,
902,大字羽屋399番地の3,羽屋9組の2,羽屋四丁目,8,18,hayataisyoubo.pdf,,high,資料上2回出現
903,大字羽屋399番地の6,羽屋9組の2,羽屋四丁目,8,17,hayataisyoubo.pdf,,high,
904,大字羽屋399番地の8,羽屋9組の2,羽屋四丁目,8,14,hayataisyoubo.pdf,,high,資料上2回出現
905,大字羽屋401番地の2,羽屋10組の1,羽屋四丁目,8,8,hayataisyoubo.pdf,,high,
906,大字羽屋401番地の3,羽屋10組の1,羽屋四丁目,8,6,hayataisyoubo.pdf,,high,
907,大字羽屋401番地の4,羽屋10組の1,羽屋四丁目,8,5,hayataisyoubo.pdf,,high,資料上2回出現
908,大字羽屋403番地の3,羽屋10組の1,羽屋四丁目,7,35,hayataisyoubo.pdf,,high,
909,大字羽屋404番地の4,羽屋10組の1 ｾﾙﾍﾞｰﾙ羽屋101,羽屋四丁目,7,34,hayataisyoubo.pdf,,high,
910,大字羽屋404番地の4,羽屋10組の1 ｾﾙﾍﾞｰﾙ羽屋102,羽屋四丁目,7,34,hayataisyoubo.pdf,,high,
911,大字羽屋404番地の4,羽屋10組の1 ｾﾙﾍﾞｰﾙ羽屋201,羽屋四丁目,7,34,hayataisyoubo.pdf,,high,
912,大字羽屋404番地の4,羽屋10組の1 ｾﾙﾍﾞｰﾙ羽屋202,羽屋四丁目,7,34,hayataisyoubo.pdf,,high,
913,大字羽屋406番地の3,羽屋10組の1,羽屋四丁目,7,32,hayataisyoubo.pdf,,high,資料上2回出現
914,大字羽屋407番地の2,羽屋10組,羽屋四丁目,7,15,hayataisyoubo.pdf,,high,資料上2回出現
915,大字羽屋407番地の4,羽屋10組,羽屋四丁目,7,13,hayataisyoubo.pdf,,high,
916,大字羽屋407番地の6,羽屋10組,羽屋四丁目,7,11,hayataisyoubo.pdf,,high,
917,大字羽屋407番地の12,羽屋10組,羽屋四丁目,7,10,hayataisyoubo.pdf,,high,
918,大字羽屋407番地の14,羽屋10組,羽屋四丁目,7,12,hayataisyoubo.pdf,,high,
919,大字羽屋416番地,羽屋10組,羽屋四丁目,7,18,hayataisyoubo.pdf,,high,
920,大字羽屋416番地の2,羽屋10組,羽屋四丁目,7,17,hayataisyoubo.pdf,,high,
921,大字羽屋416番地の6,羽屋10組,羽屋四丁目,7,20,hayataisyoubo.pdf,,high,
922,大字羽屋416番地の8,羽屋10組の1,羽屋四丁目,7,22,hayataisyoubo.pdf,,high,資料上2回出現
923,大字羽屋416番地の9,羽屋10組の1,羽屋四丁目,7,28,hayataisyoubo.pdf,,high,
924,大字羽屋416番地の12,羽屋10組の1,羽屋四丁目,7,27,hayataisyoubo.pdf,,high,
925,大字羽屋416番地の16,羽屋10組,羽屋四丁目,9,3,hayataisyoubo.pdf,,high,資料上2回出現
926,大字羽屋416番地の18,羽屋10組の1,羽屋四丁目,9,9,hayataisyoubo.pdf,,high,
927,大字羽屋416番地の20,羽屋10組の1,羽屋四丁目,9,11,hayataisyoubo.pdf,,high,資料上2回出現
928,大字羽屋416番地の22,羽屋10組の1,羽屋四丁目,9,17,hayataisyoubo.pdf,,high,
929,大字羽屋416番地の24,羽屋10組の1,羽屋四丁目,9,16,hayataisyoubo.pdf,,high,
930,大字羽屋416番地の26,羽屋10組の1,羽屋四丁目,9,12,hayataisyoubo.pdf,,high,
931,大字羽屋416番地の29,羽屋10組の1,羽屋四丁目,9,13,hayataisyoubo.pdf,,high,
932,大字羽屋416番地の30,羽屋10組,羽屋四丁目,7,21,hayataisyoubo.pdf,,high,資料上2回出現
933,大字羽屋417番地の2,羽屋11組,羽屋四丁目,9,48,hayataisyoubo.pdf,,high,
934,大字羽屋417番地の4,羽屋11組,羽屋四丁目,9,51,hayataisyoubo.pdf,,high,
935,大字羽屋417番地の5,羽屋11組,羽屋四丁目,9,52,hayataisyoubo.pdf,,high,
936,大字羽屋418番地の2,羽屋11組,羽屋四丁目,9,71,hayataisyoubo.pdf,,high,資料上2回出現
937,大字羽屋418番地の3,羽屋11組,羽屋四丁目,9,73,hayataisyoubo.pdf,,high,
938,大字羽屋418番地の5,羽屋11組,羽屋四丁目,9,58,hayataisyoubo.pdf,,high,
939,大字羽屋418番地の11,羽屋11組,羽屋四丁目,9,54,hayataisyoubo.pdf,,high,資料上2回出現
940,大字羽屋418番地の12,羽屋11組,羽屋四丁目,9,69,hayataisyoubo.pdf,,high,
941,大字羽屋419番地の8,羽屋11組,羽屋四丁目,9,74,hayataisyoubo.pdf,,high,
942,大字羽屋419番地の9,羽屋11組,羽屋四丁目,9,75,hayataisyoubo.pdf,,high,
943,大字羽屋419番地の12,羽屋11組,羽屋四丁目,9,60,hayataisyoubo.pdf,,high,
944,大字羽屋419番地の12,,羽屋四丁目,9,60,hayataisyoubo.pdf,,high,資料上通称の記載なし
945,大字羽屋420番地の4,羽屋11組,羽屋四丁目,9,39,hayataisyoubo.pdf,,high,
946,大字羽屋420番地の5,羽屋11組,羽屋四丁目,9,38,hayataisyoubo.pdf,,high,
947,大字羽屋420番地の6,羽屋11組,羽屋四丁目,9,36,hayataisyoubo.pdf,,high,
948,大字羽屋420番地の7,羽屋11組,羽屋四丁目,9,35,hayataisyoubo.pdf,,high,
949,大字羽屋420番地の8,羽屋11組,羽屋四丁目,9,32,hayataisyoubo.pdf,,high,資料上2回出現
950,大字羽屋420番地の11,羽屋11組,羽屋四丁目,9,46,hayataisyoubo.pdf,,high,
951,大字羽屋420番地の12,羽屋11組,羽屋四丁目,9,42,hayataisyoubo.pdf,,high,資料上2回出現
952,大字羽屋421番地の1,羽屋11組,羽屋四丁目,9,30,hayataisyoubo.pdf,,high,資料上2回出現
953,大字羽屋421番地の2,,羽屋四丁目,9,31,hayataisyoubo.pdf,,high,資料上通称の記載なし
954,大字羽屋421の2番地,羽屋11組,羽屋四丁目,9,31,hayataisyoubo.pdf,,high,
955,大字羽屋422番地の3,羽屋12組の1,羽屋四丁目,9,80,hayataisyoubo.pdf,,high,
956,大字羽屋422番地の4,羽屋12組の1,羽屋四丁目,9,81,hayataisyoubo.pdf,,high,資料上2回出現
957,大字羽屋422番地の5,羽屋12組の1,羽屋四丁目,9,82,hayataisyoubo.pdf,,high,
958,大字羽屋422番地の6,羽屋12組の1,羽屋四丁目,9,83,hayataisyoubo.pdf,,high,
959,大字羽屋422番地の8,羽屋12組の1,羽屋四丁目,9,85,hayataisyoubo.pdf,,high,
960,大字羽屋422番地の9,羽屋12組の1,羽屋四丁目,9,86,hayataisyoubo.pdf,,high,
961,大字羽屋422番地の12,羽屋12組の1,羽屋四丁目,9,93,hayataisyoubo.pdf,,high,
962,大字羽屋422番地の14,羽屋12組の1,羽屋四丁目,9,89,hayataisyoubo.pdf,,high,
963,大字羽屋423番地の2,羽屋9組の5,羽屋四丁目,2,27,hayataisyoubo.pdf,,high,
964,大字羽屋425番地の4,羽屋11組の1,羽屋四丁目,9,27,hayataisyoubo.pdf,,high,
965,大字羽屋425番地の5,羽屋11組の1,羽屋四丁目,9,26,hayataisyoubo.pdf,,high,資料上2回出現
966,大字羽屋425番地の6,羽屋11組,羽屋四丁目,9,25,hayataisyoubo.pdf,,high,
967,大字羽屋425番地の7,羽屋11組の1,羽屋四丁目,9,24,hayataisyoubo.pdf,,high,
968,大字羽屋425番地の8,羽屋11組の1,羽屋四丁目,9,19,hayataisyoubo.pdf,,high,
969,大字羽屋425番地の9,羽屋11組の1,羽屋四丁目,9,20,hayataisyoubo.pdf,,high,
970,大字羽屋425番地の10,羽屋11組の1,羽屋四丁目,9,21,hayataisyoubo.pdf,,high,
971,大字羽屋425番地の11,羽屋11組,羽屋四丁目,9,22,hayataisyoubo.pdf,,high,
972,大字羽屋425番地の12,羽屋11組の1,羽屋四丁目,9,23,hayataisyoubo.pdf,,high,
973,大字羽屋427番地,羽屋9組の2,羽屋四丁目,8,12,hayataisyoubo.pdf,,high,
974,大字羽屋430番地の1,羽屋9組の5,羽屋四丁目,2,15,hayataisyoubo.pdf,,high,
975,大字羽屋430番地の4,羽屋9組の5,羽屋四丁目,2,18,hayataisyoubo.pdf,,high,
976,大字羽屋430番地の4,,羽屋四丁目,2,18,hayataisyoubo.pdf,,high,資料上通称の記載なし
977,大字羽屋430番地の5,羽屋9組の5,羽屋四丁目,2,12,hayataisyoubo.pdf,,high,
978,大字羽屋430番地の5,羽屋9の5,羽屋四丁目,2,12,hayataisyoubo.pdf,,high,
979,大字羽屋430番地の6,羽屋9組の5,羽屋四丁目,2,13,hayataisyoubo.pdf,,high,
980,大字羽屋430番地の7,羽屋9組の5,羽屋四丁目,2,14,hayataisyoubo.pdf,,high,
981,大字羽屋442番地の2,羽屋12組の1,羽屋四丁目,17,9,hayataisyoubo.pdf,,high,
982,大字羽屋442番地の3,羽屋12組の1,羽屋四丁目,17,10,hayataisyoubo.pdf,,high,
983,大字羽屋442番地の4,羽屋12組の1,羽屋四丁目,17,13,hayataisyoubo.pdf,,high,
984,大字羽屋442番地の6,羽屋12組の1,羽屋四丁目,17,15,hayataisyoubo.pdf,,high,
985,大字羽屋442番地の7,羽屋12組の1,羽屋四丁目,17,4,hayataisyoubo.pdf,,high,
986,大字羽屋443番地の3,羽屋12組の1 ﾊﾟｰｸｻｲﾄﾞ羽屋101,羽屋四丁目,17,21,hayataisyoubo.pdf,,high,
987,大字羽屋443番地の3,羽屋12組の1 ﾊﾟｰｸｻｲﾄﾞ羽屋102,羽屋四丁目,17,21,hayataisyoubo.pdf,,high,
988,大字羽屋443番地の4,羽屋12組の1,羽屋四丁目,17,20,hayataisyoubo.pdf,,high,
989,大字羽屋443番地の5,羽屋12組の1,羽屋四丁目,17,19,hayataisyoubo.pdf,,high,
990,大字羽屋443番地の7,羽屋12組の1,羽屋四丁目,16,15,hayataisyoubo.pdf,,high,
991,大字羽屋443番地の8,羽屋12組の1,羽屋四丁目,16,13,hayataisyoubo.pdf,,high,資料上2回出現
992,大字羽屋444番地の2,羽屋12組の1,羽屋四丁目,16,2,hayataisyoubo.pdf,,high,
993,大字羽屋444番地の6,羽屋12組の1,羽屋四丁目,16,9,hayataisyoubo.pdf,,high,
994,大字羽屋444番地の7,羽屋12組 ﾙﾐﾈ羽屋1A,羽屋四丁目,16,3,hayataisyoubo.pdf,,high,
995,大字羽屋444番地の7,羽屋12組 ﾙﾐﾈ羽屋1B,羽屋四丁目,16,3,hayataisyoubo.pdf,,high,
996,大字羽屋444番地の7,羽屋12組 ﾙﾐﾈ羽屋2A,羽屋四丁目,16,3,hayataisyoubo.pdf,,high,
997,大字羽屋444番地の7,羽屋12組 ﾙﾐﾈ羽屋2B,羽屋四丁目,16,3,hayataisyoubo.pdf,,high,
998,大字羽屋444番地の10,羽屋12組の1,羽屋四丁目,16,12,hayataisyoubo.pdf,,high,
999,大字羽屋445番地の10,羽屋12組,羽屋四丁目,14,12,hayataisyoubo.pdf,,high,
1000,大字羽屋445番地の10,羽屋12組,羽屋四丁目,14,13,hayataisyoubo.pdf,,high,資料上2回出現
1001,大字羽屋445番地の10,,羽屋四丁目,14,13,hayataisyoubo.pdf,,high,資料上通称の記載なし
1002,大字羽屋446番地の3,羽屋12組の1,羽屋四丁目,16,1,hayataisyoubo.pdf,,high,資料上2回出現
1003,大字羽屋447番地の2,羽屋12組,羽屋四丁目,13,1,hayataisyoubo.pdf,,high,
1004,大字羽屋447番地の3,羽屋12組,羽屋四丁目,14,1,hayataisyoubo.pdf,,high,
1005,大字羽屋447番地の4,羽屋12組 ﾓﾃﾞﾙﾝﾚｼﾞﾃﾞﾝｽ101,羽屋四丁目,14,19,hayataisyoubo.pdf,,high,
1006,大字羽屋447番地の4,羽屋12組 ﾓﾃﾞﾙﾝﾚｼﾞﾃﾞﾝｽ102,羽屋四丁目,14,19,hayataisyoubo.pdf,,high,
1007,大字羽屋447番地の4,羽屋12組 ﾓﾃﾞﾙﾝﾚｼﾞﾃﾞﾝｽ201,羽屋四丁目,14,19,hayataisyoubo.pdf,,high,
1008,大字羽屋447番地の4,羽屋12組 ﾓﾃﾞﾙﾝﾚｼﾞﾃﾞﾝｽ202,羽屋四丁目,14,19,hayataisyoubo.pdf,,high,
1009,大字羽屋447番地の6,羽屋12組,羽屋四丁目,14,5,hayataisyoubo.pdf,,high,
1010,大字羽屋447番地の7,羽屋12組,羽屋四丁目,13,4,hayataisyoubo.pdf,,high,
1011,大字羽屋447番地の8,羽屋12組,羽屋四丁目,13,6,hayataisyoubo.pdf,,high,
1012,大字羽屋448番地の3,羽屋12組,羽屋四丁目,13,9,hayataisyoubo.pdf,,high,
1013,大字羽屋448番地の6,羽屋12組,羽屋四丁目,14,6,hayataisyoubo.pdf,,high,
1014,大字羽屋448番地の9,羽屋12組,羽屋四丁目,14,15,hayataisyoubo.pdf,,high,
1015,大字羽屋448番地の10,羽屋12組,羽屋四丁目,14,3,hayataisyoubo.pdf,,high,資料上3回出現
1016,大字羽屋448番地の11,羽屋12組,羽屋四丁目,14,16,hayataisyoubo.pdf,,high,
1017,大字羽屋448番地の14,羽屋12組,羽屋四丁目,13,7,hayataisyoubo.pdf,,high,
1018,大字羽屋448番地の15,羽屋12組,羽屋四丁目,13,8,hayataisyoubo.pdf,,high,
1019,大字羽屋449番地の2,羽屋12組の1,羽屋四丁目,15,2,hayataisyoubo.pdf,,high,資料上2回出現
1020,大字羽屋449番地の5,羽屋12組の1,羽屋四丁目,15,6,hayataisyoubo.pdf,,high,
1021,大字羽屋449番地の6,羽屋12組の1,羽屋四丁目,15,8,hayataisyoubo.pdf,,high,資料上2回出現
1022,大字羽屋449番地の7,羽屋12組の1,羽屋四丁目,15,9,hayataisyoubo.pdf,,high,資料上2回出現
1023,大字羽屋449番地の8,羽屋12組の1,羽屋四丁目,15,10,hayataisyoubo.pdf,,high,
1024,大字羽屋449番地の12,羽屋12組,羽屋四丁目,13,15,hayataisyoubo.pdf,,high,資料上3回出現
1025,大字羽屋449番地の14,羽屋12組,羽屋四丁目,13,18,hayataisyoubo.pdf,,high,
1026,大字羽屋449番地の15,羽屋12組,羽屋四丁目,13,12,hayataisyoubo.pdf,,high,
1027,大字羽屋449番地の16,羽屋12組,羽屋四丁目,13,11,hayataisyoubo.pdf,,high,
1028,羽屋449番地の16,,羽屋四丁目,13,11,hayataisyoubo.pdf,,high,資料上通称の記載なし
1029,大字羽屋822番地の1,羽屋7組の1 ｼｮｺﾗ310-101,羽屋四丁目,12,10,hayataisyoubo.pdf,,high,
1030,大字羽屋822番地の1,羽屋7組の1 ｼｮｺﾗ310-102,羽屋四丁目,12,10,hayataisyoubo.pdf,,high,
1031,大字羽屋822番地の1,羽屋7組の1 ｼｮｺﾗ310-201,羽屋四丁目,12,10,hayataisyoubo.pdf,,high,
1032,大字羽屋822番地の1,羽屋7組の1 ｼｮｺﾗ310-202,羽屋四丁目,12,10,hayataisyoubo.pdf,,high,資料上2回出現
1033,大字羽屋822番地の7,羽屋7組の1,羽屋四丁目,12,12,hayataisyoubo.pdf,,high,
1034,大字羽屋822の7,,羽屋四丁目,12,12,hayataisyoubo.pdf,,high,資料上通称の記載なし
1035,大字羽屋822番地の7,,羽屋四丁目,12,12,hayataisyoubo.pdf,,high,資料上通称の記載なし
1036,大字羽屋823番地の1,羽屋7組の1,羽屋四丁目,12,9,hayataisyoubo.pdf,,high,
1037,大字羽屋823番地の3,羽屋7組の1,羽屋四丁目,12,7,hayataisyoubo.pdf,,high,資料上2回出現
1038,大字羽屋841番地の1,羽屋7組の1,羽屋三丁目,10,26,hayataisyoubo.pdf,,high,
1039,大字羽屋841番地の1,羽屋7-1,羽屋三丁目,10,26,hayataisyoubo.pdf,,high,
1040,大字羽屋841番地の3,羽屋7組の1,羽屋三丁目,10,25,hayataisyoubo.pdf,,high,
1041,大字羽屋841番地の4,羽屋7組の1 中野荘,羽屋三丁目,10,22,hayataisyoubo.pdf,,high,資料上5回出現
1042,大字羽屋841番地の5,羽屋7組の1 加藤ｱﾊﾟｰﾄ,羽屋三丁目,10,21,hayataisyoubo.pdf,,high,
1043,大字羽屋841番地の5,羽屋7組の1 加藤ｱﾊﾟｰﾄ201,羽屋三丁目,10,21,hayataisyoubo.pdf,,high,
1044,大字羽屋841番地の5,羽屋7組の1 加藤ｱﾊﾟｰﾄ202,羽屋三丁目,10,21,hayataisyoubo.pdf,,high,
1045,大字羽屋841番地の5,羽屋7組の1 加藤ｱﾊﾟｰﾄ203,羽屋三丁目,10,21,hayataisyoubo.pdf,,high,
1046,大字羽屋841番地の6,羽屋7組の1,羽屋三丁目,10,20,hayataisyoubo.pdf,,high,資料上2回出現
1047,大字羽屋841番地の9,羽屋7組の1,羽屋三丁目,10,23,hayataisyoubo.pdf,,high,
1048,大字羽屋841番地の10,羽屋7組の1,羽屋三丁目,10,24,hayataisyoubo.pdf,,high,
1049,大字羽屋841番地の11,羽屋7組の1,羽屋三丁目,10,29,hayataisyoubo.pdf,,high,
1050,大字羽屋844番地の1,羽屋5組 ﾎﾞﾇｰﾙ羽屋D101,羽屋三丁目,10,14,hayataisyoubo.pdf,,high,
1051,大字羽屋844番地の1,羽屋5組 ﾎﾞﾇｰﾙ羽屋D102,羽屋三丁目,10,14,hayataisyoubo.pdf,,high,資料上2回出現
1052,大字羽屋844番地の1,羽屋5組 ﾎﾞﾇｰﾙ羽屋D103,羽屋三丁目,10,14,hayataisyoubo.pdf,,high,
1053,大字羽屋844番地の1,羽屋5組 ﾎﾞﾇｰﾙ羽屋D201,羽屋三丁目,10,14,hayataisyoubo.pdf,,high,
1054,大字羽屋844番地の1,羽屋5組 ﾎﾞﾇｰﾙ羽屋D202,羽屋三丁目,10,14,hayataisyoubo.pdf,,high,
1055,大字羽屋844番地の1,羽屋5組 ﾎﾞﾇｰﾙ羽屋D203,羽屋三丁目,10,14,hayataisyoubo.pdf,,high,
1056,大字羽屋844番地の1,羽屋5組 ﾎﾞﾇｰﾙ羽屋E101,羽屋三丁目,10,15,hayataisyoubo.pdf,,high,
1057,大字羽屋844番地の1,羽屋5組 ﾎﾞﾇｰﾙ羽屋E102,羽屋三丁目,10,15,hayataisyoubo.pdf,,high,
1058,大字羽屋844番地の1,羽屋5組 ﾎﾞﾇｰﾙ羽屋E201,羽屋三丁目,10,15,hayataisyoubo.pdf,,high,
1059,大字羽屋844番地の1,羽屋5組 ﾎﾞﾇｰﾙ羽屋E202,羽屋三丁目,10,15,hayataisyoubo.pdf,,high,
1060,大字羽屋844番地の5,羽屋5組,羽屋三丁目,10,3,hayataisyoubo.pdf,,high,
1061,羽屋844-5番地,羽屋5組,羽屋三丁目,10,3,hayataisyoubo.pdf,,high,
1062,大字羽屋844番地の5,羽屋5組,羽屋三丁目,10,4,hayataisyoubo.pdf,,high,
1063,羽屋844-5番地,羽屋5組,羽屋三丁目,10,4,hayataisyoubo.pdf,,high,
1064,大字羽屋844番地の5,羽屋5組,羽屋三丁目,10,5,hayataisyoubo.pdf,,high,
1065,大字羽屋844番地の6,羽屋5組の2 ﾎﾞﾇｰﾙ羽屋L101,羽屋三丁目,10,6-101,hayataisyoubo.pdf,,high,
1066,大字羽屋844番地の6,羽屋5組の2 ﾎﾞﾇｰﾙ羽屋L102,羽屋三丁目,10,6-102,hayataisyoubo.pdf,,high,
1067,大字羽屋844番地の6,羽屋5組の2 ﾎﾞﾇｰﾙ羽屋L103,羽屋三丁目,10,6-103,hayataisyoubo.pdf,,high,
1068,大字羽屋844番地の6,羽屋5組の2 ﾎﾞﾇｰﾙ羽屋L201,羽屋三丁目,10,6-201,hayataisyoubo.pdf,,high,
1069,大字羽屋844番地の6,羽屋5組の2 ﾎﾞﾇｰﾙ羽屋L202,羽屋三丁目,10,6-202,hayataisyoubo.pdf,,high,
1070,大字羽屋844番地の6,羽屋5組の2 ﾎﾞﾇｰﾙ羽屋L203,羽屋三丁目,10,6-203,hayataisyoubo.pdf,,high,
1071,大字羽屋844番地の6,羽屋5組の2 ﾎﾞﾇｰﾙ羽屋L301,羽屋三丁目,10,6-301,hayataisyoubo.pdf,,high,
1072,大字羽屋844番地の6,羽屋5組の2 ﾎﾞﾇｰﾙ羽屋L302,羽屋三丁目,10,6-302,hayataisyoubo.pdf,,high,
1073,大字羽屋844番地の6,羽屋5組の2 ﾎﾞﾇｰﾙ羽屋L303,羽屋三丁目,10,6-303,hayataisyoubo.pdf,,high,
1074,大字羽屋845番地の2,花園14組の1,羽屋三丁目,11,5,hayataisyoubo.pdf,,high,
1075,大字羽屋845番地の3,花園14組の1,羽屋三丁目,11,6,hayataisyoubo.pdf,,high,
1076,大字羽屋845番地の4,花園14組の1,羽屋三丁目,11,9,hayataisyoubo.pdf,,high,
1077,大字羽屋845番地の6,花園14組の1,羽屋三丁目,11,3,hayataisyoubo.pdf,,high,
1078,大字羽屋846番地の2,花園14組の1,羽屋三丁目,11,10,hayataisyoubo.pdf,,high,
1079,大字羽屋846番地の6,花園14組の1,羽屋三丁目,11,1,hayataisyoubo.pdf,,high,
1080,大字羽屋848番地の1,羽屋6組の1,羽屋三丁目,11,11,hayataisyoubo.pdf,,high,
1081,大字羽屋848番地の5,羽屋6組の1,羽屋三丁目,11,13,hayataisyoubo.pdf,,high,
1082,大字羽屋848番地の8,羽屋6組の1,羽屋三丁目,11,12,hayataisyoubo.pdf,,high,
1083,大字羽屋849番地の1,羽屋6組の1,羽屋三丁目,11,15,hayataisyoubo.pdf,,high,
1084,大字羽屋850番地の1,羽屋6組 ﾌｨｰﾚ羽屋101,羽屋三丁目,11,17,hayataisyoubo.pdf,,high,
1085,大字羽屋850番地の1,羽屋6組 ﾌｨｰﾚ羽屋102,羽屋三丁目,11,17,hayataisyoubo.pdf,,high,
1086,大字羽屋850番地の2,羽屋6組の4 ﾚｵﾊﾟﾚｽｻﾝﾌﾚﾝｽﾞK101,羽屋三丁目,11,23,hayataisyoubo.pdf,,high,
1087,大字羽屋850番地の2,羽屋6組の4 ﾚｵﾊﾟﾚｽｻﾝﾌﾚﾝｽﾞK102,羽屋三丁目,11,23,hayataisyoubo.pdf,,high,
1088,大字羽屋850番地の2,羽屋6組の4 ﾚｵﾊﾟﾚｽｻﾝﾌﾚﾝｽﾞK103,羽屋三丁目,11,23,hayataisyoubo.pdf,,high,
1089,大字羽屋850番地の2,羽屋6組の4 ﾚｵﾊﾟﾚｽｻﾝﾌﾚﾝｽﾞK105,羽屋三丁目,11,23,hayataisyoubo.pdf,,high,
1090,大字羽屋850番地の2,羽屋6組の4 ﾚｵﾊﾟﾚｽｻﾝﾌﾚﾝｽﾞK201,羽屋三丁目,11,23,hayataisyoubo.pdf,,high,
1091,大字羽屋850番地の2,羽屋6組の4 ﾚｵﾊﾟﾚｽｻﾝﾌﾚﾝｽﾞK202,羽屋三丁目,11,23,hayataisyoubo.pdf,,high,
1092,大字羽屋850番地の2,羽屋6組の4 ﾚｵﾊﾟﾚｽｻﾝﾌﾚﾝｽﾞK203,羽屋三丁目,11,23,hayataisyoubo.pdf,,high,
1093,大字羽屋850番地の2,羽屋6組の4 ﾚｵﾊﾟﾚｽｻﾝﾌﾚﾝｽﾞK205,羽屋三丁目,11,23,hayataisyoubo.pdf,,high,
1094,大字羽屋850番地の4,羽屋6組の1,羽屋三丁目,11,16,hayataisyoubo.pdf,,high,
1095,大字羽屋851番地の3,羽屋6組の1,羽屋三丁目,11,21,hayataisyoubo.pdf,,high,
1096,大字羽屋853番地の2,羽屋6組の1,羽屋三丁目,11,18,hayataisyoubo.pdf,,high,資料上2回出現
1097,大字羽屋854番地の1,羽屋5組の2 ﾎﾞﾇｰﾙ羽屋J102,羽屋三丁目,9,23,hayataisyoubo.pdf,,high,
1098,大字羽屋854番地の1,羽屋5組の2 ﾎﾞﾇｰﾙ羽屋J201,羽屋三丁目,9,23,hayataisyoubo.pdf,,high,
1099,大字羽屋855番地の1,羽屋5組の2 ﾎﾞﾇｰﾙ羽屋G101,羽屋三丁目,9,25,hayataisyoubo.pdf,,high,
1100,大字羽屋855番地の1,羽屋5組の2 ﾎﾞﾇｰﾙ羽屋G102,羽屋三丁目,9,25,hayataisyoubo.pdf,,high,
1101,大字羽屋855番地の1,羽屋5組の2 ﾎﾞﾇｰﾙ羽屋G201,羽屋三丁目,9,25,hayataisyoubo.pdf,,high,
1102,大字羽屋855番地の1,羽屋5組の2 ﾎﾞﾇｰﾙ羽屋G202,羽屋三丁目,9,25,hayataisyoubo.pdf,,high,
1103,大字羽屋855番地の1,羽屋5組の2 ﾎﾞﾇｰﾙ羽屋H101,羽屋三丁目,9,26,hayataisyoubo.pdf,,high,
1104,大字羽屋855番地の1,羽屋5組の2 ﾎﾞﾇｰﾙ羽屋H102,羽屋三丁目,9,26,hayataisyoubo.pdf,,high,
1105,大字羽屋855番地の1,羽屋5組の2 ﾎﾞﾇｰﾙ羽屋H201,羽屋三丁目,9,26,hayataisyoubo.pdf,,high,
1106,大字羽屋855番地の1,羽屋5組の2 ﾎﾞﾇｰﾙ羽屋H202,羽屋三丁目,9,26,hayataisyoubo.pdf,,high,
1107,大字羽屋855番地の3,羽屋5組の2 ﾎﾞﾇｰﾙ羽屋J101,羽屋三丁目,9,23,hayataisyoubo.pdf,,high,
1108,大字羽屋855番地の3,羽屋5組の2 ﾎﾞﾇｰﾙ羽屋J202,羽屋三丁目,9,23,hayataisyoubo.pdf,,high,
1109,大字羽屋855番地の3,羽屋5組の2 ﾎﾞﾇｰﾙ羽屋K101,羽屋三丁目,9,24,hayataisyoubo.pdf,,high,
1110,大字羽屋855番地の3,羽屋5組の2 ﾎﾞﾇｰﾙ羽屋K102,羽屋三丁目,9,24,hayataisyoubo.pdf,,high,
1111,大字羽屋855番地の3,羽屋5組の2 ﾎﾞﾇｰﾙ羽屋K201,羽屋三丁目,9,24,hayataisyoubo.pdf,,high,
1112,大字羽屋855番地の3,羽屋5組の2 ﾎﾞﾇｰﾙ羽屋K202,羽屋三丁目,9,24,hayataisyoubo.pdf,,high,
1113,大字羽屋856番地の3,羽屋5組,羽屋三丁目,9,29,hayataisyoubo.pdf,,high,
1114,大字羽屋856番地の4,羽屋5組,羽屋三丁目,9,31,hayataisyoubo.pdf,,high,
1115,大字羽屋856番地の5,羽屋5組,羽屋三丁目,9,32,hayataisyoubo.pdf,,high,
1116,大字羽屋856番地の8,羽屋5組,羽屋三丁目,9,27,hayataisyoubo.pdf,,high,
1117,大字羽屋858番地の1,羽屋7組,羽屋四丁目,12,1,hayataisyoubo.pdf,,high,資料上2回出現
1118,大字羽屋858番地の3,羽屋7組 ﾌﾟﾛｷｵﾝ羽屋101,羽屋四丁目,12,3,hayataisyoubo.pdf,,high,
1119,大字羽屋858番地の3,羽屋7組 ﾌﾟﾛｷｵﾝ羽屋102,羽屋四丁目,12,3,hayataisyoubo.pdf,,high,
1120,大字羽屋858番地の3,羽屋7組 ﾌﾟﾛｷｵﾝ羽屋103,羽屋四丁目,12,3,hayataisyoubo.pdf,,high,
1121,大字羽屋858番地の3,羽屋7組 ﾌﾟﾛｷｵﾝ羽屋201,羽屋四丁目,12,3,hayataisyoubo.pdf,,high,
1122,大字羽屋858番地の3,羽屋7組 ﾌﾟﾛｷｵﾝ羽屋202,羽屋四丁目,12,3,hayataisyoubo.pdf,,high,
1123,大字羽屋858番地の3,羽屋7組 ﾌﾟﾛｷｵﾝ羽屋203,羽屋四丁目,12,3,hayataisyoubo.pdf,,high,
1124,大字羽屋858番地の5,羽屋7組,羽屋四丁目,12,2,hayataisyoubo.pdf,,high,
1125,大字羽屋859番地の1,羽屋5組,羽屋三丁目,9,35,hayataisyoubo.pdf,,high,
1126,大字羽屋859番地の1,羽屋5組の1,羽屋三丁目,9,37,hayataisyoubo.pdf,,high,
1127,大字羽屋859番地の1,羽屋5組,羽屋三丁目,9,38,hayataisyoubo.pdf,,high,
1128,大字羽屋859番地の7,羽屋5組,羽屋三丁目,9,34,hayataisyoubo.pdf,,high,資料上2回出現
1129,大字羽屋879番地の1,羽屋5組,羽屋三丁目,9,36,hayataisyoubo.pdf,,high,
1130,大字羽屋906番地の1,羽屋6組の1,羽屋三丁目,11,48,hayataisyoubo.pdf,,high,
1131,大字羽屋906番地の3,羽屋6組の1,羽屋三丁目,11,44,hayataisyoubo.pdf,,high,
1132,大字羽屋909番地の4,羽屋6組の1,羽屋三丁目,11,33,hayataisyoubo.pdf,,high,
1133,大字羽屋909番地の6,羽屋6組の1,羽屋三丁目,11,37,hayataisyoubo.pdf,,high,
1134,大字羽屋909番地の7,羽屋6組の1,羽屋三丁目,11,39,hayataisyoubo.pdf,,high,
1135,大字羽屋909番地の8,羽屋6組の1,羽屋三丁目,11,40,hayataisyoubo.pdf,,high,
1136,大字羽屋909番地の9,羽屋6組の1,羽屋三丁目,11,41,hayataisyoubo.pdf,,high,
1137,大字羽屋909番地の10,羽屋6組の1,羽屋三丁目,11,43,hayataisyoubo.pdf,,high,
1138,大字羽屋910番地の1,羽屋6組の1,羽屋三丁目,11,25,hayataisyoubo.pdf,,high,
1139,大字羽屋910番地の2,羽屋6組の1,羽屋三丁目,11,27,hayataisyoubo.pdf,,high,
1140,大字羽屋910番地の3,羽屋6組の1,羽屋三丁目,11,30,hayataisyoubo.pdf,,high,
1141,大字羽屋919番地の4,羽屋6組,羽屋三丁目,8,43,hayataisyoubo.pdf,,high,
1142,大字羽屋919番地の5,羽屋6組,羽屋三丁目,8,34,hayataisyoubo.pdf,,high,資料上2回出現
1143,大字羽屋919番地の6,羽屋6組,羽屋三丁目,8,30,hayataisyoubo.pdf,,high,
1144,大字羽屋919番地の7,羽屋6組,羽屋三丁目,8,38,hayataisyoubo.pdf,,high,資料上2回出現
1145,大字羽屋919番地の8,羽屋6組の1,羽屋三丁目,8,36,hayataisyoubo.pdf,,high,
1146,大字羽屋921番地の3,羽屋6組,羽屋三丁目,8,49,hayataisyoubo.pdf,,high,
1147,大字羽屋921番地の4,羽屋6組,羽屋三丁目,8,51,hayataisyoubo.pdf,,high,
1148,大字羽屋921番地の5,羽屋6組,羽屋三丁目,8,48,hayataisyoubo.pdf,,high,
1149,大字羽屋921番地の6,羽屋6組,羽屋三丁目,8,44,hayataisyoubo.pdf,,high,
1150,大字羽屋921番地の7,羽屋6組,羽屋三丁目,8,52,hayataisyoubo.pdf,,high,資料上2回出現
1151,大字羽屋921番地の8,羽屋6組,羽屋三丁目,8,54,hayataisyoubo.pdf,,high,資料上2回出現
1152,大字羽屋922番地の1,羽屋6組,羽屋三丁目,8,14,hayataisyoubo.pdf,,high,
1153,大字羽屋922番地の2,羽屋6組,羽屋三丁目,8,23,hayataisyoubo.pdf,,high,
1154,大字羽屋922番地の6,羽屋6組,羽屋三丁目,8,17,hayataisyoubo.pdf,,high,
1155,大字羽屋922番地の7,羽屋6組,羽屋三丁目,8,16,hayataisyoubo.pdf,,high,
1156,大字羽屋923番地の1,羽屋6組,羽屋三丁目,8,8,hayataisyoubo.pdf,,high,
1157,大字羽屋923番地の2,羽屋5組の3 ｾｼﾞｭｰﾙ羽屋Ⅰ101,羽屋三丁目,8,6,hayataisyoubo.pdf,,high,
1158,大字羽屋923番地の2,羽屋5組の3 ｾｼﾞｭｰﾙ羽屋Ⅰ102,羽屋三丁目,8,6,hayataisyoubo.pdf,,high,
1159,大字羽屋923番地の2,羽屋5組の3 ｾｼﾞｭｰﾙ羽屋Ⅰ103,羽屋三丁目,8,6,hayataisyoubo.pdf,,high,
1160,大字羽屋923番地の2,羽屋5組の3 ｾｼﾞｭｰﾙ羽屋Ⅰ105,羽屋三丁目,8,6,hayataisyoubo.pdf,,high,
1161,大字羽屋923番地の2,羽屋5組の3 ｾｼﾞｭｰﾙ羽屋Ⅰ201,羽屋三丁目,8,6,hayataisyoubo.pdf,,high,
1162,大字羽屋923番地の2,羽屋5組の3 ｾｼﾞｭｰﾙ羽屋Ⅰ202,羽屋三丁目,8,6,hayataisyoubo.pdf,,high,
1163,大字羽屋923番地の2,羽屋5組の3 ｾｼﾞｭｰﾙ羽屋Ⅰ203,羽屋三丁目,8,6,hayataisyoubo.pdf,,high,
1164,大字羽屋923番地の2,羽屋5組の3 ｾｼﾞｭｰﾙ羽屋Ⅰ205,羽屋三丁目,8,6,hayataisyoubo.pdf,,high,
1165,大字羽屋923番地の5,羽屋6組,羽屋三丁目,8,10,hayataisyoubo.pdf,,high,
1166,大字羽屋923番地の6,羽屋6組,羽屋三丁目,8,12,hayataisyoubo.pdf,,high,
1167,大字羽屋923番地の7,羽屋6組,羽屋三丁目,8,13,hayataisyoubo.pdf,,high,
1168,大字羽屋924番地,羽屋6組の3 ｺｰﾎﾟﾗｽ羽屋A101,羽屋三丁目,8,1,hayataisyoubo.pdf,,high,
1169,大字羽屋924番地,羽屋6組の3 ｺｰﾎﾟﾗｽ羽屋A102,羽屋三丁目,8,1,hayataisyoubo.pdf,,high,
1170,大字羽屋924番地,羽屋6組の3 ｺｰﾎﾟﾗｽ羽屋A103,羽屋三丁目,8,1,hayataisyoubo.pdf,,high,
1171,大字羽屋924番地,羽屋6組の3 ｺｰﾎﾟﾗｽ羽屋A105,羽屋三丁目,8,1,hayataisyoubo.pdf,,high,
1172,大字羽屋924番地,羽屋6組の3 ｺｰﾎﾟﾗｽ羽屋A106,羽屋三丁目,8,1,hayataisyoubo.pdf,,high,
1173,大字羽屋924番地,羽屋6組の3 ｺｰﾎﾟﾗｽ羽屋A107,羽屋三丁目,8,1,hayataisyoubo.pdf,,high,
1174,大字羽屋924番地,羽屋6組の3 ｺｰﾎﾟﾗｽ羽屋A108,羽屋三丁目,8,1,hayataisyoubo.pdf,,high,
1175,大字羽屋924番地,羽屋6組の3 ｺｰﾎﾟﾗｽ羽屋A110,羽屋三丁目,8,1,hayataisyoubo.pdf,,high,
1176,大字羽屋924番地,羽屋6組の3 ｺｰﾎﾟﾗｽ羽屋A111,羽屋三丁目,8,1,hayataisyoubo.pdf,,high,
1177,大字羽屋924番地,羽屋6組の3 ｺｰﾎﾟﾗｽ羽屋A112,羽屋三丁目,8,1,hayataisyoubo.pdf,,high,
1178,大字羽屋924番地,羽屋6組の3 ｺｰﾎﾟﾗｽ羽屋A201,羽屋三丁目,8,1,hayataisyoubo.pdf,,high,
1179,大字羽屋924番地,羽屋6組の3 ｺｰﾎﾟﾗｽ羽屋A202,羽屋三丁目,8,1,hayataisyoubo.pdf,,high,
1180,大字羽屋924番地,羽屋6組の3 ｺｰﾎﾟﾗｽ羽屋A203,羽屋三丁目,8,1,hayataisyoubo.pdf,,high,
1181,大字羽屋924番地,羽屋6組の3 ｺｰﾎﾟﾗｽ羽屋A205,羽屋三丁目,8,1,hayataisyoubo.pdf,,high,
1182,大字羽屋924番地,羽屋6組の3 ｺｰﾎﾟﾗｽ羽屋A206,羽屋三丁目,8,1,hayataisyoubo.pdf,,high,
1183,大字羽屋924番地,羽屋6組の3 ｺｰﾎﾟﾗｽ羽屋A207,羽屋三丁目,8,1,hayataisyoubo.pdf,,high,
1184,大字羽屋924番地,羽屋6組の3 ｺｰﾎﾟﾗｽ羽屋A208,羽屋三丁目,8,1,hayataisyoubo.pdf,,high,
1185,大字羽屋924番地,羽屋6組の3 ｺｰﾎﾟﾗｽ羽屋A210,羽屋三丁目,8,1,hayataisyoubo.pdf,,high,
1186,大字羽屋924番地,羽屋6組の3 ｺｰﾎﾟﾗｽ羽屋A211,羽屋三丁目,8,1,hayataisyoubo.pdf,,high,
1187,大字羽屋924番地,羽屋6組の3 ｺｰﾎﾟﾗｽ羽屋A212,羽屋三丁目,8,1,hayataisyoubo.pdf,,high,
1188,大字羽屋924番地の3,羽屋6組の3 ｺｰﾎﾟﾗｽ羽屋B101,羽屋三丁目,8,2,hayataisyoubo.pdf,,high,
1189,大字羽屋924番地の3,羽屋6組の3 ｺｰﾎﾟﾗｽ羽屋B102,羽屋三丁目,8,2,hayataisyoubo.pdf,,high,
1190,大字羽屋924番地の3,羽屋6組の3 ｺｰﾎﾟﾗｽ羽屋B201,羽屋三丁目,8,2,hayataisyoubo.pdf,,high,
1191,大字羽屋924番地の3,羽屋6組の3 ｺｰﾎﾟﾗｽ羽屋B202,羽屋三丁目,8,2,hayataisyoubo.pdf,,high,
1192,大字羽屋925番地の1,羽屋6組の2 ｺﾝﾌｫｰﾄﾊﾟﾙE101,羽屋三丁目,8,60,hayataisyoubo.pdf,,high,
1193,大字羽屋925番地の1,羽屋6組の2 ｺﾝﾌｫｰﾄﾊﾟﾙE102,羽屋三丁目,8,60,hayataisyoubo.pdf,,high,
1194,大字羽屋925番地の1,羽屋6組の2 ｺﾝﾌｫｰﾄﾊﾟﾙE201,羽屋三丁目,8,60,hayataisyoubo.pdf,,high,
1195,大字羽屋925番地の1,羽屋6組の2 ｺﾝﾌｫｰﾄﾊﾟﾙE202,羽屋三丁目,8,60,hayataisyoubo.pdf,,high,
1196,大字羽屋925番地の1,羽屋6組の2 ｺﾝﾌｫｰﾄﾊﾟﾙD101,羽屋三丁目,8,63,hayataisyoubo.pdf,,high,資料上2回出現
1197,大字羽屋925番地の1,羽屋6組の2 ｺﾝﾌｫｰﾄﾊﾟﾙD102,羽屋三丁目,8,63,hayataisyoubo.pdf,,high,
1198,大字羽屋925番地の1,羽屋6組の2 ｺﾝﾌｫｰﾄﾊﾟﾙD201,羽屋三丁目,8,63,hayataisyoubo.pdf,,high,
1199,大字羽屋925番地の1,羽屋6組の2 ｺﾝﾌｫｰﾄﾊﾟﾙD202,羽屋三丁目,8,63,hayataisyoubo.pdf,,high,
1200,大字羽屋925番地の1,羽屋6組の2 ｺﾝﾌｫｰﾄﾊﾟﾙC101,羽屋三丁目,8,64,hayataisyoubo.pdf,,high,
1201,大字羽屋925番地の1,羽屋6組の2 ｺﾝﾌｫｰﾄﾊﾟﾙC102,羽屋三丁目,8,64,hayataisyoubo.pdf,,high,
1202,大字羽屋925番地の1,羽屋6組の2 ｺﾝﾌｫｰﾄﾊﾟﾙC201,羽屋三丁目,8,64,hayataisyoubo.pdf,,high,
1203,大字羽屋925番地の1,羽屋6組の2 ｺﾝﾌｫｰﾄﾊﾟﾙC202,羽屋三丁目,8,64,hayataisyoubo.pdf,,high,
1204,大字羽屋925番地の1,羽屋6組の2 ｺﾝﾌｫｰﾄﾊﾟﾙB101,羽屋三丁目,8,66,hayataisyoubo.pdf,,high,
1205,大字羽屋925番地の1,羽屋6組の2 ｺﾝﾌｫｰﾄﾊﾟﾙB102,羽屋三丁目,8,66,hayataisyoubo.pdf,,high,
1206,大字羽屋925番地の1,羽屋6組の2 ｺﾝﾌｫｰﾄﾊﾟﾙB201,羽屋三丁目,8,66,hayataisyoubo.pdf,,high,
1207,大字羽屋925番地の1,羽屋6組の2 ｺﾝﾌｫｰﾄﾊﾟﾙB202,羽屋三丁目,8,66,hayataisyoubo.pdf,,high,
1208,大字羽屋925番地の1,羽屋6組の2 ｺﾝﾌｫｰﾄﾊﾟﾙA101,羽屋三丁目,8,67,hayataisyoubo.pdf,,high,
1209,大字羽屋925番地の1,羽屋6組の2 ｺﾝﾌｫｰﾄﾊﾟﾙA102,羽屋三丁目,8,67,hayataisyoubo.pdf,,high,
1210,大字羽屋925番地の1,羽屋6組の2 ｺﾝﾌｫｰﾄﾊﾟﾙA201,羽屋三丁目,8,67,hayataisyoubo.pdf,,high,
1211,大字羽屋925番地の1,羽屋6組の2 ｺﾝﾌｫｰﾄﾊﾟﾙA202,羽屋三丁目,8,67,hayataisyoubo.pdf,,high,
1212,大字羽屋928番地の4,,羽屋三丁目,5,63,hayataisyoubo.pdf,,high,資料上通称の記載なし
1213,大字羽屋929番地の5,羽屋4組の1B,羽屋三丁目,5,51,hayataisyoubo.pdf,,high,
1214,大字羽屋929番地の6,羽屋4組の1B,羽屋三丁目,5,52,hayataisyoubo.pdf,,high,
1215,大字羽屋929番地の7,羽屋4組の1B,羽屋三丁目,5,54,hayataisyoubo.pdf,,high,
1216,大字羽屋929番地の8,羽屋4組の1B,羽屋三丁目,5,56,hayataisyoubo.pdf,,high,
1217,大字羽屋929番地の10,羽屋4組の1B,羽屋三丁目,5,59,hayataisyoubo.pdf,,high,資料上3回出現
1218,大字羽屋929番地の10,,羽屋三丁目,5,59,hayataisyoubo.pdf,,high,資料上通称の記載なし
1219,大字羽屋930番地の5,羽屋4組の1B,羽屋三丁目,5,57,hayataisyoubo.pdf,,high,
1220,大字羽屋930番地の6,羽屋4組の1B,羽屋三丁目,5,58,hayataisyoubo.pdf,,high,
1221,大字羽屋930番地の7,羽屋4組の1B,羽屋三丁目,5,37,hayataisyoubo.pdf,,high,
1222,大字羽屋930番地の8,羽屋4組の1B,羽屋三丁目,5,39,hayataisyoubo.pdf,,high,
1223,大字羽屋931番地の1,羽屋4組の1B,羽屋三丁目,5,10,hayataisyoubo.pdf,,high,
1224,大字羽屋931-1,,羽屋三丁目,5,10,hayataisyoubo.pdf,,high,資料上2回出現、資料上通称の記載なし
1225,大字羽屋931番地の2,羽屋4組の1B,羽屋三丁目,5,16,hayataisyoubo.pdf,,high,
1226,大字羽屋931番地の3,羽屋4組の1B,羽屋三丁目,5,17,hayataisyoubo.pdf,,high,
1227,大字羽屋931番地の4,羽屋4組の1B,羽屋三丁目,5,19,hayataisyoubo.pdf,,high,
1228,大字羽屋931番地の5,羽屋4組の1B,羽屋三丁目,5,20,hayataisyoubo.pdf,,high,資料上2回出現
1229,大字羽屋931番地の6,羽屋4組の1B,羽屋三丁目,5,22,hayataisyoubo.pdf,,high,資料上3回出現
1230,大字羽屋931番地の8,羽屋4組の1B,羽屋三丁目,5,24,hayataisyoubo.pdf,,high,
1231,大字羽屋931番地の9,羽屋4組の1B,羽屋三丁目,5,26,hayataisyoubo.pdf,,high,
1232,大字羽屋931番地の10,羽屋4組の1B,羽屋三丁目,5,27,hayataisyoubo.pdf,,high,
1233,大字羽屋931番地の11,羽屋4組の1B,羽屋三丁目,5,29,hayataisyoubo.pdf,,high,
1234,大字羽屋931番地の12,羽屋4組の1B,羽屋三丁目,5,31,hayataisyoubo.pdf,,high,
1235,大字羽屋931番地の13,羽屋4組の1B,羽屋三丁目,5,33,hayataisyoubo.pdf,,high,
1236,大字羽屋931番地の16,羽屋4組の1B,羽屋三丁目,5,30,hayataisyoubo.pdf,,high,
1237,大字羽屋931番地の18,羽屋4組の1B,羽屋三丁目,5,15,hayataisyoubo.pdf,,high,
1238,大字羽屋933番地の3,羽屋4組の1B,羽屋三丁目,6,69,hayataisyoubo.pdf,,high,資料上2回出現
1239,大字羽屋933番地の4,羽屋4組の1B,羽屋三丁目,6,72,hayataisyoubo.pdf,,high,
1240,大字羽屋933番地の5,羽屋4組の1B,羽屋三丁目,6,73,hayataisyoubo.pdf,,high,
1241,大字羽屋933番地の5,羽屋4組1-B,羽屋三丁目,6,73,hayataisyoubo.pdf,,high,
1242,大字羽屋933番地の6,羽屋4組の1B,羽屋三丁目,6,75,hayataisyoubo.pdf,,high,資料上2回出現
1243,大字羽屋933番地の8,羽屋4組の1B,羽屋三丁目,6,79,hayataisyoubo.pdf,,high,
1244,大字羽屋933番地の9,羽屋4組の1B,羽屋三丁目,6,80,hayataisyoubo.pdf,,high,
1245,羽屋934-1,,羽屋三丁目,6,26,hayataisyoubo.pdf,,high,資料上通称の記載なし
1246,大字羽屋934番地の1,羽屋14組 ｸﾞﾘｰﾝﾋﾙ古国府ﾌｧﾐﾘｴ101,羽屋三丁目,6,26-101,hayataisyoubo.pdf,,high,
1247,大字羽屋934番地の1,羽屋14組 ｸﾞﾘｰﾝﾋﾙ古国府ﾌｧﾐﾘｴ102,羽屋三丁目,6,26-102,hayataisyoubo.pdf,,high,
1248,大字羽屋934番地の1,羽屋14組 ｸﾞﾘｰﾝﾋﾙ古国府ﾌｧﾐﾘｴ103,羽屋三丁目,6,26-103,hayataisyoubo.pdf,,high,
1249,大字羽屋934番地の1,ｸﾞﾘｰﾝﾋﾙ古国府ﾌｧﾐﾘｴ103,羽屋三丁目,6,26-103,hayataisyoubo.pdf,,high,
1250,大字羽屋934番地の1,羽屋14組 ｸﾞﾘｰﾝﾋﾙ古国府ﾌｧﾐﾘｴ105,羽屋三丁目,6,26-105,hayataisyoubo.pdf,,high,
1251,大字羽屋934番地の1,羽屋14組 ｸﾞﾘｰﾝﾋﾙ古国府ﾌｧﾐﾘｴ201,羽屋三丁目,6,26-201,hayataisyoubo.pdf,,high,
1252,大字羽屋934番地の1,羽屋14組 ｸﾞﾘｰﾝﾋﾙ古国府ﾌｧﾐﾘｴ202,羽屋三丁目,6,26-202,hayataisyoubo.pdf,,high,
1253,大字羽屋934番地の1,羽屋14組 ｸﾞﾘｰﾝﾋﾙ古国府ﾌｧﾐﾘｴ203,羽屋三丁目,6,26-203,hayataisyoubo.pdf,,high,
1254,大字羽屋934番地の1,羽屋14組 ｸﾞﾘｰﾝﾋﾙ古国府ﾌｧﾐﾘｴ205,羽屋三丁目,6,26-205,hayataisyoubo.pdf,,high,
1255,大字羽屋934番地の1,羽屋14組 ｸﾞﾘｰﾝﾋﾙ古国府ﾌｧﾐﾘｴ301,羽屋三丁目,6,26-301,hayataisyoubo.pdf,,high,
1256,大字羽屋934番地の1,羽屋14組 ｸﾞﾘｰﾝﾋﾙ古国府ﾌｧﾐﾘｴ302,羽屋三丁目,6,26-302,hayataisyoubo.pdf,,high,
1257,大字羽屋934番地の1,羽屋14組 ｸﾞﾘｰﾝﾋﾙ古国府ﾌｧﾐﾘｴ303,羽屋三丁目,6,26-303,hayataisyoubo.pdf,,high,
1258,大字羽屋934番地の1,羽屋14組 ｸﾞﾘｰﾝﾋﾙ古国府ﾌｧﾐﾘｴ305,羽屋三丁目,6,26-305,hayataisyoubo.pdf,,high,
1259,大字羽屋934番地の1,羽屋14組 ｸﾞﾘｰﾝﾋﾙ古国府ﾌｧﾐﾘｴ401,羽屋三丁目,6,26-401,hayataisyoubo.pdf,,high,
1260,大字羽屋934番地の1,羽屋14組 ｸﾞﾘｰﾝﾋﾙ古国府ﾌｧﾐﾘｴ402,羽屋三丁目,6,26-402,hayataisyoubo.pdf,,high,
1261,大字羽屋934番地の1,羽屋14組 ｸﾞﾘｰﾝﾋﾙ古国府ﾌｧﾐﾘｴ403,羽屋三丁目,6,26-403,hayataisyoubo.pdf,,high,
1262,大字羽屋934番地の1,羽屋14組 ｸﾞﾘｰﾝﾋﾙ古国府ﾌｧﾐﾘｴ405,羽屋三丁目,6,26-405,hayataisyoubo.pdf,,high,
1263,大字羽屋934番地の1,羽屋14組 ｸﾞﾘｰﾝﾋﾙ古国府ﾌｧﾐﾘｴ501,羽屋三丁目,6,26-501,hayataisyoubo.pdf,,high,
1264,大字羽屋934番地の1,羽屋14組 ｸﾞﾘｰﾝﾋﾙ古国府ﾌｧﾐﾘｴ502,羽屋三丁目,6,26-502,hayataisyoubo.pdf,,high,
1265,大字羽屋934番地の1,羽屋14組 ｸﾞﾘｰﾝﾋﾙ古国府ﾌｧﾐﾘｴ503,羽屋三丁目,6,26-503,hayataisyoubo.pdf,,high,
1266,大字羽屋934番地の1,羽屋14組 ｸﾞﾘｰﾝﾋﾙ古国府ﾌｧﾐﾘｴ505,羽屋三丁目,6,26-505,hayataisyoubo.pdf,,high,
1267,大字羽屋934番地の1,羽屋14組 ｸﾞﾘｰﾝﾋﾙ古国府ﾌｧﾐﾘｴ601,羽屋三丁目,6,26-601,hayataisyoubo.pdf,,high,
1268,大字羽屋934番地の1,羽屋14組 ｸﾞﾘｰﾝﾋﾙ古国府ﾌｧﾐﾘｴ602,羽屋三丁目,6,26-602,hayataisyoubo.pdf,,high,
1269,大字羽屋934番地の1,羽屋14組 ｸﾞﾘｰﾝﾋﾙ古国府ﾌｧﾐﾘｴ603,羽屋三丁目,6,26-603,hayataisyoubo.pdf,,high,
1270,大字羽屋934番地の1,羽屋14組 ｸﾞﾘｰﾝﾋﾙ古国府ﾌｧﾐﾘｴ605,羽屋三丁目,6,26-605,hayataisyoubo.pdf,,high,
1271,大字羽屋934番地の1,羽屋14組 ｸﾞﾘｰﾝﾋﾙ古国府ﾌｧﾐﾘｴ701,羽屋三丁目,6,26-701,hayataisyoubo.pdf,,high,資料上2回出現
1272,大字羽屋934番地の1,羽屋14組 ｸﾞﾘｰﾝﾋﾙ古国府ﾌｧﾐﾘｴ702,羽屋三丁目,6,26-702,hayataisyoubo.pdf,,high,
1273,大字羽屋934番地の1,羽屋14組 ｸﾞﾘｰﾝﾋﾙ古国府ﾌｧﾐﾘｴ703,羽屋三丁目,6,26-703,hayataisyoubo.pdf,,high,
1274,大字羽屋934番地の1,羽屋14組 ｸﾞﾘｰﾝﾋﾙ古国府ﾌｧﾐﾘｴ705,羽屋三丁目,6,26-705,hayataisyoubo.pdf,,high,
1275,大字羽屋934番地の1,羽屋14組 ｸﾞﾘｰﾝﾋﾙ古国府ﾌｧﾐﾘｴ801,羽屋三丁目,6,26-801,hayataisyoubo.pdf,,high,
1276,大字羽屋934番地の1,羽屋14組 ｸﾞﾘｰﾝﾋﾙ古国府ﾌｧﾐﾘｴ802,羽屋三丁目,6,26-802,hayataisyoubo.pdf,,high,
1277,大字羽屋934番地の1,羽屋14組 ｸﾞﾘｰﾝﾋﾙ古国府ﾌｧﾐﾘｴ803,羽屋三丁目,6,26-803,hayataisyoubo.pdf,,high,
1278,大字羽屋934番地の1,羽屋14組 ｸﾞﾘｰﾝﾋﾙ古国府ﾌｧﾐﾘｴ805,羽屋三丁目,6,26-805,hayataisyoubo.pdf,,high,
1279,大字羽屋934番地の1,羽屋14組 ｸﾞﾘｰﾝﾋﾙ古国府ﾌｧﾐﾘｴ901,羽屋三丁目,6,26-901,hayataisyoubo.pdf,,high,
1280,大字羽屋934番地の1,羽屋14組 ｸﾞﾘｰﾝﾋﾙ古国府ﾌｧﾐﾘｴ902,羽屋三丁目,6,26-902,hayataisyoubo.pdf,,high,
1281,大字羽屋934番地の1,羽屋14組 ｸﾞﾘｰﾝﾋﾙ古国府ﾌｧﾐﾘｴ903,羽屋三丁目,6,26-903,hayataisyoubo.pdf,,high,
1282,大字羽屋934番地の1,羽屋14組 ｸﾞﾘｰﾝﾋﾙ古国府ﾌｧﾐﾘｴ905,羽屋三丁目,6,26-905,hayataisyoubo.pdf,,high,
1283,大字羽屋934番地の1,羽屋14組 ｸﾞﾘｰﾝﾋﾙ古国府ﾌｧﾐﾘｴ1001,羽屋三丁目,6,26-1001,hayataisyoubo.pdf,,high,
1284,大字羽屋934番地の1,羽屋14組 ｸﾞﾘｰﾝﾋﾙ古国府ﾌｧﾐﾘｴ1002,羽屋三丁目,6,26-1002,hayataisyoubo.pdf,,high,
1285,大字羽屋934番地の1,羽屋14組 ｸﾞﾘｰﾝﾋﾙ古国府ﾌｧﾐﾘｴ1003,羽屋三丁目,6,26-1003,hayataisyoubo.pdf,,high,
1286,大字羽屋934番地の1,羽屋14組 ｸﾞﾘｰﾝﾋﾙ古国府ﾌｧﾐﾘｴ1005,羽屋三丁目,6,26-1005,hayataisyoubo.pdf,,high,
1287,大字羽屋934番地の1,羽屋14組 ｸﾞﾘｰﾝﾋﾙ古国府ﾌｧﾐﾘｴ1101,羽屋三丁目,6,26-1101,hayataisyoubo.pdf,,high,
1288,大字羽屋934番地の1,羽屋14組 ｸﾞﾘｰﾝﾋﾙ古国府ﾌｧﾐﾘｴ1102,羽屋三丁目,6,26-1102,hayataisyoubo.pdf,,high,
1289,大字羽屋934番地の1,羽屋14組 ｸﾞﾘｰﾝﾋﾙ古国府ﾌｧﾐﾘｴ1103,羽屋三丁目,6,26-1103,hayataisyoubo.pdf,,high,
1290,大字羽屋934番地の1,羽屋14組 ｸﾞﾘｰﾝﾋﾙ古国府ﾌｧﾐﾘｴ1105,羽屋三丁目,6,26-1105,hayataisyoubo.pdf,,high,
1291,大字羽屋934番地の1,羽屋14組 ｸﾞﾘｰﾝﾋﾙ古国府ﾌｧﾐﾘｴ1201,羽屋三丁目,6,26-1201,hayataisyoubo.pdf,,high,
1292,大字羽屋934番地の1,羽屋14組 ｸﾞﾘｰﾝﾋﾙ古国府ﾌｧﾐﾘｴ1202,羽屋三丁目,6,26-1202,hayataisyoubo.pdf,,high,
1293,大字羽屋934番地の1,羽屋14組 ｸﾞﾘｰﾝﾋﾙ古国府ﾌｧﾐﾘｴ1203,羽屋三丁目,6,26-1203,hayataisyoubo.pdf,,high,
1294,大字羽屋934番地の1,羽屋14組 ｸﾞﾘｰﾝﾋﾙ古国府ﾌｧﾐﾘｴ1205,羽屋三丁目,6,26-1205,hayataisyoubo.pdf,,high,
1295,大字羽屋934番地の1,羽屋14組 ｸﾞﾘｰﾝﾋﾙ古国府ﾌｧﾐﾘｴ1301,羽屋三丁目,6,26-1301,hayataisyoubo.pdf,,high,
1296,大字羽屋934番地の1,羽屋14組 ｸﾞﾘｰﾝﾋﾙ古国府ﾌｧﾐﾘｴ1302,羽屋三丁目,6,26-1302,hayataisyoubo.pdf,,high,
1297,大字羽屋934番地の1,羽屋14組 ｸﾞﾘｰﾝﾋﾙ古国府ﾌｧﾐﾘｴ1303,羽屋三丁目,6,26-1303,hayataisyoubo.pdf,,high,
1298,大字羽屋934番地の1,羽屋14組 ｸﾞﾘｰﾝﾋﾙ古国府ﾌｧﾐﾘｴ1305,羽屋三丁目,6,26-1305,hayataisyoubo.pdf,,high,
1299,大字羽屋934番地の1,羽屋14組 ｸﾞﾘｰﾝﾋﾙ古国府ﾌｧﾐﾘｴ1401,羽屋三丁目,6,26-1401,hayataisyoubo.pdf,,high,
1300,大字羽屋934番地の1,羽屋14組 ｸﾞﾘｰﾝﾋﾙ古国府ﾌｧﾐﾘｴ1402,羽屋三丁目,6,26-1402,hayataisyoubo.pdf,,high,
1301,大字羽屋934番地の1,羽屋14組 ｸﾞﾘｰﾝﾋﾙ古国府ﾌｧﾐﾘｴ1403,羽屋三丁目,6,26-1403,hayataisyoubo.pdf,,high,
1302,大字羽屋934番地の1,羽屋14組 ｸﾞﾘｰﾝﾋﾙ古国府ﾌｧﾐﾘｴ1405,羽屋三丁目,6,26-1405,hayataisyoubo.pdf,,high,
1303,大字羽屋934番地の1,羽屋14組 ｸﾞﾘｰﾝﾋﾙ古国府ﾌｧﾐﾘｴ1501,羽屋三丁目,6,26-1501,hayataisyoubo.pdf,,high,
1304,大字羽屋934番地の1,羽屋14組 ｸﾞﾘｰﾝﾋﾙ古国府ﾌｧﾐﾘｴ1502,羽屋三丁目,6,26-1502,hayataisyoubo.pdf,,high,
1305,大字羽屋934番地の1,羽屋14組 ｸﾞﾘｰﾝﾋﾙ古国府ﾌｧﾐﾘｴ1503,羽屋三丁目,6,26-1503,hayataisyoubo.pdf,,high,
1306,大字羽屋934番地の1,羽屋14組 ｸﾞﾘｰﾝﾋﾙ古国府ﾌｧﾐﾘｴ1505,羽屋三丁目,6,26-1505,hayataisyoubo.pdf,,high,
1307,大字羽屋934番地の8,羽屋4組の1B,羽屋三丁目,6,33,hayataisyoubo.pdf,,high,
1308,大字羽屋934番地の10,羽屋4組の1B,羽屋三丁目,6,34,hayataisyoubo.pdf,,high,
1309,大字羽屋934番地の11,羽屋4組の1B,羽屋三丁目,6,35,hayataisyoubo.pdf,,high,
1310,大字羽屋934番地の12,羽屋4組の1B,羽屋三丁目,6,37,hayataisyoubo.pdf,,high,
1311,大字羽屋934番地の13,羽屋4組の1B,羽屋三丁目,6,47,hayataisyoubo.pdf,,high,
1312,大字羽屋934番地の14,羽屋4組の1B,羽屋三丁目,6,48,hayataisyoubo.pdf,,high,
1313,大字羽屋934番地の15,羽屋4組の1B,羽屋三丁目,6,50,hayataisyoubo.pdf,,high,
1314,大字羽屋934番地の16,羽屋4組の1B,羽屋三丁目,6,51,hayataisyoubo.pdf,,high,
1315,大字羽屋934番地の17,羽屋4組の1B,羽屋三丁目,6,57,hayataisyoubo.pdf,,high,
1316,大字羽屋934番地の18,羽屋4組の1B,羽屋三丁目,6,55,hayataisyoubo.pdf,,high,
1317,大字羽屋934番地の19,羽屋4組の1B,羽屋三丁目,6,54,hayataisyoubo.pdf,,high,
1318,大字羽屋934番地の20,羽屋4組の1B,羽屋三丁目,6,52,hayataisyoubo.pdf,,high,
1319,大字羽屋937番地の1,羽屋4組の5 ﾃﾞｨｱｽ豊府B101,羽屋三丁目,6,8,hayataisyoubo.pdf,,high,
1320,大字羽屋937番地の1,羽屋4組の5 ﾃﾞｨｱｽ豊府B102,羽屋三丁目,6,8,hayataisyoubo.pdf,,high,
1321,大字羽屋937番地の1,羽屋4組の5 ﾃﾞｨｱｽ豊府B201,羽屋三丁目,6,8,hayataisyoubo.pdf,,high,
1322,大字羽屋937番地の1,羽屋4組の5 ﾃﾞｨｱｽ豊府B202,羽屋三丁目,6,8,hayataisyoubo.pdf,,high,
1323,大字羽屋937番地の1,羽屋4組の5 ﾃﾞｨｱｽ豊府A101,羽屋三丁目,6,9,hayataisyoubo.pdf,,high,
1324,大字羽屋937番地の1,羽屋4組の5 ﾃﾞｨｱｽ豊府A102,羽屋三丁目,6,9,hayataisyoubo.pdf,,high,
1325,大字羽屋937番地の1,羽屋4組の5 ﾃﾞｨｱｽ豊府A201,羽屋三丁目,6,9,hayataisyoubo.pdf,,high,
1326,大字羽屋937番地の1,羽屋4組の5 ﾃﾞｨｱｽ豊府A202,羽屋三丁目,6,9,hayataisyoubo.pdf,,high,資料上3回出現
1327,大字羽屋937番地の2,羽屋6組,羽屋三丁目,6,6,hayataisyoubo.pdf,,high,
1328,大字羽屋937番地の5,羽屋6組,羽屋三丁目,6,4,hayataisyoubo.pdf,,high,
1329,大字羽屋937番地の5,,羽屋三丁目,6,4,hayataisyoubo.pdf,,high,資料上通称の記載なし
1330,大字羽屋937番地の6,羽屋6組,羽屋三丁目,6,1,hayataisyoubo.pdf,,high,資料上3回出現
1331,大字羽屋937番地の7,羽屋6組,羽屋三丁目,6,2,hayataisyoubo.pdf,,high,
1332,大字羽屋937番地の7,,羽屋三丁目,6,2,hayataisyoubo.pdf,,high,資料上通称の記載なし
1333,大字羽屋938番地の2,羽屋4組の1B,羽屋三丁目,7,14,hayataisyoubo.pdf,,high,
1334,大字羽屋938番地の3,羽屋4組の1B,羽屋三丁目,7,15,hayataisyoubo.pdf,,high,
1335,大字羽屋938番地の5,羽屋4組の1B,羽屋三丁目,7,8,hayataisyoubo.pdf,,high,資料上2回出現
1336,大字羽屋938番地の6,羽屋4組の1B,羽屋三丁目,7,13,hayataisyoubo.pdf,,high,
1337,大字羽屋939番地の1,羽屋5組の1 ｸﾞﾗﾝﾄﾞﾊﾟﾚｽ古国府Ⅱ101,羽屋三丁目,7,3-101,hayataisyoubo.pdf,,high,
1338,大字羽屋939番地の1,羽屋5組の1 ｸﾞﾗﾝﾄﾞﾊﾟﾚｽ古国府Ⅱ102,羽屋三丁目,7,3-102,hayataisyoubo.pdf,,high,
1339,大字羽屋939番地の1,羽屋5組の1 ｸﾞﾗﾝﾄﾞﾊﾟﾚｽ古国府Ⅱ201,羽屋三丁目,7,3-201,hayataisyoubo.pdf,,high,
1340,大字羽屋939番地の1,羽屋5組の1 ｸﾞﾗﾝﾄﾞﾊﾟﾚｽ古国府Ⅱ202,羽屋三丁目,7,3-202,hayataisyoubo.pdf,,high,
1341,大字羽屋939番地の1,羽屋5組の1 ｸﾞﾗﾝﾄﾞﾊﾟﾚｽ古国府Ⅱ203,羽屋三丁目,7,3-203,hayataisyoubo.pdf,,high,
1342,大字羽屋939番地の1,羽屋5組の1 ｸﾞﾗﾝﾄﾞﾊﾟﾚｽ古国府Ⅱ205,羽屋三丁目,7,3-205,hayataisyoubo.pdf,,high,
1343,大字羽屋939番地の1,羽屋5組の1 ｸﾞﾗﾝﾄﾞﾊﾟﾚｽ古国府Ⅱ206,羽屋三丁目,7,3-206,hayataisyoubo.pdf,,high,
1344,大字羽屋939番地の1,羽屋5組の1 ｸﾞﾗﾝﾄﾞﾊﾟﾚｽ古国府Ⅱ207,羽屋三丁目,7,3-207,hayataisyoubo.pdf,,high,
1345,大字羽屋939番地の1,羽屋5組の1 ｸﾞﾗﾝﾄﾞﾊﾟﾚｽ古国府Ⅱ301,羽屋三丁目,7,3-301,hayataisyoubo.pdf,,high,
1346,大字羽屋939番地の1,羽屋5組の1 ｸﾞﾗﾝﾄﾞﾊﾟﾚｽ古国府Ⅱ302,羽屋三丁目,7,3-302,hayataisyoubo.pdf,,high,
1347,大字羽屋939番地の1,羽屋5組の1 ｸﾞﾗﾝﾄﾞﾊﾟﾚｽ古国府Ⅱ303,羽屋三丁目,7,3-303,hayataisyoubo.pdf,,high,
1348,大字羽屋939番地の1,羽屋5組の1 ｸﾞﾗﾝﾄﾞﾊﾟﾚｽ古国府Ⅱ305,羽屋三丁目,7,3-305,hayataisyoubo.pdf,,high,
1349,大字羽屋939番地の1,羽屋5組の1 ｸﾞﾗﾝﾄﾞﾊﾟﾚｽ古国府Ⅱ306,羽屋三丁目,7,3-306,hayataisyoubo.pdf,,high,
1350,大字羽屋939番地の1,羽屋5組の1 ｸﾞﾗﾝﾄﾞﾊﾟﾚｽ古国府Ⅱ307,羽屋三丁目,7,3-307,hayataisyoubo.pdf,,high,
1351,大字羽屋939番地の1,羽屋5組の1 ｸﾞﾗﾝﾄﾞﾊﾟﾚｽ古国府Ⅱ401,羽屋三丁目,7,3-401,hayataisyoubo.pdf,,high,
1352,大字羽屋939番地の1,羽屋5組の1 ｸﾞﾗﾝﾄﾞﾊﾟﾚｽ古国府Ⅱ402,羽屋三丁目,7,3-402,hayataisyoubo.pdf,,high,
1353,大字羽屋939番地の1,羽屋5組の1 ｸﾞﾗﾝﾄﾞﾊﾟﾚｽ古国府Ⅱ403,羽屋三丁目,7,3-403,hayataisyoubo.pdf,,high,
1354,大字羽屋939番地の1,羽屋5組の1 ｸﾞﾗﾝﾄﾞﾊﾟﾚｽ古国府Ⅱ405,羽屋三丁目,7,3-405,hayataisyoubo.pdf,,high,
1355,大字羽屋939番地の1,羽屋5組の1 ｸﾞﾗﾝﾄﾞﾊﾟﾚｽ古国府Ⅱ406,羽屋三丁目,7,3-406,hayataisyoubo.pdf,,high,資料上2回出現
1356,大字羽屋939番地の1,羽屋5組の1 ｸﾞﾗﾝﾄﾞﾊﾟﾚｽ古国府Ⅱ407,羽屋三丁目,7,3-407,hayataisyoubo.pdf,,high,
1357,大字羽屋939番地の1,羽屋5組の1 ｸﾞﾗﾝﾄﾞﾊﾟﾚｽ古国府Ⅱ501,羽屋三丁目,7,3-501,hayataisyoubo.pdf,,high,
1358,大字羽屋939番地の1,羽屋5組の1 ｸﾞﾗﾝﾄﾞﾊﾟﾚｽ古国府Ⅱ502,羽屋三丁目,7,3-502,hayataisyoubo.pdf,,high,
1359,大字羽屋939番地の1,羽屋5組の1 ｸﾞﾗﾝﾄﾞﾊﾟﾚｽ古国府Ⅱ503,羽屋三丁目,7,3-503,hayataisyoubo.pdf,,high,資料上2回出現
1360,大字羽屋939番地の1,羽屋5組の1 ｸﾞﾗﾝﾄﾞﾊﾟﾚｽ古国府Ⅱ505,羽屋三丁目,7,3-505,hayataisyoubo.pdf,,high,
1361,大字羽屋939番地の1,羽屋5組の1 ｸﾞﾗﾝﾄﾞﾊﾟﾚｽ古国府Ⅱ506,羽屋三丁目,7,3-506,hayataisyoubo.pdf,,high,資料上2回出現
1362,大字羽屋939番地の1,羽屋5組の1 ｸﾞﾗﾝﾄﾞﾊﾟﾚｽ古国府Ⅱ601,羽屋三丁目,7,3-601,hayataisyoubo.pdf,,high,
1363,大字羽屋939番地の1,羽屋5組の1 ｸﾞﾗﾝﾄﾞﾊﾟﾚｽ古国府Ⅱ602,羽屋三丁目,7,3-602,hayataisyoubo.pdf,,high,
1364,大字羽屋939番地の1,羽屋5組の1 ｸﾞﾗﾝﾄﾞﾊﾟﾚｽ古国府Ⅱ701,羽屋三丁目,7,3-701,hayataisyoubo.pdf,,high,
1365,大字羽屋939番地の1,羽屋5組の1 ｸﾞﾗﾝﾄﾞﾊﾟﾚｽ古国府Ⅱ702,羽屋三丁目,7,3-702,hayataisyoubo.pdf,,high,
1366,大字羽屋939番地の2,羽屋4組の1 ｺﾐｭｰﾝJUN101,羽屋三丁目,7,81,hayataisyoubo.pdf,,high,
1367,大字羽屋939番地の2,羽屋4組の1 ｺﾐｭｰﾝJUN102,羽屋三丁目,7,81,hayataisyoubo.pdf,,high,
1368,大字羽屋939番地の2,羽屋4組の1 ｺﾐｭｰﾝJUN201,羽屋三丁目,7,81,hayataisyoubo.pdf,,high,
1369,大字羽屋939番地の2,羽屋4組の1 ｺﾐｭｰﾝJUN202,羽屋三丁目,7,81,hayataisyoubo.pdf,,high,
1370,大字羽屋939番地の5,羽屋4組の1B,羽屋三丁目,7,6,hayataisyoubo.pdf,,high,
1371,大字羽屋939番地の7,羽屋4組の1B,羽屋三丁目,7,7,hayataisyoubo.pdf,,high,
1372,大字羽屋939番地の7,,羽屋三丁目,7,7,hayataisyoubo.pdf,,high,資料上通称の記載なし
1373,大字羽屋940番地の1,羽屋4組の3 ﾚｼﾞﾃﾞﾝｽ豊府西101,羽屋三丁目,7,78-101,hayataisyoubo.pdf,,high,
1374,大字羽屋940番地の1,羽屋4組の3 ﾚｼﾞﾃﾞﾝｽ豊府西102,羽屋三丁目,7,78-102,hayataisyoubo.pdf,,high,
1375,大字羽屋940番地の1,羽屋4組の3 ﾚｼﾞﾃﾞﾝｽ豊府西103,羽屋三丁目,7,78-103,hayataisyoubo.pdf,,high,
1376,大字羽屋940番地の1,羽屋4組の3 ﾚｼﾞﾃﾞﾝｽ豊府西104,羽屋三丁目,7,78-104,hayataisyoubo.pdf,,high,
1377,大字羽屋940番地の1,羽屋4組の3 ﾚｼﾞﾃﾞﾝｽ豊府西105,羽屋三丁目,7,78-105,hayataisyoubo.pdf,,high,
1378,大字羽屋940番地の1,羽屋4組の3 Mｽﾃｰｼﾞ豊府西106,羽屋三丁目,7,78-106,hayataisyoubo.pdf,,high,資料上2回出現
1379,大字羽屋940番地の1,羽屋4組の3 ﾚｼﾞﾃﾞﾝｽ豊府西201,羽屋三丁目,7,78-201,hayataisyoubo.pdf,,high,
1380,大字羽屋940番地の1,羽屋4組の3 ﾚｼﾞﾃﾞﾝｽ豊府西202,羽屋三丁目,7,78-202,hayataisyoubo.pdf,,high,
1381,大字羽屋940番地の1,羽屋4組の3 ﾚｼﾞﾃﾞﾝｽ豊府西203,羽屋三丁目,7,78-203,hayataisyoubo.pdf,,high,
1382,大字羽屋940番地の1,羽屋4組の3 ﾚｼﾞﾃﾞﾝｽ豊府西204,羽屋三丁目,7,78-204,hayataisyoubo.pdf,,high,
1383,大字羽屋940番地の1,羽屋4組の3 Mｽﾃｰｼﾞ豊府西205,羽屋三丁目,7,78-205,hayataisyoubo.pdf,,high,
1384,大字羽屋940番地の1,羽屋4組の3 Mｽﾃｰｼﾞ豊府西206,羽屋三丁目,7,78-206,hayataisyoubo.pdf,,high,
1385,大字羽屋940番地の1,羽屋4組の3 ﾚｼﾞﾃﾞﾝｽ豊府西301,羽屋三丁目,7,78-301,hayataisyoubo.pdf,,high,
1386,大字羽屋940番地の1,羽屋4組の3 ﾚｼﾞﾃﾞﾝｽ豊府西302,羽屋三丁目,7,78-302,hayataisyoubo.pdf,,high,
1387,大字羽屋940番地の1,羽屋4組の3 Mｽﾃｰｼﾞ豊府西302,羽屋三丁目,7,78-302,hayataisyoubo.pdf,,high,
1388,大字羽屋940番地の1,羽屋4組の3 ﾚｼﾞﾃﾞﾝｽ豊府西303,羽屋三丁目,7,78-303,hayataisyoubo.pdf,,high,
1389,大字羽屋940番地の1,羽屋4組の3 ﾚｼﾞﾃﾞﾝｽ豊府西304,羽屋三丁目,7,78-304,hayataisyoubo.pdf,,high,
1390,大字羽屋940番地の1,羽屋4組の3 ﾚｼﾞﾃﾞﾝｽ豊府西305,羽屋三丁目,7,78-305,hayataisyoubo.pdf,,high,
1391,大字羽屋940番地の1,羽屋4組の3 ﾚｼﾞﾃﾞﾝｽ豊府西306,羽屋三丁目,7,78-306,hayataisyoubo.pdf,,high,
1392,大字羽屋940番地の2,羽屋4組の3 ﾚｼﾞﾃﾞﾝｽ豊府東107,羽屋三丁目,7,79-107,hayataisyoubo.pdf,,high,
1393,大字羽屋940番地の2,羽屋4組の3 ﾚｼﾞﾃﾞﾝｽ豊府東108,羽屋三丁目,7,79-108,hayataisyoubo.pdf,,high,
1394,大字羽屋940番地の2,羽屋4組の3 ﾚｼﾞﾃﾞﾝｽ豊府東110,羽屋三丁目,7,79-110,hayataisyoubo.pdf,,high,
1395,大字羽屋940番地の2,羽屋4組の3 Mｽﾃｰｼﾞ豊府東111,羽屋三丁目,7,79-111,hayataisyoubo.pdf,,high,
1396,大字羽屋940番地の2,羽屋4組の3 ﾚｼﾞﾃﾞﾝｽ豊府東112,羽屋三丁目,7,79-112,hayataisyoubo.pdf,,high,
1397,大字羽屋940番地の2,羽屋4組の3 ﾚｼﾞﾃﾞﾝｽ豊府東207,羽屋三丁目,7,79-207,hayataisyoubo.pdf,,high,
1398,大字羽屋940番地の2,羽屋4組の3 ﾚｼﾞﾃﾞﾝｽ豊府東208,羽屋三丁目,7,79-208,hayataisyoubo.pdf,,high,資料上2回出現
1399,大字羽屋940番地の2,羽屋4組の3 Mｽﾃｰｼﾞ豊府東210,羽屋三丁目,7,79-210,hayataisyoubo.pdf,,high,
1400,大字羽屋940番地の2,羽屋4組の3 ﾚｼﾞﾃﾞﾝｽ豊府東211,羽屋三丁目,7,79-211,hayataisyoubo.pdf,,high,
1401,大字羽屋940番地の2,羽屋4組の3 Mｽﾃｰｼﾞ豊府東212,羽屋三丁目,7,79-212,hayataisyoubo.pdf,,high,
1402,大字羽屋940番地の2,羽屋4組の3 ﾚｼﾞﾃﾞﾝｽ豊府東307,羽屋三丁目,7,79-307,hayataisyoubo.pdf,,high,
1403,大字羽屋940番地の2,羽屋4組の3 Mｽﾃｰｼﾞ豊府東308,羽屋三丁目,7,79-308,hayataisyoubo.pdf,,high,
1404,大字羽屋940番地の2,羽屋4組の3 Mｽﾃｰｼﾞ豊府東310,羽屋三丁目,7,79-310,hayataisyoubo.pdf,,high,
1405,大字羽屋940番地の2,羽屋4組の3 ﾚｼﾞﾃﾞﾝｽ豊府東311,羽屋三丁目,7,79-311,hayataisyoubo.pdf,,high,
1406,大字羽屋940番地の2,羽屋4組の3 Mｽﾃｰｼﾞ豊府東312,羽屋三丁目,7,79-312,hayataisyoubo.pdf,,high,
1407,大字羽屋940番地の2,羽屋4組の3 清水ｺｰﾎﾟ408,羽屋三丁目,7,79-408,hayataisyoubo.pdf,,high,
1408,大字羽屋940番地の2,羽屋4組の3 ﾚｼﾞﾃﾞﾝｽ豊府東410,羽屋三丁目,7,79-410,hayataisyoubo.pdf,,high,資料上2回出現
1409,大字羽屋940番地の2,羽屋4組の3 ﾚｼﾞﾃﾞﾝｽ豊府東411,羽屋三丁目,7,79-411,hayataisyoubo.pdf,,high,
1410,大字羽屋940番地の2,羽屋4組の3 ﾚｼﾞﾃﾞﾝｽ豊府東412,羽屋三丁目,7,79-412,hayataisyoubo.pdf,,high,資料上2回出現
1411,大字羽屋942番地の2,羽屋6組,羽屋三丁目,7,22,hayataisyoubo.pdf,,high,
1412,大字羽屋942番地の4,羽屋5組,羽屋三丁目,7,65,hayataisyoubo.pdf,,high,
1413,大字羽屋942番地の5,羽屋5組,羽屋三丁目,7,72,hayataisyoubo.pdf,,high,
1414,大字羽屋942番地の11,羽屋5組,羽屋三丁目,7,66,hayataisyoubo.pdf,,high,
1415,大字羽屋942番地の15,羽屋5組,羽屋三丁目,7,71,hayataisyoubo.pdf,,high,資料上2回出現
1416,大字羽屋942番地の16,羽屋6組,羽屋三丁目,7,70,hayataisyoubo.pdf,,high,
1417,大字羽屋942番地の17,羽屋5組,羽屋三丁目,7,68,hayataisyoubo.pdf,,high,
1418,大字羽屋942番地の18,羽屋6組,羽屋三丁目,7,67,hayataisyoubo.pdf,,high,
1419,大字羽屋943番地の1,羽屋5組の3 ｾｼﾞｭｰﾙ羽屋Ⅲ101,羽屋三丁目,7,24,hayataisyoubo.pdf,,high,
1420,大字羽屋943番地の1,羽屋5組の3 ｾｼﾞｭｰﾙ羽屋Ⅲ102,羽屋三丁目,7,24,hayataisyoubo.pdf,,high,
1421,大字羽屋943番地の1,羽屋5組の3 ｾｼﾞｭｰﾙ羽屋Ⅲ103,羽屋三丁目,7,24,hayataisyoubo.pdf,,high,
1422,大字羽屋943番地の1,羽屋5組の3 ｾｼﾞｭｰﾙ羽屋Ⅲ105,羽屋三丁目,7,24,hayataisyoubo.pdf,,high,
1423,大字羽屋943番地の1,羽屋5組の3 ｾｼﾞｭｰﾙ羽屋Ⅲ201,羽屋三丁目,7,24,hayataisyoubo.pdf,,high,
1424,大字羽屋943番地の1,羽屋5組の3 ｾｼﾞｭｰﾙ羽屋Ⅲ202,羽屋三丁目,7,24,hayataisyoubo.pdf,,high,
1425,大字羽屋943番地の1,羽屋5組の3 ｾｼﾞｭｰﾙ羽屋Ⅲ203,羽屋三丁目,7,24,hayataisyoubo.pdf,,high,
1426,大字羽屋943番地の1,羽屋5組の3 ｾｼﾞｭｰﾙ羽屋Ⅲ205,羽屋三丁目,7,24,hayataisyoubo.pdf,,high,
1427,大字羽屋943番地の2,羽屋5組の3 ｾｼﾞｭｰﾙ羽屋Ⅱ101,羽屋三丁目,7,57,hayataisyoubo.pdf,,high,
1428,大字羽屋943番地の2,羽屋5組の3 ｾｼﾞｭｰﾙ羽屋Ⅱ102,羽屋三丁目,7,57,hayataisyoubo.pdf,,high,
1429,大字羽屋943番地の2,羽屋5組の3 ｾｼﾞｭｰﾙ羽屋Ⅱ103,羽屋三丁目,7,57,hayataisyoubo.pdf,,high,
1430,大字羽屋943番地の2,羽屋5組の3 ｾｼﾞｭｰﾙ羽屋Ⅱ105,羽屋三丁目,7,57,hayataisyoubo.pdf,,high,
1431,大字羽屋943番地の2,羽屋5組の3 ｾｼﾞｭｰﾙ羽屋Ⅱ106,羽屋三丁目,7,57,hayataisyoubo.pdf,,high,
1432,大字羽屋943番地の2,羽屋5組の3 ｾｼﾞｭｰﾙ羽屋Ⅱ201,羽屋三丁目,7,57,hayataisyoubo.pdf,,high,
1433,大字羽屋943番地の2,羽屋5組の3 ｾｼﾞｭｰﾙ羽屋Ⅱ202,羽屋三丁目,7,57,hayataisyoubo.pdf,,high,
1434,大字羽屋943番地の2,羽屋5組の3 ｾｼﾞｭｰﾙ羽屋Ⅱ203,羽屋三丁目,7,57,hayataisyoubo.pdf,,high,
1435,大字羽屋943番地の2,羽屋5組の3 ｾｼﾞｭｰﾙ羽屋Ⅱ205,羽屋三丁目,7,57,hayataisyoubo.pdf,,high,
1436,大字羽屋943番地の2,羽屋5組の3 ｾｼﾞｭｰﾙ羽屋Ⅱ206,羽屋三丁目,7,57,hayataisyoubo.pdf,,high,
1437,大字羽屋944番地の5,羽屋5組,羽屋三丁目,7,55,hayataisyoubo.pdf,,high,
1438,大字羽屋944番地の6,羽屋5組,羽屋三丁目,7,53,hayataisyoubo.pdf,,high,
1439,大字羽屋944番地の7,羽屋5組,羽屋三丁目,7,51,hayataisyoubo.pdf,,high,
1440,大字羽屋944番地の8,羽屋5組,羽屋三丁目,7,29,hayataisyoubo.pdf,,high,
1441,大字羽屋944番地の9,羽屋5組,羽屋三丁目,7,28,hayataisyoubo.pdf,,high,資料上2回出現
1442,大字羽屋944番地の10,羽屋5組,羽屋三丁目,7,25,hayataisyoubo.pdf,,high,
1443,大字羽屋946番地の1,羽屋5組,羽屋三丁目,7,45,hayataisyoubo.pdf,,high,
1444,大字羽屋946番地の2,羽屋5組,羽屋三丁目,7,39,hayataisyoubo.pdf,,high,
1445,大字羽屋946番地の6,羽屋6組,羽屋三丁目,7,38,hayataisyoubo.pdf,,high,
1446,大字羽屋946番地の7,羽屋6組,羽屋三丁目,7,34,hayataisyoubo.pdf,,high,
1447,大字羽屋946番地の8,羽屋6組,羽屋三丁目,7,37,hayataisyoubo.pdf,,high,
1448,大字羽屋947番地の1,羽屋5組 ﾎﾞﾇｰﾙ羽屋C101,羽屋三丁目,9,5,hayataisyoubo.pdf,,high,資料上2回出現
1449,大字羽屋947番地の1,羽屋5組 ﾎﾞﾇｰﾙ羽屋C102,羽屋三丁目,9,5,hayataisyoubo.pdf,,high,
1450,大字羽屋947番地の1,羽屋5組 ﾎﾞﾇｰﾙ羽屋C103,羽屋三丁目,9,5,hayataisyoubo.pdf,,high,
1451,大字羽屋947番地の1,羽屋5組 ﾎﾞﾇｰﾙ羽屋C201,羽屋三丁目,9,5,hayataisyoubo.pdf,,high,
1452,大字羽屋947番地の1,羽屋5組 ﾎﾞﾇｰﾙ羽屋C202,羽屋三丁目,9,5,hayataisyoubo.pdf,,high,
1453,大字羽屋947番地の1,羽屋5組 ﾎﾞﾇｰﾙ羽屋C203,羽屋三丁目,9,5,hayataisyoubo.pdf,,high,
1454,大字羽屋947番地の5,羽屋5組,羽屋三丁目,9,1,hayataisyoubo.pdf,,high,資料上2回出現
1455,大字羽屋947番地の8,羽屋5組,羽屋三丁目,9,3,hayataisyoubo.pdf,,high,
1456,大字羽屋947番地の9,羽屋5組 ﾎﾞﾇｰﾙ羽屋F101,羽屋三丁目,9,9,hayataisyoubo.pdf,,high,
1457,大字羽屋947番地の9,羽屋5組 ﾎﾞﾇｰﾙ羽屋F102,羽屋三丁目,9,9,hayataisyoubo.pdf,,high,
1458,大字羽屋947番地の9,羽屋5組 ﾎﾞﾇｰﾙ羽屋F201,羽屋三丁目,9,9,hayataisyoubo.pdf,,high,
1459,大字羽屋947番地の9,羽屋5組 ﾎﾞﾇｰﾙ羽屋F202,羽屋三丁目,9,9,hayataisyoubo.pdf,,high,
1460,大字羽屋974番地,羽屋5組 ﾎﾞﾇｰﾙ羽屋B102,羽屋二丁目,9,17,hayataisyoubo.pdf,,high,
1461,大字羽屋974番地,羽屋5組 ﾎﾞﾇｰﾙ羽屋B201,羽屋二丁目,9,17,hayataisyoubo.pdf,,high,
1462,大字羽屋974番地,羽屋5組 ﾎﾞﾇｰﾙ羽屋B202,羽屋二丁目,9,17,hayataisyoubo.pdf,,high,
1463,大字羽屋975番地,羽屋5組 ﾎﾞﾇｰﾙ羽屋B101,羽屋二丁目,9,17,hayataisyoubo.pdf,,high,
1464,大字羽屋980番地の2,羽屋5組,羽屋三丁目,9,40,hayataisyoubo.pdf,,high,
1465,大字羽屋980番地の6,羽屋5組,羽屋三丁目,9,41,hayataisyoubo.pdf,,high,
1466,大字羽屋980番地の7,羽屋5組,羽屋三丁目,9,42,hayataisyoubo.pdf,,high,
1467,大字羽屋981番地の1,羽屋5組,羽屋二丁目,9,12,hayataisyoubo.pdf,,high,
1468,大字羽屋983番地の5,羽屋5組,羽屋二丁目,9,5,hayataisyoubo.pdf,,high,
1469,大字羽屋984番地の1,羽屋5組 ﾎﾞﾇｰﾙ羽屋A101,羽屋二丁目,9,16,hayataisyoubo.pdf,,high,
1470,大字羽屋984番地の1,羽屋5組 ﾎﾞﾇｰﾙ羽屋A102,羽屋二丁目,9,16,hayataisyoubo.pdf,,high,
1471,大字羽屋984番地の1,羽屋5組 ﾎﾞﾇｰﾙ羽屋A103,羽屋二丁目,9,16,hayataisyoubo.pdf,,high,
1472,大字羽屋984番地の1,羽屋5組 ﾎﾞﾇｰﾙ羽屋A201,羽屋二丁目,9,16,hayataisyoubo.pdf,,high,
1473,大字羽屋984番地の1,羽屋5組 ﾎﾞﾇｰﾙ羽屋A202,羽屋二丁目,9,16,hayataisyoubo.pdf,,high,
1474,大字羽屋984番地の1,羽屋5組 ﾎﾞﾇｰﾙ羽屋A203,羽屋二丁目,9,16,hayataisyoubo.pdf,,high,
1475,大字羽屋985番地,羽屋5組,羽屋二丁目,9,31,hayataisyoubo.pdf,,high,資料上2回出現
1476,大字羽屋986番地,羽屋5組,羽屋二丁目,9,3,hayataisyoubo.pdf,,high,
1477,大字羽屋987番地,羽屋5組,羽屋二丁目,8,48,hayataisyoubo.pdf,,high,
1478,大字羽屋987番地,羽屋5組,羽屋二丁目,8,50,hayataisyoubo.pdf,,high,
1479,大字羽屋987番地の1,羽屋5組,羽屋二丁目,8,49,hayataisyoubo.pdf,,high,
1480,大字羽屋988番地,羽屋5組,羽屋二丁目,8,45,hayataisyoubo.pdf,,high,
1481,大字羽屋989番地の5,羽屋5組,羽屋二丁目,8,40,hayataisyoubo.pdf,,high,
1482,大字羽屋990番地の1,羽屋5組,羽屋二丁目,8,38,hayataisyoubo.pdf,,high,資料上2回出現
1483,大字羽屋990番地の2,羽屋5組,羽屋二丁目,8,39,hayataisyoubo.pdf,,high,
1484,大字羽屋991番地の2,羽屋5組,羽屋二丁目,8,30,hayataisyoubo.pdf,,high,
1485,大字羽屋991番地の4,羽屋5組,羽屋二丁目,8,31,hayataisyoubo.pdf,,high,
1486,大字羽屋991番地の6,羽屋4組,羽屋二丁目,8,28,hayataisyoubo.pdf,,high,
1487,大字羽屋992番地,羽屋5組,羽屋二丁目,8,33,hayataisyoubo.pdf,,high,資料上2回出現
1488,大字羽屋993番地の1,羽屋4組,羽屋二丁目,8,7,hayataisyoubo.pdf,,high,
1489,大字羽屋993番地の4,那賀ｱﾊﾟｰﾄ101,羽屋二丁目,8,13,hayataisyoubo.pdf,,high,
1490,大字羽屋993番地の4,羽屋4組 那賀ｱﾊﾟｰﾄ102,羽屋二丁目,8,13,hayataisyoubo.pdf,,high,
1491,大字羽屋993番地の4,羽屋4組 那賀ｱﾊﾟｰﾄ103,羽屋二丁目,8,13,hayataisyoubo.pdf,,high,
1492,大字羽屋993番地の4,羽屋4組 那賀ｱﾊﾟｰﾄ201,羽屋二丁目,8,13,hayataisyoubo.pdf,,high,
1493,大字羽屋993番地の4,羽屋4組 那賀ｱﾊﾟｰﾄ202,羽屋二丁目,8,13,hayataisyoubo.pdf,,high,
1494,大字羽屋993番地の4,羽屋4組 那賀ｱﾊﾟｰﾄ203,羽屋二丁目,8,13,hayataisyoubo.pdf,,high,
1495,大字羽屋993番地の10,羽屋5組,羽屋二丁目,8,17,hayataisyoubo.pdf,,high,
1496,大字羽屋993番地の11,羽屋4組,羽屋二丁目,8,12,hayataisyoubo.pdf,,high,
1497,大字羽屋993番地の15,羽屋4組,羽屋二丁目,8,8,hayataisyoubo.pdf,,high,
1498,大字羽屋993番地の16,羽屋4組,羽屋二丁目,8,9,hayataisyoubo.pdf,,high,
1499,大字羽屋994番地の1,羽屋4組,羽屋二丁目,8,18,hayataisyoubo.pdf,,high,資料上3回出現
1500,大字羽屋994番地の8,羽屋4組,羽屋二丁目,8,19,hayataisyoubo.pdf,,high,
1501,大字羽屋994番地の11,羽屋4組,羽屋二丁目,8,25,hayataisyoubo.pdf,,high,
1502,大字羽屋998番地,羽屋5組,羽屋二丁目,8,52,hayataisyoubo.pdf,,high,
1503,大字羽屋1000番地,羽屋4組,羽屋二丁目,8,55,hayataisyoubo.pdf,,high,
1504,大字羽屋1001番地,羽屋4組,羽屋二丁目,8,75,hayataisyoubo.pdf,,high,資料上2回出現
1505,大字羽屋1003番地の2,羽屋4組,羽屋二丁目,8,21,hayataisyoubo.pdf,,high,
1506,大字羽屋1003番地の3,羽屋4組,羽屋二丁目,8,22,hayataisyoubo.pdf,,high,
1507,大字羽屋1004番地の1,羽屋4組,羽屋二丁目,8,79,hayataisyoubo.pdf,,high,
1508,大字羽屋1004番地の3,羽屋4組,羽屋二丁目,8,78,hayataisyoubo.pdf,,high,
1509,大字羽屋1006番地の1,羽屋4組,羽屋二丁目,8,1,hayataisyoubo.pdf,,high,
1510,大字羽屋1007番地の1,羽屋4組,羽屋二丁目,6,9,hayataisyoubo.pdf,,high,
1511,大字羽屋1007-1,,羽屋二丁目,6,9,hayataisyoubo.pdf,,high,資料上通称の記載なし
1512,大字羽屋1008番地の1,羽屋4組,羽屋二丁目,6,11,hayataisyoubo.pdf,,high,資料上3回出現
1513,大字羽屋1010番地の1,羽屋4組,羽屋二丁目,6,13,hayataisyoubo.pdf,,high,
1514,大字羽屋1010番地の2,羽屋4組,羽屋二丁目,6,12,hayataisyoubo.pdf,,high,資料上2回出現
1515,大字羽屋1011番地,羽屋4組,羽屋二丁目,6,19,hayataisyoubo.pdf,,high,資料上2回出現
1516,大字羽屋1013番地の1,羽屋4組,羽屋二丁目,6,22,hayataisyoubo.pdf,,high,
1517,大字羽屋1015番地,羽屋3組,羽屋二丁目,6,29,hayataisyoubo.pdf,,high,
1518,大字羽屋1016番地の1,羽屋3組,羽屋二丁目,6,4,hayataisyoubo.pdf,,high,
1519,大字羽屋1017番地の1,羽屋3組の4 ﾌﾟﾗｲﾑｺｰﾄ羽屋Ⅱ211,羽屋二丁目,4,31,hayataisyoubo.pdf,,high,
1520,大字羽屋1017番地の1,羽屋3組の4 ﾌﾟﾗｲﾑｺｰﾄ羽屋Ⅱ212,羽屋二丁目,4,31,hayataisyoubo.pdf,,high,
1521,大字羽屋1017番地の1,羽屋3組の4 ﾌﾟﾗｲﾑｺｰﾄ羽屋Ⅰ111,羽屋二丁目,4,37,hayataisyoubo.pdf,,high,
1522,大字羽屋1017番地の1,羽屋3組の4 ﾌﾟﾗｲﾑｺｰﾄ羽屋Ⅰ112,羽屋二丁目,4,37,hayataisyoubo.pdf,,high,
1523,大字羽屋1017番地の1,羽屋3組の4 ﾌﾟﾗｲﾑｺｰﾄ羽屋Ⅰ121,羽屋二丁目,4,37,hayataisyoubo.pdf,,high,
1524,大字羽屋1017番地の1,羽屋3組の4 ﾌﾟﾗｲﾑｺｰﾄ羽屋Ⅰ122,羽屋二丁目,4,37,hayataisyoubo.pdf,,high,
1525,大字羽屋1022番地の1,羽屋3組,羽屋二丁目,4,29,hayataisyoubo.pdf,,high,
1526,大字羽屋1025番地,羽屋3組,羽屋二丁目,4,42,hayataisyoubo.pdf,,high,資料上2回出現
1527,大字羽屋1030番地の1,羽屋3組,羽屋二丁目,4,48,hayataisyoubo.pdf,,high,
1528,大字羽屋1032番地の2,羽屋3組,羽屋二丁目,4,43,hayataisyoubo.pdf,,high,
1529,大字羽屋1033番地の1,羽屋3組,羽屋二丁目,4,25,hayataisyoubo.pdf,,high,
1530,大字羽屋1034番地,羽屋3組,羽屋二丁目,4,13,hayataisyoubo.pdf,,high,
1531,大字羽屋1035番地,羽屋3組,羽屋二丁目,4,15,hayataisyoubo.pdf,,high,資料上2回出現
1532,大字羽屋1036番地,羽屋2組,羽屋二丁目,4,49,hayataisyoubo.pdf,,high,
1533,大字羽屋1037番地,羽屋3組,羽屋二丁目,4,50,hayataisyoubo.pdf,,high,
1534,大字羽屋1038番地の6,羽屋3組,羽屋二丁目,4,52,hayataisyoubo.pdf,,high,
1535,大字羽屋1038番地の7,羽屋3組,羽屋二丁目,4,54,hayataisyoubo.pdf,,high,
1536,大字羽屋1042番地,羽屋2組 ﾚﾋﾟｭｰﾄ芳万101,羽屋二丁目,4,64,hayataisyoubo.pdf,,high,
1537,大字羽屋1042番地,羽屋2組 ﾚﾋﾟｭｰﾄ芳万102,羽屋二丁目,4,64,hayataisyoubo.pdf,,high,
1538,大字羽屋1042番地,羽屋2組 ﾚﾋﾟｭｰﾄ芳万103,羽屋二丁目,4,64,hayataisyoubo.pdf,,high,
1539,大字羽屋1042番地,羽屋2組 ﾚﾋﾟｭｰﾄ芳万201,羽屋二丁目,4,64,hayataisyoubo.pdf,,high,
1540,大字羽屋1042番地,羽屋2組 ﾚﾋﾟｭｰﾄ芳万202,羽屋二丁目,4,64,hayataisyoubo.pdf,,high,
1541,大字羽屋1042番地,羽屋2組 ﾚﾋﾟｭｰﾄ芳万203,羽屋二丁目,4,64,hayataisyoubo.pdf,,high,
1542,大字羽屋1042番地の2,羽屋2組,羽屋二丁目,4,65,hayataisyoubo.pdf,,high,資料上2回出現
1543,大字羽屋1043番地の5,羽屋2組,羽屋二丁目,4,58,hayataisyoubo.pdf,,high,資料上2回出現
1544,大字羽屋1045番地,羽屋2組,羽屋二丁目,4,66,hayataisyoubo.pdf,,high,資料上2回出現
1545,大字羽屋1050番地,羽屋3組,羽屋二丁目,4,7,hayataisyoubo.pdf,,high,資料上2回出現
1546,大字羽屋1051番地の1,羽屋3組,羽屋二丁目,4,10,hayataisyoubo.pdf,,high,
1547,大字羽屋1055番地の1,羽屋2組,羽屋二丁目,4,69,hayataisyoubo.pdf,,high,
1548,大字羽屋1056番地,羽屋2組,羽屋二丁目,4,3,hayataisyoubo.pdf,,high,資料上2回出現
1549,羽屋1058-1,,羽屋一丁目,2,4,hayataisyoubo.pdf,,high,資料上通称の記載なし
1550,大字羽屋1059番地の2,羽屋3組,羽屋一丁目,2,12,hayataisyoubo.pdf,,high,
1551,大字羽屋1059番地の5,羽屋3組,羽屋一丁目,2,23,hayataisyoubo.pdf,,high,
1552,大字羽屋1059番地の5,羽屋3組,羽屋一丁目,2,25,hayataisyoubo.pdf,,high,
1553,大字羽屋1059番地の8,羽屋3組,羽屋一丁目,2,17,hayataisyoubo.pdf,,high,
1554,大字羽屋1059番地の9,羽屋3組,羽屋一丁目,2,19,hayataisyoubo.pdf,,high,資料上2回出現
1555,大字羽屋1059の10番地,羽屋3組,羽屋一丁目,2,30,hayataisyoubo.pdf,,high,
1556,大字羽屋1059番地の11,羽屋3組,羽屋一丁目,2,32,hayataisyoubo.pdf,,high,
1557,大字羽屋1059番地の15,羽屋3組,羽屋一丁目,2,26,hayataisyoubo.pdf,,high,
1558,大字羽屋1060番地の1,羽屋2組,羽屋一丁目,2,45,hayataisyoubo.pdf,,high,資料上2回出現
1559,大字羽屋1060番地の5,羽屋3組 ﾊﾟﾙﾄﾞﾐｰﾙB101,羽屋一丁目,2,36,hayataisyoubo.pdf,,high,
1560,大字羽屋1060番地の5,羽屋3組 ﾊﾟﾙﾄﾞﾐｰﾙB102,羽屋一丁目,2,36,hayataisyoubo.pdf,,high,
1561,大字羽屋1060番地の5,羽屋3組 ﾊﾟﾙﾄﾞﾐｰﾙB201,羽屋一丁目,2,36,hayataisyoubo.pdf,,high,
1562,大字羽屋1060番地の5,羽屋3組 ﾊﾟﾙﾄﾞﾐｰﾙB-202,羽屋一丁目,2,36,hayataisyoubo.pdf,,high,
1563,大字羽屋1060番地の5,羽屋3組 ﾊﾟﾙﾄﾞﾐｰﾙA101,羽屋一丁目,2,40,hayataisyoubo.pdf,,high,
1564,大字羽屋1060番地の5,羽屋3組 ﾊﾟﾙﾄﾞﾐｰﾙA102,羽屋一丁目,2,40,hayataisyoubo.pdf,,high,
1565,大字羽屋1060番地の5,羽屋3組 ﾊﾟﾙﾄﾞﾐｰﾙA201,羽屋一丁目,2,40,hayataisyoubo.pdf,,high,
1566,大字羽屋1060番地の5,羽屋3組 ﾊﾟﾙﾄﾞﾐｰﾙA202,羽屋一丁目,2,40,hayataisyoubo.pdf,,high,
1567,大字羽屋1060番地の6,羽屋3組の3 ﾊﾟﾙﾄﾞﾐｰﾙD101,羽屋一丁目,2,42,hayataisyoubo.pdf,,high,
1568,大字羽屋1060番地の6,羽屋3組の3 ﾊﾟﾙﾄﾞﾐｰﾙD102,羽屋一丁目,2,42,hayataisyoubo.pdf,,high,
1569,大字羽屋1060番地の6,羽屋3組の3 ﾊﾟﾙﾄﾞﾐｰﾙD201,羽屋一丁目,2,42,hayataisyoubo.pdf,,high,
1570,大字羽屋1060番地の6,羽屋3組の3 ﾊﾟﾙﾄﾞﾐｰﾙD202,羽屋一丁目,2,42,hayataisyoubo.pdf,,high,
1571,大字羽屋1060番地の6,羽屋3組の3 ﾊﾟﾙﾄﾞﾐｰﾙC101,羽屋一丁目,2,43,hayataisyoubo.pdf,,high,
1572,大字羽屋1060番地の6,羽屋3組の3 ﾊﾟﾙﾄﾞﾐｰﾙC102,羽屋一丁目,2,43,hayataisyoubo.pdf,,high,
1573,大字羽屋1060番地の6,羽屋3組の3 ﾊﾟﾙﾄﾞﾐｰﾙC201,羽屋一丁目,2,43,hayataisyoubo.pdf,,high,
1574,大字羽屋1060番地の6,羽屋3組の3 ﾊﾟﾙﾄﾞﾐｰﾙC202,羽屋一丁目,2,43,hayataisyoubo.pdf,,high,
1575,大字羽屋1060番地の8,羽屋3組,羽屋一丁目,2,49,hayataisyoubo.pdf,,high,
1576,大字羽屋1060番地の10,羽屋3組の3,羽屋一丁目,2,53,hayataisyoubo.pdf,,high,
1577,大字羽屋1060番地の11,羽屋3組,羽屋一丁目,2,55,hayataisyoubo.pdf,,high,資料上2回出現
1578,大字羽屋1063番地,羽屋2組,羽屋一丁目,1,11,hayataisyoubo.pdf,,high,
1579,大字羽屋1066番地の3,羽屋2組,羽屋一丁目,1,19,hayataisyoubo.pdf,,high,
1580,大字羽屋1066番地5,羽屋2組,羽屋一丁目,1,16,hayataisyoubo.pdf,,high,
1581,大字羽屋1066番地の5,羽屋2組,羽屋一丁目,1,16,hayataisyoubo.pdf,,high,
1582,大字羽屋1066番地の8,羽屋2組の3 ﾃﾞｨｱｽﾒﾃﾞｨｵD101,羽屋一丁目,1,39,hayataisyoubo.pdf,,high,
1583,大字羽屋1066番地の8,羽屋2組の3 ﾃﾞｨｱｽﾒﾃﾞｨｵD102,羽屋一丁目,1,39,hayataisyoubo.pdf,,high,
1584,大字羽屋1066番地の8,羽屋2組の3 ﾃﾞｨｱｽﾒﾃﾞｨｵD201,羽屋一丁目,1,39,hayataisyoubo.pdf,,high,
1585,大字羽屋1066番地の8,羽屋2組の3 ﾃﾞｨｱｽﾒﾃﾞｨｵD202,羽屋一丁目,1,39,hayataisyoubo.pdf,,high,資料上2回出現
1586,大字羽屋1066番地の8,羽屋2組の3 ﾃﾞｨｱｽﾒﾃﾞｨｵC101,羽屋一丁目,1,40,hayataisyoubo.pdf,,high,
1587,大字羽屋1066番地の8,羽屋2組の3 ﾃﾞｨｱｽﾒﾃﾞｨｵC102,羽屋一丁目,1,40,hayataisyoubo.pdf,,high,
1588,大字羽屋1066番地の8,羽屋2組の3 ﾃﾞｨｱｽﾒﾃﾞｨｵC201,羽屋一丁目,1,40,hayataisyoubo.pdf,,high,
1589,大字羽屋1066番地の8,羽屋2組の3 ﾃﾞｨｱｽﾒﾃﾞｨｵC202,羽屋一丁目,1,40,hayataisyoubo.pdf,,high,
1590,大字羽屋1066番地の14,羽屋2組,羽屋一丁目,1,33,hayataisyoubo.pdf,,high,
1591,大字羽屋1066番地の16,羽屋2組,羽屋一丁目,1,31,hayataisyoubo.pdf,,high,
1592,大字羽屋1067番地の4,羽屋2組の3 ﾃﾞｨｱｽﾒﾃﾞｨｵA101,羽屋一丁目,1,44,hayataisyoubo.pdf,,high,
1593,大字羽屋1067番地の4,羽屋2組の3 ﾃﾞｨｱｽﾒﾃﾞｨｵA102,羽屋一丁目,1,44,hayataisyoubo.pdf,,high,
1594,大字羽屋1067番地の4,羽屋2組の3 ﾃﾞｨｱｽﾒﾃﾞｨｵA201,羽屋一丁目,1,44,hayataisyoubo.pdf,,high,
1595,大字羽屋1067番地の4,羽屋2組 ﾃﾞｨｱｽﾒﾃﾞｨｵA202,羽屋一丁目,1,44,hayataisyoubo.pdf,,high,
1596,大字羽屋1067番地の4,羽屋2組の3 ﾃﾞｨｱｽﾒﾃﾞｨｵB101,羽屋一丁目,1,50,hayataisyoubo.pdf,,high,
1597,大字羽屋1067番地の4,羽屋2組の3 ﾃﾞｨｱｽﾒﾃﾞｨｵB102,羽屋一丁目,1,50,hayataisyoubo.pdf,,high,
1598,大字羽屋1067番地の4,羽屋2組の3 ﾃﾞｨｱｽﾒﾃﾞｨｵB201,羽屋一丁目,1,50,hayataisyoubo.pdf,,high,
1599,大字羽屋1067番地の4,羽屋2組の3 ﾃﾞｨｱｽﾒﾃﾞｨｵB202,羽屋一丁目,1,50,hayataisyoubo.pdf,,high,
1600,大字羽屋1068番地の6,羽屋2組の3,羽屋一丁目,1,53,hayataisyoubo.pdf,,high,
1601,大字羽屋1068番地の7,羽屋2組の3,羽屋一丁目,1,56,hayataisyoubo.pdf,,high,
1602,大字羽屋1068番地の8,羽屋2組の3,羽屋一丁目,1,57,hayataisyoubo.pdf,,high,
1603,大字羽屋1069-1,,羽屋一丁目,1,64,hayataisyoubo.pdf,,high,資料上通称の記載なし
1604,大字羽屋1074番地,羽屋2組,羽屋二丁目,3,37,hayataisyoubo.pdf,,high,
1605,羽屋1074,羽屋2組,羽屋二丁目,3,37,hayataisyoubo.pdf,,high,
1606,大字羽屋1074番地の6,羽屋2組,羽屋二丁目,3,33,hayataisyoubo.pdf,,high,
1607,大字羽屋1074番地の7,羽屋2組,羽屋二丁目,3,29,hayataisyoubo.pdf,,high,
1608,大字羽屋1074番地の8,羽屋2組,羽屋二丁目,3,31,hayataisyoubo.pdf,,high,
1609,大字羽屋1074番地の9,羽屋2組,羽屋二丁目,3,30,hayataisyoubo.pdf,,high,
1610,大字羽屋1074番地の10,羽屋2組,羽屋二丁目,3,24,hayataisyoubo.pdf,,high,
1611,羽屋1075番地1,WASHﾊｳｽ古国府店,羽屋二丁目,3,5,hayataisyoubo.pdf,,high,
1612,大字羽屋1079番地の3,羽屋2組,羽屋二丁目,3,12,hayataisyoubo.pdf,,high,
1613,大字羽屋1079番地の4,羽屋2組,羽屋二丁目,3,13,hayataisyoubo.pdf,,high,
1614,大字羽屋1079番地の5,羽屋2組,羽屋二丁目,3,14,hayataisyoubo.pdf,,high,
1615,大字羽屋1081番地の5,羽屋2組,羽屋二丁目,3,18,hayataisyoubo.pdf,,high,資料上3回出現
1616,大字羽屋1083番地の5,羽屋2組,羽屋二丁目,3,19,hayataisyoubo.pdf,,high,
1617,大字羽屋1084番地,羽屋2組,羽屋二丁目,3,21,hayataisyoubo.pdf,,high,資料上2回出現
1618,大字羽屋1086番地の3,羽屋2組,羽屋二丁目,2,2,hayataisyoubo.pdf,,high,
1619,大字羽屋1087番地の1,,羽屋二丁目,2,1,hayataisyoubo.pdf,,high,資料上通称の記載なし
1620,大字羽屋1087番地の1,羽屋2組 豊東ﾊｲﾂ201,羽屋二丁目,2,1-201,hayataisyoubo.pdf,,high,
1621,大字羽屋1087番地の1,羽屋2組 豊東ﾊｲﾂ202,羽屋二丁目,2,1-202,hayataisyoubo.pdf,,high,
1622,大字羽屋1087番地の1,羽屋2組 豊東ﾊｲﾂ301,羽屋二丁目,2,1-301,hayataisyoubo.pdf,,high,
1623,大字羽屋1087番地の1,羽屋2組 豊東ﾊｲﾂ302,羽屋二丁目,2,1-302,hayataisyoubo.pdf,,high,
1624,大字羽屋1089番地,羽屋2組の1,羽屋二丁目,2,78,hayataisyoubo.pdf,,high,
1625,大字羽屋1089番地の10,羽屋2組の1,羽屋二丁目,2,80,hayataisyoubo.pdf,,high,
1626,大字羽屋1089番地の10,羽屋2組の1,羽屋二丁目,2,81,hayataisyoubo.pdf,,high,
1627,大字羽屋1089番地の11,羽屋2組の1,羽屋二丁目,2,83,hayataisyoubo.pdf,,high,
1628,大字羽屋1090番地,羽屋3組,羽屋二丁目,2,11,hayataisyoubo.pdf,,high,
1629,大字羽屋1090番地の4,羽屋3組,羽屋二丁目,2,6,hayataisyoubo.pdf,,high,
1630,大字羽屋1090番地の4,,羽屋二丁目,2,6,hayataisyoubo.pdf,,high,資料上通称の記載なし
1631,大字羽屋1095番地の1,羽屋2組の1,羽屋二丁目,2,75,hayataisyoubo.pdf,,high,
1632,大字羽屋1095番地の5,羽屋2組の1,羽屋二丁目,2,74,hayataisyoubo.pdf,,high,
1633,大字羽屋1095番地の6,羽屋2組の1,羽屋二丁目,2,63,hayataisyoubo.pdf,,high,
1634,大字羽屋1095番地の12,羽屋2組の1,羽屋二丁目,2,70,hayataisyoubo.pdf,,high,
1635,大字羽屋1095番地の13,羽屋2組の1,羽屋二丁目,2,69,hayataisyoubo.pdf,,high,資料上2回出現
1636,大字羽屋1095番地の14,羽屋2組の1,羽屋二丁目,2,67,hayataisyoubo.pdf,,high,
1637,大字羽屋1095番地の15,羽屋2組の1,羽屋二丁目,2,64,hayataisyoubo.pdf,,high,
1638,大字羽屋1097番地の1,羽屋2組の1,羽屋二丁目,2,61,hayataisyoubo.pdf,,high,
1639,大字羽屋1098番地の5,羽屋2組,羽屋二丁目,2,55,hayataisyoubo.pdf,,high,資料上3回出現
1640,大字羽屋1101番地の1,羽屋3組,羽屋二丁目,2,44,hayataisyoubo.pdf,,high,
1641,大字羽屋1101番地の8,羽屋2組の2 ｸﾞﾚｲｽ羽屋101,羽屋二丁目,2,48-101,hayataisyoubo.pdf,,high,
1642,大字羽屋1101番地の8,羽屋2組の2 ｸﾞﾚｲｽ羽屋102,羽屋二丁目,2,48-102,hayataisyoubo.pdf,,high,
1643,大字羽屋1101番地の8,羽屋2組の2 ｸﾞﾚｲｽ羽屋103,羽屋二丁目,2,48-103,hayataisyoubo.pdf,,high,
1644,大字羽屋1101番地の8,羽屋2組の2 ｸﾞﾚｲｽ羽屋104,羽屋二丁目,2,48-104,hayataisyoubo.pdf,,high,
1645,大字羽屋1101番地の8,羽屋2組の2 ｸﾞﾚｲｽ羽屋201,羽屋二丁目,2,48-201,hayataisyoubo.pdf,,high,
1646,大字羽屋1101番地の8,羽屋2組の2 ｸﾞﾚｲｽ羽屋202,羽屋二丁目,2,48-202,hayataisyoubo.pdf,,high,
1647,大字羽屋1101番地の8,羽屋2組の2 ｸﾞﾚｲｽ羽屋203,羽屋二丁目,2,48-203,hayataisyoubo.pdf,,high,資料上2回出現
1648,大字羽屋1101番地の8,羽屋2組の2 ｸﾞﾚｲｽ羽屋204,羽屋二丁目,2,48-204,hayataisyoubo.pdf,,high,
1649,大字羽屋1101番地の8,羽屋2組の2 ｸﾞﾚｲｽ羽屋301,羽屋二丁目,2,48-301,hayataisyoubo.pdf,,high,
1650,大字羽屋1101番地の8,羽屋2組の2 ｸﾞﾚｲｽ羽屋302,羽屋二丁目,2,48-302,hayataisyoubo.pdf,,high,
1651,大字羽屋1101番地の8,羽屋2組の2 ｸﾞﾚｲｽ羽屋303,羽屋二丁目,2,48-303,hayataisyoubo.pdf,,high,
1652,大字羽屋1101番地の8,羽屋2組の2 ｸﾞﾚｲｽ羽屋304,羽屋二丁目,2,48-304,hayataisyoubo.pdf,,high,
1653,大字羽屋1105番地の1,羽屋2組,羽屋二丁目,2,56,hayataisyoubo.pdf,,high,
1654,大字羽屋1106番地の2,羽屋3組,羽屋二丁目,2,12,hayataisyoubo.pdf,,high,
1655,大字羽屋1107番地の1,羽屋3組,羽屋二丁目,2,14,hayataisyoubo.pdf,,high,
1656,大字羽屋1108番地の1,羽屋3組,羽屋二丁目,2,31,hayataisyoubo.pdf,,high,
1657,大字羽屋1108番地の1,羽屋3組,羽屋二丁目,2,32,hayataisyoubo.pdf,,high,
1658,大字羽屋1108番地の1,羽屋3組,羽屋二丁目,2,33,hayataisyoubo.pdf,,high,
1659,大字羽屋1109番地の1,,羽屋二丁目,2,26,hayataisyoubo.pdf,,high,資料上通称の記載なし
1660,大字羽屋1109番地の3,羽屋4組,羽屋二丁目,2,38,hayataisyoubo.pdf,,high,
1661,大字羽屋1110番地の1,羽屋3組,羽屋二丁目,2,24,hayataisyoubo.pdf,,high,資料上2回出現
1662,大字羽屋1110番地の4,羽屋3組,羽屋二丁目,2,40,hayataisyoubo.pdf,,high,
1663,大字羽屋1111番地の4,羽屋3組,羽屋二丁目,2,43,hayataisyoubo.pdf,,high,資料上2回出現
1664,大字羽屋1111番地の14,羽屋3組,羽屋二丁目,2,23,hayataisyoubo.pdf,,high,
1665,大字羽屋1111番地の15,羽屋3組,羽屋二丁目,2,22,hayataisyoubo.pdf,,high,
1666,大字羽屋1114番地の1,羽屋4組,羽屋二丁目,7,26,hayataisyoubo.pdf,,high,資料上2回出現
1667,大字羽屋1114番地の4,,羽屋二丁目,7,32,hayataisyoubo.pdf,,high,資料上2回出現、資料上通称の記載なし
1668,大字羽屋1115番地,,羽屋二丁目,7,33,hayataisyoubo.pdf,,high,資料上通称の記載なし
1669,大字羽屋1117番地の4,羽屋4組,羽屋二丁目,7,12,hayataisyoubo.pdf,,high,
1670,大字羽屋1117番地の10,羽屋4組,羽屋二丁目,7,4,hayataisyoubo.pdf,,high,資料上2回出現
1671,大字羽屋1117番地の11,羽屋4組,羽屋二丁目,7,8,hayataisyoubo.pdf,,high,資料上2回出現
1672,大字羽屋1117番地の12,羽屋4組,羽屋二丁目,7,6,hayataisyoubo.pdf,,high,
1673,大字羽屋1117番地の13,羽屋4組,羽屋二丁目,7,7,hayataisyoubo.pdf,,high,
1674,大字羽屋1118番地の1,羽屋4組,羽屋二丁目,7,25,hayataisyoubo.pdf,,high,
1675,大字羽屋1119番地の1,羽屋4組,羽屋二丁目,7,21,hayataisyoubo.pdf,,high,
1676,大字羽屋1120番地,羽屋4組,羽屋二丁目,7,20,hayataisyoubo.pdf,,high,資料上2回出現
1677,大字羽屋1121番地の1,羽屋4組,羽屋二丁目,7,18,hayataisyoubo.pdf,,high,
1678,大字羽屋1121番地の2,羽屋4組,羽屋二丁目,7,13,hayataisyoubo.pdf,,high,
1679,大字羽屋1121番地の3,羽屋4組,羽屋二丁目,7,17,hayataisyoubo.pdf,,high,
1680,大字羽屋1121番地の4,羽屋4組,羽屋二丁目,7,14,hayataisyoubo.pdf,,high,
1681,大字羽屋1122番地の1,羽屋4組,羽屋二丁目,8,71,hayataisyoubo.pdf,,high,資料上2回出現
1682,大字羽屋1122番地の2,羽屋4組,羽屋二丁目,8,70,hayataisyoubo.pdf,,high,
1683,大字羽屋1123番地の1,羽屋4組,羽屋二丁目,8,67,hayataisyoubo.pdf,,high,資料上2回出現
1684,大字羽屋1123番地の2,羽屋4組,羽屋二丁目,8,66,hayataisyoubo.pdf,,high,
1685,大字羽屋1123番地の3,羽屋4組,羽屋二丁目,8,65,hayataisyoubo.pdf,,high,
1686,大字羽屋1125番地の2,羽屋5組,羽屋二丁目,9,1,hayataisyoubo.pdf,,high,
1687,大字羽屋1125番地の3,羽屋5組,羽屋二丁目,9,36,hayataisyoubo.pdf,,high,
1688,大字羽屋1125番地の4,羽屋5組,羽屋二丁目,9,35,hayataisyoubo.pdf,,high,資料上2回出現
1689,大字羽屋1126番地の3,羽屋5組,羽屋二丁目,9,34,hayataisyoubo.pdf,,high,
1690,大字羽屋1128番地の2,羽屋5組,羽屋二丁目,9,27,hayataisyoubo.pdf,,high,
1691,大字羽屋1129番地,羽屋5組,羽屋二丁目,9,26,hayataisyoubo.pdf,,high,
1692,大字羽屋1130番地,羽屋5組,羽屋二丁目,9,24,hayataisyoubo.pdf,,high,
1693,,羽屋新町3組,羽屋新町二丁目,1,28,hayataisyoubo.pdf,,low,旧住所欄が大字+番地でなく通称形式で印字(資料どおり採用) 同一新住所の正規行なし
1694,,羽屋新町10組,羽屋新町三丁目,1,2,hayataisyoubo.pdf,,low,旧住所欄が大字+番地でなく通称形式で印字(資料どおり採用) 同一新住所の正規行なし
1695,,羽屋3組の2,羽屋一丁目,4,1,hayataisyoubo.pdf,,low,旧住所欄が大字+番地でなく通称形式で印字(資料どおり採用) 同一新住所の正規行なし
1696,,羽屋3組の2,羽屋一丁目,5,7,hayataisyoubo.pdf,,low,旧住所欄が大字+番地でなく通称形式で印字(資料どおり採用) 同一新住所の正規行なし
1697,羽屋3-2,,羽屋一丁目,5,11,hayataisyoubo.pdf,,high,資料上通称の記載なし
1698,羽屋3-4,,羽屋二丁目,4,39,hayataisyoubo.pdf,,high,資料上通称の記載なし
1699,羽屋4-1,,羽屋一丁目,5,13,hayataisyoubo.pdf,,high,資料上通称の記載なし
1700,,羽屋5組の1,羽屋三丁目,7,3,hayataisyoubo.pdf,,low,旧住所欄が大字+番地でなく通称形式で印字(資料どおり採用) 同一新住所の正規行なし
1701,,羽屋九組,羽屋四丁目,3,57,hayataisyoubo.pdf,,low,旧住所欄が大字+番地でなく通称形式で印字(資料どおり採用) 同一新住所の正規行なし
1702,羽屋9-3,菊池ﾏﾝｼｮﾝC102号,羽屋四丁目,3,22-102,hayataisyoubo.pdf,,high,
1703,羽屋9-3,菊池ﾏﾝｼｮﾝC1F,羽屋四丁目,3,22-103,hayataisyoubo.pdf,,high,
1704,羽屋9-3,,羽屋四丁目,3,25,hayataisyoubo.pdf,,high,資料上通称の記載なし
1705,大字豊饒280番地の1,羽屋9組の5,羽屋四丁目,1,57,hayataisyoubo.pdf,,high,
1706,大字豊饒280-1,,羽屋四丁目,1,57,hayataisyoubo.pdf,,high,資料上通称の記載なし
1707,豊饒282-1,,羽屋四丁目,1,62,hayataisyoubo.pdf,,high,資料上通称の記載なし
1708,豊饒283,ｷｸﾁﾃﾅﾝﾄﾋﾞﾙ1F,羽屋四丁目,1,68,hayataisyoubo.pdf,,high,
1709,大字豊饒字中島283番地,ｷｸﾁﾃﾅﾝﾄﾋﾞﾙ103号,羽屋四丁目,1,68,hayataisyoubo.pdf,,high,
1710,大字豊饒字中島283番地,,羽屋四丁目,1,68,hayataisyoubo.pdf,,high,資料上2回出現、資料上通称の記載なし
1711,豊饒中島283番地,,羽屋四丁目,1,68,hayataisyoubo.pdf,,high,資料上通称の記載なし
1712,大字豊饒字中島283番地,ｷｸﾁﾃﾅﾝﾄﾋﾞﾙ206号・207号,羽屋四丁目,1,68,hayataisyoubo.pdf,,high,
1713,豊饒283-1,,羽屋四丁目,1,68,hayataisyoubo.pdf,,high,資料上通称の記載なし
1714,豊饒284-1,,羽屋四丁目,1,67,hayataisyoubo.pdf,,high,資料上通称の記載なし
1715,大字豊饒285-1,,羽屋四丁目,1,4,hayataisyoubo.pdf,,high,資料上2回出現、資料上通称の記載なし
1716,大字豊饒285-1,ｷｸﾁ種苗ﾋﾞﾙ205号,羽屋四丁目,1,4,hayataisyoubo.pdf,,high,
1717,大字豊饒字中島285番地の1,,羽屋四丁目,1,4,hayataisyoubo.pdf,,high,資料上通称の記載なし
1718,大字豊饒288番地の7,羽屋9組の5,羽屋四丁目,1,13,hayataisyoubo.pdf,,high,
1719,大字豊饒288番地の8,羽屋9組の5,羽屋四丁目,1,11,hayataisyoubo.pdf,,high,
1720,大字豊饒292番地の5,羽屋9組の5,羽屋四丁目,1,30,hayataisyoubo.pdf,,high,
1721,大字豊饒293番地の8,羽屋9組の5,羽屋四丁目,1,36,hayataisyoubo.pdf,,high,
1722,大字豊饒293番地の9,羽屋9組の5,羽屋四丁目,1,37,hayataisyoubo.pdf,,high,
1723,大字豊饒293番地9,,羽屋四丁目,1,37,hayataisyoubo.pdf,,high,資料上通称の記載なし
1724,大字豊饒293番地の10,羽屋9組の5,羽屋四丁目,1,38,hayataisyoubo.pdf,,high,
1725,大字豊饒293番地の11,羽屋9組の5,羽屋四丁目,1,39,hayataisyoubo.pdf,,high,
1726,大字豊饒293番地の12,羽屋9組の5,羽屋四丁目,1,40,hayataisyoubo.pdf,,high,
1727,大字豊饒295番地,羽屋9組の5,羽屋四丁目,1,44,hayataisyoubo.pdf,,high,
1728,豊饒字中島296番地,,羽屋四丁目,1,47,hayataisyoubo.pdf,,high,資料上通称の記載なし
1729,大字豊饒字中島298-1,,羽屋四丁目,1,55,hayataisyoubo.pdf,,high,資料上通称の記載なし
1730,,羽屋9組の5,羽屋四丁目,1,31,hayataisyoubo.pdf,,low,旧住所欄が大字+番地でなく通称形式で印字(資料どおり採用) 同一新住所の正規行なし
